variant,order,source_id,kind,sphere_a,sphere_b
m0-reconstruction,0,436,perturbed,0.9910433664242587,-0.13354042783544054
m0-reconstruction,0,453,perturbed,0.8668110889294453,-0.49863667746060275
m0-reconstruction,0,406,perturbed,0.9374107366641107,-0.34822566072426286
m0-reconstruction,0,539,perturbed,0.9722440912049201,-0.23396885928926323
m0-reconstruction,0,436,perturbed,0.9960973829025355,-0.0882609980383159
m0-reconstruction,0,453,perturbed,0.8599750619750234,-0.5103360586721799
m0-reconstruction,0,406,perturbed,0.941846565252793,-0.3360432226983852
m0-reconstruction,0,539,perturbed,0.9543272018106631,-0.2987634379977405
m0-reconstruction,0,436,perturbed,0.9865330658624533,-0.16356194532967702
m0-reconstruction,0,453,perturbed,0.8978090889002264,-0.44038487699754825
m0-reconstruction,0,406,perturbed,0.9414215813794904,-0.33723197670585675
m0-reconstruction,0,539,perturbed,0.9756955954783462,-0.21913033784520936
m0-reconstruction,0,436,perturbed,0.9900733964616203,-0.14055130600229654
m0-reconstruction,0,453,perturbed,0.9031030184907499,-0.42942396066462823
m0-reconstruction,0,406,perturbed,0.9454272800441091,-0.32583317533424594
m0-reconstruction,0,539,perturbed,0.9772249779124961,-0.21220589658141295
m0-reconstruction,0,436,perturbed,0.9894386299810953,-0.14495239736248966
m0-reconstruction,0,453,perturbed,0.8903030640213756,-0.45536848177509004
m0-reconstruction,0,406,perturbed,0.9394949964899104,-0.3425626243045544
m0-reconstruction,0,539,perturbed,0.9636252405970271,-0.2672571714366547
m0-reconstruction,0,436,perturbed,0.993626270907949,-0.11272459253225647
m0-reconstruction,0,453,perturbed,0.8965818977943784,-0.4428779747824798
m0-reconstruction,0,406,perturbed,0.9463583759115152,-0.32311890124553094
m0-reconstruction,0,539,perturbed,0.9684393314286259,-0.24924939587103523
m0-reconstruction,0,436,perturbed,0.9963722329534674,-0.08510213510436267
m0-reconstruction,0,453,perturbed,0.8831707026978468,-0.4690517134561941
m0-reconstruction,0,406,perturbed,0.9270223055884356,-0.37500619320419365
m0-reconstruction,0,539,perturbed,0.9669322920277048,-0.25503321868738854
m0-reconstruction,0,436,perturbed,0.9941130894872549,-0.10834742871939883
m0-reconstruction,0,453,perturbed,0.8861055648479339,-0.46348347105967436
m0-reconstruction,0,406,perturbed,0.9396897466757651,-0.3420280397751574
m0-reconstruction,0,539,perturbed,0.9683070163668449,-0.24976293170672617
m0-reconstruction,0,436,perturbed,0.9917618434828364,-0.1280954558582227
m0-reconstruction,0,453,perturbed,0.8930791068410014,-0.4498996653967185
m0-reconstruction,0,406,perturbed,0.9319685666559537,-0.3625390886032114
m0-reconstruction,0,539,perturbed,0.9668981889801368,-0.25516248185603574
m0-reconstruction,0,436,perturbed,0.9946506050299891,-0.10329653388897612
m0-reconstruction,0,453,perturbed,0.8869834842900384,-0.46180114616218015
m0-reconstruction,0,406,perturbed,0.9415247981435472,-0.3369436963065978
m0-reconstruction,0,539,perturbed,0.9643707462008845,-0.26455446295980206
m0-reconstruction,0,436,perturbed,0.9893980585850974,-0.14522906619557988
m0-reconstruction,0,453,perturbed,0.9035429801402233,-0.4284974714503273
m0-reconstruction,0,406,perturbed,0.9329138733170114,-0.36009957646830304
m0-reconstruction,0,539,perturbed,0.9729206378867256,-0.23113942193855003
m0-reconstruction,0,436,perturbed,0.993399816957583,-0.11470311098065661
m0-reconstruction,0,453,perturbed,0.8970834687260408,-0.44186112087221974
m0-reconstruction,0,406,perturbed,0.9399571363607464,-0.34129251647890735
m0-reconstruction,0,539,perturbed,0.9734773005638686,-0.22878362110711412
m0-reconstruction,0,436,perturbed,0.9891371335671718,-0.14699568360505932
m0-reconstruction,0,453,perturbed,0.8822744020006534,-0.47073546666295446
m0-reconstruction,0,406,perturbed,0.9341892506444747,-0.35677786363550484
m0-reconstruction,0,539,perturbed,0.9631397931258812,-0.2690013734118001
m0-reconstruction,0,436,perturbed,0.9941888487659053,-0.10765004872048965
m0-reconstruction,0,453,perturbed,0.8952651826749721,-0.44553367178020203
m0-reconstruction,0,406,perturbed,0.9442500572613798,-0.32922914415628657
m0-reconstruction,0,539,perturbed,0.9704150374943464,-0.24144286074524218
m0-reconstruction,0,436,perturbed,0.9902498426110501,-0.13930272505873892
m0-reconstruction,0,453,perturbed,0.8925099912108923,-0.4510276217580616
m0-reconstruction,0,406,perturbed,0.9391562622252166,-0.3434901965459277
m0-reconstruction,0,539,perturbed,0.965572739049866,-0.2601332074221576
m0-reconstruction,0,436,perturbed,0.9920644074274707,-0.1257307103120849
m0-reconstruction,0,453,perturbed,0.9055257606905495,-0.42429128759120394
m0-reconstruction,0,406,perturbed,0.9487926092447413,-0.315899643308687
m0-reconstruction,0,539,perturbed,0.9732104939218689,-0.22991592924447846
m0-reconstruction,0,436,perturbed,0.9981180371088928,-0.06132196994463646
m0-reconstruction,0,453,perturbed,0.8952628498788058,-0.44553835932148284
m0-reconstruction,0,406,perturbed,0.9381326159498983,-0.3462761829681628
m0-reconstruction,0,539,perturbed,0.9728338745368974,-0.23150432512920383
m0-reconstruction,0,436,perturbed,0.9916587565915761,-0.12889107989015017
m0-reconstruction,0,453,perturbed,0.8901015519465542,-0.45576224857082637
m0-reconstruction,0,406,perturbed,0.9307460161463473,-0.36566631431908425
m0-reconstruction,0,539,perturbed,0.9640027050727371,-0.2658924305286732
m0-reconstruction,0,436,perturbed,0.9924059232477707,-0.12300603035111787
m0-reconstruction,0,453,perturbed,0.8956485391968623,-0.4447625144214906
m0-reconstruction,0,406,perturbed,0.9397233375948554,-0.34193573779233083
m0-reconstruction,0,539,perturbed,0.9636566803307913,-0.26714378610373696
m0-reconstruction,0,436,perturbed,0.99221739532078,-0.12451763097187032
m0-reconstruction,0,453,perturbed,0.8897913561238647,-0.4563675520534451
m0-reconstruction,0,406,perturbed,0.9280501180379735,-0.37245533746974724
m0-reconstruction,0,539,perturbed,0.9653816090179855,-0.26084161663707983
m0-reconstruction,0,436,perturbed,0.9905421686851081,-0.13720864424883303
m0-reconstruction,0,453,perturbed,0.8787782904684052,-0.4772302549099622
m0-reconstruction,0,406,perturbed,0.942133319209204,-0.3352384357973415
m0-reconstruction,0,539,perturbed,0.9756531929251743,-0.21931905328747148
m0-reconstruction,0,436,perturbed,0.9893665886291799,-0.14544329927590002
m0-reconstruction,0,453,perturbed,0.895149766074539,-0.4457655171687218
m0-reconstruction,0,406,perturbed,0.9455488843675848,-0.32548011808897914
m0-reconstruction,0,539,perturbed,0.9581844784677584,-0.2861511929443414
m0-reconstruction,0,436,perturbed,0.9874902492383913,-0.15768008009605927
m0-reconstruction,0,453,perturbed,0.9189977213660788,-0.3942628414192172
m0-reconstruction,0,406,perturbed,0.9335225856739874,-0.35851859371105554
m0-reconstruction,0,539,perturbed,0.965980079570729,-0.2586164841469471
m0-reconstruction,0,436,perturbed,0.9966123226756314,-0.08224280084653642
m0-reconstruction,0,453,perturbed,0.8871808639394819,-0.4614218402498894
m0-reconstruction,0,406,perturbed,0.9270940896967501,-0.37482869267087116
m0-reconstruction,0,539,perturbed,0.967614557371048,-0.25243230451673765
m0-reconstruction,0,436,perturbed,0.9934176736232828,-0.11454835543518152
m0-reconstruction,0,453,perturbed,0.8840901997706575,-0.4673162940337936
m0-reconstruction,0,406,perturbed,0.9453503188562209,-0.3260563979412789
m0-reconstruction,0,539,perturbed,0.9723446626732198,-0.23355054478827988
m0-reconstruction,0,436,perturbed,0.9877390710260384,-0.15611382888334593
m0-reconstruction,0,453,perturbed,0.9039718855528505,-0.4275918967076251
m0-reconstruction,0,406,perturbed,0.9363790659977341,-0.35099037702081115
m0-reconstruction,0,539,perturbed,0.9720635680756188,-0.23471774457866776
m0-reconstruction,0,436,perturbed,0.9911947568266731,-0.13241206153259738
m0-reconstruction,0,453,perturbed,0.8877947142576122,-0.46023966075974443
m0-reconstruction,0,406,perturbed,0.9557821750159542,-0.29407555818491954
m0-reconstruction,0,539,perturbed,0.9681573925124257,-0.2503422923190186
m0-reconstruction,0,436,perturbed,0.9955871584054828,-0.093841408866747
m0-reconstruction,0,453,perturbed,0.8987475290611486,-0.4384665084205175
m0-reconstruction,0,406,perturbed,0.9290086377918528,-0.3700580372159559
m0-reconstruction,0,539,perturbed,0.9649495474554004,-0.26243546038143917
m0-reconstruction,0,436,perturbed,0.9895245335891127,-0.14436480674059335
m0-reconstruction,0,453,perturbed,0.8732861986056798,-0.48720756903484286
m0-reconstruction,0,406,perturbed,0.932368316266119,-0.36150978247217896
m0-reconstruction,0,539,perturbed,0.9688308490134725,-0.24772320440328943
m0-reconstruction,0,436,perturbed,0.9943085653294274,-0.10653861700123578
m0-reconstruction,0,453,perturbed,0.8985405370291989,-0.43889053682584545
m0-reconstruction,0,406,perturbed,0.953789757793544,-0.3004747875082578
m0-reconstruction,0,539,perturbed,0.9654955327696685,-0.26041961562411914
m0-reconstruction,0,436,perturbed,0.9966109210484855,-0.08225978389765871
m0-reconstruction,0,453,perturbed,0.8896357081783512,-0.45667089543127615
m0-reconstruction,0,406,perturbed,0.9290159051771882,-0.37003979235726736
m0-reconstruction,0,539,perturbed,0.9625406219564488,-0.2711375132357985
m0-reconstruction,0,436,perturbed,0.990304514082177,-0.13891353205668386
m0-reconstruction,0,453,perturbed,0.8991101855273445,-0.4377223712365913
m0-reconstruction,0,406,perturbed,0.9263515977317661,-0.37665994926432533
m0-reconstruction,0,539,perturbed,0.969729799877533,-0.24418049723407417
m0-reconstruction,0,436,perturbed,0.9793178574112517,-0.20232778888584613
m0-reconstruction,0,453,perturbed,0.881862403929328,-0.4715068403915118
m0-reconstruction,0,406,perturbed,0.9369723108664639,-0.3494036185696397
m0-reconstruction,0,539,perturbed,0.9747205024870745,-0.22342771097459013
m0-reconstruction,0,436,perturbed,0.9913677906560194,-0.13111027286144614
m0-reconstruction,0,453,perturbed,0.8771101879156769,-0.4802892027253226
m0-reconstruction,0,406,perturbed,0.9409561934931788,-0.3385283473017102
m0-reconstruction,0,539,perturbed,0.9666911182182678,-0.25594585747363646
m0-reconstruction,0,436,perturbed,0.9927732072369849,-0.12000566233470249
m0-reconstruction,0,453,perturbed,0.8898566848266841,-0.45624015657246086
m0-reconstruction,0,406,perturbed,0.9484019163171173,-0.31707066267004225
m0-reconstruction,0,539,perturbed,0.966507250367845,-0.2566393091215527
m0-reconstruction,0,436,perturbed,0.98942954997411,-0.14501436355764924
m0-reconstruction,0,453,perturbed,0.8912783062478183,-0.45345670224622325
m0-reconstruction,0,406,perturbed,0.9348831520181997,-0.35495561986326646
m0-reconstruction,0,539,perturbed,0.9717465163825438,-0.23602692197796132
m0-reconstruction,0,436,perturbed,0.9926894730645298,-0.12069635482012663
m0-reconstruction,0,453,perturbed,0.8941346478844959,-0.44779820394064623
m0-reconstruction,0,406,perturbed,0.9442509364948701,-0.3292266224480653
m0-reconstruction,0,539,perturbed,0.9736586785063612,-0.22801047732340382
m0-reconstruction,0,436,perturbed,0.9946426833769325,-0.1033727836750802
m0-reconstruction,0,453,perturbed,0.8966565384431358,-0.44272683684996267
m0-reconstruction,0,406,perturbed,0.9413849809616072,-0.33733413349365426
m0-reconstruction,0,539,perturbed,0.9681291898146814,-0.2504513362487181
m0-reconstruction,0,436,perturbed,0.9956577876196233,-0.0930890431382609
m0-reconstruction,0,453,perturbed,0.8858643834853979,-0.4639442790594964
m0-reconstruction,0,406,perturbed,0.9389198640591853,-0.34413585816517467
m0-reconstruction,0,539,perturbed,0.9636454916962732,-0.2671841431175279
m0-reconstruction,0,436,perturbed,0.992600036336643,-0.12142968279829741
m0-reconstruction,0,453,perturbed,0.9131798859071709,-0.40755673957691607
m0-reconstruction,0,406,perturbed,0.9244323489003532,-0.3813460794430379
m0-reconstruction,0,539,perturbed,0.9735859097598953,-0.22832099403470782
m0-reconstruction,0,436,perturbed,0.9895285801647264,-0.1443370674400045
m0-reconstruction,0,453,perturbed,0.8948772103773309,-0.44631242235376584
m0-reconstruction,0,406,perturbed,0.9376344279494015,-0.3476228984460004
m0-reconstruction,0,539,perturbed,0.9675816766950778,-0.25255830796855977
m0-reconstruction,0,436,perturbed,0.9905106051874565,-0.13743631620200952
m0-reconstruction,0,453,perturbed,0.8791707092993164,-0.47650694004404276
m0-reconstruction,0,406,perturbed,0.9444324301796442,-0.32870562031241823
m0-reconstruction,0,539,perturbed,0.9714932233276632,-0.2370673259401792
m0-reconstruction,0,436,perturbed,0.9905653434831243,-0.13704123572910484
m0-reconstruction,0,453,perturbed,0.8873478915617947,-0.4611005523102714
m0-reconstruction,0,406,perturbed,0.9345192874876161,-0.35591249108964695
m0-reconstruction,0,539,perturbed,0.9752285829031548,-0.22119948256879896
m0-reconstruction,0,436,perturbed,0.9910826518848896,-0.13324855396143956
m0-reconstruction,0,453,perturbed,0.895528836364397,-0.44500348677266455
m0-reconstruction,0,406,perturbed,0.9338027936903365,-0.3577881251468848
m0-reconstruction,0,539,perturbed,0.9758128626001585,-0.21860754146205527
m0-reconstruction,0,436,perturbed,0.9923262137507971,-0.12364742416648801
m0-reconstruction,0,453,perturbed,0.8962722183393399,-0.4435043524398366
m0-reconstruction,0,406,perturbed,0.9416505962231047,-0.33659197054099704
m0-reconstruction,0,539,perturbed,0.9540137679817839,-0.2997627903879983
m0-reconstruction,0,436,perturbed,0.9901218992415868,-0.14020921739398223
m0-reconstruction,0,453,perturbed,0.8945339972775765,-0.44699991914384135
m0-reconstruction,0,406,perturbed,0.933661964116679,-0.35815546451476243
m0-reconstruction,0,539,perturbed,0.9700569361172898,-0.24287762492814466
m0-reconstruction,0,436,perturbed,0.9882309519555522,-0.15296923088328226
m0-reconstruction,0,453,perturbed,0.8761988812851388,-0.4819497073706667
m0-reconstruction,0,406,perturbed,0.9346900364995854,-0.35546383173032375
m0-reconstruction,0,539,perturbed,0.9687901694225135,-0.24788224549228532
m0-reconstruction,0,436,perturbed,0.991258126471817,-0.13193682845810467
m0-reconstruction,0,453,perturbed,0.8854232065179746,-0.46478569831636185
m0-reconstruction,0,406,perturbed,0.9395131269087301,-0.34251289664212736
m0-reconstruction,0,539,perturbed,0.9721884985679634,-0.23419975075172222
m0-reconstruction,0,436,perturbed,0.9890342725990404,-0.1476861795310821
m0-reconstruction,0,453,perturbed,0.9035922509443486,-0.4283935620820243
m0-reconstruction,0,406,perturbed,0.9414532917152519,-0.337143440568724
m0-reconstruction,0,539,perturbed,0.9732246485316106,-0.22985600599184483
m0-reconstruction,0,436,perturbed,0.9926248690832256,-0.1212265205205085
m0-reconstruction,0,453,perturbed,0.8774197018288113,-0.47972353167490095
m0-reconstruction,0,406,perturbed,0.9239658595949157,-0.3824749538244674
m0-reconstruction,0,539,perturbed,0.9612146466347433,-0.2758013834172079
m0-reconstruction,0,436,perturbed,0.9926452827546566,-0.12105925253745778
m0-reconstruction,0,453,perturbed,0.8907921659422354,-0.4544109561794706
m0-reconstruction,0,406,perturbed,0.9412054745037828,-0.33783465595481654
m0-reconstruction,0,539,perturbed,0.9686781939197594,-0.24831946485193818
m0-reconstruction,0,436,perturbed,0.997833635383195,-0.06578781116557182
m0-reconstruction,0,453,perturbed,0.8800091788963591,-0.4749566770329226
m0-reconstruction,0,406,perturbed,0.928420689275165,-0.37153064977983624
m0-reconstruction,0,539,perturbed,0.9723981307489694,-0.23332782799295526
m0-reconstruction,0,436,perturbed,0.9940134233161069,-0.10925801694792994
m0-reconstruction,0,453,perturbed,0.8942578705240526,-0.44755207630597216
m0-reconstruction,0,406,perturbed,0.9325386919142543,-0.3610700597984431
m0-reconstruction,0,539,perturbed,0.9771788000531532,-0.21241843782186035
m0-reconstruction,0,436,perturbed,0.990287915247028,-0.13903181260307051
m0-reconstruction,0,453,perturbed,0.89424382958786,-0.44758013052864465
m0-reconstruction,0,406,perturbed,0.9284316851233855,-0.37150317099447583
m0-reconstruction,0,539,perturbed,0.9686034253043865,-0.24861095005773542
m0-reconstruction,0,436,perturbed,0.9943295577097838,-0.10634251579056096
m0-reconstruction,0,453,perturbed,0.8850078436364794,-0.46557611268396143
m0-reconstruction,0,406,perturbed,0.9382009315337594,-0.34609104592460366
m0-reconstruction,0,539,perturbed,0.9749877568295929,-0.22225857471062527
m0-reconstruction,0,436,perturbed,0.9901530363448953,-0.13998915892662714
m0-reconstruction,0,453,perturbed,0.8982424146551394,-0.43950035780930213
m0-reconstruction,0,406,perturbed,0.9387657889618354,-0.34455593664144385
m0-reconstruction,0,539,perturbed,0.9705075876381464,-0.24107057542716742
m0-reconstruction,0,436,perturbed,0.9884040973149765,-0.15184643693866026
m0-reconstruction,0,453,perturbed,0.8868905097767411,-0.46197967884740576
m0-reconstruction,0,406,perturbed,0.9452111107009651,-0.3264597313719532
m0-reconstruction,0,539,perturbed,0.969734663135036,-0.24416118265272704
m0-reconstruction,0,436,perturbed,0.9942838915738619,-0.10676864219768296
m0-reconstruction,0,453,perturbed,0.8937397078016963,-0.44858592788733176
m0-reconstruction,0,406,perturbed,0.9393298752838384,-0.34301513873187683
m0-reconstruction,0,539,perturbed,0.9638015465870896,-0.2666206646086048
m0-reconstruction,0,436,perturbed,0.9904119366284161,-0.1381455601311548
m0-reconstruction,0,453,perturbed,0.8990781454258,-0.4377881775673072
m0-reconstruction,0,406,perturbed,0.9233498938033362,-0.38395959893375203
m0-reconstruction,0,539,perturbed,0.9660971336303685,-0.25817886898657283
m0-reconstruction,0,436,perturbed,0.9887547319684871,-0.14954624706065117
m0-reconstruction,0,453,perturbed,0.8751638077480085,-0.48382673511083174
m0-reconstruction,0,406,perturbed,0.9403746805759554,-0.34014035357726935
m0-reconstruction,0,539,perturbed,0.9672918888109105,-0.2536659256593623
m0-reconstruction,0,436,perturbed,0.9908992937914787,-0.13460531030961925
m0-reconstruction,0,453,perturbed,0.8872363235819976,-0.4613151917254633
m0-reconstruction,0,406,perturbed,0.9443903202025714,-0.3288265851595408
m0-reconstruction,0,539,perturbed,0.9716293405319039,-0.2365088256652115
m0-reconstruction,0,436,perturbed,0.9911496158462989,-0.13274953486824048
m0-reconstruction,0,453,perturbed,0.8899636387171185,-0.45603149207196886
m0-reconstruction,0,406,perturbed,0.9432239531897033,-0.3321574538215097
m0-reconstruction,0,539,perturbed,0.9700599191277981,-0.2428657104281493
m0-reconstruction,0,436,perturbed,0.9915667439872929,-0.1295970378459258
m0-reconstruction,0,453,perturbed,0.9008535876192029,-0.4341230397866612
m0-reconstruction,0,406,perturbed,0.9370866652775508,-0.3490968085775054
m0-reconstruction,0,539,perturbed,0.9707763474339123,-0.23998600638968942
m0-reconstruction,0,436,perturbed,0.9903913396684378,-0.13829314628627476
m0-reconstruction,0,453,perturbed,0.8801383247657624,-0.474717315123977
m0-reconstruction,0,406,perturbed,0.9559687089487552,-0.29346861418361275
m0-reconstruction,0,539,perturbed,0.9641668094034055,-0.26529674638950435
m0-reconstruction,0,436,perturbed,0.9921007672778277,-0.12544348355632304
m0-reconstruction,0,453,perturbed,0.8778557369130263,-0.4789251561245112
m0-reconstruction,0,406,perturbed,0.9296411623680872,-0.36846615751098727
m0-reconstruction,0,539,perturbed,0.9631069260896232,-0.2691190237017762
m0-reconstruction,0,436,perturbed,0.9925701511728742,-0.12167372354234
m0-reconstruction,0,453,perturbed,0.8789800339237588,-0.47685857438383966
m0-reconstruction,0,406,perturbed,0.9285024438404366,-0.37132628749165714
m0-reconstruction,0,539,perturbed,0.9661272559706559,-0.2580661257713046
m0-reconstruction,0,436,perturbed,0.9949391628132028,-0.10047916351444781
m0-reconstruction,0,453,perturbed,0.8806293399820954,-0.4738058310771396
m0-reconstruction,0,406,perturbed,0.9408968666410285,-0.33869320386611673
m0-reconstruction,0,539,perturbed,0.9675338914932552,-0.25274130808381473
m0-reconstruction,0,436,perturbed,0.9948776877563118,-0.10108603466678594
m0-reconstruction,0,453,perturbed,0.8853989872647954,-0.46483183340911
m0-reconstruction,0,406,perturbed,0.9365005142432029,-0.3506662042772537
m0-reconstruction,0,539,perturbed,0.9724449908276012,-0.2331324512252778
m0-reconstruction,0,436,perturbed,0.9961518832719851,-0.08764374166862834
m0-reconstruction,0,453,perturbed,0.8927764185474092,-0.450500018297071
m0-reconstruction,0,406,perturbed,0.931131476326191,-0.36468366263737134
m0-reconstruction,0,539,perturbed,0.9741079099538481,-0.2260835681011469
m0-reconstruction,0,436,perturbed,0.9858089081087755,-0.16787136948682999
m0-reconstruction,0,453,perturbed,0.8955913033658099,-0.444877755496417
m0-reconstruction,0,406,perturbed,0.9342656158299257,-0.35657784434528406
m0-reconstruction,0,539,perturbed,0.9778599112358627,-0.20926058873517228
m0-reconstruction,0,436,perturbed,0.9896504054473481,-0.14349939023528815
m0-reconstruction,0,453,perturbed,0.901676277710344,-0.4324117137803031
m0-reconstruction,0,406,perturbed,0.9237557567471154,-0.38298211691482936
m0-reconstruction,0,539,perturbed,0.9778787978378733,-0.2091723135100718
m0-reconstruction,0,436,perturbed,0.9840268231438372,-0.1780202554021524
m0-reconstruction,0,453,perturbed,0.8850409227068113,-0.4655132276684262
m0-reconstruction,0,406,perturbed,0.9395903570691716,-0.34230097999074816
m0-reconstruction,0,539,perturbed,0.9716727331558194,-0.23633048817598595
m0-reconstruction,0,436,perturbed,0.993232733342066,-0.11614102383675029
m0-reconstruction,0,453,perturbed,0.8909154506305054,-0.4541691973569361
m0-reconstruction,0,406,perturbed,0.9288284224059188,-0.37051013715002756
m0-reconstruction,0,539,perturbed,0.9717830544500388,-0.23587644028972704
m0-reconstruction,0,436,perturbed,0.9858122950069934,-0.16785147903144762
m0-reconstruction,0,453,perturbed,0.8902926939041763,-0.45538875609839635
m0-reconstruction,0,406,perturbed,0.9471923835240159,-0.3206658519301574
m0-reconstruction,0,539,perturbed,0.9634710894028097,-0.26781235947013937
m0-reconstruction,0,436,perturbed,0.9908668374314826,-0.13484402277643515
m0-reconstruction,0,453,perturbed,0.8985096029386292,-0.43895386252665186
m0-reconstruction,0,406,perturbed,0.9347276524179502,-0.35536490514009356
m0-reconstruction,0,539,perturbed,0.9608168730541925,-0.27718393974825417
m0-reconstruction,0,436,perturbed,0.9893202700529338,-0.14575802983846284
m0-reconstruction,0,453,perturbed,0.8936786596531813,-0.4487075364650045
m0-reconstruction,0,406,perturbed,0.9427046339200098,-0.33362849576398634
m0-reconstruction,0,539,perturbed,0.9735162478802051,-0.22861783638475594
m0-reconstruction,0,436,perturbed,0.9896734617393933,-0.1433402913655666
m0-reconstruction,0,453,perturbed,0.8919231810734402,-0.45218695145242205
m0-reconstruction,0,406,perturbed,0.9370211071284029,-0.349272736977655
m0-reconstruction,0,539,perturbed,0.9696401238864173,-0.2445363575207853
m0-reconstruction,0,436,perturbed,0.9916023516023862,-0.1293243066736398
m0-reconstruction,0,453,perturbed,0.8899602859768757,-0.45603803501896406
m0-reconstruction,0,406,perturbed,0.9344749827310826,-0.3560288003093891
m0-reconstruction,0,539,perturbed,0.9670166920367672,-0.2547130097232335
m0-reconstruction,0,436,perturbed,0.997108906980003,-0.07598570668977161
m0-reconstruction,0,453,perturbed,0.8765244440987616,-0.48135735051763456
m0-reconstruction,0,406,perturbed,0.9499386127232542,-0.312436604861561
m0-reconstruction,0,539,perturbed,0.9764962594247387,-0.21553434837513377
m0-reconstruction,0,436,perturbed,0.9965512056830089,-0.08298008466940188
m0-reconstruction,0,453,perturbed,0.8804464034692576,-0.47414568501468957
m0-reconstruction,0,406,perturbed,0.9259709278487175,-0.37759481031786585
m0-reconstruction,0,539,perturbed,0.9651088561070574,-0.26184899439128456
m0-reconstruction,0,436,perturbed,0.9929038160024991,-0.11892019243036647
m0-reconstruction,0,453,perturbed,0.8780463676070289,-0.4785755701371542
m0-reconstruction,0,406,perturbed,0.9407036460786576,-0.3392294949651629
m0-reconstruction,0,539,perturbed,0.9653654232641444,-0.2609015131539855
m0-reconstruction,0,436,perturbed,0.9946430026388983,-0.1033697117219371
m0-reconstruction,0,453,perturbed,0.8948475835306583,-0.4463718206264163
m0-reconstruction,0,406,perturbed,0.9411772356486391,-0.3379133189100216
m0-reconstruction,0,539,perturbed,0.9713522631052071,-0.2376442319106286
m0-reconstruction,0,436,perturbed,0.9917426631491828,-0.1282438695991613
m0-reconstruction,0,453,perturbed,0.9060548137603548,-0.4231603413148365
m0-reconstruction,0,406,perturbed,0.9305569528255718,-0.36614718017210884
m0-reconstruction,0,539,perturbed,0.9677473293378932,-0.25192281865558586
m0-reconstruction,0,436,perturbed,0.9964866142011829,-0.08375218037676961
m0-reconstruction,0,453,perturbed,0.8918404737237283,-0.4523500518715966
m0-reconstruction,0,406,perturbed,0.9546990350321429,-0.29757310447803453
m0-reconstruction,0,539,perturbed,0.9687649170253444,-0.24798091769504652
m0-reconstruction,0,436,perturbed,0.9921132620606106,-0.1253446259057581
m0-reconstruction,0,453,perturbed,0.8860621747811744,-0.46356641640875534
m0-reconstruction,0,406,perturbed,0.9368360651792376,-0.3497687621550609
m0-reconstruction,0,539,perturbed,0.9673506056361801,-0.25344191795225135
m0-reconstruction,0,436,perturbed,0.9952284399351767,-0.09757229291245721
m0-reconstruction,0,453,perturbed,0.907062977246007,-0.4209949587698288
m0-reconstruction,0,406,perturbed,0.9290079835953228,-0.370059679533116
m0-reconstruction,0,539,perturbed,0.9649438471513038,-0.2624564189438721
m0-reconstruction,0,436,perturbed,0.9910559045457195,-0.13344734566511926
m0-reconstruction,0,453,perturbed,0.8887670022106654,-0.4583592649674129
m0-reconstruction,0,406,perturbed,0.9313211586492163,-0.36419898332131784
m0-reconstruction,0,539,perturbed,0.9710547876197281,-0.23885685973152357
m0-reconstruction,0,436,perturbed,0.9920646552534539,-0.12572875485284085
m0-reconstruction,0,453,perturbed,0.8914946886077239,-0.45303114703540825
m0-reconstruction,0,406,perturbed,0.9302430087560146,-0.3669440620320177
m0-reconstruction,0,539,perturbed,0.9711683228295431,-0.23839481691608225
m0-reconstruction,0,436,perturbed,0.9943866776759015,-0.10580706621338049
m0-reconstruction,0,453,perturbed,0.9066424119388647,-0.4218999133368929
m0-reconstruction,0,406,perturbed,0.9358066467268051,-0.352513715962844
m0-reconstruction,0,539,perturbed,0.9693473731547648,-0.2456942615486917
m0-reconstruction,0,436,perturbed,0.9863226475781605,-0.16482607461930238
m0-reconstruction,0,453,perturbed,0.8894904239102259,-0.45695381142081176
m0-reconstruction,0,406,perturbed,0.9320668666823485,-0.36228629015317315
m0-reconstruction,0,539,perturbed,0.9702339598983386,-0.24216949242212368
m0-reconstruction,0,436,perturbed,0.9886184805374151,-0.15044434166791618
m0-reconstruction,0,453,perturbed,0.8994729955351335,-0.43697634982119327
m0-reconstruction,0,406,perturbed,0.9282108474257738,-0.3720545964252115
m0-reconstruction,0,539,perturbed,0.9710209543359765,-0.2389943644533266
m0-reconstruction,0,436,perturbed,0.9896076992230972,-0.14379360777992806
m0-reconstruction,0,453,perturbed,0.8870535283228769,-0.46166658736574717
m0-reconstruction,0,406,perturbed,0.9453648231460366,-0.3260143419514898
m0-reconstruction,0,539,perturbed,0.9596351881547943,-0.28124776560021303
m0-reconstruction,0,436,perturbed,0.9898380963873805,-0.1421989554821226
m0-reconstruction,0,453,perturbed,0.8759267649570995,-0.48244409254522985
m0-reconstruction,0,406,perturbed,0.9263828486710745,-0.3765830820523741
m0-reconstruction,0,539,perturbed,0.9749383248617733,-0.2224753081034372
m0-reconstruction,0,436,perturbed,0.9935792385120698,-0.11313839665549237
m0-reconstruction,0,453,perturbed,0.8905611787564583,-0.4548634815984982
m0-reconstruction,0,406,perturbed,0.9319950313872558,-0.3624710491466431
m0-reconstruction,0,539,perturbed,0.9635901369016455,-0.26738370942499123
m0-reconstruction,0,436,perturbed,0.9899567390281577,-0.1413706293850886
m0-reconstruction,0,453,perturbed,0.8668672455680387,-0.4985390441693425
m0-reconstruction,0,406,perturbed,0.9360104876549347,-0.35197211111105314
m0-reconstruction,0,539,perturbed,0.974973086681111,-0.22232291885342492
m0-reconstruction,0,436,perturbed,0.9897554448967747,-0.142773104250022
m0-reconstruction,0,453,perturbed,0.8933432838621651,-0.4493748737728479
m0-reconstruction,0,406,perturbed,0.940288394113549,-0.340378812347894
m0-reconstruction,0,539,perturbed,0.9718954326468505,-0.23541297330476782
m0-reconstruction,0,436,original,0.9918589106316105,-0.12734167189366982
m0-reconstruction,0,453,original,0.8890568265869234,-0.4577968535269648
m0-reconstruction,0,406,original,0.9379805031263138,-0.34668800924593196
m0-reconstruction,0,539,original,0.9694776225241416,-0.2451798103942045
m1-head,1,436,perturbed,0.9909967370376072,-0.13388602309731756
m1-head,1,453,perturbed,0.860944769405876,-0.5086984411541504
m1-head,1,406,perturbed,0.936292189042632,-0.351222061860806
m1-head,1,539,perturbed,0.9733553891840719,-0.22930173646600194
m1-head,1,436,perturbed,0.9959676537481362,-0.08971305750799337
m1-head,1,453,perturbed,0.8537008516069139,-0.5207637237419958
m1-head,1,406,perturbed,0.9400672339162696,-0.3409891431072452
m1-head,1,539,perturbed,0.954059349419192,-0.2996176860364349
m1-head,1,436,perturbed,0.9875050242109162,-0.15758752221606076
m1-head,1,453,perturbed,0.8944147408100249,-0.4472384950132711
m1-head,1,406,perturbed,0.9386616757449325,-0.3448394677059384
m1-head,1,539,perturbed,0.9760104763829549,-0.21772356324182598
m1-head,1,436,perturbed,0.9904054832591057,-0.13819181860840005
m1-head,1,453,perturbed,0.8979488201876863,-0.44009989357365453
m1-head,1,406,perturbed,0.9443606112771757,-0.32891189681767163
m1-head,1,539,perturbed,0.977024183464432,-0.2131284704718249
m1-head,1,436,perturbed,0.9896847413739361,-0.1432623910578242
m1-head,1,453,perturbed,0.8847884663897606,-0.46599288593674376
m1-head,1,406,perturbed,0.9367150736533146,-0.35009266029247904
m1-head,1,539,perturbed,0.9625960396383156,-0.2709407028717358
m1-head,1,436,perturbed,0.9941284949263692,-0.10820598678183897
m1-head,1,453,perturbed,0.8915827750737045,-0.4528577648576557
m1-head,1,406,perturbed,0.9454038196332736,-0.32590123936986887
m1-head,1,539,perturbed,0.9691550128512338,-0.24645194473836965
m1-head,1,436,perturbed,0.9962644521477904,-0.08635474154128825
m1-head,1,453,perturbed,0.8757045631076981,-0.4828473031428833
m1-head,1,406,perturbed,0.9242493973095851,-0.3817892763984713
m1-head,1,539,perturbed,0.9655271826009119,-0.26030224674163904
m1-head,1,436,perturbed,0.9947990738377717,-0.10185677538343482
m1-head,1,453,perturbed,0.881729281571822,-0.47175573554418865
m1-head,1,406,perturbed,0.9389581243426657,-0.3440314531127976
m1-head,1,539,perturbed,0.9687826230668724,-0.2479117368009634
m1-head,1,436,perturbed,0.9914895911654805,-0.130185984693085
m1-head,1,453,perturbed,0.890662920446769,-0.45466423010968443
m1-head,1,406,perturbed,0.929594179797049,-0.36858467261601024
m1-head,1,539,perturbed,0.9657859540344623,-0.25934049238355195
m1-head,1,436,perturbed,0.9938551960581808,-0.11068807193259199
m1-head,1,453,perturbed,0.8827110054700705,-0.4699162487316403
m1-head,1,406,perturbed,0.9397911364554884,-0.34174935236178755
m1-head,1,539,perturbed,0.9637824115425304,-0.2666898258300536
m1-head,1,436,perturbed,0.9889725018211184,-0.1480992594231243
m1-head,1,453,perturbed,0.8999273620001349,-0.43603984121118794
m1-head,1,406,perturbed,0.931787506021468,-0.36300419229299913
m1-head,1,539,perturbed,0.9722228143245182,-0.23405725647138764
m1-head,1,436,perturbed,0.9927723921840816,-0.12001240484673095
m1-head,1,453,perturbed,0.8928182785250801,-0.45041705288711287
m1-head,1,406,perturbed,0.9377166242282852,-0.3474011120389636
m1-head,1,539,perturbed,0.9742718378702553,-0.22537609885015486
m1-head,1,436,perturbed,0.989484100738633,-0.1446416758249797
m1-head,1,453,perturbed,0.8772691478709844,-0.47999879395027295
m1-head,1,406,perturbed,0.9326831018730308,-0.360696869241336
m1-head,1,539,perturbed,0.9637800395622794,-0.2666983977104672
m1-head,1,436,perturbed,0.9942408964695588,-0.1071682778969958
m1-head,1,453,perturbed,0.8910549277310957,-0.4538954899160506
m1-head,1,406,perturbed,0.9417649292027305,-0.33627194073216393
m1-head,1,539,perturbed,0.9700221349658176,-0.2430165790154183
m1-head,1,436,perturbed,0.9908090251530889,-0.1352681620899217
m1-head,1,453,perturbed,0.8865781813234637,-0.4625787807511054
m1-head,1,406,perturbed,0.9369813275265086,-0.34937943824252354
m1-head,1,539,perturbed,0.965407736201995,-0.2607449000102182
m1-head,1,436,perturbed,0.9923701695085334,-0.12329414693976554
m1-head,1,453,perturbed,0.8990758440201944,-0.4377929038933531
m1-head,1,406,perturbed,0.9467712216398565,-0.3219072131446783
m1-head,1,539,perturbed,0.9740862710379667,-0.22617678168934202
m1-head,1,436,perturbed,0.9981563503854985,-0.06069514136322327
m1-head,1,453,perturbed,0.8937807625360691,-0.4485041231922428
m1-head,1,406,perturbed,0.9362236555790313,-0.3514047050542083
m1-head,1,539,perturbed,0.971712177489133,-0.2361682538346917
m1-head,1,436,perturbed,0.9911591797522091,-0.13267810819018874
m1-head,1,453,perturbed,0.8847608424229905,-0.466045332253162
m1-head,1,406,perturbed,0.9280890375329601,-0.372358346772492
m1-head,1,539,perturbed,0.963793570014836,-0.266649497276963
m1-head,1,436,perturbed,0.9922907623523969,-0.12393160593689914
m1-head,1,453,perturbed,0.8903354939579052,-0.4553050715715042
m1-head,1,406,perturbed,0.9368069286750362,-0.34984679273425584
m1-head,1,539,perturbed,0.9646441038064073,-0.2635559769603663
m1-head,1,436,perturbed,0.9922546158124917,-0.1242206802380513
m1-head,1,453,perturbed,0.8875502477578181,-0.46071092640074796
m1-head,1,406,perturbed,0.9254943079453861,-0.3787615159446518
m1-head,1,539,perturbed,0.9648853935975167,-0.2626712340972366
m1-head,1,436,perturbed,0.9908176461840389,-0.13520499994571367
m1-head,1,453,perturbed,0.8748264494488972,-0.48443645955340287
m1-head,1,406,perturbed,0.9409596218672149,-0.3385188178159489
m1-head,1,539,perturbed,0.9751391926335827,-0.22159321963887837
m1-head,1,436,perturbed,0.9890973613290848,-0.14726306329776573
m1-head,1,453,perturbed,0.8897310816911255,-0.4564850515326209
m1-head,1,406,perturbed,0.9420417617046635,-0.33549563216884587
m1-head,1,539,perturbed,0.9577148025997407,-0.2877192327275663
m1-head,1,436,perturbed,0.9871253575076797,-0.15994851848434036
m1-head,1,453,perturbed,0.9149709533573074,-0.4035197077125476
m1-head,1,406,perturbed,0.9330573082647802,-0.35972775746900987
m1-head,1,539,perturbed,0.9661012314143768,-0.25816353472096837
m1-head,1,436,perturbed,0.9962898375190261,-0.08606137145265885
m1-head,1,453,perturbed,0.8856841519071856,-0.46428825427793124
m1-head,1,406,perturbed,0.9268038209570251,-0.37554583935847086
m1-head,1,539,perturbed,0.967466251880476,-0.25300010172397813
m1-head,1,436,perturbed,0.9937402786984404,-0.11171507728299594
m1-head,1,453,perturbed,0.8802499569071185,-0.474510287944335
m1-head,1,406,perturbed,0.940822722970392,-0.3388991058450535
m1-head,1,539,perturbed,0.9736661300531771,-0.2279786551133011
m1-head,1,436,perturbed,0.9881719337715448,-0.1533500221917348
m1-head,1,453,perturbed,0.901104673831952,-0.43360162222737497
m1-head,1,406,perturbed,0.933435311123281,-0.35874575948460136
m1-head,1,539,perturbed,0.9729439922645002,-0.23104109573064227
m1-head,1,436,perturbed,0.9903147668897418,-0.13884042091594176
m1-head,1,453,perturbed,0.884505790942516,-0.4665292121498437
m1-head,1,406,perturbed,0.9532170864640441,-0.30228659592016166
m1-head,1,539,perturbed,0.9680024725542927,-0.2509406565879183
m1-head,1,436,perturbed,0.9955799918874455,-0.09391740921359501
m1-head,1,453,perturbed,0.8955187828386167,-0.4450237180007851
m1-head,1,406,perturbed,0.9281309611404727,-0.37225383674646273
m1-head,1,539,perturbed,0.965154561030864,-0.2616804794426204
m1-head,1,436,perturbed,0.9901358774125935,-0.14011047163004384
m1-head,1,453,perturbed,0.869254634053423,-0.49436462371072765
m1-head,1,406,perturbed,0.9299657155975607,-0.3676462536367215
m1-head,1,539,perturbed,0.9687922547500539,-0.2478740953312911
m1-head,1,436,perturbed,0.9946321050004218,-0.10347451716451583
m1-head,1,453,perturbed,0.8949011491590572,-0.44626442075724415
m1-head,1,406,perturbed,0.9529055489759097,-0.3032672331969279
m1-head,1,539,perturbed,0.9630981313099541,-0.26915049594469276
m1-head,1,436,perturbed,0.9968386978261127,-0.0794519384051757
m1-head,1,453,perturbed,0.8869094302707391,-0.4619433542078861
m1-head,1,406,perturbed,0.9265176326210516,-0.3762513474291909
m1-head,1,539,perturbed,0.961984929813036,-0.27310253534635676
m1-head,1,436,perturbed,0.9901796479612717,-0.1398008038721239
m1-head,1,453,perturbed,0.8963932489895923,-0.4432596791564537
m1-head,1,406,perturbed,0.9252842768680374,-0.3792743162683085
m1-head,1,539,perturbed,0.9693846256492403,-0.24554724098405545
m1-head,1,436,perturbed,0.9806062853491456,-0.19598804334384712
m1-head,1,453,perturbed,0.8764477608691525,-0.4814969599773695
m1-head,1,406,perturbed,0.9352589678569982,-0.3539642115285981
m1-head,1,539,perturbed,0.9749733646704629,-0.22232169975770788
m1-head,1,436,perturbed,0.9918327698373675,-0.12754511624023632
m1-head,1,453,perturbed,0.8721819782094573,-0.4891815582037383
m1-head,1,406,perturbed,0.9395711014498147,-0.3423538305910739
m1-head,1,539,perturbed,0.967590934641838,-0.252522836984963
m1-head,1,436,perturbed,0.9933268750790201,-0.11533307958148357
m1-head,1,453,perturbed,0.8842751188481608,-0.4669662880616447
m1-head,1,406,perturbed,0.9465130093934355,-0.322665652105987
m1-head,1,539,perturbed,0.9666534204740408,-0.2560881970842019
m1-head,1,436,perturbed,0.989760518224366,-0.1427379296621414
m1-head,1,453,perturbed,0.8881422150674615,-0.4595687171849959
m1-head,1,406,perturbed,0.9333499997245959,-0.3589676559442324
m1-head,1,539,perturbed,0.9726237998972038,-0.23238533489341287
m1-head,1,436,perturbed,0.9925698789541314,-0.12167594418364187
m1-head,1,453,perturbed,0.8899989374688997,-0.45596259858044197
m1-head,1,406,perturbed,0.9425240307295302,-0.3341383717823493
m1-head,1,539,perturbed,0.9727851960536545,-0.23170878778944273
m1-head,1,436,perturbed,0.9950396881976382,-0.09947873597682422
m1-head,1,453,perturbed,0.891598193002987,-0.45282740888092016
m1-head,1,406,perturbed,0.9398832930983039,-0.34149582040588383
m1-head,1,539,perturbed,0.9675493761011623,-0.2526820231165077
m1-head,1,436,perturbed,0.9958902088199061,-0.09056871411610068
m1-head,1,453,perturbed,0.8804841688019557,-0.4740755514568631
m1-head,1,406,perturbed,0.9372089820526766,-0.3487682955197985
m1-head,1,539,perturbed,0.9650357670751187,-0.26211823337138707
m1-head,1,436,perturbed,0.9921290805694155,-0.12521935748312338
m1-head,1,453,perturbed,0.908746243237106,-0.4173490929694784
m1-head,1,406,perturbed,0.9224916338476804,-0.3860170792607975
m1-head,1,539,perturbed,0.9729618790290478,-0.23096575927237434
m1-head,1,436,perturbed,0.9891578641273402,-0.14685611950149816
m1-head,1,453,perturbed,0.8897353954970946,-0.4564766434327481
m1-head,1,406,perturbed,0.9338270687028316,-0.3577247625729547
m1-head,1,539,perturbed,0.9661110262406299,-0.25812687767118786
m1-head,1,436,perturbed,0.9912514225022236,-0.13198718645125376
m1-head,1,453,perturbed,0.8742247217700309,-0.4855215091487831
m1-head,1,406,perturbed,0.9445666528384159,-0.32831971970265683
m1-head,1,539,perturbed,0.9717588699824476,-0.23597605516330672
m1-head,1,436,perturbed,0.9901329900774869,-0.14013087440037988
m1-head,1,453,perturbed,0.8810596156860191,-0.4730052363422673
m1-head,1,406,perturbed,0.9333697732117586,-0.3589162387725445
m1-head,1,539,perturbed,0.9741034318295041,-0.22610286176424754
m1-head,1,436,perturbed,0.9916089966709738,-0.1292733449756155
m1-head,1,453,perturbed,0.8901813368215717,-0.45560639544957987
m1-head,1,406,perturbed,0.9320164269388963,-0.36241603153841384
m1-head,1,539,perturbed,0.9768307960736203,-0.2140130739982417
m1-head,1,436,perturbed,0.9917242123239346,-0.12838647393892813
m1-head,1,453,perturbed,0.8921066383616276,-0.45182490612085097
m1-head,1,406,perturbed,0.9396081822341349,-0.3422520472965276
m1-head,1,539,perturbed,0.9545025541191086,-0.29820274006135206
m1-head,1,436,perturbed,0.9904594705876318,-0.1378043436299004
m1-head,1,453,perturbed,0.8913846214776139,-0.453247676875691
m1-head,1,406,perturbed,0.9314462584166415,-0.3638789189849267
m1-head,1,539,perturbed,0.9706293176058912,-0.24057998213467735
m1-head,1,436,perturbed,0.9887550744229145,-0.14954398283761364
m1-head,1,453,perturbed,0.8714933785603296,-0.49040727066949347
m1-head,1,406,perturbed,0.9318065948012537,-0.36295518991315157
m1-head,1,539,perturbed,0.968548758522753,-0.24882383801403263
m1-head,1,436,perturbed,0.9918254745127936,-0.12760183426374233
m1-head,1,453,perturbed,0.8815433635678362,-0.47210305882244136
m1-head,1,406,perturbed,0.9394689008740691,-0.34263418435770315
m1-head,1,539,perturbed,0.9724236563637274,-0.23322142385338296
m1-head,1,436,perturbed,0.9882232825165977,-0.1530187697379661
m1-head,1,453,perturbed,0.9010820948405371,-0.4336485424370626
m1-head,1,406,perturbed,0.9406752220231038,-0.33930830622279795
m1-head,1,539,perturbed,0.9728532613248214,-0.2314228422815222
m1-head,1,436,perturbed,0.9924494125405601,-0.12265465155425999
m1-head,1,453,perturbed,0.8734797619910587,-0.48686045782343346
m1-head,1,406,perturbed,0.9201610031608572,-0.39154020005869733
m1-head,1,539,perturbed,0.9615409170197605,-0.2746617281253393
m1-head,1,436,perturbed,0.9923330805875407,-0.12359230223456986
m1-head,1,453,perturbed,0.8866661709769632,-0.4624101007169398
m1-head,1,406,perturbed,0.9389590680618826,-0.34402887742798655
m1-head,1,539,perturbed,0.9681045604916994,-0.2505465225365808
m1-head,1,436,perturbed,0.9978381071315021,-0.06571995097549035
m1-head,1,453,perturbed,0.8735411628789209,-0.48675028172168766
m1-head,1,406,perturbed,0.9260378119631865,-0.3774307496938129
m1-head,1,539,perturbed,0.9716431550835766,-0.23645206528857518
m1-head,1,436,perturbed,0.9942629949270531,-0.106963063338177
m1-head,1,453,perturbed,0.8885881123701462,-0.4587059696084845
m1-head,1,406,perturbed,0.9312638536490077,-0.3643454883579585
m1-head,1,539,perturbed,0.9771749611696738,-0.2124360968927983
m1-head,1,436,perturbed,0.9905823490557824,-0.136918259334276
m1-head,1,453,perturbed,0.8902417574425384,-0.4554883240058086
m1-head,1,406,perturbed,0.9280122367445707,-0.3725497127261522
m1-head,1,539,perturbed,0.9683933099801902,-0.2494281403242444
m1-head,1,436,perturbed,0.9938662868210953,-0.11058844388293022
m1-head,1,453,perturbed,0.8812946451757296,-0.4725671892806192
m1-head,1,406,perturbed,0.9367356904967226,-0.35003749249134447
m1-head,1,539,perturbed,0.9741535460327863,-0.22588684944402593
m1-head,1,436,perturbed,0.9902212708640408,-0.13950567991448926
m1-head,1,453,perturbed,0.894094835312313,-0.447877690299313
m1-head,1,406,perturbed,0.9345392903459331,-0.35585996515444035
m1-head,1,539,perturbed,0.9693647736347624,-0.245625600530616
m1-head,1,436,perturbed,0.9891092294484856,-0.14718332860695502
m1-head,1,453,perturbed,0.8837736013972811,-0.46791475876838856
m1-head,1,406,perturbed,0.9443288819894724,-0.3290029827228207
m1-head,1,539,perturbed,0.9692453094271535,-0.24609658704147241
m1-head,1,436,perturbed,0.994574183435769,-0.10402977286850706
m1-head,1,453,perturbed,0.890534867594739,-0.45491499161713767
m1-head,1,406,perturbed,0.9385563527062016,-0.3451260245110935
m1-head,1,539,perturbed,0.9629186497264317,-0.2697919087167466
m1-head,1,436,perturbed,0.9910300971704938,-0.1336388659868133
m1-head,1,453,perturbed,0.8945002957890454,-0.44706735603632464
m1-head,1,406,perturbed,0.9204358881741623,-0.3908935606543559
m1-head,1,539,perturbed,0.9665256731984816,-0.2565699184398314
m1-head,1,436,perturbed,0.9888706722236554,-0.14877766504397053
m1-head,1,453,perturbed,0.8712805321625843,-0.49078532402108754
m1-head,1,406,perturbed,0.9396412092697918,-0.3421613622868648
m1-head,1,539,perturbed,0.9666790992318173,-0.2559912481089192
m1-head,1,436,perturbed,0.9912546464013517,-0.13196297203280433
m1-head,1,453,perturbed,0.8824446228366951,-0.47041629183798755
m1-head,1,406,perturbed,0.9427209890034701,-0.33358227904419435
m1-head,1,539,perturbed,0.972455742810671,-0.23308759785656905
m1-head,1,436,perturbed,0.9908305732385805,-0.13511023327529903
m1-head,1,453,perturbed,0.8879432984552136,-0.4599529309923736
m1-head,1,406,perturbed,0.9417736124259468,-0.3362476214610036
m1-head,1,539,perturbed,0.9707889126300844,-0.23993517273317427
m1-head,1,436,perturbed,0.9915680049590767,-0.12958738959280017
m1-head,1,453,perturbed,0.8959622611617545,-0.44413019101825946
m1-head,1,406,perturbed,0.9347396487637911,-0.3553333491651807
m1-head,1,539,perturbed,0.9704910148475028,-0.24113728475759202
m1-head,1,436,perturbed,0.9898172374721903,-0.14234407751262945
m1-head,1,453,perturbed,0.8755005285235822,-0.4832171608655141
m1-head,1,406,perturbed,0.9550425725387693,-0.2964686908233808
m1-head,1,539,perturbed,0.9629015838167725,-0.2698528115161133
m1-head,1,436,perturbed,0.9925379830146309,-0.12193585310829569
m1-head,1,453,perturbed,0.8738843300596455,-0.48613390920219096
m1-head,1,406,perturbed,0.9288258242535686,-0.37051665036767045
m1-head,1,539,perturbed,0.9622170073392337,-0.2722837321382404
m1-head,1,436,perturbed,0.9922579231124915,-0.12419425920905018
m1-head,1,453,perturbed,0.8752856997882957,-0.483606186629279
m1-head,1,406,perturbed,0.9260419941864384,-0.3774204883193336
m1-head,1,539,perturbed,0.9676272711554956,-0.25238356546369795
m1-head,1,436,perturbed,0.9948920079942741,-0.1009449970484966
m1-head,1,453,perturbed,0.8757193746524516,-0.4828204395614571
m1-head,1,406,perturbed,0.9391224293042364,-0.343582686958626
m1-head,1,539,perturbed,0.9683707271579706,-0.24951580066910214
m1-head,1,436,perturbed,0.9949298177966597,-0.10057165435203536
m1-head,1,453,perturbed,0.8818075296766242,-0.47160945771433516
m1-head,1,406,perturbed,0.9357828831453934,-0.3525767939216859
m1-head,1,539,perturbed,0.9717433100454008,-0.23604012239873098
m1-head,1,436,perturbed,0.9957117645165497,-0.09250990219073166
m1-head,1,453,perturbed,0.8893513775721336,-0.45722437294018803
m1-head,1,406,perturbed,0.927177613766025,-0.374622039569403
m1-head,1,539,perturbed,0.974636063148991,-0.2237957649497324
m1-head,1,436,perturbed,0.9868518078685072,-0.16162768731457675
m1-head,1,453,perturbed,0.8895035463577786,-0.45692826681759896
m1-head,1,406,perturbed,0.9310198114837486,-0.364968643344555
m1-head,1,539,perturbed,0.9787223188234498,-0.2051892361622538
m1-head,1,436,perturbed,0.9898336461941694,-0.14222992955758476
m1-head,1,453,perturbed,0.898493563466938,-0.4389866927464696
m1-head,1,406,perturbed,0.923665933561555,-0.3831986993426006
m1-head,1,539,perturbed,0.977322849676208,-0.21175468708100847
m1-head,1,436,perturbed,0.9842919302977866,-0.17654856541659267
m1-head,1,453,perturbed,0.8800337436626385,-0.4749111601290512
m1-head,1,406,perturbed,0.9372716954050301,-0.3485997260362955
m1-head,1,539,perturbed,0.971300545401274,-0.23785552443276822
m1-head,1,436,perturbed,0.9931168070677001,-0.1171281670635064
m1-head,1,453,perturbed,0.8865836407133483,-0.46256831713754926
m1-head,1,406,perturbed,0.9262272608312182,-0.3769655969622406
m1-head,1,539,perturbed,0.9709512082417644,-0.2392775610329092
m1-head,1,436,perturbed,0.9864623818525673,-0.1639877104839243
m1-head,1,453,perturbed,0.8838539705059123,-0.46776293014831094
m1-head,1,406,perturbed,0.9468561394187662,-0.3216573506776885
m1-head,1,539,perturbed,0.964375045338333,-0.2645387909715471
m1-head,1,436,perturbed,0.9910299003799476,-0.13364032532477058
m1-head,1,453,perturbed,0.8936824096251293,-0.4487000676695091
m1-head,1,406,perturbed,0.9335519868820609,-0.35844202849074
m1-head,1,539,perturbed,0.9614447658649641,-0.2749981130678249
m1-head,1,436,perturbed,0.9898601995018537,-0.1420450120284074
m1-head,1,453,perturbed,0.8917265875650283,-0.4525745165490758
m1-head,1,406,perturbed,0.9385841765579689,-0.3450503492463079
m1-head,1,539,perturbed,0.97369818278704,-0.22784171882518783
m1-head,1,436,perturbed,0.9888910087215504,-0.14864243293782034
m1-head,1,453,perturbed,0.8891009089253012,-0.4577112340201001
m1-head,1,406,perturbed,0.9358381492288407,-0.3524300759695994
m1-head,1,539,perturbed,0.9689344756124701,-0.247317573111146
m1-head,1,436,perturbed,0.990479839769848,-0.1376578621419642
m1-head,1,453,perturbed,0.8866960053276733,-0.4623528891830853
m1-head,1,406,perturbed,0.9316646123098528,-0.3633194877370763
m1-head,1,539,perturbed,0.9663434740801731,-0.2572553014082733
m1-head,1,436,perturbed,0.9969888469730273,-0.07754507728665452
m1-head,1,453,perturbed,0.87361880605533,-0.4866109140848153
m1-head,1,406,perturbed,0.9488081403785827,-0.31585299231024433
m1-head,1,539,perturbed,0.9759444967486393,-0.21801912591799147
m1-head,1,436,perturbed,0.9965440607714132,-0.0830658470204311
m1-head,1,453,perturbed,0.8740124507639953,-0.4859035253108526
m1-head,1,406,perturbed,0.923031326368613,-0.38472479844974733
m1-head,1,539,perturbed,0.9650400478553568,-0.2621024723945399
m1-head,1,436,perturbed,0.9924766158233373,-0.12243433768291971
m1-head,1,453,perturbed,0.8766863985686532,-0.4810623229527796
m1-head,1,406,perturbed,0.9387787918762084,-0.34452050726110134
m1-head,1,539,perturbed,0.9650524438392071,-0.2620568271195659
m1-head,1,436,perturbed,0.9941296834608325,-0.10819506671777931
m1-head,1,453,perturbed,0.8902270920775426,-0.4555169859963094
m1-head,1,406,perturbed,0.9415206366806572,-0.33695532449339544
m1-head,1,539,perturbed,0.971305382783472,-0.2378357697568904
m1-head,1,436,perturbed,0.991287937444918,-0.1317126610322636
m1-head,1,453,perturbed,0.9032885902520815,-0.4290334750580738
m1-head,1,406,perturbed,0.9292135733614911,-0.36954314373394703
m1-head,1,539,perturbed,0.9664283612413068,-0.2569362228033291
m1-head,1,436,perturbed,0.9963037731696877,-0.085899892711479
m1-head,1,453,perturbed,0.8864314639834783,-0.4628598704360826
m1-head,1,406,perturbed,0.952438815537798,-0.304729884745419
m1-head,1,539,perturbed,0.9675382203784969,-0.25272473584279553
m1-head,1,436,perturbed,0.9921412000433049,-0.12512329589900892
m1-head,1,453,perturbed,0.8810339869205611,-0.47305297154849413
m1-head,1,406,perturbed,0.9359572818616548,-0.3521135704998355
m1-head,1,539,perturbed,0.9671322349069871,-0.2542739471589965
m1-head,1,436,perturbed,0.9949435931531367,-0.10043528485311011
m1-head,1,453,perturbed,0.9023219934413286,-0.43106266383446706
m1-head,1,406,perturbed,0.9281906657916021,-0.3721049421028184
m1-head,1,539,perturbed,0.9650958865884376,-0.2618967920576301
m1-head,1,436,perturbed,0.9909113250365815,-0.1345167123975534
m1-head,1,453,perturbed,0.8857307348504335,-0.46419938102211084
m1-head,1,406,perturbed,0.9301940493005638,-0.3670681553142687
m1-head,1,539,perturbed,0.9691738471474917,-0.2463778683350646
m1-head,1,436,perturbed,0.9920402479305002,-0.1259211915683441
m1-head,1,453,perturbed,0.8872293211938527,-0.46132865899908615
m1-head,1,406,perturbed,0.9265644823573206,-0.3761359595065466
m1-head,1,539,perturbed,0.9707122003488701,-0.24024534146129686
m1-head,1,436,perturbed,0.9940753196665888,-0.10869341668090599
m1-head,1,453,perturbed,0.9022401929948403,-0.43123385087981325
m1-head,1,406,perturbed,0.9347105077700701,-0.3554099979801037
m1-head,1,539,perturbed,0.9675161401449418,-0.25280925330974924
m1-head,1,436,perturbed,0.9865477872734988,-0.1634731275340484
m1-head,1,453,perturbed,0.8840230299365686,-0.46744334687935013
m1-head,1,406,perturbed,0.9312250607428654,-0.3644446271307156
m1-head,1,539,perturbed,0.9715317644853463,-0.23690932990490185
m1-head,1,436,perturbed,0.9889370781898135,-0.1483356173728836
m1-head,1,453,perturbed,0.8990733434431517,-0.4377980391801134
m1-head,1,406,perturbed,0.9273265709730584,-0.3742531640044596
m1-head,1,539,perturbed,0.9707372071280918,-0.24014427891822038
m1-head,1,436,perturbed,0.9899416030086238,-0.14147657980286382
m1-head,1,453,perturbed,0.8823755874375688,-0.4705457710937429
m1-head,1,406,perturbed,0.941835934679707,-0.33607301609323315
m1-head,1,539,perturbed,0.9595545758640474,-0.2815226739329673
m1-head,1,436,perturbed,0.9901676372199536,-0.13988584704055756
m1-head,1,453,perturbed,0.8692541594127453,-0.49436545828328393
m1-head,1,406,perturbed,0.9223689723813724,-0.3863100811370716
m1-head,1,539,perturbed,0.9748199826924563,-0.22299327645352654
m1-head,1,436,perturbed,0.9938905107730719,-0.1103705241232544
m1-head,1,453,perturbed,0.8854404742818801,-0.4647528015014853
m1-head,1,406,perturbed,0.9294017568537444,-0.36906960638499237
m1-head,1,539,perturbed,0.9623185062659475,-0.27192479198865926
m1-head,1,436,perturbed,0.9906927847981244,-0.13611688414350692
m1-head,1,453,perturbed,0.8618930754582486,-0.5070900575609049
m1-head,1,406,perturbed,0.9343781392251895,-0.3562828833077336
m1-head,1,539,perturbed,0.9747557899965338,-0.22327371065182045
m1-head,1,436,perturbed,0.9896597162043439,-0.14343516347931368
m1-head,1,453,perturbed,0.8893052768408857,-0.4573140327859571
m1-head,1,406,perturbed,0.9387325286658835,-0.3446465430329396
m1-head,1,539,perturbed,0.9709962677041962,-0.2390946425675832
m1-head,1,436,original,0.9919435042644389,-0.12668103389057364
m1-head,1,453,original,0.8845988434622052,-0.4663527486198928
m1-head,1,406,original,0.9353511454360326,-0.35372056023293547
m1-head,1,539,original,0.9692186798638527,-0.24620144313746548
m2-head-contrastive,2,436,perturbed,0.9913872757132947,-0.13096285562620885
m2-head-contrastive,2,453,perturbed,0.861169133954492,-0.5083185248680886
m2-head-contrastive,2,406,perturbed,0.9258650114425541,-0.3778544436505662
m2-head-contrastive,2,539,perturbed,0.9656815500458235,-0.25972898163488645
m2-head-contrastive,2,436,perturbed,0.9960304004437466,-0.08901371462796721
m2-head-contrastive,2,453,perturbed,0.8423237559203766,-0.5389718825803342
m2-head-contrastive,2,406,perturbed,0.9322241302927199,-0.3618814321017059
m2-head-contrastive,2,539,perturbed,0.9460396863137559,-0.3240507860187501
m2-head-contrastive,2,436,perturbed,0.9867077829263765,-0.1625046187420964
m2-head-contrastive,2,453,perturbed,0.8816627313553554,-0.47188009932504416
m2-head-contrastive,2,406,perturbed,0.9261156642678283,-0.37723968030651095
m2-head-contrastive,2,539,perturbed,0.97036091888061,-0.24166027209530638
m2-head-contrastive,2,436,perturbed,0.9868813748433971,-0.16144705629774075
m2-head-contrastive,2,453,perturbed,0.8837160650141,-0.46802341440999956
m2-head-contrastive,2,406,perturbed,0.935397411816239,-0.3535981928227021
m2-head-contrastive,2,539,perturbed,0.9721573157336967,-0.23432915624277964
m2-head-contrastive,2,436,perturbed,0.9885344171328428,-0.1509957156472666
m2-head-contrastive,2,453,perturbed,0.8699260244397525,-0.4931822300148765
m2-head-contrastive,2,406,perturbed,0.9249277739931293,-0.3801428848421529
m2-head-contrastive,2,539,perturbed,0.9557224542312618,-0.29426958809597226
m2-head-contrastive,2,436,perturbed,0.98982870637771,-0.1422643034307227
m2-head-contrastive,2,453,perturbed,0.8786375839233559,-0.4774892628293615
m2-head-contrastive,2,406,perturbed,0.9329018386310394,-0.36013075330888566
m2-head-contrastive,2,539,perturbed,0.9616694297082179,-0.27421142931079695
m2-head-contrastive,2,436,perturbed,0.9954365483042562,-0.09542577377264229
m2-head-contrastive,2,453,perturbed,0.8687558713385467,-0.4952405839738924
m2-head-contrastive,2,406,perturbed,0.9209412550392441,-0.38970143028572696
m2-head-contrastive,2,539,perturbed,0.9615830907900011,-0.2745140424582097
m2-head-contrastive,2,436,perturbed,0.9910910717161046,-0.13318591353676543
m2-head-contrastive,2,453,perturbed,0.8730531426964957,-0.4876250711640776
m2-head-contrastive,2,406,perturbed,0.9279855359680272,-0.37261621681581786
m2-head-contrastive,2,539,perturbed,0.9604635254692048,-0.2784058480766263
m2-head-contrastive,2,436,perturbed,0.9920767010976842,-0.12563367040381943
m2-head-contrastive,2,453,perturbed,0.8832731895912559,-0.4688586914511544
m2-head-contrastive,2,406,perturbed,0.9185010035396863,-0.39541864712806424
m2-head-contrastive,2,539,perturbed,0.9592041354461169,-0.28271439040676116
m2-head-contrastive,2,436,perturbed,0.9939241300941376,-0.11006735945143424
m2-head-contrastive,2,453,perturbed,0.8743029915359171,-0.485380550693315
m2-head-contrastive,2,406,perturbed,0.931312377058873,-0.36422143860150635
m2-head-contrastive,2,539,perturbed,0.9593802718199576,-0.2821161002896926
m2-head-contrastive,2,436,perturbed,0.9875538930340176,-0.15728098535218876
m2-head-contrastive,2,453,perturbed,0.8894817869552902,-0.4569706234265209
m2-head-contrastive,2,406,perturbed,0.9235746650936263,-0.38341861978416686
m2-head-contrastive,2,539,perturbed,0.9621551555440616,-0.2725022140460187
m2-head-contrastive,2,436,perturbed,0.9911586309021199,-0.13268220825805885
m2-head-contrastive,2,453,perturbed,0.8849815407466112,-0.4656261080929137
m2-head-contrastive,2,406,perturbed,0.9290457841725821,-0.36996476982430554
m2-head-contrastive,2,539,perturbed,0.9669135806513125,-0.25510415040147255
m2-head-contrastive,2,436,perturbed,0.9899829756478618,-0.14118678382697372
m2-head-contrastive,2,453,perturbed,0.8724609577628669,-0.48868382127864685
m2-head-contrastive,2,406,perturbed,0.9252376490425736,-0.3793880504103562
m2-head-contrastive,2,539,perturbed,0.9587565398493249,-0.2842286004190099
m2-head-contrastive,2,436,perturbed,0.994251392233514,-0.10707085990930791
m2-head-contrastive,2,453,perturbed,0.8837805555238241,-0.467901623931784
m2-head-contrastive,2,406,perturbed,0.9304007793729874,-0.36654384422895053
m2-head-contrastive,2,539,perturbed,0.9679585105688091,-0.2511101786415917
m2-head-contrastive,2,436,perturbed,0.988642170456388,-0.15028858504650844
m2-head-contrastive,2,453,perturbed,0.8810654254609636,-0.4729944144039026
m2-head-contrastive,2,406,perturbed,0.9221811410973817,-0.38675824878640974
m2-head-contrastive,2,539,perturbed,0.959923017737363,-0.2802638043308373
m2-head-contrastive,2,436,perturbed,0.9912815839475246,-0.13176046951375828
m2-head-contrastive,2,453,perturbed,0.8804818434512042,-0.47407987022522785
m2-head-contrastive,2,406,perturbed,0.9367506039677955,-0.3499975799430191
m2-head-contrastive,2,539,perturbed,0.9686670454041818,-0.24836295043329656
m2-head-contrastive,2,436,perturbed,0.9963155637496584,-0.08576303067289373
m2-head-contrastive,2,453,perturbed,0.8726096903261493,-0.4884181900266422
m2-head-contrastive,2,406,perturbed,0.9239477248563683,-0.38251875997490636
m2-head-contrastive,2,539,perturbed,0.9657248209386335,-0.25956804545830303
m2-head-contrastive,2,436,perturbed,0.9923604334858984,-0.12337248498623676
m2-head-contrastive,2,453,perturbed,0.8735385147038586,-0.48675503421020305
m2-head-contrastive,2,406,perturbed,0.9184050457507686,-0.3956414689330838
m2-head-contrastive,2,539,perturbed,0.9608046771685941,-0.27722621147891685
m2-head-contrastive,2,436,perturbed,0.9920383444274428,-0.1259361869585463
m2-head-contrastive,2,453,perturbed,0.8740480635442577,-0.48583946177161497
m2-head-contrastive,2,406,perturbed,0.9288877851645242,-0.3703612865461835
m2-head-contrastive,2,539,perturbed,0.9605176393677587,-0.27821909435440956
m2-head-contrastive,2,436,perturbed,0.9917142815387473,-0.12846316122564388
m2-head-contrastive,2,453,perturbed,0.8756871366493687,-0.4828789068771064
m2-head-contrastive,2,406,perturbed,0.9125576016483842,-0.40894819191891313
m2-head-contrastive,2,539,perturbed,0.9619217895571477,-0.2733248447821272
m2-head-contrastive,2,436,perturbed,0.9903542619661652,-0.13855842018965073
m2-head-contrastive,2,453,perturbed,0.8538928559258805,-0.5204488357165793
m2-head-contrastive,2,406,perturbed,0.9309924303194639,-0.3650384838450019
m2-head-contrastive,2,539,perturbed,0.9699253876896147,-0.2434024287371643
m2-head-contrastive,2,436,perturbed,0.9904403802575754,-0.1379414845332203
m2-head-contrastive,2,453,perturbed,0.876530002059936,-0.48134722964696475
m2-head-contrastive,2,406,perturbed,0.9376296857360953,-0.34763568923001964
m2-head-contrastive,2,539,perturbed,0.9504680925016081,-0.3108221438963992
m2-head-contrastive,2,436,perturbed,0.9860026810613302,-0.1667294603238076
m2-head-contrastive,2,453,perturbed,0.9003230859216028,-0.43522217424736276
m2-head-contrastive,2,406,perturbed,0.9256395723124564,-0.37840637173442565
m2-head-contrastive,2,539,perturbed,0.9570614717396059,-0.289885044994769
m2-head-contrastive,2,436,perturbed,0.9964706860212946,-0.08394147902110133
m2-head-contrastive,2,453,perturbed,0.8766273566716779,-0.48116990505935214
m2-head-contrastive,2,406,perturbed,0.9153089338318163,-0.40275247441532025
m2-head-contrastive,2,539,perturbed,0.9613597945082692,-0.27529501539805945
m2-head-contrastive,2,436,perturbed,0.9939822355834649,-0.10954138644593137
m2-head-contrastive,2,453,perturbed,0.8746923785141109,-0.4846784944365978
m2-head-contrastive,2,406,perturbed,0.9331596475470827,-0.3594621985547357
m2-head-contrastive,2,539,perturbed,0.9690839373243701,-0.24673127572299364
m2-head-contrastive,2,436,perturbed,0.985734811996075,-0.16830591320290017
m2-head-contrastive,2,453,perturbed,0.8889958293128187,-0.45791529289205135
m2-head-contrastive,2,406,perturbed,0.9202577307337672,-0.39131280201999113
m2-head-contrastive,2,539,perturbed,0.9688562140534605,-0.24762398205746333
m2-head-contrastive,2,436,perturbed,0.9907914669078357,-0.1353967100878698
m2-head-contrastive,2,453,perturbed,0.8788216053327654,-0.47715048569643154
m2-head-contrastive,2,406,perturbed,0.9410163354236526,-0.3383611332080551
m2-head-contrastive,2,539,perturbed,0.9614971650486572,-0.2748148496777325
m2-head-contrastive,2,436,perturbed,0.9950421267896581,-0.09945434085002734
m2-head-contrastive,2,453,perturbed,0.8869089337633915,-0.4619443074773015
m2-head-contrastive,2,406,perturbed,0.9236506147680758,-0.3832356218288627
m2-head-contrastive,2,539,perturbed,0.9572808235295323,-0.28915986046237424
m2-head-contrastive,2,436,perturbed,0.9865355326982315,-0.16354706577562328
m2-head-contrastive,2,453,perturbed,0.8619899663756773,-0.5069253375672379
m2-head-contrastive,2,406,perturbed,0.9248836747144797,-0.38025016534728834
m2-head-contrastive,2,539,perturbed,0.9591912874561578,-0.28275797790371543
m2-head-contrastive,2,436,perturbed,0.9925555739355754,-0.12179258043665864
m2-head-contrastive,2,453,perturbed,0.8849318432322932,-0.4657205522987957
m2-head-contrastive,2,406,perturbed,0.9412966787340887,-0.3375804535280043
m2-head-contrastive,2,539,perturbed,0.9557145037360099,-0.29429540830368367
m2-head-contrastive,2,436,perturbed,0.9955098360061798,-0.09465815556489875
m2-head-contrastive,2,453,perturbed,0.8752539367896671,-0.48366367047173264
m2-head-contrastive,2,406,perturbed,0.9158089722284902,-0.40161415112741705
m2-head-contrastive,2,539,perturbed,0.9506948671407277,-0.3101278278263233
m2-head-contrastive,2,436,perturbed,0.9895309376621746,-0.1443209042703696
m2-head-contrastive,2,453,perturbed,0.8868593322691993,-0.4620395272777313
m2-head-contrastive,2,406,perturbed,0.9187553035181877,-0.3948274208527089
m2-head-contrastive,2,539,perturbed,0.9629179378209599,-0.26979444957713605
m2-head-contrastive,2,436,perturbed,0.9807519069124463,-0.19525802694793334
m2-head-contrastive,2,453,perturbed,0.8618627247895211,-0.5071416405880922
m2-head-contrastive,2,406,perturbed,0.9291869081967551,-0.3696101860551935
m2-head-contrastive,2,539,perturbed,0.9678420692665055,-0.2515585994513567
m2-head-contrastive,2,436,perturbed,0.9909774603038725,-0.1340286281720671
m2-head-contrastive,2,453,perturbed,0.8640437813288645,-0.5034166703109034
m2-head-contrastive,2,406,perturbed,0.9273755171520704,-0.3741318620311954
m2-head-contrastive,2,539,perturbed,0.9611406177110768,-0.27605925629467537
m2-head-contrastive,2,436,perturbed,0.9910053685883317,-0.13382211860938506
m2-head-contrastive,2,453,perturbed,0.8728758501166807,-0.4879423636896898
m2-head-contrastive,2,406,perturbed,0.939002790268893,-0.3439095227923077
m2-head-contrastive,2,539,perturbed,0.9558342309945785,-0.2939063164666627
m2-head-contrastive,2,436,perturbed,0.9911148374806452,-0.13300894302908228
m2-head-contrastive,2,453,perturbed,0.879162736929155,-0.4765216490310137
m2-head-contrastive,2,406,perturbed,0.9242091722575166,-0.3818866401369331
m2-head-contrastive,2,539,perturbed,0.965336529727651,-0.26100839904756995
m2-head-contrastive,2,436,perturbed,0.9936649136268213,-0.1123834481896744
m2-head-contrastive,2,453,perturbed,0.8817247304004039,-0.4717642417567641
m2-head-contrastive,2,406,perturbed,0.9348571583493227,-0.3550240745118969
m2-head-contrastive,2,539,perturbed,0.9651355215862408,-0.261750692401098
m2-head-contrastive,2,436,perturbed,0.9925097582711732,-0.1221653786328067
m2-head-contrastive,2,453,perturbed,0.8780594865113528,-0.4785514999949522
m2-head-contrastive,2,406,perturbed,0.9300914494249732,-0.3673280491693385
m2-head-contrastive,2,539,perturbed,0.9592605589188106,-0.28252288421076727
m2-head-contrastive,2,436,perturbed,0.9945564283545606,-0.10419938012588689
m2-head-contrastive,2,453,perturbed,0.867398930745078,-0.49761339907833535
m2-head-contrastive,2,406,perturbed,0.9296945646646582,-0.3683313948511466
m2-head-contrastive,2,539,perturbed,0.9550457320206576,-0.2964585126946529
m2-head-contrastive,2,436,perturbed,0.9944789744184142,-0.10493602546170079
m2-head-contrastive,2,453,perturbed,0.9031423132458353,-0.42934131180793805
m2-head-contrastive,2,406,perturbed,0.9136919203823732,-0.40640752284864323
m2-head-contrastive,2,539,perturbed,0.9676656203686022,-0.25223649053348296
m2-head-contrastive,2,436,perturbed,0.9889493045001844,-0.14825408300819537
m2-head-contrastive,2,453,perturbed,0.8774646110317064,-0.4796413831051026
m2-head-contrastive,2,406,perturbed,0.9226933980437165,-0.38553455513940527
m2-head-contrastive,2,539,perturbed,0.9593034771270808,-0.2823771215447386
m2-head-contrastive,2,436,perturbed,0.9908238234326271,-0.13515972372844504
m2-head-contrastive,2,453,perturbed,0.862983152401315,-0.5052326975478608
m2-head-contrastive,2,406,perturbed,0.9331096371631828,-0.35959199801051295
m2-head-contrastive,2,539,perturbed,0.9649045212266799,-0.2626009613773554
m2-head-contrastive,2,436,perturbed,0.9904326685768822,-0.1379968442236097
m2-head-contrastive,2,453,perturbed,0.8766749534188631,-0.48108317996790706
m2-head-contrastive,2,406,perturbed,0.9217662809295387,-0.38774595206310797
m2-head-contrastive,2,539,perturbed,0.967008871019515,-0.25474270032635316
m2-head-contrastive,2,436,perturbed,0.9862996853826497,-0.1649634220489066
m2-head-contrastive,2,453,perturbed,0.8782462447626843,-0.47820867156529334
m2-head-contrastive,2,406,perturbed,0.9207412868400471,-0.3901736571171013
m2-head-contrastive,2,539,perturbed,0.9661469602672504,-0.2579923471081098
m2-head-contrastive,2,436,perturbed,0.9914270023460825,-0.13066177336566492
m2-head-contrastive,2,453,perturbed,0.8774171445711478,-0.47972820889813544
m2-head-contrastive,2,406,perturbed,0.9284143601091271,-0.37154646538913483
m2-head-contrastive,2,539,perturbed,0.9445183568450598,-0.32845863298550637
m2-head-contrastive,2,436,perturbed,0.9884263264535923,-0.15170167162380183
m2-head-contrastive,2,453,perturbed,0.8789966921894682,-0.47682786739029087
m2-head-contrastive,2,406,perturbed,0.9243128740985979,-0.3816355732575108
m2-head-contrastive,2,539,perturbed,0.9646404131125167,-0.2635694849372976
m2-head-contrastive,2,436,perturbed,0.9865000694773486,-0.16376084062188262
m2-head-contrastive,2,453,perturbed,0.8539551887256911,-0.5203465534126931
m2-head-contrastive,2,406,perturbed,0.9242317677395431,-0.3818319519121455
m2-head-contrastive,2,539,perturbed,0.9591379551659508,-0.2829388325417317
m2-head-contrastive,2,436,perturbed,0.9918352034638322,-0.12752619013307678
m2-head-contrastive,2,453,perturbed,0.8727336037313789,-0.4881967399707211
m2-head-contrastive,2,406,perturbed,0.9256586034995915,-0.378359815211903
m2-head-contrastive,2,539,perturbed,0.9596346601172276,-0.2812495672915648
m2-head-contrastive,2,436,perturbed,0.9911800488980139,-0.13252211387738427
m2-head-contrastive,2,453,perturbed,0.8888130410357623,-0.458269983835686
m2-head-contrastive,2,406,perturbed,0.9364408291076787,-0.3508255600439097
m2-head-contrastive,2,539,perturbed,0.9682627338741446,-0.24993454781315616
m2-head-contrastive,2,436,perturbed,0.9927931010513649,-0.11984097172842759
m2-head-contrastive,2,453,perturbed,0.8676802557556432,-0.49712269488710836
m2-head-contrastive,2,406,perturbed,0.9105796267111226,-0.41333369499549877
m2-head-contrastive,2,539,perturbed,0.9553128956595065,-0.2955964671416897
m2-head-contrastive,2,436,perturbed,0.9911144315970407,-0.13301196743178567
m2-head-contrastive,2,453,perturbed,0.8738926862657247,-0.486118887610094
m2-head-contrastive,2,406,perturbed,0.9312698518963969,-0.364330156518593
m2-head-contrastive,2,539,perturbed,0.9598194635227102,-0.28061824146511993
m2-head-contrastive,2,436,perturbed,0.9952623337445066,-0.09722595861928059
m2-head-contrastive,2,453,perturbed,0.8634475703434253,-0.5044385921676047
m2-head-contrastive,2,406,perturbed,0.9185858590193846,-0.3952214817157824
m2-head-contrastive,2,539,perturbed,0.9684958070574383,-0.24902986108529387
m2-head-contrastive,2,436,perturbed,0.9922460472450286,-0.12428910542205977
m2-head-contrastive,2,453,perturbed,0.878545323722938,-0.4776589935974803
m2-head-contrastive,2,406,perturbed,0.9191000811656673,-0.39402416271247015
m2-head-contrastive,2,539,perturbed,0.9697023898582772,-0.2442893266255103
m2-head-contrastive,2,436,perturbed,0.9890851919460308,-0.14734477619882808
m2-head-contrastive,2,453,perturbed,0.8821048429146157,-0.4710531245056983
m2-head-contrastive,2,406,perturbed,0.9095917812219946,-0.4155030583923523
m2-head-contrastive,2,539,perturbed,0.9601848431931755,-0.2793654719218114
m2-head-contrastive,2,436,perturbed,0.9947634747920665,-0.10220386107977103
m2-head-contrastive,2,453,perturbed,0.8695660458968265,-0.4938166581063844
m2-head-contrastive,2,406,perturbed,0.9237306984132221,-0.38304255221713995
m2-head-contrastive,2,539,perturbed,0.9669055224155862,-0.2551346913342857
m2-head-contrastive,2,436,perturbed,0.9911884034634325,-0.13245961210728072
m2-head-contrastive,2,453,perturbed,0.8892356964259567,-0.4574493154458134
m2-head-contrastive,2,406,perturbed,0.9256616421231745,-0.37835238112350705
m2-head-contrastive,2,539,perturbed,0.963579215854376,-0.26742306327889026
m2-head-contrastive,2,436,perturbed,0.9881676624353801,-0.15337754371809392
m2-head-contrastive,2,453,perturbed,0.873377577007302,-0.48704374339565615
m2-head-contrastive,2,406,perturbed,0.93340775863161,-0.35881744122368575
m2-head-contrastive,2,539,perturbed,0.9643417223097218,-0.2646602399543966
m2-head-contrastive,2,436,perturbed,0.9936746218713862,-0.11229757721677171
m2-head-contrastive,2,453,perturbed,0.8844770014491912,-0.46658379087517293
m2-head-contrastive,2,406,perturbed,0.9284130050227459,-0.3715498514393921
m2-head-contrastive,2,539,perturbed,0.9545806536016942,-0.2979526401449761
m2-head-contrastive,2,436,perturbed,0.9919082732710274,-0.12695659658516456
m2-head-contrastive,2,453,perturbed,0.8901572130899225,-0.4556535262499149
m2-head-contrastive,2,406,perturbed,0.9098598515846277,-0.41491571490412216
m2-head-contrastive,2,539,perturbed,0.9613186294226255,-0.27543872771454
m2-head-contrastive,2,436,perturbed,0.985795953395058,-0.16794742710124544
m2-head-contrastive,2,453,perturbed,0.8608026671796289,-0.50893886487125
m2-head-contrastive,2,406,perturbed,0.9276419069994968,-0.3734708721953245
m2-head-contrastive,2,539,perturbed,0.9580521791701563,-0.2865938275457344
m2-head-contrastive,2,436,perturbed,0.9879053140295265,-0.15505834550975306
m2-head-contrastive,2,453,perturbed,0.8811292215315243,-0.47287555970175654
m2-head-contrastive,2,406,perturbed,0.9293354785821667,-0.36923646657454434
m2-head-contrastive,2,539,perturbed,0.9706822470926307,-0.24036633536999436
m2-head-contrastive,2,436,perturbed,0.989396186532606,-0.14524181930400148
m2-head-contrastive,2,453,perturbed,0.8741701208680904,-0.48561980991457454
m2-head-contrastive,2,406,perturbed,0.9320449649255163,-0.3623426325413455
m2-head-contrastive,2,539,perturbed,0.966113433520847,-0.2581178675926157
m2-head-contrastive,2,436,perturbed,0.9911530841591554,-0.13272363678634505
m2-head-contrastive,2,453,perturbed,0.879526255693785,-0.475850360455123
m2-head-contrastive,2,406,perturbed,0.9213282906475542,-0.3887855203739661
m2-head-contrastive,2,539,perturbed,0.9608952877565128,-0.2769119823469688
m2-head-contrastive,2,436,perturbed,0.9905634469530381,-0.13705494358291162
m2-head-contrastive,2,453,perturbed,0.86988399723585,-0.49325635459969414
m2-head-contrastive,2,406,perturbed,0.9427778684428288,-0.3334214911705538
m2-head-contrastive,2,539,perturbed,0.9583155523498793,-0.28571192156496605
m2-head-contrastive,2,436,perturbed,0.9927210634076226,-0.12043624980394645
m2-head-contrastive,2,453,perturbed,0.8623298973402975,-0.5063468654520056
m2-head-contrastive,2,406,perturbed,0.9194460297481695,-0.3932162234449741
m2-head-contrastive,2,539,perturbed,0.9571020951702021,-0.28975089201037696
m2-head-contrastive,2,436,perturbed,0.9911940039972993,-0.13241769685280494
m2-head-contrastive,2,453,perturbed,0.8653457199339382,-0.5011754034188168
m2-head-contrastive,2,406,perturbed,0.914940969002007,-0.4035876896557521
m2-head-contrastive,2,539,perturbed,0.9564083503578099,-0.2920326477739302
m2-head-contrastive,2,436,perturbed,0.9933972814254625,-0.114725068125933
m2-head-contrastive,2,453,perturbed,0.8684407462527187,-0.4957929711563291
m2-head-contrastive,2,406,perturbed,0.92755801195512,-0.3736791865462472
m2-head-contrastive,2,539,perturbed,0.9606821055560619,-0.2776506655212107
m2-head-contrastive,2,436,perturbed,0.9949379324722256,-0.10049134553727646
m2-head-contrastive,2,453,perturbed,0.8740953694888256,-0.4857543463914585
m2-head-contrastive,2,406,perturbed,0.9258049751773534,-0.3780015184319495
m2-head-contrastive,2,539,perturbed,0.9675194914269605,-0.2527964274053633
m2-head-contrastive,2,436,perturbed,0.9946916317890369,-0.10290071743609255
m2-head-contrastive,2,453,perturbed,0.8772926069026132,-0.479955916594448
m2-head-contrastive,2,406,perturbed,0.9205459272236183,-0.3906343506042555
m2-head-contrastive,2,539,perturbed,0.9698271431941822,-0.24379358548536656
m2-head-contrastive,2,436,perturbed,0.9863268958578609,-0.16480065080998843
m2-head-contrastive,2,453,perturbed,0.876725880159265,-0.48099036482965185
m2-head-contrastive,2,406,perturbed,0.9198771246302707,-0.3922066745759756
m2-head-contrastive,2,539,perturbed,0.9714259287684819,-0.23734292683012848
m2-head-contrastive,2,436,perturbed,0.9893077560523206,-0.14584294228628866
m2-head-contrastive,2,453,perturbed,0.8878300997731817,-0.4601713962609382
m2-head-contrastive,2,406,perturbed,0.9091701579231015,-0.4164248118713414
m2-head-contrastive,2,539,perturbed,0.9711852618930387,-0.23832580028555275
m2-head-contrastive,2,436,perturbed,0.9858643945775398,-0.16754520436067477
m2-head-contrastive,2,453,perturbed,0.8706440317682272,-0.49191357975396993
m2-head-contrastive,2,406,perturbed,0.927889812424059,-0.37285452390931784
m2-head-contrastive,2,539,perturbed,0.9642242360200052,-0.2650879527093545
m2-head-contrastive,2,436,perturbed,0.9923950302364909,-0.12309388271524113
m2-head-contrastive,2,453,perturbed,0.8778048503291737,-0.47901841795339817
m2-head-contrastive,2,406,perturbed,0.9176780984492754,-0.3973246879147097
m2-head-contrastive,2,539,perturbed,0.9642569750633856,-0.2649688397559391
m2-head-contrastive,2,436,perturbed,0.983547001603345,-0.18065241663777776
m2-head-contrastive,2,453,perturbed,0.8770156265686216,-0.48046185150794996
m2-head-contrastive,2,406,perturbed,0.9354210969065214,-0.3535355306927433
m2-head-contrastive,2,539,perturbed,0.9599427569421187,-0.28019618733017043
m2-head-contrastive,2,436,perturbed,0.9902454779498389,-0.13933374824461864
m2-head-contrastive,2,453,perturbed,0.8829646271398857,-0.46943952456064264
m2-head-contrastive,2,406,perturbed,0.9267063993191125,-0.37578617518610935
m2-head-contrastive,2,539,perturbed,0.9515085294789726,-0.3076223631805116
m2-head-contrastive,2,436,perturbed,0.9860909358077646,-0.1662066975719289
m2-head-contrastive,2,453,perturbed,0.8810025800217093,-0.4731114604351612
m2-head-contrastive,2,406,perturbed,0.9274396476909992,-0.3739728598318259
m2-head-contrastive,2,539,perturbed,0.9706068730787881,-0.24067051737222983
m2-head-contrastive,2,436,perturbed,0.9894518617082115,-0.1448620494199691
m2-head-contrastive,2,453,perturbed,0.8817126377619635,-0.47178684213407224
m2-head-contrastive,2,406,perturbed,0.92064905007199,-0.390391248110843
m2-head-contrastive,2,539,perturbed,0.9597490033421352,-0.280859129429288
m2-head-contrastive,2,436,perturbed,0.9902433602580274,-0.1393487978595079
m2-head-contrastive,2,453,perturbed,0.8723120798611804,-0.4889495222702045
m2-head-contrastive,2,406,perturbed,0.9198150926062647,-0.3923521319092432
m2-head-contrastive,2,539,perturbed,0.9620712881706333,-0.2727981606933919
m2-head-contrastive,2,436,perturbed,0.9958016374774632,-0.09153741747068446
m2-head-contrastive,2,453,perturbed,0.8585284356998871,-0.5127659554755019
m2-head-contrastive,2,406,perturbed,0.9377283080408986,-0.3473695730756408
m2-head-contrastive,2,539,perturbed,0.9670363640353671,-0.2546383133647735
m2-head-contrastive,2,436,perturbed,0.9959026727220731,-0.09043155679866759
m2-head-contrastive,2,453,perturbed,0.8642551454626917,-0.5030537183455274
m2-head-contrastive,2,406,perturbed,0.9174192932261436,-0.3979219024085537
m2-head-contrastive,2,539,perturbed,0.9575391461833118,-0.2883032839329682
m2-head-contrastive,2,436,perturbed,0.9917877207536994,-0.127894945022004
m2-head-contrastive,2,453,perturbed,0.8662442360442476,-0.4996207797120906
m2-head-contrastive,2,406,perturbed,0.9280879017666303,-0.37236117761444076
m2-head-contrastive,2,539,perturbed,0.9632465018052875,-0.2686190178670818
m2-head-contrastive,2,436,perturbed,0.9928561071416734,-0.1193178549567567
m2-head-contrastive,2,453,perturbed,0.8714284188315397,-0.4905226914759012
m2-head-contrastive,2,406,perturbed,0.93249497488675,-0.3611829478407847
m2-head-contrastive,2,539,perturbed,0.966050781834211,-0.25835225355608776
m2-head-contrastive,2,436,perturbed,0.9911706508585916,-0.1325923861937607
m2-head-contrastive,2,453,perturbed,0.8904601052689243,-0.4550613155657773
m2-head-contrastive,2,406,perturbed,0.910918704925153,-0.4125858856256248
m2-head-contrastive,2,539,perturbed,0.9551804279961412,-0.296024238827005
m2-head-contrastive,2,436,perturbed,0.9951062046878314,-0.09881114001861899
m2-head-contrastive,2,453,perturbed,0.8678507866386687,-0.4968249310679198
m2-head-contrastive,2,406,perturbed,0.9452177770927243,-0.3264404292790471
m2-head-contrastive,2,539,perturbed,0.9607228670693299,-0.27750959026687033
m2-head-contrastive,2,436,perturbed,0.9885502131516657,-0.15089226646119316
m2-head-contrastive,2,453,perturbed,0.873054602933589,-0.4876224567187947
m2-head-contrastive,2,406,perturbed,0.9217383874493111,-0.3878122549666823
m2-head-contrastive,2,539,perturbed,0.9626523411722095,-0.2707405954703937
m2-head-contrastive,2,436,perturbed,0.9945317528588318,-0.10443463293150909
m2-head-contrastive,2,453,perturbed,0.8902445114527107,-0.4554829413142978
m2-head-contrastive,2,406,perturbed,0.9231162201777436,-0.3845210579991102
m2-head-contrastive,2,539,perturbed,0.9563678101891248,-0.29216538404482123
m2-head-contrastive,2,436,perturbed,0.9891594491906692,-0.14684544281935097
m2-head-contrastive,2,453,perturbed,0.8754067832796165,-0.48338697105738565
m2-head-contrastive,2,406,perturbed,0.9234457733884781,-0.38372894549532616
m2-head-contrastive,2,539,perturbed,0.9658342056523413,-0.2591607362080728
m2-head-contrastive,2,436,perturbed,0.991423337557454,-0.1306895778034262
m2-head-contrastive,2,453,perturbed,0.8784908700777435,-0.4777591351194121
m2-head-contrastive,2,406,perturbed,0.9161546283505225,-0.40082502036663764
m2-head-contrastive,2,539,perturbed,0.964651911673425,-0.2635273976360068
m2-head-contrastive,2,436,perturbed,0.9937021531817073,-0.11205369588745433
m2-head-contrastive,2,453,perturbed,0.8911796262287895,-0.4536506076207928
m2-head-contrastive,2,406,perturbed,0.9251586548044196,-0.3795806415512733
m2-head-contrastive,2,539,perturbed,0.9615968790921684,-0.2744657394288058
m2-head-contrastive,2,436,perturbed,0.9844781131643054,-0.17550739215328948
m2-head-contrastive,2,453,perturbed,0.8796309411226598,-0.4756568168539828
m2-head-contrastive,2,406,perturbed,0.9237916758079896,-0.3828954683825153
m2-head-contrastive,2,539,perturbed,0.9684459915528956,-0.24922351703867776
m2-head-contrastive,2,436,perturbed,0.9887022742556141,-0.1498926712076869
m2-head-contrastive,2,453,perturbed,0.8810741903193267,-0.47297808739215647
m2-head-contrastive,2,406,perturbed,0.9132147735470315,-0.4074785606328796
m2-head-contrastive,2,539,perturbed,0.9640907261523911,-0.2655731005711139
m2-head-contrastive,2,436,perturbed,0.9885992817875767,-0.15057044879087908
m2-head-contrastive,2,453,perturbed,0.8723765880270753,-0.48883441845090886
m2-head-contrastive,2,406,perturbed,0.9338152346444205,-0.3577556534088393
m2-head-contrastive,2,539,perturbed,0.9565865894415136,-0.29144827482874636
m2-head-contrastive,2,436,perturbed,0.9885328694395004,-0.1510058476937473
m2-head-contrastive,2,453,perturbed,0.8656036705001575,-0.5007297530771007
m2-head-contrastive,2,406,perturbed,0.912427665211728,-0.4092380184639181
m2-head-contrastive,2,539,perturbed,0.9672455403682388,-0.2538425981543552
m2-head-contrastive,2,436,perturbed,0.9914984962590468,-0.1301181459906666
m2-head-contrastive,2,453,perturbed,0.8762731419245469,-0.481814674684865
m2-head-contrastive,2,406,perturbed,0.9241807880288548,-0.38195532597198395
m2-head-contrastive,2,539,perturbed,0.9590083886957184,-0.2833776815686826
m2-head-contrastive,2,436,perturbed,0.9900452159839603,-0.14074967249437068
m2-head-contrastive,2,453,perturbed,0.8497119651539466,-0.5272471681045029
m2-head-contrastive,2,406,perturbed,0.9212331311253686,-0.3890109485823617
m2-head-contrastive,2,539,perturbed,0.9719976479168584,-0.23499057947946433
m2-head-contrastive,2,436,perturbed,0.990032381950345,-0.14083991866557358
m2-head-contrastive,2,453,perturbed,0.8738800523544469,-0.4861415988135439
m2-head-contrastive,2,406,perturbed,0.9252481989493739,-0.3793623206657972
m2-head-contrastive,2,539,perturbed,0.9657817565546947,-0.25935612332491415
m2-head-contrastive,2,436,original,0.9912002907200403,-0.13237062996188803
m2-head-contrastive,2,453,original,0.8731971218682545,-0.48736719869211154
m2-head-contrastive,2,406,original,0.9232349386585798,-0.38423592757586855
m2-head-contrastive,2,539,original,0.9617009911613349,-0.27410071798392915
m3-head-contractive,3,436,perturbed,0.9884964782758845,-0.15124388396286723
m3-head-contractive,3,453,perturbed,0.8879650837293633,-0.4599108718844384
m3-head-contractive,3,406,perturbed,0.9448023219095245,-0.32764092008534407
m3-head-contractive,3,539,perturbed,0.978508580835284,-0.20620610376930615
m3-head-contractive,3,436,perturbed,0.9957735715617116,-0.09184222438090406
m3-head-contractive,3,453,perturbed,0.874450660396767,-0.4851144633296946
m3-head-contractive,3,406,perturbed,0.9499755088869292,-0.31232440268896644
m3-head-contractive,3,539,perturbed,0.9588097973390626,-0.2840488910850124
m3-head-contractive,3,436,perturbed,0.9871136496754741,-0.16002075685474354
m3-head-contractive,3,453,perturbed,0.9143874946818935,-0.4048401037068456
m3-head-contractive,3,406,perturbed,0.9419085513400713,-0.33586944027768845
m3-head-contractive,3,539,perturbed,0.9780924202682622,-0.20817112531225998
m3-head-contractive,3,436,perturbed,0.986729654090895,-0.16237176397903197
m3-head-contractive,3,453,perturbed,0.9197397020053801,-0.3925288276739096
m3-head-contractive,3,406,perturbed,0.9518451368876208,-0.30657924812907006
m3-head-contractive,3,539,perturbed,0.9783711387099092,-0.20685723322976945
m3-head-contractive,3,436,perturbed,0.9879671775114618,-0.15466368727026808
m3-head-contractive,3,453,perturbed,0.9079838172493023,-0.4190052357827823
m3-head-contractive,3,406,perturbed,0.9500914935309172,-0.31197139920221967
m3-head-contractive,3,539,perturbed,0.970116411990714,-0.24263995381276907
m3-head-contractive,3,436,perturbed,0.9906715871296436,-0.13627107710013975
m3-head-contractive,3,453,perturbed,0.9124025848751257,-0.4092939324167758
m3-head-contractive,3,406,perturbed,0.9519781552652594,-0.30616595483128617
m3-head-contractive,3,539,perturbed,0.9722308469836399,-0.23402388804024607
m3-head-contractive,3,436,perturbed,0.9938175159140781,-0.11102587564334111
m3-head-contractive,3,453,perturbed,0.8942240553064168,-0.4476196364228741
m3-head-contractive,3,406,perturbed,0.9396389568833411,-0.34216754771191576
m3-head-contractive,3,539,perturbed,0.9694644469219397,-0.24523190280699014
m3-head-contractive,3,436,perturbed,0.9942105365888014,-0.10744956461431868
m3-head-contractive,3,453,perturbed,0.9051115138398769,-0.42517425547001997
m3-head-contractive,3,406,perturbed,0.9480962707644562,-0.3179834293835612
m3-head-contractive,3,539,perturbed,0.9736298048855275,-0.22813373936918915
m3-head-contractive,3,436,perturbed,0.9900815010087923,-0.14049420400919188
m3-head-contractive,3,453,perturbed,0.9148827189048052,-0.40371971793479505
m3-head-contractive,3,406,perturbed,0.9422945594985359,-0.33478495058688024
m3-head-contractive,3,539,perturbed,0.9703348266764689,-0.24176501843473275
m3-head-contractive,3,436,perturbed,0.9932631580203851,-0.11588053727598441
m3-head-contractive,3,453,perturbed,0.9034292533870673,-0.4287371970385656
m3-head-contractive,3,406,perturbed,0.94694637815084,-0.3213915943315964
m3-head-contractive,3,539,perturbed,0.9685595074281446,-0.24878199406417983
m3-head-contractive,3,436,perturbed,0.9877841493041469,-0.15582834910080473
m3-head-contractive,3,453,perturbed,0.9187484078356537,-0.3948434665781501
m3-head-contractive,3,406,perturbed,0.948093829339591,-0.31799070861927703
m3-head-contractive,3,539,perturbed,0.9729237653884985,-0.23112625714588408
m3-head-contractive,3,436,perturbed,0.9915891218205004,-0.12942570643905418
m3-head-contractive,3,453,perturbed,0.9197918206582244,-0.3924066852771856
m3-head-contractive,3,406,perturbed,0.9535546212279977,-0.30122015924358286
m3-head-contractive,3,539,perturbed,0.976769781786049,-0.2142913749772339
m3-head-contractive,3,436,perturbed,0.9878230448158741,-0.1555815931615791
m3-head-contractive,3,453,perturbed,0.9008525245636643,-0.4341252457382225
m3-head-contractive,3,406,perturbed,0.9465358145278435,-0.32259874738769734
m3-head-contractive,3,539,perturbed,0.9691765376998177,-0.24636728429763793
m3-head-contractive,3,436,perturbed,0.9946375442462033,-0.10342221993305542
m3-head-contractive,3,453,perturbed,0.9116339145059414,-0.41100317020988214
m3-head-contractive,3,406,perturbed,0.9499118382373193,-0.31251799880422304
m3-head-contractive,3,539,perturbed,0.972285693838587,-0.23379591432875102
m3-head-contractive,3,436,perturbed,0.9910115560409952,-0.1337762901010657
m3-head-contractive,3,453,perturbed,0.9102653038428298,-0.41402545407247654
m3-head-contractive,3,406,perturbed,0.946271832834412,-0.3233722597629584
m3-head-contractive,3,539,perturbed,0.969669305281244,-0.2444206177788383
m3-head-contractive,3,436,perturbed,0.9935793541739774,-0.11313738091020804
m3-head-contractive,3,453,perturbed,0.9138594276461436,-0.4060307211311263
m3-head-contractive,3,406,perturbed,0.9532906341156926,-0.3020545760409864
m3-head-contractive,3,539,perturbed,0.975431300306458,-0.2203038319740533
m3-head-contractive,3,436,perturbed,0.9963837691906112,-0.08496696118792348
m3-head-contractive,3,453,perturbed,0.9093679861238152,-0.41599262711389007
m3-head-contractive,3,406,perturbed,0.9433121648472955,-0.3319068538778737
m3-head-contractive,3,539,perturbed,0.9749779634818656,-0.22230153108953946
m3-head-contractive,3,436,perturbed,0.9927255865536527,-0.1203989609660551
m3-head-contractive,3,453,perturbed,0.9054449819090983,-0.4244636435969899
m3-head-contractive,3,406,perturbed,0.9392033958987416,-0.34336129824467915
m3-head-contractive,3,539,perturbed,0.9722569792270318,-0.23391529737134836
m3-head-contractive,3,436,perturbed,0.9916516276483707,-0.12894591650120968
m3-head-contractive,3,453,perturbed,0.9072872018220614,-0.4205115140039493
m3-head-contractive,3,406,perturbed,0.9459277698957819,-0.3243773329626966
m3-head-contractive,3,539,perturbed,0.9716375740553861,-0.2364749980098607
m3-head-contractive,3,436,perturbed,0.9947675329757539,-0.10216435453391653
m3-head-contractive,3,453,perturbed,0.9036028990189557,-0.4283711018317394
m3-head-contractive,3,406,perturbed,0.938496916432617,-0.34528761612092124
m3-head-contractive,3,539,perturbed,0.9697454054755859,-0.24411851334749457
m3-head-contractive,3,436,perturbed,0.992150792681748,-0.1250472094090011
m3-head-contractive,3,453,perturbed,0.8971703245643458,-0.44168473906294964
m3-head-contractive,3,406,perturbed,0.949104738729522,-0.3149606243979797
m3-head-contractive,3,539,perturbed,0.9773151599878257,-0.21179017460205748
m3-head-contractive,3,436,perturbed,0.9905894326642832,-0.1368670007483652
m3-head-contractive,3,453,perturbed,0.9043784187780248,-0.4267313858255083
m3-head-contractive,3,406,perturbed,0.9534474878752646,-0.30155909514446183
m3-head-contractive,3,539,perturbed,0.9637143566207697,-0.266935645508455
m3-head-contractive,3,436,perturbed,0.986493118600201,-0.16380270740878847
m3-head-contractive,3,453,perturbed,0.9261428073868136,-0.37717303764409105
m3-head-contractive,3,406,perturbed,0.944766084792151,-0.3277453966518976
m3-head-contractive,3,539,perturbed,0.9689306114628068,-0.24733271148457286
m3-head-contractive,3,436,perturbed,0.9946795733655457,-0.10301721375253443
m3-head-contractive,3,453,perturbed,0.901755920003839,-0.4322456023350955
m3-head-contractive,3,406,perturbed,0.941980332317721,-0.33566807046038105
m3-head-contractive,3,539,perturbed,0.9737524528514246,-0.22760966711858616
m3-head-contractive,3,436,perturbed,0.9954338004964675,-0.09545443326089406
m3-head-contractive,3,453,perturbed,0.9031931358449247,-0.42923438744188597
m3-head-contractive,3,406,perturbed,0.9481613755180451,-0.3177892477346077
m3-head-contractive,3,539,perturbed,0.9767827504689567,-0.21423225337539467
m3-head-contractive,3,436,perturbed,0.9862638609274385,-0.16517747009959305
m3-head-contractive,3,453,perturbed,0.9192900920933968,-0.3935806481255312
m3-head-contractive,3,406,perturbed,0.9447756931444534,-0.32771769809306445
m3-head-contractive,3,539,perturbed,0.9767838076176748,-0.21422743329442326
m3-head-contractive,3,436,perturbed,0.9885924652457813,-0.15061519730514636
m3-head-contractive,3,453,perturbed,0.9035737251312934,-0.4284326356060629
m3-head-contractive,3,406,perturbed,0.9627840911956915,-0.2702717035512332
m3-head-contractive,3,539,perturbed,0.9716611719205592,-0.2363780171292686
m3-head-contractive,3,436,perturbed,0.9947451681928302,-0.10238188490654497
m3-head-contractive,3,453,perturbed,0.9152956451149549,-0.402782673452568
m3-head-contractive,3,406,perturbed,0.9404503783776783,-0.3399310015419028
m3-head-contractive,3,539,perturbed,0.9680823044533383,-0.2506325034873039
m3-head-contractive,3,436,perturbed,0.9904128053226217,-0.13813933202739276
m3-head-contractive,3,453,perturbed,0.8968019570050102,-0.4424321980959154
m3-head-contractive,3,406,perturbed,0.9429558526640446,-0.3329177975516241
m3-head-contractive,3,539,perturbed,0.9710953282407945,-0.2386919845091224
m3-head-contractive,3,436,perturbed,0.9937375716989317,-0.1117391542562842
m3-head-contractive,3,453,perturbed,0.9124884219819411,-0.4091025296290728
m3-head-contractive,3,406,perturbed,0.9571367444751254,-0.28963641410492214
m3-head-contractive,3,539,perturbed,0.9687930019217518,-0.24787117506366146
m3-head-contractive,3,436,perturbed,0.9957159406825558,-0.09246494184636926
m3-head-contractive,3,453,perturbed,0.9071163865979565,-0.42087986547881606
m3-head-contractive,3,406,perturbed,0.9388642293232644,-0.34428761072282604
m3-head-contractive,3,539,perturbed,0.9641294728626063,-0.26543240110746186
m3-head-contractive,3,436,perturbed,0.9894189394236454,-0.14508674064086002
m3-head-contractive,3,453,perturbed,0.9101584959502992,-0.4142601987271876
m3-head-contractive,3,406,perturbed,0.9431398269648671,-0.33239624966698983
m3-head-contractive,3,539,perturbed,0.974244837895752,-0.2254927844377274
m3-head-contractive,3,436,perturbed,0.9846716175018154,-0.17441847862642867
m3-head-contractive,3,453,perturbed,0.8935972582058912,-0.4488696248655205
m3-head-contractive,3,406,perturbed,0.9469757312635996,-0.32130509550545633
m3-head-contractive,3,539,perturbed,0.9767602958806025,-0.2143346084775793
m3-head-contractive,3,436,perturbed,0.9912828451370702,-0.13175098078175507
m3-head-contractive,3,453,perturbed,0.8919815836421837,-0.4520717359481585
m3-head-contractive,3,406,perturbed,0.9454406932540441,-0.3257942533859549
m3-head-contractive,3,539,perturbed,0.972221648495638,-0.23406209901738415
m3-head-contractive,3,436,perturbed,0.9907327401137739,-0.1358257621611337
m3-head-contractive,3,453,perturbed,0.9058684980600337,-0.42355904455277343
m3-head-contractive,3,406,perturbed,0.955581286824688,-0.2947276781547207
m3-head-contractive,3,539,perturbed,0.9687174932541216,-0.24816611022347534
m3-head-contractive,3,436,perturbed,0.9894222718504077,-0.1450640133402405
m3-head-contractive,3,453,perturbed,0.9121816062158453,-0.4097861848348232
m3-head-contractive,3,406,perturbed,0.9452826815753491,-0.3262524358739976
m3-head-contractive,3,539,perturbed,0.9753888295898396,-0.22049179375061218
m3-head-contractive,3,436,perturbed,0.9928295715554566,-0.11953845341566022
m3-head-contractive,3,453,perturbed,0.9060276537199948,-0.42321849049237076
m3-head-contractive,3,406,perturbed,0.9563155765319046,-0.29233630989401654
m3-head-contractive,3,539,perturbed,0.9766693172034432,-0.21474879471922445
m3-head-contractive,3,436,perturbed,0.9942815758494111,-0.1067902051988442
m3-head-contractive,3,453,perturbed,0.9103771591354646,-0.41377944381571247
m3-head-contractive,3,406,perturbed,0.9512343937026517,-0.3084690069312444
m3-head-contractive,3,539,perturbed,0.9706825540383894,-0.24036509581365717
m3-head-contractive,3,436,perturbed,0.9941686501341755,-0.1078364274741635
m3-head-contractive,3,453,perturbed,0.9039398454467539,-0.4276596261207011
m3-head-contractive,3,406,perturbed,0.9470335706025963,-0.32113457638768306
m3-head-contractive,3,539,perturbed,0.9682253793576806,-0.2500792169846882
m3-head-contractive,3,436,perturbed,0.9926791950865912,-0.12078085792970919
m3-head-contractive,3,453,perturbed,0.922791236796872,-0.3853003157160644
m3-head-contractive,3,406,perturbed,0.9352016913445911,-0.3541155129420562
m3-head-contractive,3,539,perturbed,0.9770661497413681,-0.2129359974959095
m3-head-contractive,3,436,perturbed,0.9847228946981809,-0.17412874736020645
m3-head-contractive,3,453,perturbed,0.9026507621942643,-0.430373792777991
m3-head-contractive,3,406,perturbed,0.9435454625378678,-0.33124305294481377
m3-head-contractive,3,539,perturbed,0.9717938290370519,-0.23583204584090026
m3-head-contractive,3,436,perturbed,0.9899513425514888,-0.1414084134007031
m3-head-contractive,3,453,perturbed,0.8943093316577198,-0.4474492365731806
m3-head-contractive,3,406,perturbed,0.9528794104860246,-0.3033493515269244
m3-head-contractive,3,539,perturbed,0.973985257091862,-0.2266113831379585
m3-head-contractive,3,436,perturbed,0.9880117966031431,-0.15437839801289815
m3-head-contractive,3,453,perturbed,0.9045756644124133,-0.4263131095249597
m3-head-contractive,3,406,perturbed,0.9448818231417664,-0.32741157630158874
m3-head-contractive,3,539,perturbed,0.9766744831870872,-0.21472529867539028
m3-head-contractive,3,436,perturbed,0.990325857638438,-0.13876129032511744
m3-head-contractive,3,453,perturbed,0.9094453436929338,-0.4158234803798854
m3-head-contractive,3,406,perturbed,0.9426888867194191,-0.3336729879023799
m3-head-contractive,3,539,perturbed,0.9748556963235094,-0.22283709598180676
m3-head-contractive,3,436,perturbed,0.9894893526775412,-0.1446057431009568
m3-head-contractive,3,453,perturbed,0.9039260597710903,-0.4276887635497463
m3-head-contractive,3,406,perturbed,0.9481287515327262,-0.31788656863257586
m3-head-contractive,3,539,perturbed,0.9617553793861296,-0.27390982133147596
m3-head-contractive,3,436,perturbed,0.9913551120803787,-0.131206104096186
m3-head-contractive,3,453,perturbed,0.9106194553795712,-0.41324594067481485
m3-head-contractive,3,406,perturbed,0.9449766573242072,-0.32713776472973494
m3-head-contractive,3,539,perturbed,0.9737807746473546,-0.22748846767956724
m3-head-contractive,3,436,perturbed,0.9875282050282387,-0.1574421934352564
m3-head-contractive,3,453,perturbed,0.8863933687191549,-0.462932820062164
m3-head-contractive,3,406,perturbed,0.9422493458420224,-0.33491218290811725
m3-head-contractive,3,539,perturbed,0.9713694600702928,-0.23757392963611781
m3-head-contractive,3,436,perturbed,0.9916410364993077,-0.12902734101956106
m3-head-contractive,3,453,perturbed,0.9071609249463739,-0.42078385930360857
m3-head-contractive,3,406,perturbed,0.9458041356274156,-0.32473764338320377
m3-head-contractive,3,539,perturbed,0.9756392549592516,-0.2193810479110627
m3-head-contractive,3,436,perturbed,0.9902512907044989,-0.13929243072785158
m3-head-contractive,3,453,perturbed,0.9130584383677922,-0.4078287485273296
m3-head-contractive,3,406,perturbed,0.9535935888293464,-0.3010967740504152
m3-head-contractive,3,539,perturbed,0.9758972195519752,-0.2182306506215926
m3-head-contractive,3,436,perturbed,0.9908017839594593,-0.13532119162478717
m3-head-contractive,3,453,perturbed,0.9039196469953023,-0.42770231677638537
m3-head-contractive,3,406,perturbed,0.9366859494109805,-0.3501705758284804
m3-head-contractive,3,539,perturbed,0.9657809878902788,-0.2593589856351162
m3-head-contractive,3,436,perturbed,0.9920641520498793,-0.12573272532460805
m3-head-contractive,3,453,perturbed,0.9002545395785778,-0.4353639442675084
m3-head-contractive,3,406,perturbed,0.9496224061492512,-0.3133963716115842
m3-head-contractive,3,539,perturbed,0.9723515950096859,-0.23352168139622267
m3-head-contractive,3,436,perturbed,0.9958127042383919,-0.09141694633611869
m3-head-contractive,3,453,perturbed,0.8947246161306266,-0.44661825006363337
m3-head-contractive,3,406,perturbed,0.9417530894607049,-0.3363050973315999
m3-head-contractive,3,539,perturbed,0.9755496943797215,-0.21977896577159364
m3-head-contractive,3,436,perturbed,0.9913731399263558,-0.13106981892318997
m3-head-contractive,3,453,perturbed,0.9118414655576061,-0.4105424968133707
m3-head-contractive,3,406,perturbed,0.9417209813479386,-0.33639499593346345
m3-head-contractive,3,539,perturbed,0.9779580723485547,-0.20880136189282508
m3-head-contractive,3,436,perturbed,0.9906958862341276,-0.13609430920790172
m3-head-contractive,3,453,perturbed,0.9126757080922708,-0.4086845383156446
m3-head-contractive,3,406,perturbed,0.9339387712280623,-0.35743303092609763
m3-head-contractive,3,539,perturbed,0.9721605783083097,-0.23431562044228346
m3-head-contractive,3,436,perturbed,0.9913735973997009,-0.1310663586843529
m3-head-contractive,3,453,perturbed,0.9043449161793311,-0.42680238117962516
m3-head-contractive,3,406,perturbed,0.9442224816285468,-0.32930822216766453
m3-head-contractive,3,539,perturbed,0.9757449563638929,-0.21891043860543505
m3-head-contractive,3,436,perturbed,0.9889542023883524,-0.14822140728793917
m3-head-contractive,3,453,perturbed,0.9108464475926663,-0.41274538023801044
m3-head-contractive,3,406,perturbed,0.9442826108369833,-0.32913576358531726
m3-head-contractive,3,539,perturbed,0.9738810137850198,-0.2270589592794381
m3-head-contractive,3,436,perturbed,0.9888826753353307,-0.14869786286842973
m3-head-contractive,3,453,perturbed,0.9042892231205591,-0.4269203683920631
m3-head-contractive,3,406,perturbed,0.9538468899707345,-0.30029337404138134
m3-head-contractive,3,539,perturbed,0.9729732293180602,-0.2309179400358164
m3-head-contractive,3,436,perturbed,0.9929245235242546,-0.11874717084685218
m3-head-contractive,3,453,perturbed,0.9108811861379907,-0.41266871063826327
m3-head-contractive,3,406,perturbed,0.9486090976930679,-0.316450280097748
m3-head-contractive,3,539,perturbed,0.969025812676472,-0.24695945895369675
m3-head-contractive,3,436,perturbed,0.9920326156363037,-0.12598130620767925
m3-head-contractive,3,453,perturbed,0.91275031932375,-0.40851787546494484
m3-head-contractive,3,406,perturbed,0.9322315084325385,-0.3618624250811256
m3-head-contractive,3,539,perturbed,0.9716011583213492,-0.23662457427032368
m3-head-contractive,3,436,perturbed,0.9837793457436442,-0.17938282774058087
m3-head-contractive,3,453,perturbed,0.8974278027025303,-0.441161352496462
m3-head-contractive,3,406,perturbed,0.9499712329636406,-0.31233740816869826
m3-head-contractive,3,539,perturbed,0.969780337670779,-0.24397970544114794
m3-head-contractive,3,436,perturbed,0.9892075252560896,-0.14652123387660304
m3-head-contractive,3,453,perturbed,0.9146603166122915,-0.4042233358116552
m3-head-contractive,3,406,perturbed,0.9533977247223088,-0.3017163875137118
m3-head-contractive,3,539,perturbed,0.9779237183810048,-0.2089621999976763
m3-head-contractive,3,436,perturbed,0.9919091549748588,-0.126949707668277
m3-head-contractive,3,453,perturbed,0.8998735124530772,-0.43615096192185693
m3-head-contractive,3,406,perturbed,0.9506909670579311,-0.310139783250158
m3-head-contractive,3,539,perturbed,0.9765445695394483,-0.21531535872531915
m3-head-contractive,3,436,perturbed,0.9898688629304808,-0.14198462663512704
m3-head-contractive,3,453,perturbed,0.9104454534899977,-0.41362915300954317
m3-head-contractive,3,406,perturbed,0.9428519233283075,-0.3332120206056663
m3-head-contractive,3,539,perturbed,0.9723324322839453,-0.23360145789096978
m3-head-contractive,3,436,perturbed,0.9882807292022472,-0.15264730684644853
m3-head-contractive,3,453,perturbed,0.8979288033951324,-0.44014073207712245
m3-head-contractive,3,406,perturbed,0.9586777943320703,-0.2844940889624883
m3-head-contractive,3,539,perturbed,0.9681427538809961,-0.2503988979762497
m3-head-contractive,3,436,perturbed,0.9929664226511483,-0.11839629845303572
m3-head-contractive,3,453,perturbed,0.8994959010881057,-0.4369291978406756
m3-head-contractive,3,406,perturbed,0.9418935744020915,-0.3359114384775413
m3-head-contractive,3,539,perturbed,0.9688502147005172,-0.24764745400419721
m3-head-contractive,3,436,perturbed,0.9915881305985363,-0.12943330041415016
m3-head-contractive,3,453,perturbed,0.8989897293053232,-0.43796970968725807
m3-head-contractive,3,406,perturbed,0.937527186239365,-0.3479120220143286
m3-head-contractive,3,539,perturbed,0.9721480143734189,-0.2343677412738753
m3-head-contractive,3,436,perturbed,0.9936218582278545,-0.11276348190715343
m3-head-contractive,3,453,perturbed,0.9041835868861365,-0.42714405205471345
m3-head-contractive,3,406,perturbed,0.9499636246306546,-0.3123605478907162
m3-head-contractive,3,539,perturbed,0.9710541119734674,-0.23885960650436527
m3-head-contractive,3,436,perturbed,0.9945563214124575,-0.10420040085585006
m3-head-contractive,3,453,perturbed,0.9057418646311793,-0.4238297708448922
m3-head-contractive,3,406,perturbed,0.9446878416150599,-0.3279708552671699
m3-head-contractive,3,539,perturbed,0.973942552606254,-0.22679485052093595
m3-head-contractive,3,436,perturbed,0.9949317066114032,-0.10055296703389813
m3-head-contractive,3,453,perturbed,0.91070254272925,-0.4130628023272947
m3-head-contractive,3,406,perturbed,0.9454516925542451,-0.3257623321477063
m3-head-contractive,3,539,perturbed,0.9798928599164669,-0.19952439220488002
m3-head-contractive,3,436,perturbed,0.9853286124757143,-0.1706678805067991
m3-head-contractive,3,453,perturbed,0.9098028429836185,-0.4150407051108658
m3-head-contractive,3,406,perturbed,0.9460233715207352,-0.32409841180811166
m3-head-contractive,3,539,perturbed,0.9782398527138273,-0.20747720492244168
m3-head-contractive,3,436,perturbed,0.9890599171378602,-0.14751433934112493
m3-head-contractive,3,453,perturbed,0.9165021715294303,-0.40002971087387795
m3-head-contractive,3,406,perturbed,0.9368707334875432,-0.34967589098265284
m3-head-contractive,3,539,perturbed,0.9794759145046353,-0.20156123859836628
m3-head-contractive,3,436,perturbed,0.9855297975572246,-0.16950226584566713
m3-head-contractive,3,453,perturbed,0.900244272921657,-0.4353851732337202
m3-head-contractive,3,406,perturbed,0.9470033385087121,-0.32122371776279673
m3-head-contractive,3,539,perturbed,0.9752671458268605,-0.2210293968474072
m3-head-contractive,3,436,perturbed,0.9921810318873366,-0.12480705093455054
m3-head-contractive,3,453,perturbed,0.9063044288483831,-0.42262546332397616
m3-head-contractive,3,406,perturbed,0.9379562328383342,-0.34675366656997314
m3-head-contractive,3,539,perturbed,0.97126426348452,-0.23800363542994926
m3-head-contractive,3,436,perturbed,0.9832387983782873,-0.18232242145063005
m3-head-contractive,3,453,perturbed,0.908991245886115,-0.41681520473995176
m3-head-contractive,3,406,perturbed,0.9559846254092147,-0.2934167615887046
m3-head-contractive,3,539,perturbed,0.9713330460900472,-0.23772276620767618
m3-head-contractive,3,436,perturbed,0.9880071701953586,-0.15440800381637962
m3-head-contractive,3,453,perturbed,0.9110066432854368,-0.4123916777649623
m3-head-contractive,3,406,perturbed,0.941326801860106,-0.3374964475365989
m3-head-contractive,3,539,perturbed,0.9684226281518074,-0.24931428616015133
m3-head-contractive,3,436,perturbed,0.9873765558412618,-0.15839045733580998
m3-head-contractive,3,453,perturbed,0.9067351496384987,-0.42170056723942034
m3-head-contractive,3,406,perturbed,0.9476289043301956,-0.31937354254532824
m3-head-contractive,3,539,perturbed,0.9746546954013013,-0.22371460554062172
m3-head-contractive,3,436,perturbed,0.9888703731123722,-0.14877965311358032
m3-head-contractive,3,453,perturbed,0.9109399543614479,-0.4125389673084989
m3-head-contractive,3,406,perturbed,0.9456622420308733,-0.325150617402368
m3-head-contractive,3,539,perturbed,0.9737112667793422,-0.22778579619231765
m3-head-contractive,3,436,perturbed,0.9898681229015829,-0.1419897857710061
m3-head-contractive,3,453,perturbed,0.900337896197468,-0.43519153561474144
m3-head-contractive,3,406,perturbed,0.9440091071708477,-0.32991939254687386
m3-head-contractive,3,539,perturbed,0.9693187931704886,-0.24580699177709925
m3-head-contractive,3,436,perturbed,0.9960145508184416,-0.08919088831230221
m3-head-contractive,3,453,perturbed,0.8904850166240094,-0.4550125659453125
m3-head-contractive,3,406,perturbed,0.9554879927767088,-0.29502999111875994
m3-head-contractive,3,539,perturbed,0.9760934231279996,-0.21735139596115616
m3-head-contractive,3,436,perturbed,0.9940427133739685,-0.10899121060029311
m3-head-contractive,3,453,perturbed,0.9000933337598308,-0.4356971316420542
m3-head-contractive,3,406,perturbed,0.936899783708675,-0.34959804817338075
m3-head-contractive,3,539,perturbed,0.969876812283176,-0.24359591333892347
m3-head-contractive,3,436,perturbed,0.9922848876590299,-0.12397863414115325
m3-head-contractive,3,453,perturbed,0.8998417451102302,-0.43621649872164997
m3-head-contractive,3,406,perturbed,0.9487739996477438,-0.3159555310362874
m3-head-contractive,3,539,perturbed,0.970720513394759,-0.24021175007608409
m3-head-contractive,3,436,perturbed,0.9940591584052396,-0.10884112086277997
m3-head-contractive,3,453,perturbed,0.9081092546228614,-0.4187333061368665
m3-head-contractive,3,406,perturbed,0.9496788254619769,-0.3132253637066444
m3-head-contractive,3,539,perturbed,0.9744966663668939,-0.22440197690708993
m3-head-contractive,3,436,perturbed,0.98945917205473,-0.14481210873669115
m3-head-contractive,3,453,perturbed,0.9187561776288721,-0.3948253868088827
m3-head-contractive,3,406,perturbed,0.9390521422549759,-0.34377474329325014
m3-head-contractive,3,539,perturbed,0.9670691761298409,-0.25451367071249836
m3-head-contractive,3,436,perturbed,0.9954906783756025,-0.09485941844267375
m3-head-contractive,3,453,perturbed,0.903532308197052,-0.4285199739149938
m3-head-contractive,3,406,perturbed,0.9608431542751721,-0.2770928235854137
m3-head-contractive,3,539,perturbed,0.9747252508618373,-0.22340699481513088
m3-head-contractive,3,436,perturbed,0.9876476290007566,-0.15669129181030772
m3-head-contractive,3,453,perturbed,0.9036635525330824,-0.428243136341131
m3-head-contractive,3,406,perturbed,0.943977184483115,-0.33001071978851027
m3-head-contractive,3,539,perturbed,0.9705189123687724,-0.24102497948248977
m3-head-contractive,3,436,perturbed,0.9931636046937464,-0.1167306913871539
m3-head-contractive,3,453,perturbed,0.9133715365474645,-0.4071270516987581
m3-head-contractive,3,406,perturbed,0.9416724872555563,-0.3365307218456195
m3-head-contractive,3,539,perturbed,0.9701546665440333,-0.24248695425287306
m3-head-contractive,3,436,perturbed,0.9903703026126605,-0.1384437203447918
m3-head-contractive,3,453,perturbed,0.9010567502027637,-0.43370120234331133
m3-head-contractive,3,406,perturbed,0.9443976752229971,-0.3288054607718642
m3-head-contractive,3,539,perturbed,0.9720287136829676,-0.2348620441362006
m3-head-contractive,3,436,perturbed,0.9916706780365578,-0.12879932578438913
m3-head-contractive,3,453,perturbed,0.9085762876334934,-0.4177189600079688
m3-head-contractive,3,406,perturbed,0.9376006894803297,-0.3477138868178978
m3-head-contractive,3,539,perturbed,0.9741741541940915,-0.22579795681145093
m3-head-contractive,3,436,perturbed,0.9941876051694841,-0.10766153318323783
m3-head-contractive,3,453,perturbed,0.9160468153131134,-0.40107135544027894
m3-head-contractive,3,406,perturbed,0.9485285634241198,-0.3166915918817156
m3-head-contractive,3,539,perturbed,0.9710655148844425,-0.23881324461221207
m3-head-contractive,3,436,perturbed,0.986668426085682,-0.1627434083629889
m3-head-contractive,3,453,perturbed,0.9080210482614799,-0.4189245468030285
m3-head-contractive,3,406,perturbed,0.9424025601257919,-0.3344808136027426
m3-head-contractive,3,539,perturbed,0.9745503415656036,-0.22416875731101513
m3-head-contractive,3,436,perturbed,0.987844039451938,-0.15544823485417045
m3-head-contractive,3,453,perturbed,0.9187551862743836,-0.394827693676523
m3-head-contractive,3,406,perturbed,0.9410479299638377,-0.33827325272740044
m3-head-contractive,3,539,perturbed,0.9747269647093092,-0.2233995171628099
m3-head-contractive,3,436,perturbed,0.9913687537011968,-0.13110299075511256
m3-head-contractive,3,453,perturbed,0.9070321963761163,-0.42106127195114723
m3-head-contractive,3,406,perturbed,0.9498035936932135,-0.3128468209962447
m3-head-contractive,3,539,perturbed,0.9683172036883722,-0.24972343310376588
m3-head-contractive,3,436,perturbed,0.9915349257740308,-0.12984025173376224
m3-head-contractive,3,453,perturbed,0.903453917535583,-0.4286852212166958
m3-head-contractive,3,406,perturbed,0.9358949059422146,-0.35227932813523555
m3-head-contractive,3,539,perturbed,0.9752560779600887,-0.22107822688339315
m3-head-contractive,3,436,perturbed,0.9910530045265034,-0.13346888108840088
m3-head-contractive,3,453,perturbed,0.8988988035274326,-0.4381562974749416
m3-head-contractive,3,406,perturbed,0.9438097888963035,-0.3304891562268185
m3-head-contractive,3,539,perturbed,0.9665621116816548,-0.2564326115405363
m3-head-contractive,3,436,perturbed,0.9907911276529554,-0.13539919262752018
m3-head-contractive,3,453,perturbed,0.891606916463974,-0.4528102323419862
m3-head-contractive,3,406,perturbed,0.9447931864499255,-0.32766726238334476
m3-head-contractive,3,539,perturbed,0.979428180468745,-0.20179306059347707
m3-head-contractive,3,436,perturbed,0.9883806835545607,-0.15199876439043405
m3-head-contractive,3,453,perturbed,0.9059579864050176,-0.4233676025264159
m3-head-contractive,3,406,perturbed,0.9445526310035058,-0.32836005735222135
m3-head-contractive,3,539,perturbed,0.9757609272763719,-0.21883923962752777
m3-head-contractive,3,436,original,0.9908486320674749,-0.13497773271919075
m3-head-contractive,3,453,original,0.9057349451817223,-0.4238445576820141
m3-head-contractive,3,406,original,0.9459859180413425,-0.3242077156199057
m3-head-contractive,3,539,original,0.9730216721492889,-0.2307137306876229
m4-head-contrastive-contractive,4,436,perturbed,0.9886990710258634,-0.14991379840626778
m4-head-contrastive-contractive,4,453,perturbed,0.8832585831640575,-0.4688862071622732
m4-head-contrastive-contractive,4,406,perturbed,0.9437220067842012,-0.3307397374238554
m4-head-contrastive-contractive,4,539,perturbed,0.9760005973423204,-0.21776784424573437
m4-head-contrastive-contractive,4,436,perturbed,0.9950328814428235,-0.09954679727440888
m4-head-contrastive-contractive,4,453,perturbed,0.8734681133569834,-0.4868813561316477
m4-head-contrastive-contractive,4,406,perturbed,0.9488560894301782,-0.31570891902394854
m4-head-contrastive-contractive,4,539,perturbed,0.9595877049020989,-0.2814097308209558
m4-head-contrastive-contractive,4,436,perturbed,0.9891238994573146,-0.14708470866258222
m4-head-contrastive-contractive,4,453,perturbed,0.9072029745075759,-0.420693193484999
m4-head-contrastive-contractive,4,406,perturbed,0.9425334851675666,-0.3341117018870799
m4-head-contrastive-contractive,4,539,perturbed,0.976522539682453,-0.21541524897771874
m4-head-contrastive-contractive,4,436,perturbed,0.9885585068352948,-0.15083792150375502
m4-head-contrastive-contractive,4,453,perturbed,0.909895946863927,-0.41483655321174134
m4-head-contrastive-contractive,4,406,perturbed,0.9534109387375179,-0.30167462918788035
m4-head-contrastive-contractive,4,539,perturbed,0.978523062075713,-0.20613737406392474
m4-head-contrastive-contractive,4,436,perturbed,0.9898089575119533,-0.14240164194664484
m4-head-contrastive-contractive,4,453,perturbed,0.8951216185901381,-0.4458220361675403
m4-head-contrastive-contractive,4,406,perturbed,0.9472244629192861,-0.32057107924338757
m4-head-contrastive-contractive,4,539,perturbed,0.970728052091097,-0.2401812833745062
m4-head-contrastive-contractive,4,436,perturbed,0.9924616914375831,-0.12255525704290271
m4-head-contrastive-contractive,4,453,perturbed,0.9047429795740816,-0.42595790978852993
m4-head-contrastive-contractive,4,406,perturbed,0.9519785472071067,-0.3061647361428924
m4-head-contrastive-contractive,4,539,perturbed,0.9702262394420132,-0.24220042175481354
m4-head-contrastive-contractive,4,436,perturbed,0.9946185926002143,-0.10360432063369322
m4-head-contrastive-contractive,4,453,perturbed,0.8925339965295243,-0.45098011601293003
m4-head-contrastive-contractive,4,406,perturbed,0.9391714592977382,-0.343448642507955
m4-head-contrastive-contractive,4,539,perturbed,0.9698673534774738,-0.2436335704672106
m4-head-contrastive-contractive,4,436,perturbed,0.9949557883523749,-0.1003144018778198
m4-head-contrastive-contractive,4,453,perturbed,0.8960998391887031,-0.4438525410606328
m4-head-contrastive-contractive,4,406,perturbed,0.948574698632462,-0.3165533779859792
m4-head-contrastive-contractive,4,539,perturbed,0.971090661271668,-0.2387109708223625
m4-head-contrastive-contractive,4,436,perturbed,0.9902353721185009,-0.139405551558518
m4-head-contrastive-contractive,4,453,perturbed,0.9091459028122603,-0.41647776339161313
m4-head-contrastive-contractive,4,406,perturbed,0.9360853975893867,-0.3517728363872346
m4-head-contrastive-contractive,4,539,perturbed,0.9686496927777432,-0.24843061945256256
m4-head-contrastive-contractive,4,436,perturbed,0.9931696331488294,-0.11667938888689806
m4-head-contrastive-contractive,4,453,perturbed,0.9024013760026941,-0.43089645692259365
m4-head-contrastive-contractive,4,406,perturbed,0.947024579740857,-0.32116108943434246
m4-head-contrastive-contractive,4,539,perturbed,0.9659007638435162,-0.25891256131465035
m4-head-contrastive-contractive,4,436,perturbed,0.9897509618508137,-0.14280417891430724
m4-head-contrastive-contractive,4,453,perturbed,0.9124695633841976,-0.40914459045361
m4-head-contrastive-contractive,4,406,perturbed,0.9476028874391367,-0.3194507281522634
m4-head-contrastive-contractive,4,539,perturbed,0.9735088659493362,-0.22864926835229066
m4-head-contrastive-contractive,4,436,perturbed,0.9931865149890043,-0.11653560161597243
m4-head-contrastive-contractive,4,453,perturbed,0.9098362603548265,-0.41496744371522043
m4-head-contrastive-contractive,4,406,perturbed,0.9507617538048594,-0.30992271214273437
m4-head-contrastive-contractive,4,539,perturbed,0.9729266665218819,-0.23111404451183637
m4-head-contrastive-contractive,4,436,perturbed,0.9901815862091858,-0.13978707498284962
m4-head-contrastive-contractive,4,453,perturbed,0.8943087720765734,-0.4474503549969443
m4-head-contrastive-contractive,4,406,perturbed,0.9443898485853237,-0.32882793964167584
m4-head-contrastive-contractive,4,539,perturbed,0.9674565291386448,-0.25303727833465023
m4-head-contrastive-contractive,4,436,perturbed,0.9954908729651727,-0.09485737632381903
m4-head-contrastive-contractive,4,453,perturbed,0.9057212752946738,-0.4238737683303721
m4-head-contrastive-contractive,4,406,perturbed,0.9485847836300739,-0.31652315597043784
m4-head-contrastive-contractive,4,539,perturbed,0.9733426935143583,-0.22935562121346492
m4-head-contrastive-contractive,4,436,perturbed,0.9930308775776888,-0.11785447033220903
m4-head-contrastive-contractive,4,453,perturbed,0.9084947914269107,-0.4178961760415791
m4-head-contrastive-contractive,4,406,perturbed,0.9464344815563904,-0.3228959153056708
m4-head-contrastive-contractive,4,539,perturbed,0.9693144399208201,-0.245824157805914
m4-head-contrastive-contractive,4,436,perturbed,0.9947624191160672,-0.1022141355897024
m4-head-contrastive-contractive,4,453,perturbed,0.9065288174600471,-0.4221439364890711
m4-head-contrastive-contractive,4,406,perturbed,0.9536451151154418,-0.3009335382047941
m4-head-contrastive-contractive,4,539,perturbed,0.9740890540410153,-0.22616479566342784
m4-head-contrastive-contractive,4,436,perturbed,0.9959527049768346,-0.08987885985773593
m4-head-contrastive-contractive,4,453,perturbed,0.9012704302425244,-0.4332569809829441
m4-head-contrastive-contractive,4,406,perturbed,0.9400286875450954,-0.3410953922178455
m4-head-contrastive-contractive,4,539,perturbed,0.973559639220305,-0.22843298553674315
m4-head-contrastive-contractive,4,436,perturbed,0.9940218736194,-0.1091811099328909
m4-head-contrastive-contractive,4,453,perturbed,0.9006887336410921,-0.4344649641708823
m4-head-contrastive-contractive,4,406,perturbed,0.9374782613070234,-0.34804383283827983
m4-head-contrastive-contractive,4,539,perturbed,0.9711201802579552,-0.23859085375545536
m4-head-contrastive-contractive,4,436,perturbed,0.9922659050176093,-0.12413047063306114
m4-head-contrastive-contractive,4,453,perturbed,0.9026799305382229,-0.4303126107883776
m4-head-contrastive-contractive,4,406,perturbed,0.9436273756309588,-0.3310096312191381
m4-head-contrastive-contractive,4,539,perturbed,0.9727227930188841,-0.23197061870319202
m4-head-contrastive-contractive,4,436,perturbed,0.994598158921271,-0.10380029995341294
m4-head-contrastive-contractive,4,453,perturbed,0.9035344835170942,-0.42851538723305854
m4-head-contrastive-contractive,4,406,perturbed,0.9345993337112424,-0.3557022426503691
m4-head-contrastive-contractive,4,539,perturbed,0.9668338409612163,-0.25540619407559767
m4-head-contrastive-contractive,4,436,perturbed,0.991381438413065,-0.13100703633790983
m4-head-contrastive-contractive,4,453,perturbed,0.8918936812006796,-0.4522451342295466
m4-head-contrastive-contractive,4,406,perturbed,0.9461249382525583,-0.3238017931028066
m4-head-contrastive-contractive,4,539,perturbed,0.9774026010556534,-0.21138627072173738
m4-head-contrastive-contractive,4,436,perturbed,0.9907432592146403,-0.13574901222753813
m4-head-contrastive-contractive,4,453,perturbed,0.8990878756037359,-0.4377681943019173
m4-head-contrastive-contractive,4,406,perturbed,0.9491364817707254,-0.31486495354657973
m4-head-contrastive-contractive,4,539,perturbed,0.9634068631708418,-0.2680433099245701
m4-head-contrastive-contractive,4,436,perturbed,0.9867280293077221,-0.16238163744247508
m4-head-contrastive-contractive,4,453,perturbed,0.9198977224625523,-0.39215836113515357
m4-head-contrastive-contractive,4,406,perturbed,0.9434476989935094,-0.3315214009138063
m4-head-contrastive-contractive,4,539,perturbed,0.9677007084500944,-0.2521018422486948
m4-head-contrastive-contractive,4,436,perturbed,0.9965542779337309,-0.0829431801414708
m4-head-contrastive-contractive,4,453,perturbed,0.903788727173863,-0.4279788974160395
m4-head-contrastive-contractive,4,406,perturbed,0.9377638167885142,-0.34727370174293115
m4-head-contrastive-contractive,4,539,perturbed,0.9699242095173038,-0.2434071235445535
m4-head-contrastive-contractive,4,436,perturbed,0.9960453155709107,-0.08884666189140326
m4-head-contrastive-contractive,4,453,perturbed,0.8980361407638604,-0.4399216860782748
m4-head-contrastive-contractive,4,406,perturbed,0.9464978471185129,-0.32271012596449516
m4-head-contrastive-contractive,4,539,perturbed,0.9746264333864034,-0.223837698666911
m4-head-contrastive-contractive,4,436,perturbed,0.988112627925983,-0.15373169657948885
m4-head-contrastive-contractive,4,453,perturbed,0.9093157300968869,-0.4161068408454322
m4-head-contrastive-contractive,4,406,perturbed,0.942385080258517,-0.334530059196702
m4-head-contrastive-contractive,4,539,perturbed,0.9745660561933295,-0.22410042863810087
m4-head-contrastive-contractive,4,436,perturbed,0.9875986141166269,-0.15699992800927703
m4-head-contrastive-contractive,4,453,perturbed,0.8974199479189301,-0.44117733064742265
m4-head-contrastive-contractive,4,406,perturbed,0.9580295908495233,-0.28666932702452685
m4-head-contrastive-contractive,4,539,perturbed,0.9707716061876779,-0.24000518456857628
m4-head-contrastive-contractive,4,436,perturbed,0.9947468870776967,-0.10236518279782633
m4-head-contrastive-contractive,4,453,perturbed,0.9103412935966,-0.413858344331571
m4-head-contrastive-contractive,4,406,perturbed,0.9420477148074348,-0.33547891591885504
m4-head-contrastive-contractive,4,539,perturbed,0.9667716623135286,-0.255641453891064
m4-head-contrastive-contractive,4,436,perturbed,0.9931408177459636,-0.11692440347027164
m4-head-contrastive-contractive,4,453,perturbed,0.8894565059878706,-0.45701982884317993
m4-head-contrastive-contractive,4,406,perturbed,0.9423803655204755,-0.33454334051284773
m4-head-contrastive-contractive,4,539,perturbed,0.9699905621197867,-0.24314257010762294
m4-head-contrastive-contractive,4,436,perturbed,0.9935124008794668,-0.11372382907165167
m4-head-contrastive-contractive,4,453,perturbed,0.9048393286528772,-0.4257532023637768
m4-head-contrastive-contractive,4,406,perturbed,0.953347126241754,-0.30187622775997036
m4-head-contrastive-contractive,4,539,perturbed,0.9669544419985882,-0.2549492245510846
m4-head-contrastive-contractive,4,436,perturbed,0.9955252944893167,-0.09449543921248021
m4-head-contrastive-contractive,4,453,perturbed,0.9015036772513966,-0.4327714407192441
m4-head-contrastive-contractive,4,406,perturbed,0.9391480114924077,-0.3435127545082672
m4-head-contrastive-contractive,4,539,perturbed,0.9653408820384135,-0.2609923015441224
m4-head-contrastive-contractive,4,436,perturbed,0.9914843639278884,-0.13022578886883654
m4-head-contrastive-contractive,4,453,perturbed,0.910000344274732,-0.4146074932027511
m4-head-contrastive-contractive,4,406,perturbed,0.9375229314872421,-0.34792348718585847
m4-head-contrastive-contractive,4,539,perturbed,0.9728280375756992,-0.23152885199606152
m4-head-contrastive-contractive,4,436,perturbed,0.9848759240188659,-0.17326111591463725
m4-head-contrastive-contractive,4,453,perturbed,0.885701593865214,-0.4642549801828945
m4-head-contrastive-contractive,4,406,perturbed,0.944843155392655,-0.32752314682729156
m4-head-contrastive-contractive,4,539,perturbed,0.9738869776581474,-0.2270333780479861
m4-head-contrastive-contractive,4,436,perturbed,0.9924972639516731,-0.12226684361855099
m4-head-contrastive-contractive,4,453,perturbed,0.8880597949139355,-0.4597279637540217
m4-head-contrastive-contractive,4,406,perturbed,0.9468118099373627,-0.32178781294998715
m4-head-contrastive-contractive,4,539,perturbed,0.9700161988583521,-0.24304027228505617
m4-head-contrastive-contractive,4,436,perturbed,0.9900035229303512,-0.14104263392851848
m4-head-contrastive-contractive,4,453,perturbed,0.899457879174618,-0.43700746399884133
m4-head-contrastive-contractive,4,406,perturbed,0.95384147134087,-0.3003105851452532
m4-head-contrastive-contractive,4,539,perturbed,0.9681823427835129,-0.2502457814274371
m4-head-contrastive-contractive,4,436,perturbed,0.9911783832040497,-0.13253457159928608
m4-head-contrastive-contractive,4,453,perturbed,0.9044308273159853,-0.42662029792371886
m4-head-contrastive-contractive,4,406,perturbed,0.9422457654213514,-0.3349222559722358
m4-head-contrastive-contractive,4,539,perturbed,0.9746592483754498,-0.22369476872784394
m4-head-contrastive-contractive,4,436,perturbed,0.9941151234114194,-0.10832876536127728
m4-head-contrastive-contractive,4,453,perturbed,0.906040480763815,-0.4231910292258984
m4-head-contrastive-contractive,4,406,perturbed,0.953104286965232,-0.3026420627878699
m4-head-contrastive-contractive,4,539,perturbed,0.9733591893904375,-0.22928560449620633
m4-head-contrastive-contractive,4,436,perturbed,0.9949908640024644,-0.0999658969430562
m4-head-contrastive-contractive,4,453,perturbed,0.9029232985481193,-0.42980171816662627
m4-head-contrastive-contractive,4,406,perturbed,0.9489671119512985,-0.31537504726089555
m4-head-contrastive-contractive,4,539,perturbed,0.9685053495718234,-0.24899274658262707
m4-head-contrastive-contractive,4,436,perturbed,0.9951871821672217,-0.09799220606795922
m4-head-contrastive-contractive,4,453,perturbed,0.8975057166873912,-0.44100282143479824
m4-head-contrastive-contractive,4,406,perturbed,0.944502304233627,-0.328504790372027
m4-head-contrastive-contractive,4,539,perturbed,0.9669381726156399,-0.2550109219988967
m4-head-contrastive-contractive,4,436,perturbed,0.9930125499846775,-0.11800879447282166
m4-head-contrastive-contractive,4,453,perturbed,0.9181675474279769,-0.39619232053397246
m4-head-contrastive-contractive,4,406,perturbed,0.9347907407082965,-0.3551989176307193
m4-head-contrastive-contractive,4,539,perturbed,0.9741212210226178,-0.22602620811181282
m4-head-contrastive-contractive,4,436,perturbed,0.9872792101861065,-0.15899610414817655
m4-head-contrastive-contractive,4,453,perturbed,0.9032748088256087,-0.42906248931951657
m4-head-contrastive-contractive,4,406,perturbed,0.9447328768600829,-0.3278411069095391
m4-head-contrastive-contractive,4,539,perturbed,0.9709305975597805,-0.23936118048298433
m4-head-contrastive-contractive,4,436,perturbed,0.9919580811514092,-0.12656684099089588
m4-head-contrastive-contractive,4,453,perturbed,0.8907589749924457,-0.4544760152861842
m4-head-contrastive-contractive,4,406,perturbed,0.952478888170777,-0.30460460861411937
m4-head-contrastive-contractive,4,539,perturbed,0.9715916194603564,-0.23666373823296705
m4-head-contrastive-contractive,4,436,perturbed,0.9881366075925359,-0.15357748772367363
m4-head-contrastive-contractive,4,453,perturbed,0.8942906350477606,-0.4474866032250275
m4-head-contrastive-contractive,4,406,perturbed,0.9423991775572196,-0.3344903438658229
m4-head-contrastive-contractive,4,539,perturbed,0.9741315823566339,-0.22598154848429725
m4-head-contrastive-contractive,4,436,perturbed,0.9903764141956481,-0.1383999935150663
m4-head-contrastive-contractive,4,453,perturbed,0.904409078002444,-0.4266664032083724
m4-head-contrastive-contractive,4,406,perturbed,0.9389037341035942,-0.34417986298783865
m4-head-contrastive-contractive,4,539,perturbed,0.9734741362294205,-0.22879708497352808
m4-head-contrastive-contractive,4,436,perturbed,0.9901209772637768,-0.14021572801302984
m4-head-contrastive-contractive,4,453,perturbed,0.905254741348596,-0.4248692190143774
m4-head-contrastive-contractive,4,406,perturbed,0.9462223168552029,-0.3235171202350383
m4-head-contrastive-contractive,4,539,perturbed,0.9610276028508831,-0.2764524309147698
m4-head-contrastive-contractive,4,436,perturbed,0.9920694847054943,-0.12569064211855832
m4-head-contrastive-contractive,4,453,perturbed,0.9071901351382441,-0.4207208798097081
m4-head-contrastive-contractive,4,406,perturbed,0.9427092900846465,-0.33361533895806106
m4-head-contrastive-contractive,4,539,perturbed,0.9705407807222223,-0.24093690658572836
m4-head-contrastive-contractive,4,436,perturbed,0.9886710248273883,-0.1500986497832735
m4-head-contrastive-contractive,4,453,perturbed,0.8827245071610796,-0.4698908856928696
m4-head-contrastive-contractive,4,406,perturbed,0.941523653704942,-0.33694689420455676
m4-head-contrastive-contractive,4,539,perturbed,0.9699843425145986,-0.24316738119353581
m4-head-contrastive-contractive,4,436,perturbed,0.9920878215782459,-0.12554582540304093
m4-head-contrastive-contractive,4,453,perturbed,0.8998977183052722,-0.4361010164961387
m4-head-contrastive-contractive,4,406,perturbed,0.9448523723428951,-0.32749655643686304
m4-head-contrastive-contractive,4,539,perturbed,0.969364314586787,-0.24562741216258613
m4-head-contrastive-contractive,4,436,perturbed,0.9919026601471367,-0.1270004440662877
m4-head-contrastive-contractive,4,453,perturbed,0.9145175757817824,-0.40454616990673936
m4-head-contrastive-contractive,4,406,perturbed,0.9508205576781712,-0.3097422591390651
m4-head-contrastive-contractive,4,539,perturbed,0.9757346909537639,-0.21895618938354658
m4-head-contrastive-contractive,4,436,perturbed,0.9926413284626956,-0.12109167200024458
m4-head-contrastive-contractive,4,453,perturbed,0.8957914523083454,-0.4444746044166142
m4-head-contrastive-contractive,4,406,perturbed,0.9314783132890323,-0.3637968552258519
m4-head-contrastive-contractive,4,539,perturbed,0.9663192648613256,-0.2573462227386821
m4-head-contrastive-contractive,4,436,perturbed,0.9932506297476887,-0.11598787223593675
m4-head-contrastive-contractive,4,453,perturbed,0.8995532640723087,-0.4368110862797049
m4-head-contrastive-contractive,4,406,perturbed,0.9457293483333128,-0.3249553810926168
m4-head-contrastive-contractive,4,539,perturbed,0.9713443210609274,-0.2376766920475932
m4-head-contrastive-contractive,4,436,perturbed,0.9965392874851066,-0.08312309245135527
m4-head-contrastive-contractive,4,453,perturbed,0.8870930902231811,-0.46159056454642516
m4-head-contrastive-contractive,4,406,perturbed,0.937907137595828,-0.3468864385455287
m4-head-contrastive-contractive,4,539,perturbed,0.9737317102825103,-0.22769838908147336
m4-head-contrastive-contractive,4,436,perturbed,0.993587493326806,-0.11306587948870653
m4-head-contrastive-contractive,4,453,perturbed,0.9058136475644863,-0.4236763338751891
m4-head-contrastive-contractive,4,406,perturbed,0.9400992900153317,-0.34090075522455177
m4-head-contrastive-contractive,4,539,perturbed,0.976074903913195,-0.21743454636015774
m4-head-contrastive-contractive,4,436,perturbed,0.9921459687077182,-0.12508547788222152
m4-head-contrastive-contractive,4,453,perturbed,0.906312005991143,-0.4226092140456836
m4-head-contrastive-contractive,4,406,perturbed,0.9342903841246812,-0.3565129424469131
m4-head-contrastive-contractive,4,539,perturbed,0.9710145599691998,-0.23902034291629154
m4-head-contrastive-contractive,4,436,perturbed,0.9929332970042113,-0.11867378691331636
m4-head-contrastive-contractive,4,453,perturbed,0.8982503657752501,-0.43948410708992647
m4-head-contrastive-contractive,4,406,perturbed,0.9454514979745203,-0.3257628968709232
m4-head-contrastive-contractive,4,539,perturbed,0.9744149334602253,-0.22475661825562543
m4-head-contrastive-contractive,4,436,perturbed,0.9890789532393998,-0.14738664884871214
m4-head-contrastive-contractive,4,453,perturbed,0.9100107774527311,-0.41458459320128666
m4-head-contrastive-contractive,4,406,perturbed,0.9429284325422609,-0.33299545207614406
m4-head-contrastive-contractive,4,539,perturbed,0.9719928982452147,-0.23501022480068406
m4-head-contrastive-contractive,4,436,perturbed,0.9891655966233699,-0.14680402738594414
m4-head-contrastive-contractive,4,453,perturbed,0.89702144709956,-0.441987017279254
m4-head-contrastive-contractive,4,406,perturbed,0.949922839566355,-0.31248455781077106
m4-head-contrastive-contractive,4,539,perturbed,0.9728956708696596,-0.23124448880584259
m4-head-contrastive-contractive,4,436,perturbed,0.9930900487126453,-0.11735482583991154
m4-head-contrastive-contractive,4,453,perturbed,0.9045259187526583,-0.42641864676003516
m4-head-contrastive-contractive,4,406,perturbed,0.9456599109639365,-0.3251573969567352
m4-head-contrastive-contractive,4,539,perturbed,0.9657222514254492,-0.2595776051622363
m4-head-contrastive-contractive,4,436,perturbed,0.9934594697038873,-0.11418529702055055
m4-head-contrastive-contractive,4,453,perturbed,0.9113016760512261,-0.4117393049324128
m4-head-contrastive-contractive,4,406,perturbed,0.9302747088172421,-0.36686368876599945
m4-head-contrastive-contractive,4,539,perturbed,0.9715073318436822,-0.23700950228623704
m4-head-contrastive-contractive,4,436,perturbed,0.9834877876276931,-0.1809745053514064
m4-head-contrastive-contractive,4,453,perturbed,0.8919908148315958,-0.45205352145079697
m4-head-contrastive-contractive,4,406,perturbed,0.9481950311255283,-0.3176888146423457
m4-head-contrastive-contractive,4,539,perturbed,0.9680326301627761,-0.2508242949559277
m4-head-contrastive-contractive,4,436,perturbed,0.9903529445426812,-0.13856783622342325
m4-head-contrastive-contractive,4,453,perturbed,0.9040970767934733,-0.4273271296483489
m4-head-contrastive-contractive,4,406,perturbed,0.9516175161943371,-0.3072850514947334
m4-head-contrastive-contractive,4,539,perturbed,0.9764783900251082,-0.2156152912341169
m4-head-contrastive-contractive,4,436,perturbed,0.9928513668718356,-0.1193572926164461
m4-head-contrastive-contractive,4,453,perturbed,0.8976017884149485,-0.44080724748384814
m4-head-contrastive-contractive,4,406,perturbed,0.9508584117859292,-0.3096260336857039
m4-head-contrastive-contractive,4,539,perturbed,0.9739931474088844,-0.22657746754815528
m4-head-contrastive-contractive,4,436,perturbed,0.9915032069557329,-0.1300822455083609
m4-head-contrastive-contractive,4,453,perturbed,0.9078582725330713,-0.4192771839645795
m4-head-contrastive-contractive,4,406,perturbed,0.9431498342898434,-0.3323678535584345
m4-head-contrastive-contractive,4,539,perturbed,0.9685991106565919,-0.24862775958299535
m4-head-contrastive-contractive,4,436,perturbed,0.9902867997192343,-0.13903975798971152
m4-head-contrastive-contractive,4,453,perturbed,0.894639554867231,-0.44678861541780907
m4-head-contrastive-contractive,4,406,perturbed,0.957703266350571,-0.28775762999692556
m4-head-contrastive-contractive,4,539,perturbed,0.9694260077261748,-0.24538381271813897
m4-head-contrastive-contractive,4,436,perturbed,0.9941993645428591,-0.10755288718846856
m4-head-contrastive-contractive,4,453,perturbed,0.8940024497275894,-0.44806207146004845
m4-head-contrastive-contractive,4,406,perturbed,0.9418552219601085,-0.33601895908783946
m4-head-contrastive-contractive,4,539,perturbed,0.9700425961695932,-0.24293489172318541
m4-head-contrastive-contractive,4,436,perturbed,0.9926709996986836,-0.1208481955066634
m4-head-contrastive-contractive,4,453,perturbed,0.8944526783351759,-0.4471626171976262
m4-head-contrastive-contractive,4,406,perturbed,0.9367247063700117,-0.35006688571759526
m4-head-contrastive-contractive,4,539,perturbed,0.9702088721889067,-0.24226998230472144
m4-head-contrastive-contractive,4,436,perturbed,0.9949138143627099,-0.1007298465711312
m4-head-contrastive-contractive,4,453,perturbed,0.8993756606440898,-0.43717664741041173
m4-head-contrastive-contractive,4,406,perturbed,0.9470959909301854,-0.3209504384854001
m4-head-contrastive-contractive,4,539,perturbed,0.9683784980308581,-0.24948563997051967
m4-head-contrastive-contractive,4,436,perturbed,0.9959690171439435,-0.08969792020625326
m4-head-contrastive-contractive,4,453,perturbed,0.9023445890057239,-0.4310153624780576
m4-head-contrastive-contractive,4,406,perturbed,0.9462552676299434,-0.32342072982816716
m4-head-contrastive-contractive,4,539,perturbed,0.9752331165714789,-0.22117949349404123
m4-head-contrastive-contractive,4,436,perturbed,0.9949405870603066,-0.1004650596978514
m4-head-contrastive-contractive,4,453,perturbed,0.9044050614425995,-0.4266749170469338
m4-head-contrastive-contractive,4,406,perturbed,0.9404370520695107,-0.33996786773871546
m4-head-contrastive-contractive,4,539,perturbed,0.9761889982070575,-0.21692173653071734
m4-head-contrastive-contractive,4,436,perturbed,0.9868240233159918,-0.16179724041663665
m4-head-contrastive-contractive,4,453,perturbed,0.9009933567853434,-0.4338328837567287
m4-head-contrastive-contractive,4,406,perturbed,0.9454881314897842,-0.3256565571456483
m4-head-contrastive-contractive,4,539,perturbed,0.9772882225913078,-0.2119144402449315
m4-head-contrastive-contractive,4,436,perturbed,0.989841578467428,-0.14217471483041846
m4-head-contrastive-contractive,4,453,perturbed,0.9116895735504849,-0.410879692220649
m4-head-contrastive-contractive,4,406,perturbed,0.932991392417204,-0.3598986825141312
m4-head-contrastive-contractive,4,539,perturbed,0.9764661465412192,-0.21567073204063325
m4-head-contrastive-contractive,4,436,perturbed,0.9859167466798168,-0.16723686380785283
m4-head-contrastive-contractive,4,453,perturbed,0.8985501615487893,-0.43887083200031085
m4-head-contrastive-contractive,4,406,perturbed,0.9477113980931033,-0.31912866672302503
m4-head-contrastive-contractive,4,539,perturbed,0.973681216953065,-0.22791421138840565
m4-head-contrastive-contractive,4,436,perturbed,0.9904094276774645,-0.1381635464498418
m4-head-contrastive-contractive,4,453,perturbed,0.9058705793157393,-0.42355459332908574
m4-head-contrastive-contractive,4,406,perturbed,0.9329712639833279,-0.35995085856454323
m4-head-contrastive-contractive,4,539,perturbed,0.9704855685388312,-0.24115920313739192
m4-head-contrastive-contractive,4,436,perturbed,0.9860925084875242,-0.16619736672036223
m4-head-contrastive-contractive,4,453,perturbed,0.9020395600753724,-0.43165337026256256
m4-head-contrastive-contractive,4,406,perturbed,0.951374813050021,-0.3080356555563622
m4-head-contrastive-contractive,4,539,perturbed,0.9674031093832892,-0.25324143412076955
m4-head-contrastive-contractive,4,436,perturbed,0.9900309322792137,-0.14085010873389997
m4-head-contrastive-contractive,4,453,perturbed,0.9065192210478792,-0.4221645435973359
m4-head-contrastive-contractive,4,406,perturbed,0.939616036286344,-0.3422304842551875
m4-head-contrastive-contractive,4,539,perturbed,0.9643177106936653,-0.2647477154623411
m4-head-contrastive-contractive,4,436,perturbed,0.9896849161316001,-0.14326118379235836
m4-head-contrastive-contractive,4,453,perturbed,0.9064050016374827,-0.42240972172353625
m4-head-contrastive-contractive,4,406,perturbed,0.9479417696184703,-0.31844371780991904
m4-head-contrastive-contractive,4,539,perturbed,0.9746104561248402,-0.22390725493411573
m4-head-contrastive-contractive,4,436,perturbed,0.9908150799443556,-0.13522380469007775
m4-head-contrastive-contractive,4,453,perturbed,0.9066932295005603,-0.4217906916680886
m4-head-contrastive-contractive,4,406,perturbed,0.9398676191876294,-0.34153895590778144
m4-head-contrastive-contractive,4,539,perturbed,0.9727065073617925,-0.2320388987562715
m4-head-contrastive-contractive,4,436,perturbed,0.9903326095612112,-0.13871309397343143
m4-head-contrastive-contractive,4,453,perturbed,0.8925921406008757,-0.4508650247441543
m4-head-contrastive-contractive,4,406,perturbed,0.9462446636774948,-0.3234517529120305
m4-head-contrastive-contractive,4,539,perturbed,0.9694950277097316,-0.24511097740841215
m4-head-contrastive-contractive,4,436,perturbed,0.9966177476405867,-0.08217703503901967
m4-head-contrastive-contractive,4,453,perturbed,0.8858978624289583,-0.46388034808968
m4-head-contrastive-contractive,4,406,perturbed,0.9529953263674072,-0.30298499619928254
m4-head-contrastive-contractive,4,539,perturbed,0.9731907336292772,-0.2299995564737237
m4-head-contrastive-contractive,4,436,perturbed,0.9955775234011532,-0.09394357294901126
m4-head-contrastive-contractive,4,453,perturbed,0.891728156028035,-0.4525714261272365
m4-head-contrastive-contractive,4,406,perturbed,0.9354704281271287,-0.3534049774686921
m4-head-contrastive-contractive,4,539,perturbed,0.9683003475025357,-0.24978878482924088
m4-head-contrastive-contractive,4,436,perturbed,0.9922527943624602,-0.12423522881972499
m4-head-contrastive-contractive,4,453,perturbed,0.894828110450688,-0.44641085643972833
m4-head-contrastive-contractive,4,406,perturbed,0.9460713936710925,-0.32395820421350224
m4-head-contrastive-contractive,4,539,perturbed,0.9709879574190641,-0.239128389253878
m4-head-contrastive-contractive,4,436,perturbed,0.9938981032275954,-0.11030213234832908
m4-head-contrastive-contractive,4,453,perturbed,0.9048629553106141,-0.42570298578532667
m4-head-contrastive-contractive,4,406,perturbed,0.9470380258990274,-0.3211214373119201
m4-head-contrastive-contractive,4,539,perturbed,0.9725731297004364,-0.23259730734619075
m4-head-contrastive-contractive,4,436,perturbed,0.9906624124236176,-0.13633775930027084
m4-head-contrastive-contractive,4,453,perturbed,0.9138038078536437,-0.4061558823311331
m4-head-contrastive-contractive,4,406,perturbed,0.9357197492878627,-0.3527443136220053
m4-head-contrastive-contractive,4,539,perturbed,0.9645700388355923,-0.2638269132986708
m4-head-contrastive-contractive,4,436,perturbed,0.9966072737722389,-0.08230396019795189
m4-head-contrastive-contractive,4,453,perturbed,0.898975431918095,-0.43799905571550607
m4-head-contrastive-contractive,4,406,perturbed,0.9604681927967058,-0.27838974590640075
m4-head-contrastive-contractive,4,539,perturbed,0.9728007587307217,-0.23164344111787952
m4-head-contrastive-contractive,4,436,perturbed,0.9903073126416081,-0.138893579868029
m4-head-contrastive-contractive,4,453,perturbed,0.902747711785735,-0.43017039515245564
m4-head-contrastive-contractive,4,406,perturbed,0.9423546580820092,-0.3346157473747161
m4-head-contrastive-contractive,4,539,perturbed,0.9698506162463236,-0.24370018909846267
m4-head-contrastive-contractive,4,436,perturbed,0.99517314312407,-0.0981346789089357
m4-head-contrastive-contractive,4,453,perturbed,0.9115113176745662,-0.4112749904275439
m4-head-contrastive-contractive,4,406,perturbed,0.9430187540467161,-0.33273958213019916
m4-head-contrastive-contractive,4,539,perturbed,0.9681998794599449,-0.2501779235139431
m4-head-contrastive-contractive,4,436,perturbed,0.9917053252957321,-0.12853228302681968
m4-head-contrastive-contractive,4,453,perturbed,0.9007047277514934,-0.43443180524232855
m4-head-contrastive-contractive,4,406,perturbed,0.9417084155261789,-0.336430171249806
m4-head-contrastive-contractive,4,539,perturbed,0.97238484955918,-0.23338317066097808
m4-head-contrastive-contractive,4,436,perturbed,0.9930412001132861,-0.11776746103047625
m4-head-contrastive-contractive,4,453,perturbed,0.907858533373072,-0.4192766191688909
m4-head-contrastive-contractive,4,406,perturbed,0.9368465882881857,-0.3497405753023043
m4-head-contrastive-contractive,4,539,perturbed,0.970907851416456,-0.2394534277430193
m4-head-contrastive-contractive,4,436,perturbed,0.994502550399722,-0.10471235480328278
m4-head-contrastive-contractive,4,453,perturbed,0.9125387914042157,-0.40899016391905285
m4-head-contrastive-contractive,4,406,perturbed,0.9427644900487573,-0.3334593173133823
m4-head-contrastive-contractive,4,539,perturbed,0.9708552990301228,-0.23966641054835197
m4-head-contrastive-contractive,4,436,perturbed,0.9895819074361785,-0.1439709987288241
m4-head-contrastive-contractive,4,453,perturbed,0.9030126920957301,-0.4296138707188383
m4-head-contrastive-contractive,4,406,perturbed,0.9442042432881297,-0.3293605121393438
m4-head-contrastive-contractive,4,539,perturbed,0.9739243675465391,-0.2268729298507735
m4-head-contrastive-contractive,4,436,perturbed,0.9891808828753462,-0.1467009916597403
m4-head-contrastive-contractive,4,453,perturbed,0.9078534477011067,-0.4192876309852397
m4-head-contrastive-contractive,4,406,perturbed,0.9391957489887237,-0.34338221427661436
m4-head-contrastive-contractive,4,539,perturbed,0.9723134625387274,-0.2336804026142353
m4-head-contrastive-contractive,4,436,perturbed,0.9924862539084081,-0.12235618416269431
m4-head-contrastive-contractive,4,453,perturbed,0.9025100751535063,-0.43066874073516476
m4-head-contrastive-contractive,4,406,perturbed,0.9477595019882055,-0.31898577772538556
m4-head-contrastive-contractive,4,539,perturbed,0.9685712336945909,-0.2487363368294606
m4-head-contrastive-contractive,4,436,perturbed,0.992740417029555,-0.12027661616451304
m4-head-contrastive-contractive,4,453,perturbed,0.8920784098600671,-0.451880637626281
m4-head-contrastive-contractive,4,406,perturbed,0.9329254781383605,-0.36006951028976614
m4-head-contrastive-contractive,4,539,perturbed,0.9732371878522542,-0.22980290725192407
m4-head-contrastive-contractive,4,436,perturbed,0.9906779790739221,-0.13622460048761334
m4-head-contrastive-contractive,4,453,perturbed,0.8965729108476148,-0.442896167892922
m4-head-contrastive-contractive,4,406,perturbed,0.9419435881224474,-0.3357711673074527
m4-head-contrastive-contractive,4,539,perturbed,0.9666986485199862,-0.2559174143149167
m4-head-contrastive-contractive,4,436,perturbed,0.9917411830347326,-0.12825531518369623
m4-head-contrastive-contractive,4,453,perturbed,0.8799724382566039,-0.4750247445225647
m4-head-contrastive-contractive,4,406,perturbed,0.9453484092395615,-0.32606193452813625
m4-head-contrastive-contractive,4,539,perturbed,0.9778714839234651,-0.20920650307607663
m4-head-contrastive-contractive,4,436,perturbed,0.9893449207097027,-0.14559061736908818
m4-head-contrastive-contractive,4,453,perturbed,0.9000136906233124,-0.43586162562286296
m4-head-contrastive-contractive,4,406,perturbed,0.9424787761644168,-0.33426599659496214
m4-head-contrastive-contractive,4,539,perturbed,0.9735693175513772,-0.22839173348119643
m4-head-contrastive-contractive,4,436,original,0.9913210112056378,-0.13146350346096858
m4-head-contrastive-contractive,4,453,original,0.8999586054899286,-0.4359753529783805
m4-head-contrastive-contractive,4,406,original,0.9436613225300342,-0.330912841033507
m4-head-contrastive-contractive,4,539,original,0.9712876513863388,-0.23790817191599456
