source,role,model_id,task_id,grid_id,repetition,status,condition,label,head,family,weight_mode,head_weight,negative_weight,evidence,objective_json,initialization_seed,training_seed,artifact,weights_available,history_available,manifest,data_contract,backbone_contract,training_contract,config_matches_manifest,ready,duplicate_seed_condition,raw_label,model_alias,display_label,display_order,color,line_style,marker,tags_json
vpu_precision_sweep,baseline,vpu_precision_sweep/task_000000,task_000000,grid_0000,0,completed,61900ba32fd7,vpu,molecule_vpu,VariationalPULoss,none,0.2,0.0,{},"{""contrastive"": {}, ""heads"": {""molecule_vpu"": {""vpu_alpha_1_beta_1"": {""params"": {""alpha"": 1.0, ""beta"": 1.0, ""consistency_weight"": 0.0, ""negative_weight"": 0.0, ""simulated_negative_weight"": 0.0}, ""target"": ""VariationalPULoss"", ""weight"": 0.2}}}, ""reconstruction"": {""masserstein"": {""target"": ""MassersteinLoss"", ""weight"": 1.0}}}",91154199,32238397,/home/max/repositories/MSIAutoEncoderWrapper/data/kidney_workspace/models/kidney/predictie-final-vpu-modifications-20260914-01__task_000000,True,True,/home/max/repositories/MSIAutoEncoderWrapper/data/kidney_workspace/configs/entropy-runs/predictie-final-vpu-modifications-20260914-01/plan/status/task_000000.yaml,ff133cd42f7af414ee3022e7947f94bcd301e0ce338f93da55895867ef10c9a7,63d67af42e30038bef1fbb98125bd6ccad588380dabc4de668acc50167a34723,21702916159e0e88e09fed5d166690d10bc12c8c974067afee4590084c023219,True,True,False,vpu_alpha_1_beta_1 (VariationalPULoss),vpu,vpu,0,#0072B2,solid,o,"{""contractive"": false, ""contrastive"": false, ""family"": ""vpu""}"
vpu_precision_sweep,baseline,vpu_precision_sweep/task_000001,task_000001,grid_0000,1,completed,61900ba32fd7,vpu,molecule_vpu,VariationalPULoss,none,0.2,0.0,{},"{""contrastive"": {}, ""heads"": {""molecule_vpu"": {""vpu_alpha_1_beta_1"": {""params"": {""alpha"": 1.0, ""beta"": 1.0, ""consistency_weight"": 0.0, ""negative_weight"": 0.0, ""simulated_negative_weight"": 0.0}, ""target"": ""VariationalPULoss"", ""weight"": 0.2}}}, ""reconstruction"": {""masserstein"": {""target"": ""MassersteinLoss"", ""weight"": 1.0}}}",919377028,892754137,/home/max/repositories/MSIAutoEncoderWrapper/data/kidney_workspace/models/kidney/predictie-final-vpu-modifications-20260914-01__task_000001,True,True,/home/max/repositories/MSIAutoEncoderWrapper/data/kidney_workspace/configs/entropy-runs/predictie-final-vpu-modifications-20260914-01/plan/status/task_000001.yaml,ff133cd42f7af414ee3022e7947f94bcd301e0ce338f93da55895867ef10c9a7,63d67af42e30038bef1fbb98125bd6ccad588380dabc4de668acc50167a34723,21702916159e0e88e09fed5d166690d10bc12c8c974067afee4590084c023219,True,True,False,vpu_alpha_1_beta_1 (VariationalPULoss),vpu,vpu,0,#0072B2,solid,o,"{""contractive"": false, ""contrastive"": false, ""family"": ""vpu""}"
vpu_precision_sweep,baseline,vpu_precision_sweep/task_000002,task_000002,grid_0000,2,completed,61900ba32fd7,vpu,molecule_vpu,VariationalPULoss,none,0.2,0.0,{},"{""contrastive"": {}, ""heads"": {""molecule_vpu"": {""vpu_alpha_1_beta_1"": {""params"": {""alpha"": 1.0, ""beta"": 1.0, ""consistency_weight"": 0.0, ""negative_weight"": 0.0, ""simulated_negative_weight"": 0.0}, ""target"": ""VariationalPULoss"", ""weight"": 0.2}}}, ""reconstruction"": {""masserstein"": {""target"": ""MassersteinLoss"", ""weight"": 1.0}}}",2136253289,442265914,/home/max/repositories/MSIAutoEncoderWrapper/data/kidney_workspace/models/kidney/predictie-final-vpu-modifications-20260914-01__task_000002,True,True,/home/max/repositories/MSIAutoEncoderWrapper/data/kidney_workspace/configs/entropy-runs/predictie-final-vpu-modifications-20260914-01/plan/status/task_000002.yaml,ff133cd42f7af414ee3022e7947f94bcd301e0ce338f93da55895867ef10c9a7,63d67af42e30038bef1fbb98125bd6ccad588380dabc4de668acc50167a34723,21702916159e0e88e09fed5d166690d10bc12c8c974067afee4590084c023219,True,True,False,vpu_alpha_1_beta_1 (VariationalPULoss),vpu,vpu,0,#0072B2,solid,o,"{""contractive"": false, ""contrastive"": false, ""family"": ""vpu""}"
vpu_precision_sweep,baseline,vpu_precision_sweep/task_000003,task_000003,grid_0000,3,completed,61900ba32fd7,vpu,molecule_vpu,VariationalPULoss,none,0.2,0.0,{},"{""contrastive"": {}, ""heads"": {""molecule_vpu"": {""vpu_alpha_1_beta_1"": {""params"": {""alpha"": 1.0, ""beta"": 1.0, ""consistency_weight"": 0.0, ""negative_weight"": 0.0, ""simulated_negative_weight"": 0.0}, ""target"": ""VariationalPULoss"", ""weight"": 0.2}}}, ""reconstruction"": {""masserstein"": {""target"": ""MassersteinLoss"", ""weight"": 1.0}}}",276187349,194761695,/home/max/repositories/MSIAutoEncoderWrapper/data/kidney_workspace/models/kidney/predictie-final-vpu-modifications-20260914-01__task_000003,True,True,/home/max/repositories/MSIAutoEncoderWrapper/data/kidney_workspace/configs/entropy-runs/predictie-final-vpu-modifications-20260914-01/plan/status/task_000003.yaml,ff133cd42f7af414ee3022e7947f94bcd301e0ce338f93da55895867ef10c9a7,63d67af42e30038bef1fbb98125bd6ccad588380dabc4de668acc50167a34723,21702916159e0e88e09fed5d166690d10bc12c8c974067afee4590084c023219,True,True,False,vpu_alpha_1_beta_1 (VariationalPULoss),vpu,vpu,0,#0072B2,solid,o,"{""contractive"": false, ""contrastive"": false, ""family"": ""vpu""}"
vpu_precision_sweep,baseline,vpu_precision_sweep/task_000004,task_000004,grid_0000,4,completed,61900ba32fd7,vpu,molecule_vpu,VariationalPULoss,none,0.2,0.0,{},"{""contrastive"": {}, ""heads"": {""molecule_vpu"": {""vpu_alpha_1_beta_1"": {""params"": {""alpha"": 1.0, ""beta"": 1.0, ""consistency_weight"": 0.0, ""negative_weight"": 0.0, ""simulated_negative_weight"": 0.0}, ""target"": ""VariationalPULoss"", ""weight"": 0.2}}}, ""reconstruction"": {""masserstein"": {""target"": ""MassersteinLoss"", ""weight"": 1.0}}}",1915557887,1927548799,/home/max/repositories/MSIAutoEncoderWrapper/data/kidney_workspace/models/kidney/predictie-final-vpu-modifications-20260914-01__task_000004,True,True,/home/max/repositories/MSIAutoEncoderWrapper/data/kidney_workspace/configs/entropy-runs/predictie-final-vpu-modifications-20260914-01/plan/status/task_000004.yaml,ff133cd42f7af414ee3022e7947f94bcd301e0ce338f93da55895867ef10c9a7,63d67af42e30038bef1fbb98125bd6ccad588380dabc4de668acc50167a34723,21702916159e0e88e09fed5d166690d10bc12c8c974067afee4590084c023219,True,True,False,vpu_alpha_1_beta_1 (VariationalPULoss),vpu,vpu,0,#0072B2,solid,o,"{""contractive"": false, ""contrastive"": false, ""family"": ""vpu""}"
vpu_precision_sweep,baseline,vpu_precision_sweep/task_000025,task_000025,grid_0005,0,completed,0febc4d4e92e,vpu + contrastive,molecule_vpu,VariationalPULoss,none,0.2,0.0,{},"{""contrastive"": {""peak_permutation"": {""params"": {""annotation_bin_radius"": 0, ""peak_catalog_limit"": 4096, ""peak_sample_size"": 10000, ""peak_selection_method"": ""permutation_label_invariant"", ""permutation_bank_size"": 7000, ""permutation_selection_attempts"": 64, ""permuted_peaks_per_view"": 3, ""preserve_input_normalization"": true, ""temperature"": 0.07}, ""target"": ""InfoNCELoss"", ""weight"": 0.1}}, ""heads"": {""molecule_vpu"": {""vpu_alpha_1_beta_1"": {""params"": {""alpha"": 1.0, ""beta"": 1.0, ""consistency_weight"": 0.0, ""negative_weight"": 0.0, ""simulated_negative_weight"": 0.0}, ""target"": ""VariationalPULoss"", ""weight"": 0.2}}}, ""reconstruction"": {""masserstein"": {""target"": ""MassersteinLoss"", ""weight"": 1.0}}}",91154199,32238397,/home/max/repositories/MSIAutoEncoderWrapper/data/kidney_workspace/models/kidney/predictie-final-vpu-modifications-20260914-01__task_000025,True,True,/home/max/repositories/MSIAutoEncoderWrapper/data/kidney_workspace/configs/entropy-runs/predictie-final-vpu-modifications-20260914-01/plan/status/task_000025.yaml,ff133cd42f7af414ee3022e7947f94bcd301e0ce338f93da55895867ef10c9a7,63d67af42e30038bef1fbb98125bd6ccad588380dabc4de668acc50167a34723,dd1841f1ca54c062beddeadf632f9bdba980bd98a2f2f7cb5d7c7cdaa25c3127,True,True,False,vpu_alpha_1_beta_1 (VariationalPULoss),vpu_contrastive,vpu + contrastive,1,#56B4E9,dashed,s,"{""contractive"": false, ""contrastive"": true, ""family"": ""vpu""}"
vpu_precision_sweep,baseline,vpu_precision_sweep/task_000026,task_000026,grid_0005,1,completed,0febc4d4e92e,vpu + contrastive,molecule_vpu,VariationalPULoss,none,0.2,0.0,{},"{""contrastive"": {""peak_permutation"": {""params"": {""annotation_bin_radius"": 0, ""peak_catalog_limit"": 4096, ""peak_sample_size"": 10000, ""peak_selection_method"": ""permutation_label_invariant"", ""permutation_bank_size"": 7000, ""permutation_selection_attempts"": 64, ""permuted_peaks_per_view"": 3, ""preserve_input_normalization"": true, ""temperature"": 0.07}, ""target"": ""InfoNCELoss"", ""weight"": 0.1}}, ""heads"": {""molecule_vpu"": {""vpu_alpha_1_beta_1"": {""params"": {""alpha"": 1.0, ""beta"": 1.0, ""consistency_weight"": 0.0, ""negative_weight"": 0.0, ""simulated_negative_weight"": 0.0}, ""target"": ""VariationalPULoss"", ""weight"": 0.2}}}, ""reconstruction"": {""masserstein"": {""target"": ""MassersteinLoss"", ""weight"": 1.0}}}",919377028,892754137,/home/max/repositories/MSIAutoEncoderWrapper/data/kidney_workspace/models/kidney/predictie-final-vpu-modifications-20260914-01__task_000026,True,True,/home/max/repositories/MSIAutoEncoderWrapper/data/kidney_workspace/configs/entropy-runs/predictie-final-vpu-modifications-20260914-01/plan/status/task_000026.yaml,ff133cd42f7af414ee3022e7947f94bcd301e0ce338f93da55895867ef10c9a7,63d67af42e30038bef1fbb98125bd6ccad588380dabc4de668acc50167a34723,dd1841f1ca54c062beddeadf632f9bdba980bd98a2f2f7cb5d7c7cdaa25c3127,True,True,False,vpu_alpha_1_beta_1 (VariationalPULoss),vpu_contrastive,vpu + contrastive,1,#56B4E9,dashed,s,"{""contractive"": false, ""contrastive"": true, ""family"": ""vpu""}"
vpu_precision_sweep,baseline,vpu_precision_sweep/task_000027,task_000027,grid_0005,2,completed,0febc4d4e92e,vpu + contrastive,molecule_vpu,VariationalPULoss,none,0.2,0.0,{},"{""contrastive"": {""peak_permutation"": {""params"": {""annotation_bin_radius"": 0, ""peak_catalog_limit"": 4096, ""peak_sample_size"": 10000, ""peak_selection_method"": ""permutation_label_invariant"", ""permutation_bank_size"": 7000, ""permutation_selection_attempts"": 64, ""permuted_peaks_per_view"": 3, ""preserve_input_normalization"": true, ""temperature"": 0.07}, ""target"": ""InfoNCELoss"", ""weight"": 0.1}}, ""heads"": {""molecule_vpu"": {""vpu_alpha_1_beta_1"": {""params"": {""alpha"": 1.0, ""beta"": 1.0, ""consistency_weight"": 0.0, ""negative_weight"": 0.0, ""simulated_negative_weight"": 0.0}, ""target"": ""VariationalPULoss"", ""weight"": 0.2}}}, ""reconstruction"": {""masserstein"": {""target"": ""MassersteinLoss"", ""weight"": 1.0}}}",2136253289,442265914,/home/max/repositories/MSIAutoEncoderWrapper/data/kidney_workspace/models/kidney/predictie-final-vpu-modifications-20260914-01__task_000027,True,True,/home/max/repositories/MSIAutoEncoderWrapper/data/kidney_workspace/configs/entropy-runs/predictie-final-vpu-modifications-20260914-01/plan/status/task_000027.yaml,ff133cd42f7af414ee3022e7947f94bcd301e0ce338f93da55895867ef10c9a7,63d67af42e30038bef1fbb98125bd6ccad588380dabc4de668acc50167a34723,dd1841f1ca54c062beddeadf632f9bdba980bd98a2f2f7cb5d7c7cdaa25c3127,True,True,False,vpu_alpha_1_beta_1 (VariationalPULoss),vpu_contrastive,vpu + contrastive,1,#56B4E9,dashed,s,"{""contractive"": false, ""contrastive"": true, ""family"": ""vpu""}"
vpu_precision_sweep,baseline,vpu_precision_sweep/task_000028,task_000028,grid_0005,3,completed,0febc4d4e92e,vpu + contrastive,molecule_vpu,VariationalPULoss,none,0.2,0.0,{},"{""contrastive"": {""peak_permutation"": {""params"": {""annotation_bin_radius"": 0, ""peak_catalog_limit"": 4096, ""peak_sample_size"": 10000, ""peak_selection_method"": ""permutation_label_invariant"", ""permutation_bank_size"": 7000, ""permutation_selection_attempts"": 64, ""permuted_peaks_per_view"": 3, ""preserve_input_normalization"": true, ""temperature"": 0.07}, ""target"": ""InfoNCELoss"", ""weight"": 0.1}}, ""heads"": {""molecule_vpu"": {""vpu_alpha_1_beta_1"": {""params"": {""alpha"": 1.0, ""beta"": 1.0, ""consistency_weight"": 0.0, ""negative_weight"": 0.0, ""simulated_negative_weight"": 0.0}, ""target"": ""VariationalPULoss"", ""weight"": 0.2}}}, ""reconstruction"": {""masserstein"": {""target"": ""MassersteinLoss"", ""weight"": 1.0}}}",276187349,194761695,/home/max/repositories/MSIAutoEncoderWrapper/data/kidney_workspace/models/kidney/predictie-final-vpu-modifications-20260914-01__task_000028,True,True,/home/max/repositories/MSIAutoEncoderWrapper/data/kidney_workspace/configs/entropy-runs/predictie-final-vpu-modifications-20260914-01/plan/status/task_000028.yaml,ff133cd42f7af414ee3022e7947f94bcd301e0ce338f93da55895867ef10c9a7,63d67af42e30038bef1fbb98125bd6ccad588380dabc4de668acc50167a34723,dd1841f1ca54c062beddeadf632f9bdba980bd98a2f2f7cb5d7c7cdaa25c3127,True,True,False,vpu_alpha_1_beta_1 (VariationalPULoss),vpu_contrastive,vpu + contrastive,1,#56B4E9,dashed,s,"{""contractive"": false, ""contrastive"": true, ""family"": ""vpu""}"
vpu_precision_sweep,baseline,vpu_precision_sweep/task_000029,task_000029,grid_0005,4,completed,0febc4d4e92e,vpu + contrastive,molecule_vpu,VariationalPULoss,none,0.2,0.0,{},"{""contrastive"": {""peak_permutation"": {""params"": {""annotation_bin_radius"": 0, ""peak_catalog_limit"": 4096, ""peak_sample_size"": 10000, ""peak_selection_method"": ""permutation_label_invariant"", ""permutation_bank_size"": 7000, ""permutation_selection_attempts"": 64, ""permuted_peaks_per_view"": 3, ""preserve_input_normalization"": true, ""temperature"": 0.07}, ""target"": ""InfoNCELoss"", ""weight"": 0.1}}, ""heads"": {""molecule_vpu"": {""vpu_alpha_1_beta_1"": {""params"": {""alpha"": 1.0, ""beta"": 1.0, ""consistency_weight"": 0.0, ""negative_weight"": 0.0, ""simulated_negative_weight"": 0.0}, ""target"": ""VariationalPULoss"", ""weight"": 0.2}}}, ""reconstruction"": {""masserstein"": {""target"": ""MassersteinLoss"", ""weight"": 1.0}}}",1915557887,1927548799,/home/max/repositories/MSIAutoEncoderWrapper/data/kidney_workspace/models/kidney/predictie-final-vpu-modifications-20260914-01__task_000029,True,True,/home/max/repositories/MSIAutoEncoderWrapper/data/kidney_workspace/configs/entropy-runs/predictie-final-vpu-modifications-20260914-01/plan/status/task_000029.yaml,ff133cd42f7af414ee3022e7947f94bcd301e0ce338f93da55895867ef10c9a7,63d67af42e30038bef1fbb98125bd6ccad588380dabc4de668acc50167a34723,dd1841f1ca54c062beddeadf632f9bdba980bd98a2f2f7cb5d7c7cdaa25c3127,True,True,False,vpu_alpha_1_beta_1 (VariationalPULoss),vpu_contrastive,vpu + contrastive,1,#56B4E9,dashed,s,"{""contractive"": false, ""contrastive"": true, ""family"": ""vpu""}"
vpu_contractive_interaction,candidate,vpu_contractive_interaction/task_000000,task_000000,grid_0000,0,completed,61900ba32fd7,vpu + contractive,molecule_vpu,VariationalPULoss,none,0.2,0.0,{},"{""contrastive"": {}, ""heads"": {""molecule_vpu"": {""vpu_alpha_1_beta_1"": {""params"": {""alpha"": 1.0, ""beta"": 1.0, ""consistency_weight"": 0.0, ""negative_weight"": 0.0, ""simulated_negative_weight"": 0.0}, ""target"": ""VariationalPULoss"", ""weight"": 0.2}}}, ""reconstruction"": {""masserstein"": {""target"": ""MassersteinLoss"", ""weight"": 1.0}}}",91154199,32238397,/home/max/repositories/MSIAutoEncoderWrapper/data/kidney_workspace/models/kidney/vpu-contractive-interaction-20260916-01__task_000000,True,True,/home/max/repositories/MSIAutoEncoderWrapper/data/kidney_workspace/configs/entropy-runs/vpu-contractive-interaction-20260916-01/plan/status/task_000000.yaml,ff133cd42f7af414ee3022e7947f94bcd301e0ce338f93da55895867ef10c9a7,63d67af42e30038bef1fbb98125bd6ccad588380dabc4de668acc50167a34723,21702916159e0e88e09fed5d166690d10bc12c8c974067afee4590084c023219,True,True,False,vpu_alpha_1_beta_1 (VariationalPULoss),vpu_contractive,vpu + contractive,2,#D55E00,solid,^,"{""contractive"": true, ""contrastive"": false, ""family"": ""vpu""}"
vpu_contractive_interaction,candidate,vpu_contractive_interaction/task_000001,task_000001,grid_0000,1,completed,61900ba32fd7,vpu + contractive,molecule_vpu,VariationalPULoss,none,0.2,0.0,{},"{""contrastive"": {}, ""heads"": {""molecule_vpu"": {""vpu_alpha_1_beta_1"": {""params"": {""alpha"": 1.0, ""beta"": 1.0, ""consistency_weight"": 0.0, ""negative_weight"": 0.0, ""simulated_negative_weight"": 0.0}, ""target"": ""VariationalPULoss"", ""weight"": 0.2}}}, ""reconstruction"": {""masserstein"": {""target"": ""MassersteinLoss"", ""weight"": 1.0}}}",919377028,892754137,/home/max/repositories/MSIAutoEncoderWrapper/data/kidney_workspace/models/kidney/vpu-contractive-interaction-20260916-01__task_000001,True,True,/home/max/repositories/MSIAutoEncoderWrapper/data/kidney_workspace/configs/entropy-runs/vpu-contractive-interaction-20260916-01/plan/status/task_000001.yaml,ff133cd42f7af414ee3022e7947f94bcd301e0ce338f93da55895867ef10c9a7,63d67af42e30038bef1fbb98125bd6ccad588380dabc4de668acc50167a34723,21702916159e0e88e09fed5d166690d10bc12c8c974067afee4590084c023219,True,True,False,vpu_alpha_1_beta_1 (VariationalPULoss),vpu_contractive,vpu + contractive,2,#D55E00,solid,^,"{""contractive"": true, ""contrastive"": false, ""family"": ""vpu""}"
vpu_contractive_interaction,candidate,vpu_contractive_interaction/task_000002,task_000002,grid_0000,2,completed,61900ba32fd7,vpu + contractive,molecule_vpu,VariationalPULoss,none,0.2,0.0,{},"{""contrastive"": {}, ""heads"": {""molecule_vpu"": {""vpu_alpha_1_beta_1"": {""params"": {""alpha"": 1.0, ""beta"": 1.0, ""consistency_weight"": 0.0, ""negative_weight"": 0.0, ""simulated_negative_weight"": 0.0}, ""target"": ""VariationalPULoss"", ""weight"": 0.2}}}, ""reconstruction"": {""masserstein"": {""target"": ""MassersteinLoss"", ""weight"": 1.0}}}",2136253289,442265914,/home/max/repositories/MSIAutoEncoderWrapper/data/kidney_workspace/models/kidney/vpu-contractive-interaction-20260916-01__task_000002,True,True,/home/max/repositories/MSIAutoEncoderWrapper/data/kidney_workspace/configs/entropy-runs/vpu-contractive-interaction-20260916-01/plan/status/task_000002.yaml,ff133cd42f7af414ee3022e7947f94bcd301e0ce338f93da55895867ef10c9a7,63d67af42e30038bef1fbb98125bd6ccad588380dabc4de668acc50167a34723,21702916159e0e88e09fed5d166690d10bc12c8c974067afee4590084c023219,True,True,False,vpu_alpha_1_beta_1 (VariationalPULoss),vpu_contractive,vpu + contractive,2,#D55E00,solid,^,"{""contractive"": true, ""contrastive"": false, ""family"": ""vpu""}"
vpu_contractive_interaction,candidate,vpu_contractive_interaction/task_000003,task_000003,grid_0000,3,completed,61900ba32fd7,vpu + contractive,molecule_vpu,VariationalPULoss,none,0.2,0.0,{},"{""contrastive"": {}, ""heads"": {""molecule_vpu"": {""vpu_alpha_1_beta_1"": {""params"": {""alpha"": 1.0, ""beta"": 1.0, ""consistency_weight"": 0.0, ""negative_weight"": 0.0, ""simulated_negative_weight"": 0.0}, ""target"": ""VariationalPULoss"", ""weight"": 0.2}}}, ""reconstruction"": {""masserstein"": {""target"": ""MassersteinLoss"", ""weight"": 1.0}}}",276187349,194761695,/home/max/repositories/MSIAutoEncoderWrapper/data/kidney_workspace/models/kidney/vpu-contractive-interaction-20260916-01__task_000003,True,True,/home/max/repositories/MSIAutoEncoderWrapper/data/kidney_workspace/configs/entropy-runs/vpu-contractive-interaction-20260916-01/plan/status/task_000003.yaml,ff133cd42f7af414ee3022e7947f94bcd301e0ce338f93da55895867ef10c9a7,63d67af42e30038bef1fbb98125bd6ccad588380dabc4de668acc50167a34723,21702916159e0e88e09fed5d166690d10bc12c8c974067afee4590084c023219,True,True,False,vpu_alpha_1_beta_1 (VariationalPULoss),vpu_contractive,vpu + contractive,2,#D55E00,solid,^,"{""contractive"": true, ""contrastive"": false, ""family"": ""vpu""}"
vpu_contractive_interaction,candidate,vpu_contractive_interaction/task_000004,task_000004,grid_0000,4,completed,61900ba32fd7,vpu + contractive,molecule_vpu,VariationalPULoss,none,0.2,0.0,{},"{""contrastive"": {}, ""heads"": {""molecule_vpu"": {""vpu_alpha_1_beta_1"": {""params"": {""alpha"": 1.0, ""beta"": 1.0, ""consistency_weight"": 0.0, ""negative_weight"": 0.0, ""simulated_negative_weight"": 0.0}, ""target"": ""VariationalPULoss"", ""weight"": 0.2}}}, ""reconstruction"": {""masserstein"": {""target"": ""MassersteinLoss"", ""weight"": 1.0}}}",1915557887,1927548799,/home/max/repositories/MSIAutoEncoderWrapper/data/kidney_workspace/models/kidney/vpu-contractive-interaction-20260916-01__task_000004,True,True,/home/max/repositories/MSIAutoEncoderWrapper/data/kidney_workspace/configs/entropy-runs/vpu-contractive-interaction-20260916-01/plan/status/task_000004.yaml,ff133cd42f7af414ee3022e7947f94bcd301e0ce338f93da55895867ef10c9a7,63d67af42e30038bef1fbb98125bd6ccad588380dabc4de668acc50167a34723,21702916159e0e88e09fed5d166690d10bc12c8c974067afee4590084c023219,True,True,False,vpu_alpha_1_beta_1 (VariationalPULoss),vpu_contractive,vpu + contractive,2,#D55E00,solid,^,"{""contractive"": true, ""contrastive"": false, ""family"": ""vpu""}"
vpu_contractive_interaction,candidate,vpu_contractive_interaction/task_000005,task_000005,grid_0001,0,completed,0febc4d4e92e,vpu + contractive + contrastive,molecule_vpu,VariationalPULoss,none,0.2,0.0,{},"{""contrastive"": {""peak_permutation"": {""params"": {""annotation_bin_radius"": 0, ""peak_catalog_limit"": 4096, ""peak_sample_size"": 10000, ""peak_selection_method"": ""permutation_label_invariant"", ""permutation_bank_size"": 7000, ""permutation_selection_attempts"": 64, ""permuted_peaks_per_view"": 3, ""preserve_input_normalization"": true, ""temperature"": 0.07}, ""target"": ""InfoNCELoss"", ""weight"": 0.1}}, ""heads"": {""molecule_vpu"": {""vpu_alpha_1_beta_1"": {""params"": {""alpha"": 1.0, ""beta"": 1.0, ""consistency_weight"": 0.0, ""negative_weight"": 0.0, ""simulated_negative_weight"": 0.0}, ""target"": ""VariationalPULoss"", ""weight"": 0.2}}}, ""reconstruction"": {""masserstein"": {""target"": ""MassersteinLoss"", ""weight"": 1.0}}}",91154199,32238397,/home/max/repositories/MSIAutoEncoderWrapper/data/kidney_workspace/models/kidney/vpu-contractive-interaction-20260916-01__task_000005,True,True,/home/max/repositories/MSIAutoEncoderWrapper/data/kidney_workspace/configs/entropy-runs/vpu-contractive-interaction-20260916-01/plan/status/task_000005.yaml,ff133cd42f7af414ee3022e7947f94bcd301e0ce338f93da55895867ef10c9a7,63d67af42e30038bef1fbb98125bd6ccad588380dabc4de668acc50167a34723,dd1841f1ca54c062beddeadf632f9bdba980bd98a2f2f7cb5d7c7cdaa25c3127,True,True,False,vpu_alpha_1_beta_1 (VariationalPULoss),vpu_contractive_contrastive,vpu + contractive + contrastive,3,#E69F00,dashed,D,"{""contractive"": true, ""contrastive"": true, ""family"": ""vpu""}"
vpu_contractive_interaction,candidate,vpu_contractive_interaction/task_000006,task_000006,grid_0001,1,completed,0febc4d4e92e,vpu + contractive + contrastive,molecule_vpu,VariationalPULoss,none,0.2,0.0,{},"{""contrastive"": {""peak_permutation"": {""params"": {""annotation_bin_radius"": 0, ""peak_catalog_limit"": 4096, ""peak_sample_size"": 10000, ""peak_selection_method"": ""permutation_label_invariant"", ""permutation_bank_size"": 7000, ""permutation_selection_attempts"": 64, ""permuted_peaks_per_view"": 3, ""preserve_input_normalization"": true, ""temperature"": 0.07}, ""target"": ""InfoNCELoss"", ""weight"": 0.1}}, ""heads"": {""molecule_vpu"": {""vpu_alpha_1_beta_1"": {""params"": {""alpha"": 1.0, ""beta"": 1.0, ""consistency_weight"": 0.0, ""negative_weight"": 0.0, ""simulated_negative_weight"": 0.0}, ""target"": ""VariationalPULoss"", ""weight"": 0.2}}}, ""reconstruction"": {""masserstein"": {""target"": ""MassersteinLoss"", ""weight"": 1.0}}}",919377028,892754137,/home/max/repositories/MSIAutoEncoderWrapper/data/kidney_workspace/models/kidney/vpu-contractive-interaction-20260916-01__task_000006,True,True,/home/max/repositories/MSIAutoEncoderWrapper/data/kidney_workspace/configs/entropy-runs/vpu-contractive-interaction-20260916-01/plan/status/task_000006.yaml,ff133cd42f7af414ee3022e7947f94bcd301e0ce338f93da55895867ef10c9a7,63d67af42e30038bef1fbb98125bd6ccad588380dabc4de668acc50167a34723,dd1841f1ca54c062beddeadf632f9bdba980bd98a2f2f7cb5d7c7cdaa25c3127,True,True,False,vpu_alpha_1_beta_1 (VariationalPULoss),vpu_contractive_contrastive,vpu + contractive + contrastive,3,#E69F00,dashed,D,"{""contractive"": true, ""contrastive"": true, ""family"": ""vpu""}"
vpu_contractive_interaction,candidate,vpu_contractive_interaction/task_000007,task_000007,grid_0001,2,completed,0febc4d4e92e,vpu + contractive + contrastive,molecule_vpu,VariationalPULoss,none,0.2,0.0,{},"{""contrastive"": {""peak_permutation"": {""params"": {""annotation_bin_radius"": 0, ""peak_catalog_limit"": 4096, ""peak_sample_size"": 10000, ""peak_selection_method"": ""permutation_label_invariant"", ""permutation_bank_size"": 7000, ""permutation_selection_attempts"": 64, ""permuted_peaks_per_view"": 3, ""preserve_input_normalization"": true, ""temperature"": 0.07}, ""target"": ""InfoNCELoss"", ""weight"": 0.1}}, ""heads"": {""molecule_vpu"": {""vpu_alpha_1_beta_1"": {""params"": {""alpha"": 1.0, ""beta"": 1.0, ""consistency_weight"": 0.0, ""negative_weight"": 0.0, ""simulated_negative_weight"": 0.0}, ""target"": ""VariationalPULoss"", ""weight"": 0.2}}}, ""reconstruction"": {""masserstein"": {""target"": ""MassersteinLoss"", ""weight"": 1.0}}}",2136253289,442265914,/home/max/repositories/MSIAutoEncoderWrapper/data/kidney_workspace/models/kidney/vpu-contractive-interaction-20260916-01__task_000007,True,True,/home/max/repositories/MSIAutoEncoderWrapper/data/kidney_workspace/configs/entropy-runs/vpu-contractive-interaction-20260916-01/plan/status/task_000007.yaml,ff133cd42f7af414ee3022e7947f94bcd301e0ce338f93da55895867ef10c9a7,63d67af42e30038bef1fbb98125bd6ccad588380dabc4de668acc50167a34723,dd1841f1ca54c062beddeadf632f9bdba980bd98a2f2f7cb5d7c7cdaa25c3127,True,True,False,vpu_alpha_1_beta_1 (VariationalPULoss),vpu_contractive_contrastive,vpu + contractive + contrastive,3,#E69F00,dashed,D,"{""contractive"": true, ""contrastive"": true, ""family"": ""vpu""}"
vpu_contractive_interaction,candidate,vpu_contractive_interaction/task_000008,task_000008,grid_0001,3,completed,0febc4d4e92e,vpu + contractive + contrastive,molecule_vpu,VariationalPULoss,none,0.2,0.0,{},"{""contrastive"": {""peak_permutation"": {""params"": {""annotation_bin_radius"": 0, ""peak_catalog_limit"": 4096, ""peak_sample_size"": 10000, ""peak_selection_method"": ""permutation_label_invariant"", ""permutation_bank_size"": 7000, ""permutation_selection_attempts"": 64, ""permuted_peaks_per_view"": 3, ""preserve_input_normalization"": true, ""temperature"": 0.07}, ""target"": ""InfoNCELoss"", ""weight"": 0.1}}, ""heads"": {""molecule_vpu"": {""vpu_alpha_1_beta_1"": {""params"": {""alpha"": 1.0, ""beta"": 1.0, ""consistency_weight"": 0.0, ""negative_weight"": 0.0, ""simulated_negative_weight"": 0.0}, ""target"": ""VariationalPULoss"", ""weight"": 0.2}}}, ""reconstruction"": {""masserstein"": {""target"": ""MassersteinLoss"", ""weight"": 1.0}}}",276187349,194761695,/home/max/repositories/MSIAutoEncoderWrapper/data/kidney_workspace/models/kidney/vpu-contractive-interaction-20260916-01__task_000008,True,True,/home/max/repositories/MSIAutoEncoderWrapper/data/kidney_workspace/configs/entropy-runs/vpu-contractive-interaction-20260916-01/plan/status/task_000008.yaml,ff133cd42f7af414ee3022e7947f94bcd301e0ce338f93da55895867ef10c9a7,63d67af42e30038bef1fbb98125bd6ccad588380dabc4de668acc50167a34723,dd1841f1ca54c062beddeadf632f9bdba980bd98a2f2f7cb5d7c7cdaa25c3127,True,True,False,vpu_alpha_1_beta_1 (VariationalPULoss),vpu_contractive_contrastive,vpu + contractive + contrastive,3,#E69F00,dashed,D,"{""contractive"": true, ""contrastive"": true, ""family"": ""vpu""}"
vpu_contractive_interaction,candidate,vpu_contractive_interaction/task_000009,task_000009,grid_0001,4,completed,0febc4d4e92e,vpu + contractive + contrastive,molecule_vpu,VariationalPULoss,none,0.2,0.0,{},"{""contrastive"": {""peak_permutation"": {""params"": {""annotation_bin_radius"": 0, ""peak_catalog_limit"": 4096, ""peak_sample_size"": 10000, ""peak_selection_method"": ""permutation_label_invariant"", ""permutation_bank_size"": 7000, ""permutation_selection_attempts"": 64, ""permuted_peaks_per_view"": 3, ""preserve_input_normalization"": true, ""temperature"": 0.07}, ""target"": ""InfoNCELoss"", ""weight"": 0.1}}, ""heads"": {""molecule_vpu"": {""vpu_alpha_1_beta_1"": {""params"": {""alpha"": 1.0, ""beta"": 1.0, ""consistency_weight"": 0.0, ""negative_weight"": 0.0, ""simulated_negative_weight"": 0.0}, ""target"": ""VariationalPULoss"", ""weight"": 0.2}}}, ""reconstruction"": {""masserstein"": {""target"": ""MassersteinLoss"", ""weight"": 1.0}}}",1915557887,1927548799,/home/max/repositories/MSIAutoEncoderWrapper/data/kidney_workspace/models/kidney/vpu-contractive-interaction-20260916-01__task_000009,True,True,/home/max/repositories/MSIAutoEncoderWrapper/data/kidney_workspace/configs/entropy-runs/vpu-contractive-interaction-20260916-01/plan/status/task_000009.yaml,ff133cd42f7af414ee3022e7947f94bcd301e0ce338f93da55895867ef10c9a7,63d67af42e30038bef1fbb98125bd6ccad588380dabc4de668acc50167a34723,dd1841f1ca54c062beddeadf632f9bdba980bd98a2f2f7cb5d7c7cdaa25c3127,True,True,False,vpu_alpha_1_beta_1 (VariationalPULoss),vpu_contractive_contrastive,vpu + contractive + contrastive,3,#E69F00,dashed,D,"{""contractive"": true, ""contrastive"": true, ""family"": ""vpu""}"
vpu_contractive_interaction_expanded,candidate,vpu_contractive_interaction_expanded/task_000000,task_000000,grid_0000,0,completed,476d9ccf6e64,"VPU + contrastive (T=0.01, w=0.1)",molecule_vpu,VariationalPULoss,none,0.2,0.0,{},"{""contrastive"": {""peak_permutation"": {""params"": {""annotation_bin_radius"": 0, ""peak_catalog_limit"": 4096, ""peak_sample_size"": 10000, ""peak_selection_method"": ""permutation_label_invariant"", ""permutation_bank_size"": 7000, ""permutation_selection_attempts"": 64, ""permuted_peaks_per_view"": 3, ""preserve_input_normalization"": true, ""temperature"": 0.01}, ""target"": ""InfoNCELoss"", ""weight"": 0.1}}, ""heads"": {""molecule_vpu"": {""vpu_alpha_1_beta_1"": {""params"": {""alpha"": 1.0, ""beta"": 1.0, ""consistency_weight"": 0.0, ""negative_weight"": 0.0, ""simulated_negative_weight"": 0.0}, ""target"": ""VariationalPULoss"", ""weight"": 0.2}}}, ""reconstruction"": {""masserstein"": {""target"": ""MassersteinLoss"", ""weight"": 1.0}}, ""regularization"": {}}",91154199,32238397,/home/max/repositories/MSIAutoEncoderWrapper/data/kidney_workspace/models/kidney/vpu-contractive-interaction-expanded-20260917-01__task_000000,True,True,/home/max/repositories/MSIAutoEncoderWrapper/data/kidney_workspace/configs/entropy-runs/vpu-contractive-interaction-expanded-20260917-01/plan/status/task_000000.yaml,ff133cd42f7af414ee3022e7947f94bcd301e0ce338f93da55895867ef10c9a7,63d67af42e30038bef1fbb98125bd6ccad588380dabc4de668acc50167a34723,c24ce47aff64cbc1e9788a3af6d9d4ac79fe34eca702d1b86561ca28176b5cea,True,True,False,vpu_alpha_1_beta_1 (VariationalPULoss),vpu_contrastive_t001_w100m,"VPU + contrastive (T=0.01, w=0.1)",4,#009E73,solid,o,"{""contractive"": false, ""contrastive"": true, ""family"": ""vpu"", ""temperature"": 0.01, ""weight"": 0.1}"
vpu_contractive_interaction_expanded,candidate,vpu_contractive_interaction_expanded/task_000001,task_000001,grid_0000,1,completed,476d9ccf6e64,"VPU + contrastive (T=0.01, w=0.1)",molecule_vpu,VariationalPULoss,none,0.2,0.0,{},"{""contrastive"": {""peak_permutation"": {""params"": {""annotation_bin_radius"": 0, ""peak_catalog_limit"": 4096, ""peak_sample_size"": 10000, ""peak_selection_method"": ""permutation_label_invariant"", ""permutation_bank_size"": 7000, ""permutation_selection_attempts"": 64, ""permuted_peaks_per_view"": 3, ""preserve_input_normalization"": true, ""temperature"": 0.01}, ""target"": ""InfoNCELoss"", ""weight"": 0.1}}, ""heads"": {""molecule_vpu"": {""vpu_alpha_1_beta_1"": {""params"": {""alpha"": 1.0, ""beta"": 1.0, ""consistency_weight"": 0.0, ""negative_weight"": 0.0, ""simulated_negative_weight"": 0.0}, ""target"": ""VariationalPULoss"", ""weight"": 0.2}}}, ""reconstruction"": {""masserstein"": {""target"": ""MassersteinLoss"", ""weight"": 1.0}}, ""regularization"": {}}",919377028,892754137,/home/max/repositories/MSIAutoEncoderWrapper/data/kidney_workspace/models/kidney/vpu-contractive-interaction-expanded-20260917-01__task_000001,True,True,/home/max/repositories/MSIAutoEncoderWrapper/data/kidney_workspace/configs/entropy-runs/vpu-contractive-interaction-expanded-20260917-01/plan/status/task_000001.yaml,ff133cd42f7af414ee3022e7947f94bcd301e0ce338f93da55895867ef10c9a7,63d67af42e30038bef1fbb98125bd6ccad588380dabc4de668acc50167a34723,c24ce47aff64cbc1e9788a3af6d9d4ac79fe34eca702d1b86561ca28176b5cea,True,True,False,vpu_alpha_1_beta_1 (VariationalPULoss),vpu_contrastive_t001_w100m,"VPU + contrastive (T=0.01, w=0.1)",4,#009E73,solid,o,"{""contractive"": false, ""contrastive"": true, ""family"": ""vpu"", ""temperature"": 0.01, ""weight"": 0.1}"
vpu_contractive_interaction_expanded,candidate,vpu_contractive_interaction_expanded/task_000002,task_000002,grid_0000,2,completed,476d9ccf6e64,"VPU + contrastive (T=0.01, w=0.1)",molecule_vpu,VariationalPULoss,none,0.2,0.0,{},"{""contrastive"": {""peak_permutation"": {""params"": {""annotation_bin_radius"": 0, ""peak_catalog_limit"": 4096, ""peak_sample_size"": 10000, ""peak_selection_method"": ""permutation_label_invariant"", ""permutation_bank_size"": 7000, ""permutation_selection_attempts"": 64, ""permuted_peaks_per_view"": 3, ""preserve_input_normalization"": true, ""temperature"": 0.01}, ""target"": ""InfoNCELoss"", ""weight"": 0.1}}, ""heads"": {""molecule_vpu"": {""vpu_alpha_1_beta_1"": {""params"": {""alpha"": 1.0, ""beta"": 1.0, ""consistency_weight"": 0.0, ""negative_weight"": 0.0, ""simulated_negative_weight"": 0.0}, ""target"": ""VariationalPULoss"", ""weight"": 0.2}}}, ""reconstruction"": {""masserstein"": {""target"": ""MassersteinLoss"", ""weight"": 1.0}}, ""regularization"": {}}",2136253289,442265914,/home/max/repositories/MSIAutoEncoderWrapper/data/kidney_workspace/models/kidney/vpu-contractive-interaction-expanded-20260917-01__task_000002,True,True,/home/max/repositories/MSIAutoEncoderWrapper/data/kidney_workspace/configs/entropy-runs/vpu-contractive-interaction-expanded-20260917-01/plan/status/task_000002.yaml,ff133cd42f7af414ee3022e7947f94bcd301e0ce338f93da55895867ef10c9a7,63d67af42e30038bef1fbb98125bd6ccad588380dabc4de668acc50167a34723,c24ce47aff64cbc1e9788a3af6d9d4ac79fe34eca702d1b86561ca28176b5cea,True,True,False,vpu_alpha_1_beta_1 (VariationalPULoss),vpu_contrastive_t001_w100m,"VPU + contrastive (T=0.01, w=0.1)",4,#009E73,solid,o,"{""contractive"": false, ""contrastive"": true, ""family"": ""vpu"", ""temperature"": 0.01, ""weight"": 0.1}"
vpu_contractive_interaction_expanded,candidate,vpu_contractive_interaction_expanded/task_000003,task_000003,grid_0000,3,completed,476d9ccf6e64,"VPU + contrastive (T=0.01, w=0.1)",molecule_vpu,VariationalPULoss,none,0.2,0.0,{},"{""contrastive"": {""peak_permutation"": {""params"": {""annotation_bin_radius"": 0, ""peak_catalog_limit"": 4096, ""peak_sample_size"": 10000, ""peak_selection_method"": ""permutation_label_invariant"", ""permutation_bank_size"": 7000, ""permutation_selection_attempts"": 64, ""permuted_peaks_per_view"": 3, ""preserve_input_normalization"": true, ""temperature"": 0.01}, ""target"": ""InfoNCELoss"", ""weight"": 0.1}}, ""heads"": {""molecule_vpu"": {""vpu_alpha_1_beta_1"": {""params"": {""alpha"": 1.0, ""beta"": 1.0, ""consistency_weight"": 0.0, ""negative_weight"": 0.0, ""simulated_negative_weight"": 0.0}, ""target"": ""VariationalPULoss"", ""weight"": 0.2}}}, ""reconstruction"": {""masserstein"": {""target"": ""MassersteinLoss"", ""weight"": 1.0}}, ""regularization"": {}}",276187349,194761695,/home/max/repositories/MSIAutoEncoderWrapper/data/kidney_workspace/models/kidney/vpu-contractive-interaction-expanded-20260917-01__task_000003,True,True,/home/max/repositories/MSIAutoEncoderWrapper/data/kidney_workspace/configs/entropy-runs/vpu-contractive-interaction-expanded-20260917-01/plan/status/task_000003.yaml,ff133cd42f7af414ee3022e7947f94bcd301e0ce338f93da55895867ef10c9a7,63d67af42e30038bef1fbb98125bd6ccad588380dabc4de668acc50167a34723,c24ce47aff64cbc1e9788a3af6d9d4ac79fe34eca702d1b86561ca28176b5cea,True,True,False,vpu_alpha_1_beta_1 (VariationalPULoss),vpu_contrastive_t001_w100m,"VPU + contrastive (T=0.01, w=0.1)",4,#009E73,solid,o,"{""contractive"": false, ""contrastive"": true, ""family"": ""vpu"", ""temperature"": 0.01, ""weight"": 0.1}"
vpu_contractive_interaction_expanded,candidate,vpu_contractive_interaction_expanded/task_000004,task_000004,grid_0000,4,completed,476d9ccf6e64,"VPU + contrastive (T=0.01, w=0.1)",molecule_vpu,VariationalPULoss,none,0.2,0.0,{},"{""contrastive"": {""peak_permutation"": {""params"": {""annotation_bin_radius"": 0, ""peak_catalog_limit"": 4096, ""peak_sample_size"": 10000, ""peak_selection_method"": ""permutation_label_invariant"", ""permutation_bank_size"": 7000, ""permutation_selection_attempts"": 64, ""permuted_peaks_per_view"": 3, ""preserve_input_normalization"": true, ""temperature"": 0.01}, ""target"": ""InfoNCELoss"", ""weight"": 0.1}}, ""heads"": {""molecule_vpu"": {""vpu_alpha_1_beta_1"": {""params"": {""alpha"": 1.0, ""beta"": 1.0, ""consistency_weight"": 0.0, ""negative_weight"": 0.0, ""simulated_negative_weight"": 0.0}, ""target"": ""VariationalPULoss"", ""weight"": 0.2}}}, ""reconstruction"": {""masserstein"": {""target"": ""MassersteinLoss"", ""weight"": 1.0}}, ""regularization"": {}}",1915557887,1927548799,/home/max/repositories/MSIAutoEncoderWrapper/data/kidney_workspace/models/kidney/vpu-contractive-interaction-expanded-20260917-01__task_000004,True,True,/home/max/repositories/MSIAutoEncoderWrapper/data/kidney_workspace/configs/entropy-runs/vpu-contractive-interaction-expanded-20260917-01/plan/status/task_000004.yaml,ff133cd42f7af414ee3022e7947f94bcd301e0ce338f93da55895867ef10c9a7,63d67af42e30038bef1fbb98125bd6ccad588380dabc4de668acc50167a34723,c24ce47aff64cbc1e9788a3af6d9d4ac79fe34eca702d1b86561ca28176b5cea,True,True,False,vpu_alpha_1_beta_1 (VariationalPULoss),vpu_contrastive_t001_w100m,"VPU + contrastive (T=0.01, w=0.1)",4,#009E73,solid,o,"{""contractive"": false, ""contrastive"": true, ""family"": ""vpu"", ""temperature"": 0.01, ""weight"": 0.1}"
vpu_contractive_interaction_expanded,candidate,vpu_contractive_interaction_expanded/task_000005,task_000005,grid_0001,0,completed,7f754ff85ec6,"VPU + contractive + contrastive (T=0.01, w=0.1)",molecule_vpu,VariationalPULoss,none,0.2,0.0,{},"{""contrastive"": {""peak_permutation"": {""params"": {""annotation_bin_radius"": 0, ""peak_catalog_limit"": 4096, ""peak_sample_size"": 10000, ""peak_selection_method"": ""permutation_label_invariant"", ""permutation_bank_size"": 7000, ""permutation_selection_attempts"": 64, ""permuted_peaks_per_view"": 3, ""preserve_input_normalization"": true, ""temperature"": 0.01}, ""target"": ""InfoNCELoss"", ""weight"": 0.1}}, ""heads"": {""molecule_vpu"": {""vpu_alpha_1_beta_1"": {""params"": {""alpha"": 1.0, ""beta"": 1.0, ""consistency_weight"": 0.0, ""negative_weight"": 0.0, ""simulated_negative_weight"": 0.0}, ""target"": ""VariationalPULoss"", ""weight"": 0.2}}}, ""reconstruction"": {""masserstein"": {""target"": ""MassersteinLoss"", ""weight"": 1.0}}, ""regularization"": {""contractive"": {""params"": {""calculation_method"": ""exact_autograd_jacobian"", ""hinge_alpha"": 2.0, ""hinge_threshold"": 7.0, ""input_geometry"": ""fisher_rao"", ""latent_source"": ""auto"", ""penalized_space"": ""u"", ""penalty_metric"": ""spectral_plus_hinged""}, ""target"": ""ContractiveLoss"", ""weight"": 0.002}}}",91154199,32238397,/home/max/repositories/MSIAutoEncoderWrapper/data/kidney_workspace/models/kidney/vpu-contractive-interaction-expanded-20260917-01__task_000005,True,True,/home/max/repositories/MSIAutoEncoderWrapper/data/kidney_workspace/configs/entropy-runs/vpu-contractive-interaction-expanded-20260917-01/plan/status/task_000005.yaml,ff133cd42f7af414ee3022e7947f94bcd301e0ce338f93da55895867ef10c9a7,63d67af42e30038bef1fbb98125bd6ccad588380dabc4de668acc50167a34723,7ad3bc6a35568221c9cf163c52e9d2d4ec7c49ac672a25543d745ae95c6cbf97,True,True,False,vpu_alpha_1_beta_1 (VariationalPULoss),vpu_contractive_contrastive_t001_w100m,"VPU + contractive + contrastive (T=0.01, w=0.1)",5,#009E73,dashed,o,"{""contractive"": true, ""contrastive"": true, ""family"": ""vpu"", ""temperature"": 0.01, ""weight"": 0.1}"
vpu_contractive_interaction_expanded,candidate,vpu_contractive_interaction_expanded/task_000006,task_000006,grid_0001,1,completed,7f754ff85ec6,"VPU + contractive + contrastive (T=0.01, w=0.1)",molecule_vpu,VariationalPULoss,none,0.2,0.0,{},"{""contrastive"": {""peak_permutation"": {""params"": {""annotation_bin_radius"": 0, ""peak_catalog_limit"": 4096, ""peak_sample_size"": 10000, ""peak_selection_method"": ""permutation_label_invariant"", ""permutation_bank_size"": 7000, ""permutation_selection_attempts"": 64, ""permuted_peaks_per_view"": 3, ""preserve_input_normalization"": true, ""temperature"": 0.01}, ""target"": ""InfoNCELoss"", ""weight"": 0.1}}, ""heads"": {""molecule_vpu"": {""vpu_alpha_1_beta_1"": {""params"": {""alpha"": 1.0, ""beta"": 1.0, ""consistency_weight"": 0.0, ""negative_weight"": 0.0, ""simulated_negative_weight"": 0.0}, ""target"": ""VariationalPULoss"", ""weight"": 0.2}}}, ""reconstruction"": {""masserstein"": {""target"": ""MassersteinLoss"", ""weight"": 1.0}}, ""regularization"": {""contractive"": {""params"": {""calculation_method"": ""exact_autograd_jacobian"", ""hinge_alpha"": 2.0, ""hinge_threshold"": 7.0, ""input_geometry"": ""fisher_rao"", ""latent_source"": ""auto"", ""penalized_space"": ""u"", ""penalty_metric"": ""spectral_plus_hinged""}, ""target"": ""ContractiveLoss"", ""weight"": 0.002}}}",919377028,892754137,/home/max/repositories/MSIAutoEncoderWrapper/data/kidney_workspace/models/kidney/vpu-contractive-interaction-expanded-20260917-01__task_000006,True,True,/home/max/repositories/MSIAutoEncoderWrapper/data/kidney_workspace/configs/entropy-runs/vpu-contractive-interaction-expanded-20260917-01/plan/status/task_000006.yaml,ff133cd42f7af414ee3022e7947f94bcd301e0ce338f93da55895867ef10c9a7,63d67af42e30038bef1fbb98125bd6ccad588380dabc4de668acc50167a34723,7ad3bc6a35568221c9cf163c52e9d2d4ec7c49ac672a25543d745ae95c6cbf97,True,True,False,vpu_alpha_1_beta_1 (VariationalPULoss),vpu_contractive_contrastive_t001_w100m,"VPU + contractive + contrastive (T=0.01, w=0.1)",5,#009E73,dashed,o,"{""contractive"": true, ""contrastive"": true, ""family"": ""vpu"", ""temperature"": 0.01, ""weight"": 0.1}"
vpu_contractive_interaction_expanded,candidate,vpu_contractive_interaction_expanded/task_000007,task_000007,grid_0001,2,completed,7f754ff85ec6,"VPU + contractive + contrastive (T=0.01, w=0.1)",molecule_vpu,VariationalPULoss,none,0.2,0.0,{},"{""contrastive"": {""peak_permutation"": {""params"": {""annotation_bin_radius"": 0, ""peak_catalog_limit"": 4096, ""peak_sample_size"": 10000, ""peak_selection_method"": ""permutation_label_invariant"", ""permutation_bank_size"": 7000, ""permutation_selection_attempts"": 64, ""permuted_peaks_per_view"": 3, ""preserve_input_normalization"": true, ""temperature"": 0.01}, ""target"": ""InfoNCELoss"", ""weight"": 0.1}}, ""heads"": {""molecule_vpu"": {""vpu_alpha_1_beta_1"": {""params"": {""alpha"": 1.0, ""beta"": 1.0, ""consistency_weight"": 0.0, ""negative_weight"": 0.0, ""simulated_negative_weight"": 0.0}, ""target"": ""VariationalPULoss"", ""weight"": 0.2}}}, ""reconstruction"": {""masserstein"": {""target"": ""MassersteinLoss"", ""weight"": 1.0}}, ""regularization"": {""contractive"": {""params"": {""calculation_method"": ""exact_autograd_jacobian"", ""hinge_alpha"": 2.0, ""hinge_threshold"": 7.0, ""input_geometry"": ""fisher_rao"", ""latent_source"": ""auto"", ""penalized_space"": ""u"", ""penalty_metric"": ""spectral_plus_hinged""}, ""target"": ""ContractiveLoss"", ""weight"": 0.002}}}",2136253289,442265914,/home/max/repositories/MSIAutoEncoderWrapper/data/kidney_workspace/models/kidney/vpu-contractive-interaction-expanded-20260917-01__task_000007,True,True,/home/max/repositories/MSIAutoEncoderWrapper/data/kidney_workspace/configs/entropy-runs/vpu-contractive-interaction-expanded-20260917-01/plan/status/task_000007.yaml,ff133cd42f7af414ee3022e7947f94bcd301e0ce338f93da55895867ef10c9a7,63d67af42e30038bef1fbb98125bd6ccad588380dabc4de668acc50167a34723,7ad3bc6a35568221c9cf163c52e9d2d4ec7c49ac672a25543d745ae95c6cbf97,True,True,False,vpu_alpha_1_beta_1 (VariationalPULoss),vpu_contractive_contrastive_t001_w100m,"VPU + contractive + contrastive (T=0.01, w=0.1)",5,#009E73,dashed,o,"{""contractive"": true, ""contrastive"": true, ""family"": ""vpu"", ""temperature"": 0.01, ""weight"": 0.1}"
vpu_contractive_interaction_expanded,candidate,vpu_contractive_interaction_expanded/task_000008,task_000008,grid_0001,3,completed,7f754ff85ec6,"VPU + contractive + contrastive (T=0.01, w=0.1)",molecule_vpu,VariationalPULoss,none,0.2,0.0,{},"{""contrastive"": {""peak_permutation"": {""params"": {""annotation_bin_radius"": 0, ""peak_catalog_limit"": 4096, ""peak_sample_size"": 10000, ""peak_selection_method"": ""permutation_label_invariant"", ""permutation_bank_size"": 7000, ""permutation_selection_attempts"": 64, ""permuted_peaks_per_view"": 3, ""preserve_input_normalization"": true, ""temperature"": 0.01}, ""target"": ""InfoNCELoss"", ""weight"": 0.1}}, ""heads"": {""molecule_vpu"": {""vpu_alpha_1_beta_1"": {""params"": {""alpha"": 1.0, ""beta"": 1.0, ""consistency_weight"": 0.0, ""negative_weight"": 0.0, ""simulated_negative_weight"": 0.0}, ""target"": ""VariationalPULoss"", ""weight"": 0.2}}}, ""reconstruction"": {""masserstein"": {""target"": ""MassersteinLoss"", ""weight"": 1.0}}, ""regularization"": {""contractive"": {""params"": {""calculation_method"": ""exact_autograd_jacobian"", ""hinge_alpha"": 2.0, ""hinge_threshold"": 7.0, ""input_geometry"": ""fisher_rao"", ""latent_source"": ""auto"", ""penalized_space"": ""u"", ""penalty_metric"": ""spectral_plus_hinged""}, ""target"": ""ContractiveLoss"", ""weight"": 0.002}}}",276187349,194761695,/home/max/repositories/MSIAutoEncoderWrapper/data/kidney_workspace/models/kidney/vpu-contractive-interaction-expanded-20260917-01__task_000008,True,True,/home/max/repositories/MSIAutoEncoderWrapper/data/kidney_workspace/configs/entropy-runs/vpu-contractive-interaction-expanded-20260917-01/plan/status/task_000008.yaml,ff133cd42f7af414ee3022e7947f94bcd301e0ce338f93da55895867ef10c9a7,63d67af42e30038bef1fbb98125bd6ccad588380dabc4de668acc50167a34723,7ad3bc6a35568221c9cf163c52e9d2d4ec7c49ac672a25543d745ae95c6cbf97,True,True,False,vpu_alpha_1_beta_1 (VariationalPULoss),vpu_contractive_contrastive_t001_w100m,"VPU + contractive + contrastive (T=0.01, w=0.1)",5,#009E73,dashed,o,"{""contractive"": true, ""contrastive"": true, ""family"": ""vpu"", ""temperature"": 0.01, ""weight"": 0.1}"
vpu_contractive_interaction_expanded,candidate,vpu_contractive_interaction_expanded/task_000009,task_000009,grid_0001,4,completed,7f754ff85ec6,"VPU + contractive + contrastive (T=0.01, w=0.1)",molecule_vpu,VariationalPULoss,none,0.2,0.0,{},"{""contrastive"": {""peak_permutation"": {""params"": {""annotation_bin_radius"": 0, ""peak_catalog_limit"": 4096, ""peak_sample_size"": 10000, ""peak_selection_method"": ""permutation_label_invariant"", ""permutation_bank_size"": 7000, ""permutation_selection_attempts"": 64, ""permuted_peaks_per_view"": 3, ""preserve_input_normalization"": true, ""temperature"": 0.01}, ""target"": ""InfoNCELoss"", ""weight"": 0.1}}, ""heads"": {""molecule_vpu"": {""vpu_alpha_1_beta_1"": {""params"": {""alpha"": 1.0, ""beta"": 1.0, ""consistency_weight"": 0.0, ""negative_weight"": 0.0, ""simulated_negative_weight"": 0.0}, ""target"": ""VariationalPULoss"", ""weight"": 0.2}}}, ""reconstruction"": {""masserstein"": {""target"": ""MassersteinLoss"", ""weight"": 1.0}}, ""regularization"": {""contractive"": {""params"": {""calculation_method"": ""exact_autograd_jacobian"", ""hinge_alpha"": 2.0, ""hinge_threshold"": 7.0, ""input_geometry"": ""fisher_rao"", ""latent_source"": ""auto"", ""penalized_space"": ""u"", ""penalty_metric"": ""spectral_plus_hinged""}, ""target"": ""ContractiveLoss"", ""weight"": 0.002}}}",1915557887,1927548799,/home/max/repositories/MSIAutoEncoderWrapper/data/kidney_workspace/models/kidney/vpu-contractive-interaction-expanded-20260917-01__task_000009,True,True,/home/max/repositories/MSIAutoEncoderWrapper/data/kidney_workspace/configs/entropy-runs/vpu-contractive-interaction-expanded-20260917-01/plan/status/task_000009.yaml,ff133cd42f7af414ee3022e7947f94bcd301e0ce338f93da55895867ef10c9a7,63d67af42e30038bef1fbb98125bd6ccad588380dabc4de668acc50167a34723,7ad3bc6a35568221c9cf163c52e9d2d4ec7c49ac672a25543d745ae95c6cbf97,True,True,False,vpu_alpha_1_beta_1 (VariationalPULoss),vpu_contractive_contrastive_t001_w100m,"VPU + contractive + contrastive (T=0.01, w=0.1)",5,#009E73,dashed,o,"{""contractive"": true, ""contrastive"": true, ""family"": ""vpu"", ""temperature"": 0.01, ""weight"": 0.1}"
vpu_contractive_interaction_expanded,candidate,vpu_contractive_interaction_expanded/task_000010,task_000010,grid_0002,0,completed,6c55d8a3aae8,"VPU + contrastive (T=0.01, w=0.01)",molecule_vpu,VariationalPULoss,none,0.2,0.0,{},"{""contrastive"": {""peak_permutation"": {""params"": {""annotation_bin_radius"": 0, ""peak_catalog_limit"": 4096, ""peak_sample_size"": 10000, ""peak_selection_method"": ""permutation_label_invariant"", ""permutation_bank_size"": 7000, ""permutation_selection_attempts"": 64, ""permuted_peaks_per_view"": 3, ""preserve_input_normalization"": true, ""temperature"": 0.01}, ""target"": ""InfoNCELoss"", ""weight"": 0.01}}, ""heads"": {""molecule_vpu"": {""vpu_alpha_1_beta_1"": {""params"": {""alpha"": 1.0, ""beta"": 1.0, ""consistency_weight"": 0.0, ""negative_weight"": 0.0, ""simulated_negative_weight"": 0.0}, ""target"": ""VariationalPULoss"", ""weight"": 0.2}}}, ""reconstruction"": {""masserstein"": {""target"": ""MassersteinLoss"", ""weight"": 1.0}}, ""regularization"": {}}",91154199,32238397,/home/max/repositories/MSIAutoEncoderWrapper/data/kidney_workspace/models/kidney/vpu-contractive-interaction-expanded-20260917-01__task_000010,True,True,/home/max/repositories/MSIAutoEncoderWrapper/data/kidney_workspace/configs/entropy-runs/vpu-contractive-interaction-expanded-20260917-01/plan/status/task_000010.yaml,ff133cd42f7af414ee3022e7947f94bcd301e0ce338f93da55895867ef10c9a7,63d67af42e30038bef1fbb98125bd6ccad588380dabc4de668acc50167a34723,e4efd4564af696c367333fa0846c9ba85ce3b5f34ccb9cc6e138eb77d6872bd1,True,True,False,vpu_alpha_1_beta_1 (VariationalPULoss),vpu_contrastive_t001_w10m,"VPU + contrastive (T=0.01, w=0.01)",6,#009E73,solid,s,"{""contractive"": false, ""contrastive"": true, ""family"": ""vpu"", ""temperature"": 0.01, ""weight"": 0.01}"
vpu_contractive_interaction_expanded,candidate,vpu_contractive_interaction_expanded/task_000011,task_000011,grid_0002,1,completed,6c55d8a3aae8,"VPU + contrastive (T=0.01, w=0.01)",molecule_vpu,VariationalPULoss,none,0.2,0.0,{},"{""contrastive"": {""peak_permutation"": {""params"": {""annotation_bin_radius"": 0, ""peak_catalog_limit"": 4096, ""peak_sample_size"": 10000, ""peak_selection_method"": ""permutation_label_invariant"", ""permutation_bank_size"": 7000, ""permutation_selection_attempts"": 64, ""permuted_peaks_per_view"": 3, ""preserve_input_normalization"": true, ""temperature"": 0.01}, ""target"": ""InfoNCELoss"", ""weight"": 0.01}}, ""heads"": {""molecule_vpu"": {""vpu_alpha_1_beta_1"": {""params"": {""alpha"": 1.0, ""beta"": 1.0, ""consistency_weight"": 0.0, ""negative_weight"": 0.0, ""simulated_negative_weight"": 0.0}, ""target"": ""VariationalPULoss"", ""weight"": 0.2}}}, ""reconstruction"": {""masserstein"": {""target"": ""MassersteinLoss"", ""weight"": 1.0}}, ""regularization"": {}}",919377028,892754137,/home/max/repositories/MSIAutoEncoderWrapper/data/kidney_workspace/models/kidney/vpu-contractive-interaction-expanded-20260917-01__task_000011,True,True,/home/max/repositories/MSIAutoEncoderWrapper/data/kidney_workspace/configs/entropy-runs/vpu-contractive-interaction-expanded-20260917-01/plan/status/task_000011.yaml,ff133cd42f7af414ee3022e7947f94bcd301e0ce338f93da55895867ef10c9a7,63d67af42e30038bef1fbb98125bd6ccad588380dabc4de668acc50167a34723,e4efd4564af696c367333fa0846c9ba85ce3b5f34ccb9cc6e138eb77d6872bd1,True,True,False,vpu_alpha_1_beta_1 (VariationalPULoss),vpu_contrastive_t001_w10m,"VPU + contrastive (T=0.01, w=0.01)",6,#009E73,solid,s,"{""contractive"": false, ""contrastive"": true, ""family"": ""vpu"", ""temperature"": 0.01, ""weight"": 0.01}"
vpu_contractive_interaction_expanded,candidate,vpu_contractive_interaction_expanded/task_000012,task_000012,grid_0002,2,completed,6c55d8a3aae8,"VPU + contrastive (T=0.01, w=0.01)",molecule_vpu,VariationalPULoss,none,0.2,0.0,{},"{""contrastive"": {""peak_permutation"": {""params"": {""annotation_bin_radius"": 0, ""peak_catalog_limit"": 4096, ""peak_sample_size"": 10000, ""peak_selection_method"": ""permutation_label_invariant"", ""permutation_bank_size"": 7000, ""permutation_selection_attempts"": 64, ""permuted_peaks_per_view"": 3, ""preserve_input_normalization"": true, ""temperature"": 0.01}, ""target"": ""InfoNCELoss"", ""weight"": 0.01}}, ""heads"": {""molecule_vpu"": {""vpu_alpha_1_beta_1"": {""params"": {""alpha"": 1.0, ""beta"": 1.0, ""consistency_weight"": 0.0, ""negative_weight"": 0.0, ""simulated_negative_weight"": 0.0}, ""target"": ""VariationalPULoss"", ""weight"": 0.2}}}, ""reconstruction"": {""masserstein"": {""target"": ""MassersteinLoss"", ""weight"": 1.0}}, ""regularization"": {}}",2136253289,442265914,/home/max/repositories/MSIAutoEncoderWrapper/data/kidney_workspace/models/kidney/vpu-contractive-interaction-expanded-20260917-01__task_000012,True,True,/home/max/repositories/MSIAutoEncoderWrapper/data/kidney_workspace/configs/entropy-runs/vpu-contractive-interaction-expanded-20260917-01/plan/status/task_000012.yaml,ff133cd42f7af414ee3022e7947f94bcd301e0ce338f93da55895867ef10c9a7,63d67af42e30038bef1fbb98125bd6ccad588380dabc4de668acc50167a34723,e4efd4564af696c367333fa0846c9ba85ce3b5f34ccb9cc6e138eb77d6872bd1,True,True,False,vpu_alpha_1_beta_1 (VariationalPULoss),vpu_contrastive_t001_w10m,"VPU + contrastive (T=0.01, w=0.01)",6,#009E73,solid,s,"{""contractive"": false, ""contrastive"": true, ""family"": ""vpu"", ""temperature"": 0.01, ""weight"": 0.01}"
vpu_contractive_interaction_expanded,candidate,vpu_contractive_interaction_expanded/task_000013,task_000013,grid_0002,3,completed,6c55d8a3aae8,"VPU + contrastive (T=0.01, w=0.01)",molecule_vpu,VariationalPULoss,none,0.2,0.0,{},"{""contrastive"": {""peak_permutation"": {""params"": {""annotation_bin_radius"": 0, ""peak_catalog_limit"": 4096, ""peak_sample_size"": 10000, ""peak_selection_method"": ""permutation_label_invariant"", ""permutation_bank_size"": 7000, ""permutation_selection_attempts"": 64, ""permuted_peaks_per_view"": 3, ""preserve_input_normalization"": true, ""temperature"": 0.01}, ""target"": ""InfoNCELoss"", ""weight"": 0.01}}, ""heads"": {""molecule_vpu"": {""vpu_alpha_1_beta_1"": {""params"": {""alpha"": 1.0, ""beta"": 1.0, ""consistency_weight"": 0.0, ""negative_weight"": 0.0, ""simulated_negative_weight"": 0.0}, ""target"": ""VariationalPULoss"", ""weight"": 0.2}}}, ""reconstruction"": {""masserstein"": {""target"": ""MassersteinLoss"", ""weight"": 1.0}}, ""regularization"": {}}",276187349,194761695,/home/max/repositories/MSIAutoEncoderWrapper/data/kidney_workspace/models/kidney/vpu-contractive-interaction-expanded-20260917-01__task_000013,True,True,/home/max/repositories/MSIAutoEncoderWrapper/data/kidney_workspace/configs/entropy-runs/vpu-contractive-interaction-expanded-20260917-01/plan/status/task_000013.yaml,ff133cd42f7af414ee3022e7947f94bcd301e0ce338f93da55895867ef10c9a7,63d67af42e30038bef1fbb98125bd6ccad588380dabc4de668acc50167a34723,e4efd4564af696c367333fa0846c9ba85ce3b5f34ccb9cc6e138eb77d6872bd1,True,True,False,vpu_alpha_1_beta_1 (VariationalPULoss),vpu_contrastive_t001_w10m,"VPU + contrastive (T=0.01, w=0.01)",6,#009E73,solid,s,"{""contractive"": false, ""contrastive"": true, ""family"": ""vpu"", ""temperature"": 0.01, ""weight"": 0.01}"
vpu_contractive_interaction_expanded,candidate,vpu_contractive_interaction_expanded/task_000014,task_000014,grid_0002,4,completed,6c55d8a3aae8,"VPU + contrastive (T=0.01, w=0.01)",molecule_vpu,VariationalPULoss,none,0.2,0.0,{},"{""contrastive"": {""peak_permutation"": {""params"": {""annotation_bin_radius"": 0, ""peak_catalog_limit"": 4096, ""peak_sample_size"": 10000, ""peak_selection_method"": ""permutation_label_invariant"", ""permutation_bank_size"": 7000, ""permutation_selection_attempts"": 64, ""permuted_peaks_per_view"": 3, ""preserve_input_normalization"": true, ""temperature"": 0.01}, ""target"": ""InfoNCELoss"", ""weight"": 0.01}}, ""heads"": {""molecule_vpu"": {""vpu_alpha_1_beta_1"": {""params"": {""alpha"": 1.0, ""beta"": 1.0, ""consistency_weight"": 0.0, ""negative_weight"": 0.0, ""simulated_negative_weight"": 0.0}, ""target"": ""VariationalPULoss"", ""weight"": 0.2}}}, ""reconstruction"": {""masserstein"": {""target"": ""MassersteinLoss"", ""weight"": 1.0}}, ""regularization"": {}}",1915557887,1927548799,/home/max/repositories/MSIAutoEncoderWrapper/data/kidney_workspace/models/kidney/vpu-contractive-interaction-expanded-20260917-01__task_000014,True,True,/home/max/repositories/MSIAutoEncoderWrapper/data/kidney_workspace/configs/entropy-runs/vpu-contractive-interaction-expanded-20260917-01/plan/status/task_000014.yaml,ff133cd42f7af414ee3022e7947f94bcd301e0ce338f93da55895867ef10c9a7,63d67af42e30038bef1fbb98125bd6ccad588380dabc4de668acc50167a34723,e4efd4564af696c367333fa0846c9ba85ce3b5f34ccb9cc6e138eb77d6872bd1,True,True,False,vpu_alpha_1_beta_1 (VariationalPULoss),vpu_contrastive_t001_w10m,"VPU + contrastive (T=0.01, w=0.01)",6,#009E73,solid,s,"{""contractive"": false, ""contrastive"": true, ""family"": ""vpu"", ""temperature"": 0.01, ""weight"": 0.01}"
vpu_contractive_interaction_expanded,candidate,vpu_contractive_interaction_expanded/task_000015,task_000015,grid_0003,0,completed,f2bbcd64ccd8,"VPU + contractive + contrastive (T=0.01, w=0.01)",molecule_vpu,VariationalPULoss,none,0.2,0.0,{},"{""contrastive"": {""peak_permutation"": {""params"": {""annotation_bin_radius"": 0, ""peak_catalog_limit"": 4096, ""peak_sample_size"": 10000, ""peak_selection_method"": ""permutation_label_invariant"", ""permutation_bank_size"": 7000, ""permutation_selection_attempts"": 64, ""permuted_peaks_per_view"": 3, ""preserve_input_normalization"": true, ""temperature"": 0.01}, ""target"": ""InfoNCELoss"", ""weight"": 0.01}}, ""heads"": {""molecule_vpu"": {""vpu_alpha_1_beta_1"": {""params"": {""alpha"": 1.0, ""beta"": 1.0, ""consistency_weight"": 0.0, ""negative_weight"": 0.0, ""simulated_negative_weight"": 0.0}, ""target"": ""VariationalPULoss"", ""weight"": 0.2}}}, ""reconstruction"": {""masserstein"": {""target"": ""MassersteinLoss"", ""weight"": 1.0}}, ""regularization"": {""contractive"": {""params"": {""calculation_method"": ""exact_autograd_jacobian"", ""hinge_alpha"": 2.0, ""hinge_threshold"": 7.0, ""input_geometry"": ""fisher_rao"", ""latent_source"": ""auto"", ""penalized_space"": ""u"", ""penalty_metric"": ""spectral_plus_hinged""}, ""target"": ""ContractiveLoss"", ""weight"": 0.002}}}",91154199,32238397,/home/max/repositories/MSIAutoEncoderWrapper/data/kidney_workspace/models/kidney/vpu-contractive-interaction-expanded-20260917-01__task_000015,True,True,/home/max/repositories/MSIAutoEncoderWrapper/data/kidney_workspace/configs/entropy-runs/vpu-contractive-interaction-expanded-20260917-01/plan/status/task_000015.yaml,ff133cd42f7af414ee3022e7947f94bcd301e0ce338f93da55895867ef10c9a7,63d67af42e30038bef1fbb98125bd6ccad588380dabc4de668acc50167a34723,12b514b119a16f4c84a8ff6ba48745aa9e9e21bed5fb748d8ebe3c3f650b246c,True,True,False,vpu_alpha_1_beta_1 (VariationalPULoss),vpu_contractive_contrastive_t001_w10m,"VPU + contractive + contrastive (T=0.01, w=0.01)",7,#009E73,dashed,s,"{""contractive"": true, ""contrastive"": true, ""family"": ""vpu"", ""temperature"": 0.01, ""weight"": 0.01}"
vpu_contractive_interaction_expanded,candidate,vpu_contractive_interaction_expanded/task_000016,task_000016,grid_0003,1,completed,f2bbcd64ccd8,"VPU + contractive + contrastive (T=0.01, w=0.01)",molecule_vpu,VariationalPULoss,none,0.2,0.0,{},"{""contrastive"": {""peak_permutation"": {""params"": {""annotation_bin_radius"": 0, ""peak_catalog_limit"": 4096, ""peak_sample_size"": 10000, ""peak_selection_method"": ""permutation_label_invariant"", ""permutation_bank_size"": 7000, ""permutation_selection_attempts"": 64, ""permuted_peaks_per_view"": 3, ""preserve_input_normalization"": true, ""temperature"": 0.01}, ""target"": ""InfoNCELoss"", ""weight"": 0.01}}, ""heads"": {""molecule_vpu"": {""vpu_alpha_1_beta_1"": {""params"": {""alpha"": 1.0, ""beta"": 1.0, ""consistency_weight"": 0.0, ""negative_weight"": 0.0, ""simulated_negative_weight"": 0.0}, ""target"": ""VariationalPULoss"", ""weight"": 0.2}}}, ""reconstruction"": {""masserstein"": {""target"": ""MassersteinLoss"", ""weight"": 1.0}}, ""regularization"": {""contractive"": {""params"": {""calculation_method"": ""exact_autograd_jacobian"", ""hinge_alpha"": 2.0, ""hinge_threshold"": 7.0, ""input_geometry"": ""fisher_rao"", ""latent_source"": ""auto"", ""penalized_space"": ""u"", ""penalty_metric"": ""spectral_plus_hinged""}, ""target"": ""ContractiveLoss"", ""weight"": 0.002}}}",919377028,892754137,/home/max/repositories/MSIAutoEncoderWrapper/data/kidney_workspace/models/kidney/vpu-contractive-interaction-expanded-20260917-01__task_000016,True,True,/home/max/repositories/MSIAutoEncoderWrapper/data/kidney_workspace/configs/entropy-runs/vpu-contractive-interaction-expanded-20260917-01/plan/status/task_000016.yaml,ff133cd42f7af414ee3022e7947f94bcd301e0ce338f93da55895867ef10c9a7,63d67af42e30038bef1fbb98125bd6ccad588380dabc4de668acc50167a34723,12b514b119a16f4c84a8ff6ba48745aa9e9e21bed5fb748d8ebe3c3f650b246c,True,True,False,vpu_alpha_1_beta_1 (VariationalPULoss),vpu_contractive_contrastive_t001_w10m,"VPU + contractive + contrastive (T=0.01, w=0.01)",7,#009E73,dashed,s,"{""contractive"": true, ""contrastive"": true, ""family"": ""vpu"", ""temperature"": 0.01, ""weight"": 0.01}"
vpu_contractive_interaction_expanded,candidate,vpu_contractive_interaction_expanded/task_000017,task_000017,grid_0003,2,completed,f2bbcd64ccd8,"VPU + contractive + contrastive (T=0.01, w=0.01)",molecule_vpu,VariationalPULoss,none,0.2,0.0,{},"{""contrastive"": {""peak_permutation"": {""params"": {""annotation_bin_radius"": 0, ""peak_catalog_limit"": 4096, ""peak_sample_size"": 10000, ""peak_selection_method"": ""permutation_label_invariant"", ""permutation_bank_size"": 7000, ""permutation_selection_attempts"": 64, ""permuted_peaks_per_view"": 3, ""preserve_input_normalization"": true, ""temperature"": 0.01}, ""target"": ""InfoNCELoss"", ""weight"": 0.01}}, ""heads"": {""molecule_vpu"": {""vpu_alpha_1_beta_1"": {""params"": {""alpha"": 1.0, ""beta"": 1.0, ""consistency_weight"": 0.0, ""negative_weight"": 0.0, ""simulated_negative_weight"": 0.0}, ""target"": ""VariationalPULoss"", ""weight"": 0.2}}}, ""reconstruction"": {""masserstein"": {""target"": ""MassersteinLoss"", ""weight"": 1.0}}, ""regularization"": {""contractive"": {""params"": {""calculation_method"": ""exact_autograd_jacobian"", ""hinge_alpha"": 2.0, ""hinge_threshold"": 7.0, ""input_geometry"": ""fisher_rao"", ""latent_source"": ""auto"", ""penalized_space"": ""u"", ""penalty_metric"": ""spectral_plus_hinged""}, ""target"": ""ContractiveLoss"", ""weight"": 0.002}}}",2136253289,442265914,/home/max/repositories/MSIAutoEncoderWrapper/data/kidney_workspace/models/kidney/vpu-contractive-interaction-expanded-20260917-01__task_000017,True,True,/home/max/repositories/MSIAutoEncoderWrapper/data/kidney_workspace/configs/entropy-runs/vpu-contractive-interaction-expanded-20260917-01/plan/status/task_000017.yaml,ff133cd42f7af414ee3022e7947f94bcd301e0ce338f93da55895867ef10c9a7,63d67af42e30038bef1fbb98125bd6ccad588380dabc4de668acc50167a34723,12b514b119a16f4c84a8ff6ba48745aa9e9e21bed5fb748d8ebe3c3f650b246c,True,True,False,vpu_alpha_1_beta_1 (VariationalPULoss),vpu_contractive_contrastive_t001_w10m,"VPU + contractive + contrastive (T=0.01, w=0.01)",7,#009E73,dashed,s,"{""contractive"": true, ""contrastive"": true, ""family"": ""vpu"", ""temperature"": 0.01, ""weight"": 0.01}"
vpu_contractive_interaction_expanded,candidate,vpu_contractive_interaction_expanded/task_000018,task_000018,grid_0003,3,completed,f2bbcd64ccd8,"VPU + contractive + contrastive (T=0.01, w=0.01)",molecule_vpu,VariationalPULoss,none,0.2,0.0,{},"{""contrastive"": {""peak_permutation"": {""params"": {""annotation_bin_radius"": 0, ""peak_catalog_limit"": 4096, ""peak_sample_size"": 10000, ""peak_selection_method"": ""permutation_label_invariant"", ""permutation_bank_size"": 7000, ""permutation_selection_attempts"": 64, ""permuted_peaks_per_view"": 3, ""preserve_input_normalization"": true, ""temperature"": 0.01}, ""target"": ""InfoNCELoss"", ""weight"": 0.01}}, ""heads"": {""molecule_vpu"": {""vpu_alpha_1_beta_1"": {""params"": {""alpha"": 1.0, ""beta"": 1.0, ""consistency_weight"": 0.0, ""negative_weight"": 0.0, ""simulated_negative_weight"": 0.0}, ""target"": ""VariationalPULoss"", ""weight"": 0.2}}}, ""reconstruction"": {""masserstein"": {""target"": ""MassersteinLoss"", ""weight"": 1.0}}, ""regularization"": {""contractive"": {""params"": {""calculation_method"": ""exact_autograd_jacobian"", ""hinge_alpha"": 2.0, ""hinge_threshold"": 7.0, ""input_geometry"": ""fisher_rao"", ""latent_source"": ""auto"", ""penalized_space"": ""u"", ""penalty_metric"": ""spectral_plus_hinged""}, ""target"": ""ContractiveLoss"", ""weight"": 0.002}}}",276187349,194761695,/home/max/repositories/MSIAutoEncoderWrapper/data/kidney_workspace/models/kidney/vpu-contractive-interaction-expanded-20260917-01__task_000018,True,True,/home/max/repositories/MSIAutoEncoderWrapper/data/kidney_workspace/configs/entropy-runs/vpu-contractive-interaction-expanded-20260917-01/plan/status/task_000018.yaml,ff133cd42f7af414ee3022e7947f94bcd301e0ce338f93da55895867ef10c9a7,63d67af42e30038bef1fbb98125bd6ccad588380dabc4de668acc50167a34723,12b514b119a16f4c84a8ff6ba48745aa9e9e21bed5fb748d8ebe3c3f650b246c,True,True,False,vpu_alpha_1_beta_1 (VariationalPULoss),vpu_contractive_contrastive_t001_w10m,"VPU + contractive + contrastive (T=0.01, w=0.01)",7,#009E73,dashed,s,"{""contractive"": true, ""contrastive"": true, ""family"": ""vpu"", ""temperature"": 0.01, ""weight"": 0.01}"
vpu_contractive_interaction_expanded,candidate,vpu_contractive_interaction_expanded/task_000019,task_000019,grid_0003,4,completed,f2bbcd64ccd8,"VPU + contractive + contrastive (T=0.01, w=0.01)",molecule_vpu,VariationalPULoss,none,0.2,0.0,{},"{""contrastive"": {""peak_permutation"": {""params"": {""annotation_bin_radius"": 0, ""peak_catalog_limit"": 4096, ""peak_sample_size"": 10000, ""peak_selection_method"": ""permutation_label_invariant"", ""permutation_bank_size"": 7000, ""permutation_selection_attempts"": 64, ""permuted_peaks_per_view"": 3, ""preserve_input_normalization"": true, ""temperature"": 0.01}, ""target"": ""InfoNCELoss"", ""weight"": 0.01}}, ""heads"": {""molecule_vpu"": {""vpu_alpha_1_beta_1"": {""params"": {""alpha"": 1.0, ""beta"": 1.0, ""consistency_weight"": 0.0, ""negative_weight"": 0.0, ""simulated_negative_weight"": 0.0}, ""target"": ""VariationalPULoss"", ""weight"": 0.2}}}, ""reconstruction"": {""masserstein"": {""target"": ""MassersteinLoss"", ""weight"": 1.0}}, ""regularization"": {""contractive"": {""params"": {""calculation_method"": ""exact_autograd_jacobian"", ""hinge_alpha"": 2.0, ""hinge_threshold"": 7.0, ""input_geometry"": ""fisher_rao"", ""latent_source"": ""auto"", ""penalized_space"": ""u"", ""penalty_metric"": ""spectral_plus_hinged""}, ""target"": ""ContractiveLoss"", ""weight"": 0.002}}}",1915557887,1927548799,/home/max/repositories/MSIAutoEncoderWrapper/data/kidney_workspace/models/kidney/vpu-contractive-interaction-expanded-20260917-01__task_000019,True,True,/home/max/repositories/MSIAutoEncoderWrapper/data/kidney_workspace/configs/entropy-runs/vpu-contractive-interaction-expanded-20260917-01/plan/status/task_000019.yaml,ff133cd42f7af414ee3022e7947f94bcd301e0ce338f93da55895867ef10c9a7,63d67af42e30038bef1fbb98125bd6ccad588380dabc4de668acc50167a34723,12b514b119a16f4c84a8ff6ba48745aa9e9e21bed5fb748d8ebe3c3f650b246c,True,True,False,vpu_alpha_1_beta_1 (VariationalPULoss),vpu_contractive_contrastive_t001_w10m,"VPU + contractive + contrastive (T=0.01, w=0.01)",7,#009E73,dashed,s,"{""contractive"": true, ""contrastive"": true, ""family"": ""vpu"", ""temperature"": 0.01, ""weight"": 0.01}"
vpu_contractive_interaction_expanded,candidate,vpu_contractive_interaction_expanded/task_000020,task_000020,grid_0004,0,completed,a804cd01ba9f,"VPU + contrastive (T=0.01, w=0.001)",molecule_vpu,VariationalPULoss,none,0.2,0.0,{},"{""contrastive"": {""peak_permutation"": {""params"": {""annotation_bin_radius"": 0, ""peak_catalog_limit"": 4096, ""peak_sample_size"": 10000, ""peak_selection_method"": ""permutation_label_invariant"", ""permutation_bank_size"": 7000, ""permutation_selection_attempts"": 64, ""permuted_peaks_per_view"": 3, ""preserve_input_normalization"": true, ""temperature"": 0.01}, ""target"": ""InfoNCELoss"", ""weight"": 0.001}}, ""heads"": {""molecule_vpu"": {""vpu_alpha_1_beta_1"": {""params"": {""alpha"": 1.0, ""beta"": 1.0, ""consistency_weight"": 0.0, ""negative_weight"": 0.0, ""simulated_negative_weight"": 0.0}, ""target"": ""VariationalPULoss"", ""weight"": 0.2}}}, ""reconstruction"": {""masserstein"": {""target"": ""MassersteinLoss"", ""weight"": 1.0}}, ""regularization"": {}}",91154199,32238397,/home/max/repositories/MSIAutoEncoderWrapper/data/kidney_workspace/models/kidney/vpu-contractive-interaction-expanded-20260917-01__task_000020,True,True,/home/max/repositories/MSIAutoEncoderWrapper/data/kidney_workspace/configs/entropy-runs/vpu-contractive-interaction-expanded-20260917-01/plan/status/task_000020.yaml,ff133cd42f7af414ee3022e7947f94bcd301e0ce338f93da55895867ef10c9a7,63d67af42e30038bef1fbb98125bd6ccad588380dabc4de668acc50167a34723,5cc81a065dbb3cc7dc4c805d4009f410dee6a20a58f7fcadad0c8fc2173297b8,True,True,False,vpu_alpha_1_beta_1 (VariationalPULoss),vpu_contrastive_t001_w1m,"VPU + contrastive (T=0.01, w=0.001)",8,#009E73,solid,^,"{""contractive"": false, ""contrastive"": true, ""family"": ""vpu"", ""temperature"": 0.01, ""weight"": 0.001}"
vpu_contractive_interaction_expanded,candidate,vpu_contractive_interaction_expanded/task_000021,task_000021,grid_0004,1,completed,a804cd01ba9f,"VPU + contrastive (T=0.01, w=0.001)",molecule_vpu,VariationalPULoss,none,0.2,0.0,{},"{""contrastive"": {""peak_permutation"": {""params"": {""annotation_bin_radius"": 0, ""peak_catalog_limit"": 4096, ""peak_sample_size"": 10000, ""peak_selection_method"": ""permutation_label_invariant"", ""permutation_bank_size"": 7000, ""permutation_selection_attempts"": 64, ""permuted_peaks_per_view"": 3, ""preserve_input_normalization"": true, ""temperature"": 0.01}, ""target"": ""InfoNCELoss"", ""weight"": 0.001}}, ""heads"": {""molecule_vpu"": {""vpu_alpha_1_beta_1"": {""params"": {""alpha"": 1.0, ""beta"": 1.0, ""consistency_weight"": 0.0, ""negative_weight"": 0.0, ""simulated_negative_weight"": 0.0}, ""target"": ""VariationalPULoss"", ""weight"": 0.2}}}, ""reconstruction"": {""masserstein"": {""target"": ""MassersteinLoss"", ""weight"": 1.0}}, ""regularization"": {}}",919377028,892754137,/home/max/repositories/MSIAutoEncoderWrapper/data/kidney_workspace/models/kidney/vpu-contractive-interaction-expanded-20260917-01__task_000021,True,True,/home/max/repositories/MSIAutoEncoderWrapper/data/kidney_workspace/configs/entropy-runs/vpu-contractive-interaction-expanded-20260917-01/plan/status/task_000021.yaml,ff133cd42f7af414ee3022e7947f94bcd301e0ce338f93da55895867ef10c9a7,63d67af42e30038bef1fbb98125bd6ccad588380dabc4de668acc50167a34723,5cc81a065dbb3cc7dc4c805d4009f410dee6a20a58f7fcadad0c8fc2173297b8,True,True,False,vpu_alpha_1_beta_1 (VariationalPULoss),vpu_contrastive_t001_w1m,"VPU + contrastive (T=0.01, w=0.001)",8,#009E73,solid,^,"{""contractive"": false, ""contrastive"": true, ""family"": ""vpu"", ""temperature"": 0.01, ""weight"": 0.001}"
vpu_contractive_interaction_expanded,candidate,vpu_contractive_interaction_expanded/task_000022,task_000022,grid_0004,2,completed,a804cd01ba9f,"VPU + contrastive (T=0.01, w=0.001)",molecule_vpu,VariationalPULoss,none,0.2,0.0,{},"{""contrastive"": {""peak_permutation"": {""params"": {""annotation_bin_radius"": 0, ""peak_catalog_limit"": 4096, ""peak_sample_size"": 10000, ""peak_selection_method"": ""permutation_label_invariant"", ""permutation_bank_size"": 7000, ""permutation_selection_attempts"": 64, ""permuted_peaks_per_view"": 3, ""preserve_input_normalization"": true, ""temperature"": 0.01}, ""target"": ""InfoNCELoss"", ""weight"": 0.001}}, ""heads"": {""molecule_vpu"": {""vpu_alpha_1_beta_1"": {""params"": {""alpha"": 1.0, ""beta"": 1.0, ""consistency_weight"": 0.0, ""negative_weight"": 0.0, ""simulated_negative_weight"": 0.0}, ""target"": ""VariationalPULoss"", ""weight"": 0.2}}}, ""reconstruction"": {""masserstein"": {""target"": ""MassersteinLoss"", ""weight"": 1.0}}, ""regularization"": {}}",2136253289,442265914,/home/max/repositories/MSIAutoEncoderWrapper/data/kidney_workspace/models/kidney/vpu-contractive-interaction-expanded-20260917-01__task_000022,True,True,/home/max/repositories/MSIAutoEncoderWrapper/data/kidney_workspace/configs/entropy-runs/vpu-contractive-interaction-expanded-20260917-01/plan/status/task_000022.yaml,ff133cd42f7af414ee3022e7947f94bcd301e0ce338f93da55895867ef10c9a7,63d67af42e30038bef1fbb98125bd6ccad588380dabc4de668acc50167a34723,5cc81a065dbb3cc7dc4c805d4009f410dee6a20a58f7fcadad0c8fc2173297b8,True,True,False,vpu_alpha_1_beta_1 (VariationalPULoss),vpu_contrastive_t001_w1m,"VPU + contrastive (T=0.01, w=0.001)",8,#009E73,solid,^,"{""contractive"": false, ""contrastive"": true, ""family"": ""vpu"", ""temperature"": 0.01, ""weight"": 0.001}"
vpu_contractive_interaction_expanded,candidate,vpu_contractive_interaction_expanded/task_000023,task_000023,grid_0004,3,completed,a804cd01ba9f,"VPU + contrastive (T=0.01, w=0.001)",molecule_vpu,VariationalPULoss,none,0.2,0.0,{},"{""contrastive"": {""peak_permutation"": {""params"": {""annotation_bin_radius"": 0, ""peak_catalog_limit"": 4096, ""peak_sample_size"": 10000, ""peak_selection_method"": ""permutation_label_invariant"", ""permutation_bank_size"": 7000, ""permutation_selection_attempts"": 64, ""permuted_peaks_per_view"": 3, ""preserve_input_normalization"": true, ""temperature"": 0.01}, ""target"": ""InfoNCELoss"", ""weight"": 0.001}}, ""heads"": {""molecule_vpu"": {""vpu_alpha_1_beta_1"": {""params"": {""alpha"": 1.0, ""beta"": 1.0, ""consistency_weight"": 0.0, ""negative_weight"": 0.0, ""simulated_negative_weight"": 0.0}, ""target"": ""VariationalPULoss"", ""weight"": 0.2}}}, ""reconstruction"": {""masserstein"": {""target"": ""MassersteinLoss"", ""weight"": 1.0}}, ""regularization"": {}}",276187349,194761695,/home/max/repositories/MSIAutoEncoderWrapper/data/kidney_workspace/models/kidney/vpu-contractive-interaction-expanded-20260917-01__task_000023,True,True,/home/max/repositories/MSIAutoEncoderWrapper/data/kidney_workspace/configs/entropy-runs/vpu-contractive-interaction-expanded-20260917-01/plan/status/task_000023.yaml,ff133cd42f7af414ee3022e7947f94bcd301e0ce338f93da55895867ef10c9a7,63d67af42e30038bef1fbb98125bd6ccad588380dabc4de668acc50167a34723,5cc81a065dbb3cc7dc4c805d4009f410dee6a20a58f7fcadad0c8fc2173297b8,True,True,False,vpu_alpha_1_beta_1 (VariationalPULoss),vpu_contrastive_t001_w1m,"VPU + contrastive (T=0.01, w=0.001)",8,#009E73,solid,^,"{""contractive"": false, ""contrastive"": true, ""family"": ""vpu"", ""temperature"": 0.01, ""weight"": 0.001}"
vpu_contractive_interaction_expanded,candidate,vpu_contractive_interaction_expanded/task_000024,task_000024,grid_0004,4,completed,a804cd01ba9f,"VPU + contrastive (T=0.01, w=0.001)",molecule_vpu,VariationalPULoss,none,0.2,0.0,{},"{""contrastive"": {""peak_permutation"": {""params"": {""annotation_bin_radius"": 0, ""peak_catalog_limit"": 4096, ""peak_sample_size"": 10000, ""peak_selection_method"": ""permutation_label_invariant"", ""permutation_bank_size"": 7000, ""permutation_selection_attempts"": 64, ""permuted_peaks_per_view"": 3, ""preserve_input_normalization"": true, ""temperature"": 0.01}, ""target"": ""InfoNCELoss"", ""weight"": 0.001}}, ""heads"": {""molecule_vpu"": {""vpu_alpha_1_beta_1"": {""params"": {""alpha"": 1.0, ""beta"": 1.0, ""consistency_weight"": 0.0, ""negative_weight"": 0.0, ""simulated_negative_weight"": 0.0}, ""target"": ""VariationalPULoss"", ""weight"": 0.2}}}, ""reconstruction"": {""masserstein"": {""target"": ""MassersteinLoss"", ""weight"": 1.0}}, ""regularization"": {}}",1915557887,1927548799,/home/max/repositories/MSIAutoEncoderWrapper/data/kidney_workspace/models/kidney/vpu-contractive-interaction-expanded-20260917-01__task_000024,True,True,/home/max/repositories/MSIAutoEncoderWrapper/data/kidney_workspace/configs/entropy-runs/vpu-contractive-interaction-expanded-20260917-01/plan/status/task_000024.yaml,ff133cd42f7af414ee3022e7947f94bcd301e0ce338f93da55895867ef10c9a7,63d67af42e30038bef1fbb98125bd6ccad588380dabc4de668acc50167a34723,5cc81a065dbb3cc7dc4c805d4009f410dee6a20a58f7fcadad0c8fc2173297b8,True,True,False,vpu_alpha_1_beta_1 (VariationalPULoss),vpu_contrastive_t001_w1m,"VPU + contrastive (T=0.01, w=0.001)",8,#009E73,solid,^,"{""contractive"": false, ""contrastive"": true, ""family"": ""vpu"", ""temperature"": 0.01, ""weight"": 0.001}"
vpu_contractive_interaction_expanded,candidate,vpu_contractive_interaction_expanded/task_000025,task_000025,grid_0005,0,completed,ab2ec400eb03,"VPU + contractive + contrastive (T=0.01, w=0.001)",molecule_vpu,VariationalPULoss,none,0.2,0.0,{},"{""contrastive"": {""peak_permutation"": {""params"": {""annotation_bin_radius"": 0, ""peak_catalog_limit"": 4096, ""peak_sample_size"": 10000, ""peak_selection_method"": ""permutation_label_invariant"", ""permutation_bank_size"": 7000, ""permutation_selection_attempts"": 64, ""permuted_peaks_per_view"": 3, ""preserve_input_normalization"": true, ""temperature"": 0.01}, ""target"": ""InfoNCELoss"", ""weight"": 0.001}}, ""heads"": {""molecule_vpu"": {""vpu_alpha_1_beta_1"": {""params"": {""alpha"": 1.0, ""beta"": 1.0, ""consistency_weight"": 0.0, ""negative_weight"": 0.0, ""simulated_negative_weight"": 0.0}, ""target"": ""VariationalPULoss"", ""weight"": 0.2}}}, ""reconstruction"": {""masserstein"": {""target"": ""MassersteinLoss"", ""weight"": 1.0}}, ""regularization"": {""contractive"": {""params"": {""calculation_method"": ""exact_autograd_jacobian"", ""hinge_alpha"": 2.0, ""hinge_threshold"": 7.0, ""input_geometry"": ""fisher_rao"", ""latent_source"": ""auto"", ""penalized_space"": ""u"", ""penalty_metric"": ""spectral_plus_hinged""}, ""target"": ""ContractiveLoss"", ""weight"": 0.002}}}",91154199,32238397,/home/max/repositories/MSIAutoEncoderWrapper/data/kidney_workspace/models/kidney/vpu-contractive-interaction-expanded-20260917-01__task_000025,True,True,/home/max/repositories/MSIAutoEncoderWrapper/data/kidney_workspace/configs/entropy-runs/vpu-contractive-interaction-expanded-20260917-01/plan/status/task_000025.yaml,ff133cd42f7af414ee3022e7947f94bcd301e0ce338f93da55895867ef10c9a7,63d67af42e30038bef1fbb98125bd6ccad588380dabc4de668acc50167a34723,a535bb7d1f6ce269181f32a94dd6526a9686ec5ecbb1c87bb6db444b4a7fb9c9,True,True,False,vpu_alpha_1_beta_1 (VariationalPULoss),vpu_contractive_contrastive_t001_w1m,"VPU + contractive + contrastive (T=0.01, w=0.001)",9,#009E73,dashed,^,"{""contractive"": true, ""contrastive"": true, ""family"": ""vpu"", ""temperature"": 0.01, ""weight"": 0.001}"
vpu_contractive_interaction_expanded,candidate,vpu_contractive_interaction_expanded/task_000026,task_000026,grid_0005,1,completed,ab2ec400eb03,"VPU + contractive + contrastive (T=0.01, w=0.001)",molecule_vpu,VariationalPULoss,none,0.2,0.0,{},"{""contrastive"": {""peak_permutation"": {""params"": {""annotation_bin_radius"": 0, ""peak_catalog_limit"": 4096, ""peak_sample_size"": 10000, ""peak_selection_method"": ""permutation_label_invariant"", ""permutation_bank_size"": 7000, ""permutation_selection_attempts"": 64, ""permuted_peaks_per_view"": 3, ""preserve_input_normalization"": true, ""temperature"": 0.01}, ""target"": ""InfoNCELoss"", ""weight"": 0.001}}, ""heads"": {""molecule_vpu"": {""vpu_alpha_1_beta_1"": {""params"": {""alpha"": 1.0, ""beta"": 1.0, ""consistency_weight"": 0.0, ""negative_weight"": 0.0, ""simulated_negative_weight"": 0.0}, ""target"": ""VariationalPULoss"", ""weight"": 0.2}}}, ""reconstruction"": {""masserstein"": {""target"": ""MassersteinLoss"", ""weight"": 1.0}}, ""regularization"": {""contractive"": {""params"": {""calculation_method"": ""exact_autograd_jacobian"", ""hinge_alpha"": 2.0, ""hinge_threshold"": 7.0, ""input_geometry"": ""fisher_rao"", ""latent_source"": ""auto"", ""penalized_space"": ""u"", ""penalty_metric"": ""spectral_plus_hinged""}, ""target"": ""ContractiveLoss"", ""weight"": 0.002}}}",919377028,892754137,/home/max/repositories/MSIAutoEncoderWrapper/data/kidney_workspace/models/kidney/vpu-contractive-interaction-expanded-20260917-01__task_000026,True,True,/home/max/repositories/MSIAutoEncoderWrapper/data/kidney_workspace/configs/entropy-runs/vpu-contractive-interaction-expanded-20260917-01/plan/status/task_000026.yaml,ff133cd42f7af414ee3022e7947f94bcd301e0ce338f93da55895867ef10c9a7,63d67af42e30038bef1fbb98125bd6ccad588380dabc4de668acc50167a34723,a535bb7d1f6ce269181f32a94dd6526a9686ec5ecbb1c87bb6db444b4a7fb9c9,True,True,False,vpu_alpha_1_beta_1 (VariationalPULoss),vpu_contractive_contrastive_t001_w1m,"VPU + contractive + contrastive (T=0.01, w=0.001)",9,#009E73,dashed,^,"{""contractive"": true, ""contrastive"": true, ""family"": ""vpu"", ""temperature"": 0.01, ""weight"": 0.001}"
vpu_contractive_interaction_expanded,candidate,vpu_contractive_interaction_expanded/task_000027,task_000027,grid_0005,2,completed,ab2ec400eb03,"VPU + contractive + contrastive (T=0.01, w=0.001)",molecule_vpu,VariationalPULoss,none,0.2,0.0,{},"{""contrastive"": {""peak_permutation"": {""params"": {""annotation_bin_radius"": 0, ""peak_catalog_limit"": 4096, ""peak_sample_size"": 10000, ""peak_selection_method"": ""permutation_label_invariant"", ""permutation_bank_size"": 7000, ""permutation_selection_attempts"": 64, ""permuted_peaks_per_view"": 3, ""preserve_input_normalization"": true, ""temperature"": 0.01}, ""target"": ""InfoNCELoss"", ""weight"": 0.001}}, ""heads"": {""molecule_vpu"": {""vpu_alpha_1_beta_1"": {""params"": {""alpha"": 1.0, ""beta"": 1.0, ""consistency_weight"": 0.0, ""negative_weight"": 0.0, ""simulated_negative_weight"": 0.0}, ""target"": ""VariationalPULoss"", ""weight"": 0.2}}}, ""reconstruction"": {""masserstein"": {""target"": ""MassersteinLoss"", ""weight"": 1.0}}, ""regularization"": {""contractive"": {""params"": {""calculation_method"": ""exact_autograd_jacobian"", ""hinge_alpha"": 2.0, ""hinge_threshold"": 7.0, ""input_geometry"": ""fisher_rao"", ""latent_source"": ""auto"", ""penalized_space"": ""u"", ""penalty_metric"": ""spectral_plus_hinged""}, ""target"": ""ContractiveLoss"", ""weight"": 0.002}}}",2136253289,442265914,/home/max/repositories/MSIAutoEncoderWrapper/data/kidney_workspace/models/kidney/vpu-contractive-interaction-expanded-20260917-01__task_000027,True,True,/home/max/repositories/MSIAutoEncoderWrapper/data/kidney_workspace/configs/entropy-runs/vpu-contractive-interaction-expanded-20260917-01/plan/status/task_000027.yaml,ff133cd42f7af414ee3022e7947f94bcd301e0ce338f93da55895867ef10c9a7,63d67af42e30038bef1fbb98125bd6ccad588380dabc4de668acc50167a34723,a535bb7d1f6ce269181f32a94dd6526a9686ec5ecbb1c87bb6db444b4a7fb9c9,True,True,False,vpu_alpha_1_beta_1 (VariationalPULoss),vpu_contractive_contrastive_t001_w1m,"VPU + contractive + contrastive (T=0.01, w=0.001)",9,#009E73,dashed,^,"{""contractive"": true, ""contrastive"": true, ""family"": ""vpu"", ""temperature"": 0.01, ""weight"": 0.001}"
vpu_contractive_interaction_expanded,candidate,vpu_contractive_interaction_expanded/task_000028,task_000028,grid_0005,3,completed,ab2ec400eb03,"VPU + contractive + contrastive (T=0.01, w=0.001)",molecule_vpu,VariationalPULoss,none,0.2,0.0,{},"{""contrastive"": {""peak_permutation"": {""params"": {""annotation_bin_radius"": 0, ""peak_catalog_limit"": 4096, ""peak_sample_size"": 10000, ""peak_selection_method"": ""permutation_label_invariant"", ""permutation_bank_size"": 7000, ""permutation_selection_attempts"": 64, ""permuted_peaks_per_view"": 3, ""preserve_input_normalization"": true, ""temperature"": 0.01}, ""target"": ""InfoNCELoss"", ""weight"": 0.001}}, ""heads"": {""molecule_vpu"": {""vpu_alpha_1_beta_1"": {""params"": {""alpha"": 1.0, ""beta"": 1.0, ""consistency_weight"": 0.0, ""negative_weight"": 0.0, ""simulated_negative_weight"": 0.0}, ""target"": ""VariationalPULoss"", ""weight"": 0.2}}}, ""reconstruction"": {""masserstein"": {""target"": ""MassersteinLoss"", ""weight"": 1.0}}, ""regularization"": {""contractive"": {""params"": {""calculation_method"": ""exact_autograd_jacobian"", ""hinge_alpha"": 2.0, ""hinge_threshold"": 7.0, ""input_geometry"": ""fisher_rao"", ""latent_source"": ""auto"", ""penalized_space"": ""u"", ""penalty_metric"": ""spectral_plus_hinged""}, ""target"": ""ContractiveLoss"", ""weight"": 0.002}}}",276187349,194761695,/home/max/repositories/MSIAutoEncoderWrapper/data/kidney_workspace/models/kidney/vpu-contractive-interaction-expanded-20260917-01__task_000028,True,True,/home/max/repositories/MSIAutoEncoderWrapper/data/kidney_workspace/configs/entropy-runs/vpu-contractive-interaction-expanded-20260917-01/plan/status/task_000028.yaml,ff133cd42f7af414ee3022e7947f94bcd301e0ce338f93da55895867ef10c9a7,63d67af42e30038bef1fbb98125bd6ccad588380dabc4de668acc50167a34723,a535bb7d1f6ce269181f32a94dd6526a9686ec5ecbb1c87bb6db444b4a7fb9c9,True,True,False,vpu_alpha_1_beta_1 (VariationalPULoss),vpu_contractive_contrastive_t001_w1m,"VPU + contractive + contrastive (T=0.01, w=0.001)",9,#009E73,dashed,^,"{""contractive"": true, ""contrastive"": true, ""family"": ""vpu"", ""temperature"": 0.01, ""weight"": 0.001}"
vpu_contractive_interaction_expanded,candidate,vpu_contractive_interaction_expanded/task_000029,task_000029,grid_0005,4,completed,ab2ec400eb03,"VPU + contractive + contrastive (T=0.01, w=0.001)",molecule_vpu,VariationalPULoss,none,0.2,0.0,{},"{""contrastive"": {""peak_permutation"": {""params"": {""annotation_bin_radius"": 0, ""peak_catalog_limit"": 4096, ""peak_sample_size"": 10000, ""peak_selection_method"": ""permutation_label_invariant"", ""permutation_bank_size"": 7000, ""permutation_selection_attempts"": 64, ""permuted_peaks_per_view"": 3, ""preserve_input_normalization"": true, ""temperature"": 0.01}, ""target"": ""InfoNCELoss"", ""weight"": 0.001}}, ""heads"": {""molecule_vpu"": {""vpu_alpha_1_beta_1"": {""params"": {""alpha"": 1.0, ""beta"": 1.0, ""consistency_weight"": 0.0, ""negative_weight"": 0.0, ""simulated_negative_weight"": 0.0}, ""target"": ""VariationalPULoss"", ""weight"": 0.2}}}, ""reconstruction"": {""masserstein"": {""target"": ""MassersteinLoss"", ""weight"": 1.0}}, ""regularization"": {""contractive"": {""params"": {""calculation_method"": ""exact_autograd_jacobian"", ""hinge_alpha"": 2.0, ""hinge_threshold"": 7.0, ""input_geometry"": ""fisher_rao"", ""latent_source"": ""auto"", ""penalized_space"": ""u"", ""penalty_metric"": ""spectral_plus_hinged""}, ""target"": ""ContractiveLoss"", ""weight"": 0.002}}}",1915557887,1927548799,/home/max/repositories/MSIAutoEncoderWrapper/data/kidney_workspace/models/kidney/vpu-contractive-interaction-expanded-20260917-01__task_000029,True,True,/home/max/repositories/MSIAutoEncoderWrapper/data/kidney_workspace/configs/entropy-runs/vpu-contractive-interaction-expanded-20260917-01/plan/status/task_000029.yaml,ff133cd42f7af414ee3022e7947f94bcd301e0ce338f93da55895867ef10c9a7,63d67af42e30038bef1fbb98125bd6ccad588380dabc4de668acc50167a34723,a535bb7d1f6ce269181f32a94dd6526a9686ec5ecbb1c87bb6db444b4a7fb9c9,True,True,False,vpu_alpha_1_beta_1 (VariationalPULoss),vpu_contractive_contrastive_t001_w1m,"VPU + contractive + contrastive (T=0.01, w=0.001)",9,#009E73,dashed,^,"{""contractive"": true, ""contrastive"": true, ""family"": ""vpu"", ""temperature"": 0.01, ""weight"": 0.001}"
vpu_contractive_interaction_expanded,candidate,vpu_contractive_interaction_expanded/task_000030,task_000030,grid_0006,0,completed,2dd9d5805d8e,"VPU + contrastive (T=0.07, w=0.01)",molecule_vpu,VariationalPULoss,none,0.2,0.0,{},"{""contrastive"": {""peak_permutation"": {""params"": {""annotation_bin_radius"": 0, ""peak_catalog_limit"": 4096, ""peak_sample_size"": 10000, ""peak_selection_method"": ""permutation_label_invariant"", ""permutation_bank_size"": 7000, ""permutation_selection_attempts"": 64, ""permuted_peaks_per_view"": 3, ""preserve_input_normalization"": true, ""temperature"": 0.07}, ""target"": ""InfoNCELoss"", ""weight"": 0.01}}, ""heads"": {""molecule_vpu"": {""vpu_alpha_1_beta_1"": {""params"": {""alpha"": 1.0, ""beta"": 1.0, ""consistency_weight"": 0.0, ""negative_weight"": 0.0, ""simulated_negative_weight"": 0.0}, ""target"": ""VariationalPULoss"", ""weight"": 0.2}}}, ""reconstruction"": {""masserstein"": {""target"": ""MassersteinLoss"", ""weight"": 1.0}}, ""regularization"": {}}",91154199,32238397,/home/max/repositories/MSIAutoEncoderWrapper/data/kidney_workspace/models/kidney/vpu-contractive-interaction-expanded-20260917-01__task_000030,True,True,/home/max/repositories/MSIAutoEncoderWrapper/data/kidney_workspace/configs/entropy-runs/vpu-contractive-interaction-expanded-20260917-01/plan/status/task_000030.yaml,ff133cd42f7af414ee3022e7947f94bcd301e0ce338f93da55895867ef10c9a7,63d67af42e30038bef1fbb98125bd6ccad588380dabc4de668acc50167a34723,a59533bda132a90319ef66140433384483ab920dd53638aad1f139e978db59da,True,True,False,vpu_alpha_1_beta_1 (VariationalPULoss),vpu_contrastive_t007_w10m,"VPU + contrastive (T=0.07, w=0.01)",10,#0072B2,solid,s,"{""contractive"": false, ""contrastive"": true, ""family"": ""vpu"", ""temperature"": 0.07, ""weight"": 0.01}"
vpu_contractive_interaction_expanded,candidate,vpu_contractive_interaction_expanded/task_000031,task_000031,grid_0006,1,completed,2dd9d5805d8e,"VPU + contrastive (T=0.07, w=0.01)",molecule_vpu,VariationalPULoss,none,0.2,0.0,{},"{""contrastive"": {""peak_permutation"": {""params"": {""annotation_bin_radius"": 0, ""peak_catalog_limit"": 4096, ""peak_sample_size"": 10000, ""peak_selection_method"": ""permutation_label_invariant"", ""permutation_bank_size"": 7000, ""permutation_selection_attempts"": 64, ""permuted_peaks_per_view"": 3, ""preserve_input_normalization"": true, ""temperature"": 0.07}, ""target"": ""InfoNCELoss"", ""weight"": 0.01}}, ""heads"": {""molecule_vpu"": {""vpu_alpha_1_beta_1"": {""params"": {""alpha"": 1.0, ""beta"": 1.0, ""consistency_weight"": 0.0, ""negative_weight"": 0.0, ""simulated_negative_weight"": 0.0}, ""target"": ""VariationalPULoss"", ""weight"": 0.2}}}, ""reconstruction"": {""masserstein"": {""target"": ""MassersteinLoss"", ""weight"": 1.0}}, ""regularization"": {}}",919377028,892754137,/home/max/repositories/MSIAutoEncoderWrapper/data/kidney_workspace/models/kidney/vpu-contractive-interaction-expanded-20260917-01__task_000031,True,True,/home/max/repositories/MSIAutoEncoderWrapper/data/kidney_workspace/configs/entropy-runs/vpu-contractive-interaction-expanded-20260917-01/plan/status/task_000031.yaml,ff133cd42f7af414ee3022e7947f94bcd301e0ce338f93da55895867ef10c9a7,63d67af42e30038bef1fbb98125bd6ccad588380dabc4de668acc50167a34723,a59533bda132a90319ef66140433384483ab920dd53638aad1f139e978db59da,True,True,False,vpu_alpha_1_beta_1 (VariationalPULoss),vpu_contrastive_t007_w10m,"VPU + contrastive (T=0.07, w=0.01)",10,#0072B2,solid,s,"{""contractive"": false, ""contrastive"": true, ""family"": ""vpu"", ""temperature"": 0.07, ""weight"": 0.01}"
vpu_contractive_interaction_expanded,candidate,vpu_contractive_interaction_expanded/task_000032,task_000032,grid_0006,2,completed,2dd9d5805d8e,"VPU + contrastive (T=0.07, w=0.01)",molecule_vpu,VariationalPULoss,none,0.2,0.0,{},"{""contrastive"": {""peak_permutation"": {""params"": {""annotation_bin_radius"": 0, ""peak_catalog_limit"": 4096, ""peak_sample_size"": 10000, ""peak_selection_method"": ""permutation_label_invariant"", ""permutation_bank_size"": 7000, ""permutation_selection_attempts"": 64, ""permuted_peaks_per_view"": 3, ""preserve_input_normalization"": true, ""temperature"": 0.07}, ""target"": ""InfoNCELoss"", ""weight"": 0.01}}, ""heads"": {""molecule_vpu"": {""vpu_alpha_1_beta_1"": {""params"": {""alpha"": 1.0, ""beta"": 1.0, ""consistency_weight"": 0.0, ""negative_weight"": 0.0, ""simulated_negative_weight"": 0.0}, ""target"": ""VariationalPULoss"", ""weight"": 0.2}}}, ""reconstruction"": {""masserstein"": {""target"": ""MassersteinLoss"", ""weight"": 1.0}}, ""regularization"": {}}",2136253289,442265914,/home/max/repositories/MSIAutoEncoderWrapper/data/kidney_workspace/models/kidney/vpu-contractive-interaction-expanded-20260917-01__task_000032,True,True,/home/max/repositories/MSIAutoEncoderWrapper/data/kidney_workspace/configs/entropy-runs/vpu-contractive-interaction-expanded-20260917-01/plan/status/task_000032.yaml,ff133cd42f7af414ee3022e7947f94bcd301e0ce338f93da55895867ef10c9a7,63d67af42e30038bef1fbb98125bd6ccad588380dabc4de668acc50167a34723,a59533bda132a90319ef66140433384483ab920dd53638aad1f139e978db59da,True,True,False,vpu_alpha_1_beta_1 (VariationalPULoss),vpu_contrastive_t007_w10m,"VPU + contrastive (T=0.07, w=0.01)",10,#0072B2,solid,s,"{""contractive"": false, ""contrastive"": true, ""family"": ""vpu"", ""temperature"": 0.07, ""weight"": 0.01}"
vpu_contractive_interaction_expanded,candidate,vpu_contractive_interaction_expanded/task_000033,task_000033,grid_0006,3,completed,2dd9d5805d8e,"VPU + contrastive (T=0.07, w=0.01)",molecule_vpu,VariationalPULoss,none,0.2,0.0,{},"{""contrastive"": {""peak_permutation"": {""params"": {""annotation_bin_radius"": 0, ""peak_catalog_limit"": 4096, ""peak_sample_size"": 10000, ""peak_selection_method"": ""permutation_label_invariant"", ""permutation_bank_size"": 7000, ""permutation_selection_attempts"": 64, ""permuted_peaks_per_view"": 3, ""preserve_input_normalization"": true, ""temperature"": 0.07}, ""target"": ""InfoNCELoss"", ""weight"": 0.01}}, ""heads"": {""molecule_vpu"": {""vpu_alpha_1_beta_1"": {""params"": {""alpha"": 1.0, ""beta"": 1.0, ""consistency_weight"": 0.0, ""negative_weight"": 0.0, ""simulated_negative_weight"": 0.0}, ""target"": ""VariationalPULoss"", ""weight"": 0.2}}}, ""reconstruction"": {""masserstein"": {""target"": ""MassersteinLoss"", ""weight"": 1.0}}, ""regularization"": {}}",276187349,194761695,/home/max/repositories/MSIAutoEncoderWrapper/data/kidney_workspace/models/kidney/vpu-contractive-interaction-expanded-20260917-01__task_000033,True,True,/home/max/repositories/MSIAutoEncoderWrapper/data/kidney_workspace/configs/entropy-runs/vpu-contractive-interaction-expanded-20260917-01/plan/status/task_000033.yaml,ff133cd42f7af414ee3022e7947f94bcd301e0ce338f93da55895867ef10c9a7,63d67af42e30038bef1fbb98125bd6ccad588380dabc4de668acc50167a34723,a59533bda132a90319ef66140433384483ab920dd53638aad1f139e978db59da,True,True,False,vpu_alpha_1_beta_1 (VariationalPULoss),vpu_contrastive_t007_w10m,"VPU + contrastive (T=0.07, w=0.01)",10,#0072B2,solid,s,"{""contractive"": false, ""contrastive"": true, ""family"": ""vpu"", ""temperature"": 0.07, ""weight"": 0.01}"
vpu_contractive_interaction_expanded,candidate,vpu_contractive_interaction_expanded/task_000034,task_000034,grid_0006,4,completed,2dd9d5805d8e,"VPU + contrastive (T=0.07, w=0.01)",molecule_vpu,VariationalPULoss,none,0.2,0.0,{},"{""contrastive"": {""peak_permutation"": {""params"": {""annotation_bin_radius"": 0, ""peak_catalog_limit"": 4096, ""peak_sample_size"": 10000, ""peak_selection_method"": ""permutation_label_invariant"", ""permutation_bank_size"": 7000, ""permutation_selection_attempts"": 64, ""permuted_peaks_per_view"": 3, ""preserve_input_normalization"": true, ""temperature"": 0.07}, ""target"": ""InfoNCELoss"", ""weight"": 0.01}}, ""heads"": {""molecule_vpu"": {""vpu_alpha_1_beta_1"": {""params"": {""alpha"": 1.0, ""beta"": 1.0, ""consistency_weight"": 0.0, ""negative_weight"": 0.0, ""simulated_negative_weight"": 0.0}, ""target"": ""VariationalPULoss"", ""weight"": 0.2}}}, ""reconstruction"": {""masserstein"": {""target"": ""MassersteinLoss"", ""weight"": 1.0}}, ""regularization"": {}}",1915557887,1927548799,/home/max/repositories/MSIAutoEncoderWrapper/data/kidney_workspace/models/kidney/vpu-contractive-interaction-expanded-20260917-01__task_000034,True,True,/home/max/repositories/MSIAutoEncoderWrapper/data/kidney_workspace/configs/entropy-runs/vpu-contractive-interaction-expanded-20260917-01/plan/status/task_000034.yaml,ff133cd42f7af414ee3022e7947f94bcd301e0ce338f93da55895867ef10c9a7,63d67af42e30038bef1fbb98125bd6ccad588380dabc4de668acc50167a34723,a59533bda132a90319ef66140433384483ab920dd53638aad1f139e978db59da,True,True,False,vpu_alpha_1_beta_1 (VariationalPULoss),vpu_contrastive_t007_w10m,"VPU + contrastive (T=0.07, w=0.01)",10,#0072B2,solid,s,"{""contractive"": false, ""contrastive"": true, ""family"": ""vpu"", ""temperature"": 0.07, ""weight"": 0.01}"
vpu_contractive_interaction_expanded,candidate,vpu_contractive_interaction_expanded/task_000035,task_000035,grid_0007,0,completed,45a2955272c9,"VPU + contractive + contrastive (T=0.07, w=0.01)",molecule_vpu,VariationalPULoss,none,0.2,0.0,{},"{""contrastive"": {""peak_permutation"": {""params"": {""annotation_bin_radius"": 0, ""peak_catalog_limit"": 4096, ""peak_sample_size"": 10000, ""peak_selection_method"": ""permutation_label_invariant"", ""permutation_bank_size"": 7000, ""permutation_selection_attempts"": 64, ""permuted_peaks_per_view"": 3, ""preserve_input_normalization"": true, ""temperature"": 0.07}, ""target"": ""InfoNCELoss"", ""weight"": 0.01}}, ""heads"": {""molecule_vpu"": {""vpu_alpha_1_beta_1"": {""params"": {""alpha"": 1.0, ""beta"": 1.0, ""consistency_weight"": 0.0, ""negative_weight"": 0.0, ""simulated_negative_weight"": 0.0}, ""target"": ""VariationalPULoss"", ""weight"": 0.2}}}, ""reconstruction"": {""masserstein"": {""target"": ""MassersteinLoss"", ""weight"": 1.0}}, ""regularization"": {""contractive"": {""params"": {""calculation_method"": ""exact_autograd_jacobian"", ""hinge_alpha"": 2.0, ""hinge_threshold"": 7.0, ""input_geometry"": ""fisher_rao"", ""latent_source"": ""auto"", ""penalized_space"": ""u"", ""penalty_metric"": ""spectral_plus_hinged""}, ""target"": ""ContractiveLoss"", ""weight"": 0.002}}}",91154199,32238397,/home/max/repositories/MSIAutoEncoderWrapper/data/kidney_workspace/models/kidney/vpu-contractive-interaction-expanded-20260917-01__task_000035,True,True,/home/max/repositories/MSIAutoEncoderWrapper/data/kidney_workspace/configs/entropy-runs/vpu-contractive-interaction-expanded-20260917-01/plan/status/task_000035.yaml,ff133cd42f7af414ee3022e7947f94bcd301e0ce338f93da55895867ef10c9a7,63d67af42e30038bef1fbb98125bd6ccad588380dabc4de668acc50167a34723,a2050c74fdbe1badbb9e33875a35237ab1547edf1aa0e128281bc6d284413993,True,True,False,vpu_alpha_1_beta_1 (VariationalPULoss),vpu_contractive_contrastive_t007_w10m,"VPU + contractive + contrastive (T=0.07, w=0.01)",11,#0072B2,dashed,s,"{""contractive"": true, ""contrastive"": true, ""family"": ""vpu"", ""temperature"": 0.07, ""weight"": 0.01}"
vpu_contractive_interaction_expanded,candidate,vpu_contractive_interaction_expanded/task_000036,task_000036,grid_0007,1,completed,45a2955272c9,"VPU + contractive + contrastive (T=0.07, w=0.01)",molecule_vpu,VariationalPULoss,none,0.2,0.0,{},"{""contrastive"": {""peak_permutation"": {""params"": {""annotation_bin_radius"": 0, ""peak_catalog_limit"": 4096, ""peak_sample_size"": 10000, ""peak_selection_method"": ""permutation_label_invariant"", ""permutation_bank_size"": 7000, ""permutation_selection_attempts"": 64, ""permuted_peaks_per_view"": 3, ""preserve_input_normalization"": true, ""temperature"": 0.07}, ""target"": ""InfoNCELoss"", ""weight"": 0.01}}, ""heads"": {""molecule_vpu"": {""vpu_alpha_1_beta_1"": {""params"": {""alpha"": 1.0, ""beta"": 1.0, ""consistency_weight"": 0.0, ""negative_weight"": 0.0, ""simulated_negative_weight"": 0.0}, ""target"": ""VariationalPULoss"", ""weight"": 0.2}}}, ""reconstruction"": {""masserstein"": {""target"": ""MassersteinLoss"", ""weight"": 1.0}}, ""regularization"": {""contractive"": {""params"": {""calculation_method"": ""exact_autograd_jacobian"", ""hinge_alpha"": 2.0, ""hinge_threshold"": 7.0, ""input_geometry"": ""fisher_rao"", ""latent_source"": ""auto"", ""penalized_space"": ""u"", ""penalty_metric"": ""spectral_plus_hinged""}, ""target"": ""ContractiveLoss"", ""weight"": 0.002}}}",919377028,892754137,/home/max/repositories/MSIAutoEncoderWrapper/data/kidney_workspace/models/kidney/vpu-contractive-interaction-expanded-20260917-01__task_000036,True,True,/home/max/repositories/MSIAutoEncoderWrapper/data/kidney_workspace/configs/entropy-runs/vpu-contractive-interaction-expanded-20260917-01/plan/status/task_000036.yaml,ff133cd42f7af414ee3022e7947f94bcd301e0ce338f93da55895867ef10c9a7,63d67af42e30038bef1fbb98125bd6ccad588380dabc4de668acc50167a34723,a2050c74fdbe1badbb9e33875a35237ab1547edf1aa0e128281bc6d284413993,True,True,False,vpu_alpha_1_beta_1 (VariationalPULoss),vpu_contractive_contrastive_t007_w10m,"VPU + contractive + contrastive (T=0.07, w=0.01)",11,#0072B2,dashed,s,"{""contractive"": true, ""contrastive"": true, ""family"": ""vpu"", ""temperature"": 0.07, ""weight"": 0.01}"
vpu_contractive_interaction_expanded,candidate,vpu_contractive_interaction_expanded/task_000037,task_000037,grid_0007,2,completed,45a2955272c9,"VPU + contractive + contrastive (T=0.07, w=0.01)",molecule_vpu,VariationalPULoss,none,0.2,0.0,{},"{""contrastive"": {""peak_permutation"": {""params"": {""annotation_bin_radius"": 0, ""peak_catalog_limit"": 4096, ""peak_sample_size"": 10000, ""peak_selection_method"": ""permutation_label_invariant"", ""permutation_bank_size"": 7000, ""permutation_selection_attempts"": 64, ""permuted_peaks_per_view"": 3, ""preserve_input_normalization"": true, ""temperature"": 0.07}, ""target"": ""InfoNCELoss"", ""weight"": 0.01}}, ""heads"": {""molecule_vpu"": {""vpu_alpha_1_beta_1"": {""params"": {""alpha"": 1.0, ""beta"": 1.0, ""consistency_weight"": 0.0, ""negative_weight"": 0.0, ""simulated_negative_weight"": 0.0}, ""target"": ""VariationalPULoss"", ""weight"": 0.2}}}, ""reconstruction"": {""masserstein"": {""target"": ""MassersteinLoss"", ""weight"": 1.0}}, ""regularization"": {""contractive"": {""params"": {""calculation_method"": ""exact_autograd_jacobian"", ""hinge_alpha"": 2.0, ""hinge_threshold"": 7.0, ""input_geometry"": ""fisher_rao"", ""latent_source"": ""auto"", ""penalized_space"": ""u"", ""penalty_metric"": ""spectral_plus_hinged""}, ""target"": ""ContractiveLoss"", ""weight"": 0.002}}}",2136253289,442265914,/home/max/repositories/MSIAutoEncoderWrapper/data/kidney_workspace/models/kidney/vpu-contractive-interaction-expanded-20260917-01__task_000037,True,True,/home/max/repositories/MSIAutoEncoderWrapper/data/kidney_workspace/configs/entropy-runs/vpu-contractive-interaction-expanded-20260917-01/plan/status/task_000037.yaml,ff133cd42f7af414ee3022e7947f94bcd301e0ce338f93da55895867ef10c9a7,63d67af42e30038bef1fbb98125bd6ccad588380dabc4de668acc50167a34723,a2050c74fdbe1badbb9e33875a35237ab1547edf1aa0e128281bc6d284413993,True,True,False,vpu_alpha_1_beta_1 (VariationalPULoss),vpu_contractive_contrastive_t007_w10m,"VPU + contractive + contrastive (T=0.07, w=0.01)",11,#0072B2,dashed,s,"{""contractive"": true, ""contrastive"": true, ""family"": ""vpu"", ""temperature"": 0.07, ""weight"": 0.01}"
vpu_contractive_interaction_expanded,candidate,vpu_contractive_interaction_expanded/task_000038,task_000038,grid_0007,3,completed,45a2955272c9,"VPU + contractive + contrastive (T=0.07, w=0.01)",molecule_vpu,VariationalPULoss,none,0.2,0.0,{},"{""contrastive"": {""peak_permutation"": {""params"": {""annotation_bin_radius"": 0, ""peak_catalog_limit"": 4096, ""peak_sample_size"": 10000, ""peak_selection_method"": ""permutation_label_invariant"", ""permutation_bank_size"": 7000, ""permutation_selection_attempts"": 64, ""permuted_peaks_per_view"": 3, ""preserve_input_normalization"": true, ""temperature"": 0.07}, ""target"": ""InfoNCELoss"", ""weight"": 0.01}}, ""heads"": {""molecule_vpu"": {""vpu_alpha_1_beta_1"": {""params"": {""alpha"": 1.0, ""beta"": 1.0, ""consistency_weight"": 0.0, ""negative_weight"": 0.0, ""simulated_negative_weight"": 0.0}, ""target"": ""VariationalPULoss"", ""weight"": 0.2}}}, ""reconstruction"": {""masserstein"": {""target"": ""MassersteinLoss"", ""weight"": 1.0}}, ""regularization"": {""contractive"": {""params"": {""calculation_method"": ""exact_autograd_jacobian"", ""hinge_alpha"": 2.0, ""hinge_threshold"": 7.0, ""input_geometry"": ""fisher_rao"", ""latent_source"": ""auto"", ""penalized_space"": ""u"", ""penalty_metric"": ""spectral_plus_hinged""}, ""target"": ""ContractiveLoss"", ""weight"": 0.002}}}",276187349,194761695,/home/max/repositories/MSIAutoEncoderWrapper/data/kidney_workspace/models/kidney/vpu-contractive-interaction-expanded-20260917-01__task_000038,True,True,/home/max/repositories/MSIAutoEncoderWrapper/data/kidney_workspace/configs/entropy-runs/vpu-contractive-interaction-expanded-20260917-01/plan/status/task_000038.yaml,ff133cd42f7af414ee3022e7947f94bcd301e0ce338f93da55895867ef10c9a7,63d67af42e30038bef1fbb98125bd6ccad588380dabc4de668acc50167a34723,a2050c74fdbe1badbb9e33875a35237ab1547edf1aa0e128281bc6d284413993,True,True,False,vpu_alpha_1_beta_1 (VariationalPULoss),vpu_contractive_contrastive_t007_w10m,"VPU + contractive + contrastive (T=0.07, w=0.01)",11,#0072B2,dashed,s,"{""contractive"": true, ""contrastive"": true, ""family"": ""vpu"", ""temperature"": 0.07, ""weight"": 0.01}"
vpu_contractive_interaction_expanded,candidate,vpu_contractive_interaction_expanded/task_000039,task_000039,grid_0007,4,completed,45a2955272c9,"VPU + contractive + contrastive (T=0.07, w=0.01)",molecule_vpu,VariationalPULoss,none,0.2,0.0,{},"{""contrastive"": {""peak_permutation"": {""params"": {""annotation_bin_radius"": 0, ""peak_catalog_limit"": 4096, ""peak_sample_size"": 10000, ""peak_selection_method"": ""permutation_label_invariant"", ""permutation_bank_size"": 7000, ""permutation_selection_attempts"": 64, ""permuted_peaks_per_view"": 3, ""preserve_input_normalization"": true, ""temperature"": 0.07}, ""target"": ""InfoNCELoss"", ""weight"": 0.01}}, ""heads"": {""molecule_vpu"": {""vpu_alpha_1_beta_1"": {""params"": {""alpha"": 1.0, ""beta"": 1.0, ""consistency_weight"": 0.0, ""negative_weight"": 0.0, ""simulated_negative_weight"": 0.0}, ""target"": ""VariationalPULoss"", ""weight"": 0.2}}}, ""reconstruction"": {""masserstein"": {""target"": ""MassersteinLoss"", ""weight"": 1.0}}, ""regularization"": {""contractive"": {""params"": {""calculation_method"": ""exact_autograd_jacobian"", ""hinge_alpha"": 2.0, ""hinge_threshold"": 7.0, ""input_geometry"": ""fisher_rao"", ""latent_source"": ""auto"", ""penalized_space"": ""u"", ""penalty_metric"": ""spectral_plus_hinged""}, ""target"": ""ContractiveLoss"", ""weight"": 0.002}}}",1915557887,1927548799,/home/max/repositories/MSIAutoEncoderWrapper/data/kidney_workspace/models/kidney/vpu-contractive-interaction-expanded-20260917-01__task_000039,True,True,/home/max/repositories/MSIAutoEncoderWrapper/data/kidney_workspace/configs/entropy-runs/vpu-contractive-interaction-expanded-20260917-01/plan/status/task_000039.yaml,ff133cd42f7af414ee3022e7947f94bcd301e0ce338f93da55895867ef10c9a7,63d67af42e30038bef1fbb98125bd6ccad588380dabc4de668acc50167a34723,a2050c74fdbe1badbb9e33875a35237ab1547edf1aa0e128281bc6d284413993,True,True,False,vpu_alpha_1_beta_1 (VariationalPULoss),vpu_contractive_contrastive_t007_w10m,"VPU + contractive + contrastive (T=0.07, w=0.01)",11,#0072B2,dashed,s,"{""contractive"": true, ""contrastive"": true, ""family"": ""vpu"", ""temperature"": 0.07, ""weight"": 0.01}"
vpu_contractive_interaction_expanded,candidate,vpu_contractive_interaction_expanded/task_000040,task_000040,grid_0008,0,completed,b0886be132e3,"VPU + contrastive (T=0.07, w=0.001)",molecule_vpu,VariationalPULoss,none,0.2,0.0,{},"{""contrastive"": {""peak_permutation"": {""params"": {""annotation_bin_radius"": 0, ""peak_catalog_limit"": 4096, ""peak_sample_size"": 10000, ""peak_selection_method"": ""permutation_label_invariant"", ""permutation_bank_size"": 7000, ""permutation_selection_attempts"": 64, ""permuted_peaks_per_view"": 3, ""preserve_input_normalization"": true, ""temperature"": 0.07}, ""target"": ""InfoNCELoss"", ""weight"": 0.001}}, ""heads"": {""molecule_vpu"": {""vpu_alpha_1_beta_1"": {""params"": {""alpha"": 1.0, ""beta"": 1.0, ""consistency_weight"": 0.0, ""negative_weight"": 0.0, ""simulated_negative_weight"": 0.0}, ""target"": ""VariationalPULoss"", ""weight"": 0.2}}}, ""reconstruction"": {""masserstein"": {""target"": ""MassersteinLoss"", ""weight"": 1.0}}, ""regularization"": {}}",91154199,32238397,/home/max/repositories/MSIAutoEncoderWrapper/data/kidney_workspace/models/kidney/vpu-contractive-interaction-expanded-20260917-01__task_000040,True,True,/home/max/repositories/MSIAutoEncoderWrapper/data/kidney_workspace/configs/entropy-runs/vpu-contractive-interaction-expanded-20260917-01/plan/status/task_000040.yaml,ff133cd42f7af414ee3022e7947f94bcd301e0ce338f93da55895867ef10c9a7,63d67af42e30038bef1fbb98125bd6ccad588380dabc4de668acc50167a34723,5903f8bffed698d7be4e51f34d762973e7ca3677d462301c993cac26499eddd3,True,True,False,vpu_alpha_1_beta_1 (VariationalPULoss),vpu_contrastive_t007_w1m,"VPU + contrastive (T=0.07, w=0.001)",12,#0072B2,solid,^,"{""contractive"": false, ""contrastive"": true, ""family"": ""vpu"", ""temperature"": 0.07, ""weight"": 0.001}"
vpu_contractive_interaction_expanded,candidate,vpu_contractive_interaction_expanded/task_000041,task_000041,grid_0008,1,completed,b0886be132e3,"VPU + contrastive (T=0.07, w=0.001)",molecule_vpu,VariationalPULoss,none,0.2,0.0,{},"{""contrastive"": {""peak_permutation"": {""params"": {""annotation_bin_radius"": 0, ""peak_catalog_limit"": 4096, ""peak_sample_size"": 10000, ""peak_selection_method"": ""permutation_label_invariant"", ""permutation_bank_size"": 7000, ""permutation_selection_attempts"": 64, ""permuted_peaks_per_view"": 3, ""preserve_input_normalization"": true, ""temperature"": 0.07}, ""target"": ""InfoNCELoss"", ""weight"": 0.001}}, ""heads"": {""molecule_vpu"": {""vpu_alpha_1_beta_1"": {""params"": {""alpha"": 1.0, ""beta"": 1.0, ""consistency_weight"": 0.0, ""negative_weight"": 0.0, ""simulated_negative_weight"": 0.0}, ""target"": ""VariationalPULoss"", ""weight"": 0.2}}}, ""reconstruction"": {""masserstein"": {""target"": ""MassersteinLoss"", ""weight"": 1.0}}, ""regularization"": {}}",919377028,892754137,/home/max/repositories/MSIAutoEncoderWrapper/data/kidney_workspace/models/kidney/vpu-contractive-interaction-expanded-20260917-01__task_000041,True,True,/home/max/repositories/MSIAutoEncoderWrapper/data/kidney_workspace/configs/entropy-runs/vpu-contractive-interaction-expanded-20260917-01/plan/status/task_000041.yaml,ff133cd42f7af414ee3022e7947f94bcd301e0ce338f93da55895867ef10c9a7,63d67af42e30038bef1fbb98125bd6ccad588380dabc4de668acc50167a34723,5903f8bffed698d7be4e51f34d762973e7ca3677d462301c993cac26499eddd3,True,True,False,vpu_alpha_1_beta_1 (VariationalPULoss),vpu_contrastive_t007_w1m,"VPU + contrastive (T=0.07, w=0.001)",12,#0072B2,solid,^,"{""contractive"": false, ""contrastive"": true, ""family"": ""vpu"", ""temperature"": 0.07, ""weight"": 0.001}"
vpu_contractive_interaction_expanded,candidate,vpu_contractive_interaction_expanded/task_000042,task_000042,grid_0008,2,completed,b0886be132e3,"VPU + contrastive (T=0.07, w=0.001)",molecule_vpu,VariationalPULoss,none,0.2,0.0,{},"{""contrastive"": {""peak_permutation"": {""params"": {""annotation_bin_radius"": 0, ""peak_catalog_limit"": 4096, ""peak_sample_size"": 10000, ""peak_selection_method"": ""permutation_label_invariant"", ""permutation_bank_size"": 7000, ""permutation_selection_attempts"": 64, ""permuted_peaks_per_view"": 3, ""preserve_input_normalization"": true, ""temperature"": 0.07}, ""target"": ""InfoNCELoss"", ""weight"": 0.001}}, ""heads"": {""molecule_vpu"": {""vpu_alpha_1_beta_1"": {""params"": {""alpha"": 1.0, ""beta"": 1.0, ""consistency_weight"": 0.0, ""negative_weight"": 0.0, ""simulated_negative_weight"": 0.0}, ""target"": ""VariationalPULoss"", ""weight"": 0.2}}}, ""reconstruction"": {""masserstein"": {""target"": ""MassersteinLoss"", ""weight"": 1.0}}, ""regularization"": {}}",2136253289,442265914,/home/max/repositories/MSIAutoEncoderWrapper/data/kidney_workspace/models/kidney/vpu-contractive-interaction-expanded-20260917-01__task_000042,True,True,/home/max/repositories/MSIAutoEncoderWrapper/data/kidney_workspace/configs/entropy-runs/vpu-contractive-interaction-expanded-20260917-01/plan/status/task_000042.yaml,ff133cd42f7af414ee3022e7947f94bcd301e0ce338f93da55895867ef10c9a7,63d67af42e30038bef1fbb98125bd6ccad588380dabc4de668acc50167a34723,5903f8bffed698d7be4e51f34d762973e7ca3677d462301c993cac26499eddd3,True,True,False,vpu_alpha_1_beta_1 (VariationalPULoss),vpu_contrastive_t007_w1m,"VPU + contrastive (T=0.07, w=0.001)",12,#0072B2,solid,^,"{""contractive"": false, ""contrastive"": true, ""family"": ""vpu"", ""temperature"": 0.07, ""weight"": 0.001}"
vpu_contractive_interaction_expanded,candidate,vpu_contractive_interaction_expanded/task_000043,task_000043,grid_0008,3,completed,b0886be132e3,"VPU + contrastive (T=0.07, w=0.001)",molecule_vpu,VariationalPULoss,none,0.2,0.0,{},"{""contrastive"": {""peak_permutation"": {""params"": {""annotation_bin_radius"": 0, ""peak_catalog_limit"": 4096, ""peak_sample_size"": 10000, ""peak_selection_method"": ""permutation_label_invariant"", ""permutation_bank_size"": 7000, ""permutation_selection_attempts"": 64, ""permuted_peaks_per_view"": 3, ""preserve_input_normalization"": true, ""temperature"": 0.07}, ""target"": ""InfoNCELoss"", ""weight"": 0.001}}, ""heads"": {""molecule_vpu"": {""vpu_alpha_1_beta_1"": {""params"": {""alpha"": 1.0, ""beta"": 1.0, ""consistency_weight"": 0.0, ""negative_weight"": 0.0, ""simulated_negative_weight"": 0.0}, ""target"": ""VariationalPULoss"", ""weight"": 0.2}}}, ""reconstruction"": {""masserstein"": {""target"": ""MassersteinLoss"", ""weight"": 1.0}}, ""regularization"": {}}",276187349,194761695,/home/max/repositories/MSIAutoEncoderWrapper/data/kidney_workspace/models/kidney/vpu-contractive-interaction-expanded-20260917-01__task_000043,True,True,/home/max/repositories/MSIAutoEncoderWrapper/data/kidney_workspace/configs/entropy-runs/vpu-contractive-interaction-expanded-20260917-01/plan/status/task_000043.yaml,ff133cd42f7af414ee3022e7947f94bcd301e0ce338f93da55895867ef10c9a7,63d67af42e30038bef1fbb98125bd6ccad588380dabc4de668acc50167a34723,5903f8bffed698d7be4e51f34d762973e7ca3677d462301c993cac26499eddd3,True,True,False,vpu_alpha_1_beta_1 (VariationalPULoss),vpu_contrastive_t007_w1m,"VPU + contrastive (T=0.07, w=0.001)",12,#0072B2,solid,^,"{""contractive"": false, ""contrastive"": true, ""family"": ""vpu"", ""temperature"": 0.07, ""weight"": 0.001}"
vpu_contractive_interaction_expanded,candidate,vpu_contractive_interaction_expanded/task_000044,task_000044,grid_0008,4,completed,b0886be132e3,"VPU + contrastive (T=0.07, w=0.001)",molecule_vpu,VariationalPULoss,none,0.2,0.0,{},"{""contrastive"": {""peak_permutation"": {""params"": {""annotation_bin_radius"": 0, ""peak_catalog_limit"": 4096, ""peak_sample_size"": 10000, ""peak_selection_method"": ""permutation_label_invariant"", ""permutation_bank_size"": 7000, ""permutation_selection_attempts"": 64, ""permuted_peaks_per_view"": 3, ""preserve_input_normalization"": true, ""temperature"": 0.07}, ""target"": ""InfoNCELoss"", ""weight"": 0.001}}, ""heads"": {""molecule_vpu"": {""vpu_alpha_1_beta_1"": {""params"": {""alpha"": 1.0, ""beta"": 1.0, ""consistency_weight"": 0.0, ""negative_weight"": 0.0, ""simulated_negative_weight"": 0.0}, ""target"": ""VariationalPULoss"", ""weight"": 0.2}}}, ""reconstruction"": {""masserstein"": {""target"": ""MassersteinLoss"", ""weight"": 1.0}}, ""regularization"": {}}",1915557887,1927548799,/home/max/repositories/MSIAutoEncoderWrapper/data/kidney_workspace/models/kidney/vpu-contractive-interaction-expanded-20260917-01__task_000044,True,True,/home/max/repositories/MSIAutoEncoderWrapper/data/kidney_workspace/configs/entropy-runs/vpu-contractive-interaction-expanded-20260917-01/plan/status/task_000044.yaml,ff133cd42f7af414ee3022e7947f94bcd301e0ce338f93da55895867ef10c9a7,63d67af42e30038bef1fbb98125bd6ccad588380dabc4de668acc50167a34723,5903f8bffed698d7be4e51f34d762973e7ca3677d462301c993cac26499eddd3,True,True,False,vpu_alpha_1_beta_1 (VariationalPULoss),vpu_contrastive_t007_w1m,"VPU + contrastive (T=0.07, w=0.001)",12,#0072B2,solid,^,"{""contractive"": false, ""contrastive"": true, ""family"": ""vpu"", ""temperature"": 0.07, ""weight"": 0.001}"
vpu_contractive_interaction_expanded,candidate,vpu_contractive_interaction_expanded/task_000045,task_000045,grid_0009,0,completed,38db9c69645b,"VPU + contractive + contrastive (T=0.07, w=0.001)",molecule_vpu,VariationalPULoss,none,0.2,0.0,{},"{""contrastive"": {""peak_permutation"": {""params"": {""annotation_bin_radius"": 0, ""peak_catalog_limit"": 4096, ""peak_sample_size"": 10000, ""peak_selection_method"": ""permutation_label_invariant"", ""permutation_bank_size"": 7000, ""permutation_selection_attempts"": 64, ""permuted_peaks_per_view"": 3, ""preserve_input_normalization"": true, ""temperature"": 0.07}, ""target"": ""InfoNCELoss"", ""weight"": 0.001}}, ""heads"": {""molecule_vpu"": {""vpu_alpha_1_beta_1"": {""params"": {""alpha"": 1.0, ""beta"": 1.0, ""consistency_weight"": 0.0, ""negative_weight"": 0.0, ""simulated_negative_weight"": 0.0}, ""target"": ""VariationalPULoss"", ""weight"": 0.2}}}, ""reconstruction"": {""masserstein"": {""target"": ""MassersteinLoss"", ""weight"": 1.0}}, ""regularization"": {""contractive"": {""params"": {""calculation_method"": ""exact_autograd_jacobian"", ""hinge_alpha"": 2.0, ""hinge_threshold"": 7.0, ""input_geometry"": ""fisher_rao"", ""latent_source"": ""auto"", ""penalized_space"": ""u"", ""penalty_metric"": ""spectral_plus_hinged""}, ""target"": ""ContractiveLoss"", ""weight"": 0.002}}}",91154199,32238397,/home/max/repositories/MSIAutoEncoderWrapper/data/kidney_workspace/models/kidney/vpu-contractive-interaction-expanded-20260917-01__task_000045,True,True,/home/max/repositories/MSIAutoEncoderWrapper/data/kidney_workspace/configs/entropy-runs/vpu-contractive-interaction-expanded-20260917-01/plan/status/task_000045.yaml,ff133cd42f7af414ee3022e7947f94bcd301e0ce338f93da55895867ef10c9a7,63d67af42e30038bef1fbb98125bd6ccad588380dabc4de668acc50167a34723,77ff926cd8b95cad98969175091aa74ba6d4129415571bf95bffc223043ef73c,True,True,False,vpu_alpha_1_beta_1 (VariationalPULoss),vpu_contractive_contrastive_t007_w1m,"VPU + contractive + contrastive (T=0.07, w=0.001)",13,#0072B2,dashed,^,"{""contractive"": true, ""contrastive"": true, ""family"": ""vpu"", ""temperature"": 0.07, ""weight"": 0.001}"
vpu_contractive_interaction_expanded,candidate,vpu_contractive_interaction_expanded/task_000046,task_000046,grid_0009,1,completed,38db9c69645b,"VPU + contractive + contrastive (T=0.07, w=0.001)",molecule_vpu,VariationalPULoss,none,0.2,0.0,{},"{""contrastive"": {""peak_permutation"": {""params"": {""annotation_bin_radius"": 0, ""peak_catalog_limit"": 4096, ""peak_sample_size"": 10000, ""peak_selection_method"": ""permutation_label_invariant"", ""permutation_bank_size"": 7000, ""permutation_selection_attempts"": 64, ""permuted_peaks_per_view"": 3, ""preserve_input_normalization"": true, ""temperature"": 0.07}, ""target"": ""InfoNCELoss"", ""weight"": 0.001}}, ""heads"": {""molecule_vpu"": {""vpu_alpha_1_beta_1"": {""params"": {""alpha"": 1.0, ""beta"": 1.0, ""consistency_weight"": 0.0, ""negative_weight"": 0.0, ""simulated_negative_weight"": 0.0}, ""target"": ""VariationalPULoss"", ""weight"": 0.2}}}, ""reconstruction"": {""masserstein"": {""target"": ""MassersteinLoss"", ""weight"": 1.0}}, ""regularization"": {""contractive"": {""params"": {""calculation_method"": ""exact_autograd_jacobian"", ""hinge_alpha"": 2.0, ""hinge_threshold"": 7.0, ""input_geometry"": ""fisher_rao"", ""latent_source"": ""auto"", ""penalized_space"": ""u"", ""penalty_metric"": ""spectral_plus_hinged""}, ""target"": ""ContractiveLoss"", ""weight"": 0.002}}}",919377028,892754137,/home/max/repositories/MSIAutoEncoderWrapper/data/kidney_workspace/models/kidney/vpu-contractive-interaction-expanded-20260917-01__task_000046,True,True,/home/max/repositories/MSIAutoEncoderWrapper/data/kidney_workspace/configs/entropy-runs/vpu-contractive-interaction-expanded-20260917-01/plan/status/task_000046.yaml,ff133cd42f7af414ee3022e7947f94bcd301e0ce338f93da55895867ef10c9a7,63d67af42e30038bef1fbb98125bd6ccad588380dabc4de668acc50167a34723,77ff926cd8b95cad98969175091aa74ba6d4129415571bf95bffc223043ef73c,True,True,False,vpu_alpha_1_beta_1 (VariationalPULoss),vpu_contractive_contrastive_t007_w1m,"VPU + contractive + contrastive (T=0.07, w=0.001)",13,#0072B2,dashed,^,"{""contractive"": true, ""contrastive"": true, ""family"": ""vpu"", ""temperature"": 0.07, ""weight"": 0.001}"
vpu_contractive_interaction_expanded,candidate,vpu_contractive_interaction_expanded/task_000047,task_000047,grid_0009,2,completed,38db9c69645b,"VPU + contractive + contrastive (T=0.07, w=0.001)",molecule_vpu,VariationalPULoss,none,0.2,0.0,{},"{""contrastive"": {""peak_permutation"": {""params"": {""annotation_bin_radius"": 0, ""peak_catalog_limit"": 4096, ""peak_sample_size"": 10000, ""peak_selection_method"": ""permutation_label_invariant"", ""permutation_bank_size"": 7000, ""permutation_selection_attempts"": 64, ""permuted_peaks_per_view"": 3, ""preserve_input_normalization"": true, ""temperature"": 0.07}, ""target"": ""InfoNCELoss"", ""weight"": 0.001}}, ""heads"": {""molecule_vpu"": {""vpu_alpha_1_beta_1"": {""params"": {""alpha"": 1.0, ""beta"": 1.0, ""consistency_weight"": 0.0, ""negative_weight"": 0.0, ""simulated_negative_weight"": 0.0}, ""target"": ""VariationalPULoss"", ""weight"": 0.2}}}, ""reconstruction"": {""masserstein"": {""target"": ""MassersteinLoss"", ""weight"": 1.0}}, ""regularization"": {""contractive"": {""params"": {""calculation_method"": ""exact_autograd_jacobian"", ""hinge_alpha"": 2.0, ""hinge_threshold"": 7.0, ""input_geometry"": ""fisher_rao"", ""latent_source"": ""auto"", ""penalized_space"": ""u"", ""penalty_metric"": ""spectral_plus_hinged""}, ""target"": ""ContractiveLoss"", ""weight"": 0.002}}}",2136253289,442265914,/home/max/repositories/MSIAutoEncoderWrapper/data/kidney_workspace/models/kidney/vpu-contractive-interaction-expanded-20260917-01__task_000047,True,True,/home/max/repositories/MSIAutoEncoderWrapper/data/kidney_workspace/configs/entropy-runs/vpu-contractive-interaction-expanded-20260917-01/plan/status/task_000047.yaml,ff133cd42f7af414ee3022e7947f94bcd301e0ce338f93da55895867ef10c9a7,63d67af42e30038bef1fbb98125bd6ccad588380dabc4de668acc50167a34723,77ff926cd8b95cad98969175091aa74ba6d4129415571bf95bffc223043ef73c,True,True,False,vpu_alpha_1_beta_1 (VariationalPULoss),vpu_contractive_contrastive_t007_w1m,"VPU + contractive + contrastive (T=0.07, w=0.001)",13,#0072B2,dashed,^,"{""contractive"": true, ""contrastive"": true, ""family"": ""vpu"", ""temperature"": 0.07, ""weight"": 0.001}"
vpu_contractive_interaction_expanded,candidate,vpu_contractive_interaction_expanded/task_000048,task_000048,grid_0009,3,completed,38db9c69645b,"VPU + contractive + contrastive (T=0.07, w=0.001)",molecule_vpu,VariationalPULoss,none,0.2,0.0,{},"{""contrastive"": {""peak_permutation"": {""params"": {""annotation_bin_radius"": 0, ""peak_catalog_limit"": 4096, ""peak_sample_size"": 10000, ""peak_selection_method"": ""permutation_label_invariant"", ""permutation_bank_size"": 7000, ""permutation_selection_attempts"": 64, ""permuted_peaks_per_view"": 3, ""preserve_input_normalization"": true, ""temperature"": 0.07}, ""target"": ""InfoNCELoss"", ""weight"": 0.001}}, ""heads"": {""molecule_vpu"": {""vpu_alpha_1_beta_1"": {""params"": {""alpha"": 1.0, ""beta"": 1.0, ""consistency_weight"": 0.0, ""negative_weight"": 0.0, ""simulated_negative_weight"": 0.0}, ""target"": ""VariationalPULoss"", ""weight"": 0.2}}}, ""reconstruction"": {""masserstein"": {""target"": ""MassersteinLoss"", ""weight"": 1.0}}, ""regularization"": {""contractive"": {""params"": {""calculation_method"": ""exact_autograd_jacobian"", ""hinge_alpha"": 2.0, ""hinge_threshold"": 7.0, ""input_geometry"": ""fisher_rao"", ""latent_source"": ""auto"", ""penalized_space"": ""u"", ""penalty_metric"": ""spectral_plus_hinged""}, ""target"": ""ContractiveLoss"", ""weight"": 0.002}}}",276187349,194761695,/home/max/repositories/MSIAutoEncoderWrapper/data/kidney_workspace/models/kidney/vpu-contractive-interaction-expanded-20260917-01__task_000048,True,True,/home/max/repositories/MSIAutoEncoderWrapper/data/kidney_workspace/configs/entropy-runs/vpu-contractive-interaction-expanded-20260917-01/plan/status/task_000048.yaml,ff133cd42f7af414ee3022e7947f94bcd301e0ce338f93da55895867ef10c9a7,63d67af42e30038bef1fbb98125bd6ccad588380dabc4de668acc50167a34723,77ff926cd8b95cad98969175091aa74ba6d4129415571bf95bffc223043ef73c,True,True,False,vpu_alpha_1_beta_1 (VariationalPULoss),vpu_contractive_contrastive_t007_w1m,"VPU + contractive + contrastive (T=0.07, w=0.001)",13,#0072B2,dashed,^,"{""contractive"": true, ""contrastive"": true, ""family"": ""vpu"", ""temperature"": 0.07, ""weight"": 0.001}"
vpu_contractive_interaction_expanded,candidate,vpu_contractive_interaction_expanded/task_000049,task_000049,grid_0009,4,completed,38db9c69645b,"VPU + contractive + contrastive (T=0.07, w=0.001)",molecule_vpu,VariationalPULoss,none,0.2,0.0,{},"{""contrastive"": {""peak_permutation"": {""params"": {""annotation_bin_radius"": 0, ""peak_catalog_limit"": 4096, ""peak_sample_size"": 10000, ""peak_selection_method"": ""permutation_label_invariant"", ""permutation_bank_size"": 7000, ""permutation_selection_attempts"": 64, ""permuted_peaks_per_view"": 3, ""preserve_input_normalization"": true, ""temperature"": 0.07}, ""target"": ""InfoNCELoss"", ""weight"": 0.001}}, ""heads"": {""molecule_vpu"": {""vpu_alpha_1_beta_1"": {""params"": {""alpha"": 1.0, ""beta"": 1.0, ""consistency_weight"": 0.0, ""negative_weight"": 0.0, ""simulated_negative_weight"": 0.0}, ""target"": ""VariationalPULoss"", ""weight"": 0.2}}}, ""reconstruction"": {""masserstein"": {""target"": ""MassersteinLoss"", ""weight"": 1.0}}, ""regularization"": {""contractive"": {""params"": {""calculation_method"": ""exact_autograd_jacobian"", ""hinge_alpha"": 2.0, ""hinge_threshold"": 7.0, ""input_geometry"": ""fisher_rao"", ""latent_source"": ""auto"", ""penalized_space"": ""u"", ""penalty_metric"": ""spectral_plus_hinged""}, ""target"": ""ContractiveLoss"", ""weight"": 0.002}}}",1915557887,1927548799,/home/max/repositories/MSIAutoEncoderWrapper/data/kidney_workspace/models/kidney/vpu-contractive-interaction-expanded-20260917-01__task_000049,True,True,/home/max/repositories/MSIAutoEncoderWrapper/data/kidney_workspace/configs/entropy-runs/vpu-contractive-interaction-expanded-20260917-01/plan/status/task_000049.yaml,ff133cd42f7af414ee3022e7947f94bcd301e0ce338f93da55895867ef10c9a7,63d67af42e30038bef1fbb98125bd6ccad588380dabc4de668acc50167a34723,77ff926cd8b95cad98969175091aa74ba6d4129415571bf95bffc223043ef73c,True,True,False,vpu_alpha_1_beta_1 (VariationalPULoss),vpu_contractive_contrastive_t007_w1m,"VPU + contractive + contrastive (T=0.07, w=0.001)",13,#0072B2,dashed,^,"{""contractive"": true, ""contrastive"": true, ""family"": ""vpu"", ""temperature"": 0.07, ""weight"": 0.001}"
vpu_contractive_interaction_expanded,candidate,vpu_contractive_interaction_expanded/task_000050,task_000050,grid_0010,0,completed,4164b9ddd742,"VPU + contrastive (T=0.15, w=0.1)",molecule_vpu,VariationalPULoss,none,0.2,0.0,{},"{""contrastive"": {""peak_permutation"": {""params"": {""annotation_bin_radius"": 0, ""peak_catalog_limit"": 4096, ""peak_sample_size"": 10000, ""peak_selection_method"": ""permutation_label_invariant"", ""permutation_bank_size"": 7000, ""permutation_selection_attempts"": 64, ""permuted_peaks_per_view"": 3, ""preserve_input_normalization"": true, ""temperature"": 0.15}, ""target"": ""InfoNCELoss"", ""weight"": 0.1}}, ""heads"": {""molecule_vpu"": {""vpu_alpha_1_beta_1"": {""params"": {""alpha"": 1.0, ""beta"": 1.0, ""consistency_weight"": 0.0, ""negative_weight"": 0.0, ""simulated_negative_weight"": 0.0}, ""target"": ""VariationalPULoss"", ""weight"": 0.2}}}, ""reconstruction"": {""masserstein"": {""target"": ""MassersteinLoss"", ""weight"": 1.0}}, ""regularization"": {}}",91154199,32238397,/home/max/repositories/MSIAutoEncoderWrapper/data/kidney_workspace/models/kidney/vpu-contractive-interaction-expanded-20260917-01__task_000050,True,True,/home/max/repositories/MSIAutoEncoderWrapper/data/kidney_workspace/configs/entropy-runs/vpu-contractive-interaction-expanded-20260917-01/plan/status/task_000050.yaml,ff133cd42f7af414ee3022e7947f94bcd301e0ce338f93da55895867ef10c9a7,63d67af42e30038bef1fbb98125bd6ccad588380dabc4de668acc50167a34723,dfbba2c7051ec038a82ab3836e2a7171131879382d39448e34fb12b7570c853b,True,True,False,vpu_alpha_1_beta_1 (VariationalPULoss),vpu_contrastive_t015_w100m,"VPU + contrastive (T=0.15, w=0.1)",14,#CC79A7,solid,o,"{""contractive"": false, ""contrastive"": true, ""family"": ""vpu"", ""temperature"": 0.15, ""weight"": 0.1}"
vpu_contractive_interaction_expanded,candidate,vpu_contractive_interaction_expanded/task_000051,task_000051,grid_0010,1,completed,4164b9ddd742,"VPU + contrastive (T=0.15, w=0.1)",molecule_vpu,VariationalPULoss,none,0.2,0.0,{},"{""contrastive"": {""peak_permutation"": {""params"": {""annotation_bin_radius"": 0, ""peak_catalog_limit"": 4096, ""peak_sample_size"": 10000, ""peak_selection_method"": ""permutation_label_invariant"", ""permutation_bank_size"": 7000, ""permutation_selection_attempts"": 64, ""permuted_peaks_per_view"": 3, ""preserve_input_normalization"": true, ""temperature"": 0.15}, ""target"": ""InfoNCELoss"", ""weight"": 0.1}}, ""heads"": {""molecule_vpu"": {""vpu_alpha_1_beta_1"": {""params"": {""alpha"": 1.0, ""beta"": 1.0, ""consistency_weight"": 0.0, ""negative_weight"": 0.0, ""simulated_negative_weight"": 0.0}, ""target"": ""VariationalPULoss"", ""weight"": 0.2}}}, ""reconstruction"": {""masserstein"": {""target"": ""MassersteinLoss"", ""weight"": 1.0}}, ""regularization"": {}}",919377028,892754137,/home/max/repositories/MSIAutoEncoderWrapper/data/kidney_workspace/models/kidney/vpu-contractive-interaction-expanded-20260917-01__task_000051,True,True,/home/max/repositories/MSIAutoEncoderWrapper/data/kidney_workspace/configs/entropy-runs/vpu-contractive-interaction-expanded-20260917-01/plan/status/task_000051.yaml,ff133cd42f7af414ee3022e7947f94bcd301e0ce338f93da55895867ef10c9a7,63d67af42e30038bef1fbb98125bd6ccad588380dabc4de668acc50167a34723,dfbba2c7051ec038a82ab3836e2a7171131879382d39448e34fb12b7570c853b,True,True,False,vpu_alpha_1_beta_1 (VariationalPULoss),vpu_contrastive_t015_w100m,"VPU + contrastive (T=0.15, w=0.1)",14,#CC79A7,solid,o,"{""contractive"": false, ""contrastive"": true, ""family"": ""vpu"", ""temperature"": 0.15, ""weight"": 0.1}"
vpu_contractive_interaction_expanded,candidate,vpu_contractive_interaction_expanded/task_000052,task_000052,grid_0010,2,completed,4164b9ddd742,"VPU + contrastive (T=0.15, w=0.1)",molecule_vpu,VariationalPULoss,none,0.2,0.0,{},"{""contrastive"": {""peak_permutation"": {""params"": {""annotation_bin_radius"": 0, ""peak_catalog_limit"": 4096, ""peak_sample_size"": 10000, ""peak_selection_method"": ""permutation_label_invariant"", ""permutation_bank_size"": 7000, ""permutation_selection_attempts"": 64, ""permuted_peaks_per_view"": 3, ""preserve_input_normalization"": true, ""temperature"": 0.15}, ""target"": ""InfoNCELoss"", ""weight"": 0.1}}, ""heads"": {""molecule_vpu"": {""vpu_alpha_1_beta_1"": {""params"": {""alpha"": 1.0, ""beta"": 1.0, ""consistency_weight"": 0.0, ""negative_weight"": 0.0, ""simulated_negative_weight"": 0.0}, ""target"": ""VariationalPULoss"", ""weight"": 0.2}}}, ""reconstruction"": {""masserstein"": {""target"": ""MassersteinLoss"", ""weight"": 1.0}}, ""regularization"": {}}",2136253289,442265914,/home/max/repositories/MSIAutoEncoderWrapper/data/kidney_workspace/models/kidney/vpu-contractive-interaction-expanded-20260917-01__task_000052,True,True,/home/max/repositories/MSIAutoEncoderWrapper/data/kidney_workspace/configs/entropy-runs/vpu-contractive-interaction-expanded-20260917-01/plan/status/task_000052.yaml,ff133cd42f7af414ee3022e7947f94bcd301e0ce338f93da55895867ef10c9a7,63d67af42e30038bef1fbb98125bd6ccad588380dabc4de668acc50167a34723,dfbba2c7051ec038a82ab3836e2a7171131879382d39448e34fb12b7570c853b,True,True,False,vpu_alpha_1_beta_1 (VariationalPULoss),vpu_contrastive_t015_w100m,"VPU + contrastive (T=0.15, w=0.1)",14,#CC79A7,solid,o,"{""contractive"": false, ""contrastive"": true, ""family"": ""vpu"", ""temperature"": 0.15, ""weight"": 0.1}"
vpu_contractive_interaction_expanded,candidate,vpu_contractive_interaction_expanded/task_000053,task_000053,grid_0010,3,completed,4164b9ddd742,"VPU + contrastive (T=0.15, w=0.1)",molecule_vpu,VariationalPULoss,none,0.2,0.0,{},"{""contrastive"": {""peak_permutation"": {""params"": {""annotation_bin_radius"": 0, ""peak_catalog_limit"": 4096, ""peak_sample_size"": 10000, ""peak_selection_method"": ""permutation_label_invariant"", ""permutation_bank_size"": 7000, ""permutation_selection_attempts"": 64, ""permuted_peaks_per_view"": 3, ""preserve_input_normalization"": true, ""temperature"": 0.15}, ""target"": ""InfoNCELoss"", ""weight"": 0.1}}, ""heads"": {""molecule_vpu"": {""vpu_alpha_1_beta_1"": {""params"": {""alpha"": 1.0, ""beta"": 1.0, ""consistency_weight"": 0.0, ""negative_weight"": 0.0, ""simulated_negative_weight"": 0.0}, ""target"": ""VariationalPULoss"", ""weight"": 0.2}}}, ""reconstruction"": {""masserstein"": {""target"": ""MassersteinLoss"", ""weight"": 1.0}}, ""regularization"": {}}",276187349,194761695,/home/max/repositories/MSIAutoEncoderWrapper/data/kidney_workspace/models/kidney/vpu-contractive-interaction-expanded-20260917-01__task_000053,True,True,/home/max/repositories/MSIAutoEncoderWrapper/data/kidney_workspace/configs/entropy-runs/vpu-contractive-interaction-expanded-20260917-01/plan/status/task_000053.yaml,ff133cd42f7af414ee3022e7947f94bcd301e0ce338f93da55895867ef10c9a7,63d67af42e30038bef1fbb98125bd6ccad588380dabc4de668acc50167a34723,dfbba2c7051ec038a82ab3836e2a7171131879382d39448e34fb12b7570c853b,True,True,False,vpu_alpha_1_beta_1 (VariationalPULoss),vpu_contrastive_t015_w100m,"VPU + contrastive (T=0.15, w=0.1)",14,#CC79A7,solid,o,"{""contractive"": false, ""contrastive"": true, ""family"": ""vpu"", ""temperature"": 0.15, ""weight"": 0.1}"
vpu_contractive_interaction_expanded,candidate,vpu_contractive_interaction_expanded/task_000054,task_000054,grid_0010,4,completed,4164b9ddd742,"VPU + contrastive (T=0.15, w=0.1)",molecule_vpu,VariationalPULoss,none,0.2,0.0,{},"{""contrastive"": {""peak_permutation"": {""params"": {""annotation_bin_radius"": 0, ""peak_catalog_limit"": 4096, ""peak_sample_size"": 10000, ""peak_selection_method"": ""permutation_label_invariant"", ""permutation_bank_size"": 7000, ""permutation_selection_attempts"": 64, ""permuted_peaks_per_view"": 3, ""preserve_input_normalization"": true, ""temperature"": 0.15}, ""target"": ""InfoNCELoss"", ""weight"": 0.1}}, ""heads"": {""molecule_vpu"": {""vpu_alpha_1_beta_1"": {""params"": {""alpha"": 1.0, ""beta"": 1.0, ""consistency_weight"": 0.0, ""negative_weight"": 0.0, ""simulated_negative_weight"": 0.0}, ""target"": ""VariationalPULoss"", ""weight"": 0.2}}}, ""reconstruction"": {""masserstein"": {""target"": ""MassersteinLoss"", ""weight"": 1.0}}, ""regularization"": {}}",1915557887,1927548799,/home/max/repositories/MSIAutoEncoderWrapper/data/kidney_workspace/models/kidney/vpu-contractive-interaction-expanded-20260917-01__task_000054,True,True,/home/max/repositories/MSIAutoEncoderWrapper/data/kidney_workspace/configs/entropy-runs/vpu-contractive-interaction-expanded-20260917-01/plan/status/task_000054.yaml,ff133cd42f7af414ee3022e7947f94bcd301e0ce338f93da55895867ef10c9a7,63d67af42e30038bef1fbb98125bd6ccad588380dabc4de668acc50167a34723,dfbba2c7051ec038a82ab3836e2a7171131879382d39448e34fb12b7570c853b,True,True,False,vpu_alpha_1_beta_1 (VariationalPULoss),vpu_contrastive_t015_w100m,"VPU + contrastive (T=0.15, w=0.1)",14,#CC79A7,solid,o,"{""contractive"": false, ""contrastive"": true, ""family"": ""vpu"", ""temperature"": 0.15, ""weight"": 0.1}"
vpu_contractive_interaction_expanded,candidate,vpu_contractive_interaction_expanded/task_000055,task_000055,grid_0011,0,completed,4b3f27331c93,"VPU + contractive + contrastive (T=0.15, w=0.1)",molecule_vpu,VariationalPULoss,none,0.2,0.0,{},"{""contrastive"": {""peak_permutation"": {""params"": {""annotation_bin_radius"": 0, ""peak_catalog_limit"": 4096, ""peak_sample_size"": 10000, ""peak_selection_method"": ""permutation_label_invariant"", ""permutation_bank_size"": 7000, ""permutation_selection_attempts"": 64, ""permuted_peaks_per_view"": 3, ""preserve_input_normalization"": true, ""temperature"": 0.15}, ""target"": ""InfoNCELoss"", ""weight"": 0.1}}, ""heads"": {""molecule_vpu"": {""vpu_alpha_1_beta_1"": {""params"": {""alpha"": 1.0, ""beta"": 1.0, ""consistency_weight"": 0.0, ""negative_weight"": 0.0, ""simulated_negative_weight"": 0.0}, ""target"": ""VariationalPULoss"", ""weight"": 0.2}}}, ""reconstruction"": {""masserstein"": {""target"": ""MassersteinLoss"", ""weight"": 1.0}}, ""regularization"": {""contractive"": {""params"": {""calculation_method"": ""exact_autograd_jacobian"", ""hinge_alpha"": 2.0, ""hinge_threshold"": 7.0, ""input_geometry"": ""fisher_rao"", ""latent_source"": ""auto"", ""penalized_space"": ""u"", ""penalty_metric"": ""spectral_plus_hinged""}, ""target"": ""ContractiveLoss"", ""weight"": 0.002}}}",91154199,32238397,/home/max/repositories/MSIAutoEncoderWrapper/data/kidney_workspace/models/kidney/vpu-contractive-interaction-expanded-20260917-01__task_000055,True,True,/home/max/repositories/MSIAutoEncoderWrapper/data/kidney_workspace/configs/entropy-runs/vpu-contractive-interaction-expanded-20260917-01/plan/status/task_000055.yaml,ff133cd42f7af414ee3022e7947f94bcd301e0ce338f93da55895867ef10c9a7,63d67af42e30038bef1fbb98125bd6ccad588380dabc4de668acc50167a34723,baa6aa1a6326b6c261bdd32766f474bb94da862322f469d4633aa0b9b7b01818,True,True,False,vpu_alpha_1_beta_1 (VariationalPULoss),vpu_contractive_contrastive_t015_w100m,"VPU + contractive + contrastive (T=0.15, w=0.1)",15,#CC79A7,dashed,o,"{""contractive"": true, ""contrastive"": true, ""family"": ""vpu"", ""temperature"": 0.15, ""weight"": 0.1}"
vpu_contractive_interaction_expanded,candidate,vpu_contractive_interaction_expanded/task_000056,task_000056,grid_0011,1,completed,4b3f27331c93,"VPU + contractive + contrastive (T=0.15, w=0.1)",molecule_vpu,VariationalPULoss,none,0.2,0.0,{},"{""contrastive"": {""peak_permutation"": {""params"": {""annotation_bin_radius"": 0, ""peak_catalog_limit"": 4096, ""peak_sample_size"": 10000, ""peak_selection_method"": ""permutation_label_invariant"", ""permutation_bank_size"": 7000, ""permutation_selection_attempts"": 64, ""permuted_peaks_per_view"": 3, ""preserve_input_normalization"": true, ""temperature"": 0.15}, ""target"": ""InfoNCELoss"", ""weight"": 0.1}}, ""heads"": {""molecule_vpu"": {""vpu_alpha_1_beta_1"": {""params"": {""alpha"": 1.0, ""beta"": 1.0, ""consistency_weight"": 0.0, ""negative_weight"": 0.0, ""simulated_negative_weight"": 0.0}, ""target"": ""VariationalPULoss"", ""weight"": 0.2}}}, ""reconstruction"": {""masserstein"": {""target"": ""MassersteinLoss"", ""weight"": 1.0}}, ""regularization"": {""contractive"": {""params"": {""calculation_method"": ""exact_autograd_jacobian"", ""hinge_alpha"": 2.0, ""hinge_threshold"": 7.0, ""input_geometry"": ""fisher_rao"", ""latent_source"": ""auto"", ""penalized_space"": ""u"", ""penalty_metric"": ""spectral_plus_hinged""}, ""target"": ""ContractiveLoss"", ""weight"": 0.002}}}",919377028,892754137,/home/max/repositories/MSIAutoEncoderWrapper/data/kidney_workspace/models/kidney/vpu-contractive-interaction-expanded-20260917-01__task_000056,True,True,/home/max/repositories/MSIAutoEncoderWrapper/data/kidney_workspace/configs/entropy-runs/vpu-contractive-interaction-expanded-20260917-01/plan/status/task_000056.yaml,ff133cd42f7af414ee3022e7947f94bcd301e0ce338f93da55895867ef10c9a7,63d67af42e30038bef1fbb98125bd6ccad588380dabc4de668acc50167a34723,baa6aa1a6326b6c261bdd32766f474bb94da862322f469d4633aa0b9b7b01818,True,True,False,vpu_alpha_1_beta_1 (VariationalPULoss),vpu_contractive_contrastive_t015_w100m,"VPU + contractive + contrastive (T=0.15, w=0.1)",15,#CC79A7,dashed,o,"{""contractive"": true, ""contrastive"": true, ""family"": ""vpu"", ""temperature"": 0.15, ""weight"": 0.1}"
vpu_contractive_interaction_expanded,candidate,vpu_contractive_interaction_expanded/task_000057,task_000057,grid_0011,2,completed,4b3f27331c93,"VPU + contractive + contrastive (T=0.15, w=0.1)",molecule_vpu,VariationalPULoss,none,0.2,0.0,{},"{""contrastive"": {""peak_permutation"": {""params"": {""annotation_bin_radius"": 0, ""peak_catalog_limit"": 4096, ""peak_sample_size"": 10000, ""peak_selection_method"": ""permutation_label_invariant"", ""permutation_bank_size"": 7000, ""permutation_selection_attempts"": 64, ""permuted_peaks_per_view"": 3, ""preserve_input_normalization"": true, ""temperature"": 0.15}, ""target"": ""InfoNCELoss"", ""weight"": 0.1}}, ""heads"": {""molecule_vpu"": {""vpu_alpha_1_beta_1"": {""params"": {""alpha"": 1.0, ""beta"": 1.0, ""consistency_weight"": 0.0, ""negative_weight"": 0.0, ""simulated_negative_weight"": 0.0}, ""target"": ""VariationalPULoss"", ""weight"": 0.2}}}, ""reconstruction"": {""masserstein"": {""target"": ""MassersteinLoss"", ""weight"": 1.0}}, ""regularization"": {""contractive"": {""params"": {""calculation_method"": ""exact_autograd_jacobian"", ""hinge_alpha"": 2.0, ""hinge_threshold"": 7.0, ""input_geometry"": ""fisher_rao"", ""latent_source"": ""auto"", ""penalized_space"": ""u"", ""penalty_metric"": ""spectral_plus_hinged""}, ""target"": ""ContractiveLoss"", ""weight"": 0.002}}}",2136253289,442265914,/home/max/repositories/MSIAutoEncoderWrapper/data/kidney_workspace/models/kidney/vpu-contractive-interaction-expanded-20260917-01__task_000057,True,True,/home/max/repositories/MSIAutoEncoderWrapper/data/kidney_workspace/configs/entropy-runs/vpu-contractive-interaction-expanded-20260917-01/plan/status/task_000057.yaml,ff133cd42f7af414ee3022e7947f94bcd301e0ce338f93da55895867ef10c9a7,63d67af42e30038bef1fbb98125bd6ccad588380dabc4de668acc50167a34723,baa6aa1a6326b6c261bdd32766f474bb94da862322f469d4633aa0b9b7b01818,True,True,False,vpu_alpha_1_beta_1 (VariationalPULoss),vpu_contractive_contrastive_t015_w100m,"VPU + contractive + contrastive (T=0.15, w=0.1)",15,#CC79A7,dashed,o,"{""contractive"": true, ""contrastive"": true, ""family"": ""vpu"", ""temperature"": 0.15, ""weight"": 0.1}"
vpu_contractive_interaction_expanded,candidate,vpu_contractive_interaction_expanded/task_000058,task_000058,grid_0011,3,completed,4b3f27331c93,"VPU + contractive + contrastive (T=0.15, w=0.1)",molecule_vpu,VariationalPULoss,none,0.2,0.0,{},"{""contrastive"": {""peak_permutation"": {""params"": {""annotation_bin_radius"": 0, ""peak_catalog_limit"": 4096, ""peak_sample_size"": 10000, ""peak_selection_method"": ""permutation_label_invariant"", ""permutation_bank_size"": 7000, ""permutation_selection_attempts"": 64, ""permuted_peaks_per_view"": 3, ""preserve_input_normalization"": true, ""temperature"": 0.15}, ""target"": ""InfoNCELoss"", ""weight"": 0.1}}, ""heads"": {""molecule_vpu"": {""vpu_alpha_1_beta_1"": {""params"": {""alpha"": 1.0, ""beta"": 1.0, ""consistency_weight"": 0.0, ""negative_weight"": 0.0, ""simulated_negative_weight"": 0.0}, ""target"": ""VariationalPULoss"", ""weight"": 0.2}}}, ""reconstruction"": {""masserstein"": {""target"": ""MassersteinLoss"", ""weight"": 1.0}}, ""regularization"": {""contractive"": {""params"": {""calculation_method"": ""exact_autograd_jacobian"", ""hinge_alpha"": 2.0, ""hinge_threshold"": 7.0, ""input_geometry"": ""fisher_rao"", ""latent_source"": ""auto"", ""penalized_space"": ""u"", ""penalty_metric"": ""spectral_plus_hinged""}, ""target"": ""ContractiveLoss"", ""weight"": 0.002}}}",276187349,194761695,/home/max/repositories/MSIAutoEncoderWrapper/data/kidney_workspace/models/kidney/vpu-contractive-interaction-expanded-20260917-01__task_000058,True,True,/home/max/repositories/MSIAutoEncoderWrapper/data/kidney_workspace/configs/entropy-runs/vpu-contractive-interaction-expanded-20260917-01/plan/status/task_000058.yaml,ff133cd42f7af414ee3022e7947f94bcd301e0ce338f93da55895867ef10c9a7,63d67af42e30038bef1fbb98125bd6ccad588380dabc4de668acc50167a34723,baa6aa1a6326b6c261bdd32766f474bb94da862322f469d4633aa0b9b7b01818,True,True,False,vpu_alpha_1_beta_1 (VariationalPULoss),vpu_contractive_contrastive_t015_w100m,"VPU + contractive + contrastive (T=0.15, w=0.1)",15,#CC79A7,dashed,o,"{""contractive"": true, ""contrastive"": true, ""family"": ""vpu"", ""temperature"": 0.15, ""weight"": 0.1}"
vpu_contractive_interaction_expanded,candidate,vpu_contractive_interaction_expanded/task_000059,task_000059,grid_0011,4,completed,4b3f27331c93,"VPU + contractive + contrastive (T=0.15, w=0.1)",molecule_vpu,VariationalPULoss,none,0.2,0.0,{},"{""contrastive"": {""peak_permutation"": {""params"": {""annotation_bin_radius"": 0, ""peak_catalog_limit"": 4096, ""peak_sample_size"": 10000, ""peak_selection_method"": ""permutation_label_invariant"", ""permutation_bank_size"": 7000, ""permutation_selection_attempts"": 64, ""permuted_peaks_per_view"": 3, ""preserve_input_normalization"": true, ""temperature"": 0.15}, ""target"": ""InfoNCELoss"", ""weight"": 0.1}}, ""heads"": {""molecule_vpu"": {""vpu_alpha_1_beta_1"": {""params"": {""alpha"": 1.0, ""beta"": 1.0, ""consistency_weight"": 0.0, ""negative_weight"": 0.0, ""simulated_negative_weight"": 0.0}, ""target"": ""VariationalPULoss"", ""weight"": 0.2}}}, ""reconstruction"": {""masserstein"": {""target"": ""MassersteinLoss"", ""weight"": 1.0}}, ""regularization"": {""contractive"": {""params"": {""calculation_method"": ""exact_autograd_jacobian"", ""hinge_alpha"": 2.0, ""hinge_threshold"": 7.0, ""input_geometry"": ""fisher_rao"", ""latent_source"": ""auto"", ""penalized_space"": ""u"", ""penalty_metric"": ""spectral_plus_hinged""}, ""target"": ""ContractiveLoss"", ""weight"": 0.002}}}",1915557887,1927548799,/home/max/repositories/MSIAutoEncoderWrapper/data/kidney_workspace/models/kidney/vpu-contractive-interaction-expanded-20260917-01__task_000059,True,True,/home/max/repositories/MSIAutoEncoderWrapper/data/kidney_workspace/configs/entropy-runs/vpu-contractive-interaction-expanded-20260917-01/plan/status/task_000059.yaml,ff133cd42f7af414ee3022e7947f94bcd301e0ce338f93da55895867ef10c9a7,63d67af42e30038bef1fbb98125bd6ccad588380dabc4de668acc50167a34723,baa6aa1a6326b6c261bdd32766f474bb94da862322f469d4633aa0b9b7b01818,True,True,False,vpu_alpha_1_beta_1 (VariationalPULoss),vpu_contractive_contrastive_t015_w100m,"VPU + contractive + contrastive (T=0.15, w=0.1)",15,#CC79A7,dashed,o,"{""contractive"": true, ""contrastive"": true, ""family"": ""vpu"", ""temperature"": 0.15, ""weight"": 0.1}"
vpu_contractive_interaction_expanded,candidate,vpu_contractive_interaction_expanded/task_000060,task_000060,grid_0012,0,completed,baf32133b58c,"VPU + contrastive (T=0.15, w=0.01)",molecule_vpu,VariationalPULoss,none,0.2,0.0,{},"{""contrastive"": {""peak_permutation"": {""params"": {""annotation_bin_radius"": 0, ""peak_catalog_limit"": 4096, ""peak_sample_size"": 10000, ""peak_selection_method"": ""permutation_label_invariant"", ""permutation_bank_size"": 7000, ""permutation_selection_attempts"": 64, ""permuted_peaks_per_view"": 3, ""preserve_input_normalization"": true, ""temperature"": 0.15}, ""target"": ""InfoNCELoss"", ""weight"": 0.01}}, ""heads"": {""molecule_vpu"": {""vpu_alpha_1_beta_1"": {""params"": {""alpha"": 1.0, ""beta"": 1.0, ""consistency_weight"": 0.0, ""negative_weight"": 0.0, ""simulated_negative_weight"": 0.0}, ""target"": ""VariationalPULoss"", ""weight"": 0.2}}}, ""reconstruction"": {""masserstein"": {""target"": ""MassersteinLoss"", ""weight"": 1.0}}, ""regularization"": {}}",91154199,32238397,/home/max/repositories/MSIAutoEncoderWrapper/data/kidney_workspace/models/kidney/vpu-contractive-interaction-expanded-20260917-01__task_000060,True,True,/home/max/repositories/MSIAutoEncoderWrapper/data/kidney_workspace/configs/entropy-runs/vpu-contractive-interaction-expanded-20260917-01/plan/status/task_000060.yaml,ff133cd42f7af414ee3022e7947f94bcd301e0ce338f93da55895867ef10c9a7,63d67af42e30038bef1fbb98125bd6ccad588380dabc4de668acc50167a34723,ac4ebcf12b2a972839944a6243de33809f90df733ee9a2f3213a438900b8f043,True,True,False,vpu_alpha_1_beta_1 (VariationalPULoss),vpu_contrastive_t015_w10m,"VPU + contrastive (T=0.15, w=0.01)",16,#CC79A7,solid,s,"{""contractive"": false, ""contrastive"": true, ""family"": ""vpu"", ""temperature"": 0.15, ""weight"": 0.01}"
vpu_contractive_interaction_expanded,candidate,vpu_contractive_interaction_expanded/task_000061,task_000061,grid_0012,1,completed,baf32133b58c,"VPU + contrastive (T=0.15, w=0.01)",molecule_vpu,VariationalPULoss,none,0.2,0.0,{},"{""contrastive"": {""peak_permutation"": {""params"": {""annotation_bin_radius"": 0, ""peak_catalog_limit"": 4096, ""peak_sample_size"": 10000, ""peak_selection_method"": ""permutation_label_invariant"", ""permutation_bank_size"": 7000, ""permutation_selection_attempts"": 64, ""permuted_peaks_per_view"": 3, ""preserve_input_normalization"": true, ""temperature"": 0.15}, ""target"": ""InfoNCELoss"", ""weight"": 0.01}}, ""heads"": {""molecule_vpu"": {""vpu_alpha_1_beta_1"": {""params"": {""alpha"": 1.0, ""beta"": 1.0, ""consistency_weight"": 0.0, ""negative_weight"": 0.0, ""simulated_negative_weight"": 0.0}, ""target"": ""VariationalPULoss"", ""weight"": 0.2}}}, ""reconstruction"": {""masserstein"": {""target"": ""MassersteinLoss"", ""weight"": 1.0}}, ""regularization"": {}}",919377028,892754137,/home/max/repositories/MSIAutoEncoderWrapper/data/kidney_workspace/models/kidney/vpu-contractive-interaction-expanded-20260917-01__task_000061,True,True,/home/max/repositories/MSIAutoEncoderWrapper/data/kidney_workspace/configs/entropy-runs/vpu-contractive-interaction-expanded-20260917-01/plan/status/task_000061.yaml,ff133cd42f7af414ee3022e7947f94bcd301e0ce338f93da55895867ef10c9a7,63d67af42e30038bef1fbb98125bd6ccad588380dabc4de668acc50167a34723,ac4ebcf12b2a972839944a6243de33809f90df733ee9a2f3213a438900b8f043,True,True,False,vpu_alpha_1_beta_1 (VariationalPULoss),vpu_contrastive_t015_w10m,"VPU + contrastive (T=0.15, w=0.01)",16,#CC79A7,solid,s,"{""contractive"": false, ""contrastive"": true, ""family"": ""vpu"", ""temperature"": 0.15, ""weight"": 0.01}"
vpu_contractive_interaction_expanded,candidate,vpu_contractive_interaction_expanded/task_000062,task_000062,grid_0012,2,completed,baf32133b58c,"VPU + contrastive (T=0.15, w=0.01)",molecule_vpu,VariationalPULoss,none,0.2,0.0,{},"{""contrastive"": {""peak_permutation"": {""params"": {""annotation_bin_radius"": 0, ""peak_catalog_limit"": 4096, ""peak_sample_size"": 10000, ""peak_selection_method"": ""permutation_label_invariant"", ""permutation_bank_size"": 7000, ""permutation_selection_attempts"": 64, ""permuted_peaks_per_view"": 3, ""preserve_input_normalization"": true, ""temperature"": 0.15}, ""target"": ""InfoNCELoss"", ""weight"": 0.01}}, ""heads"": {""molecule_vpu"": {""vpu_alpha_1_beta_1"": {""params"": {""alpha"": 1.0, ""beta"": 1.0, ""consistency_weight"": 0.0, ""negative_weight"": 0.0, ""simulated_negative_weight"": 0.0}, ""target"": ""VariationalPULoss"", ""weight"": 0.2}}}, ""reconstruction"": {""masserstein"": {""target"": ""MassersteinLoss"", ""weight"": 1.0}}, ""regularization"": {}}",2136253289,442265914,/home/max/repositories/MSIAutoEncoderWrapper/data/kidney_workspace/models/kidney/vpu-contractive-interaction-expanded-20260917-01__task_000062,True,True,/home/max/repositories/MSIAutoEncoderWrapper/data/kidney_workspace/configs/entropy-runs/vpu-contractive-interaction-expanded-20260917-01/plan/status/task_000062.yaml,ff133cd42f7af414ee3022e7947f94bcd301e0ce338f93da55895867ef10c9a7,63d67af42e30038bef1fbb98125bd6ccad588380dabc4de668acc50167a34723,ac4ebcf12b2a972839944a6243de33809f90df733ee9a2f3213a438900b8f043,True,True,False,vpu_alpha_1_beta_1 (VariationalPULoss),vpu_contrastive_t015_w10m,"VPU + contrastive (T=0.15, w=0.01)",16,#CC79A7,solid,s,"{""contractive"": false, ""contrastive"": true, ""family"": ""vpu"", ""temperature"": 0.15, ""weight"": 0.01}"
vpu_contractive_interaction_expanded,candidate,vpu_contractive_interaction_expanded/task_000063,task_000063,grid_0012,3,completed,baf32133b58c,"VPU + contrastive (T=0.15, w=0.01)",molecule_vpu,VariationalPULoss,none,0.2,0.0,{},"{""contrastive"": {""peak_permutation"": {""params"": {""annotation_bin_radius"": 0, ""peak_catalog_limit"": 4096, ""peak_sample_size"": 10000, ""peak_selection_method"": ""permutation_label_invariant"", ""permutation_bank_size"": 7000, ""permutation_selection_attempts"": 64, ""permuted_peaks_per_view"": 3, ""preserve_input_normalization"": true, ""temperature"": 0.15}, ""target"": ""InfoNCELoss"", ""weight"": 0.01}}, ""heads"": {""molecule_vpu"": {""vpu_alpha_1_beta_1"": {""params"": {""alpha"": 1.0, ""beta"": 1.0, ""consistency_weight"": 0.0, ""negative_weight"": 0.0, ""simulated_negative_weight"": 0.0}, ""target"": ""VariationalPULoss"", ""weight"": 0.2}}}, ""reconstruction"": {""masserstein"": {""target"": ""MassersteinLoss"", ""weight"": 1.0}}, ""regularization"": {}}",276187349,194761695,/home/max/repositories/MSIAutoEncoderWrapper/data/kidney_workspace/models/kidney/vpu-contractive-interaction-expanded-20260917-01__task_000063,True,True,/home/max/repositories/MSIAutoEncoderWrapper/data/kidney_workspace/configs/entropy-runs/vpu-contractive-interaction-expanded-20260917-01/plan/status/task_000063.yaml,ff133cd42f7af414ee3022e7947f94bcd301e0ce338f93da55895867ef10c9a7,63d67af42e30038bef1fbb98125bd6ccad588380dabc4de668acc50167a34723,ac4ebcf12b2a972839944a6243de33809f90df733ee9a2f3213a438900b8f043,True,True,False,vpu_alpha_1_beta_1 (VariationalPULoss),vpu_contrastive_t015_w10m,"VPU + contrastive (T=0.15, w=0.01)",16,#CC79A7,solid,s,"{""contractive"": false, ""contrastive"": true, ""family"": ""vpu"", ""temperature"": 0.15, ""weight"": 0.01}"
vpu_contractive_interaction_expanded,candidate,vpu_contractive_interaction_expanded/task_000064,task_000064,grid_0012,4,completed,baf32133b58c,"VPU + contrastive (T=0.15, w=0.01)",molecule_vpu,VariationalPULoss,none,0.2,0.0,{},"{""contrastive"": {""peak_permutation"": {""params"": {""annotation_bin_radius"": 0, ""peak_catalog_limit"": 4096, ""peak_sample_size"": 10000, ""peak_selection_method"": ""permutation_label_invariant"", ""permutation_bank_size"": 7000, ""permutation_selection_attempts"": 64, ""permuted_peaks_per_view"": 3, ""preserve_input_normalization"": true, ""temperature"": 0.15}, ""target"": ""InfoNCELoss"", ""weight"": 0.01}}, ""heads"": {""molecule_vpu"": {""vpu_alpha_1_beta_1"": {""params"": {""alpha"": 1.0, ""beta"": 1.0, ""consistency_weight"": 0.0, ""negative_weight"": 0.0, ""simulated_negative_weight"": 0.0}, ""target"": ""VariationalPULoss"", ""weight"": 0.2}}}, ""reconstruction"": {""masserstein"": {""target"": ""MassersteinLoss"", ""weight"": 1.0}}, ""regularization"": {}}",1915557887,1927548799,/home/max/repositories/MSIAutoEncoderWrapper/data/kidney_workspace/models/kidney/vpu-contractive-interaction-expanded-20260917-01__task_000064,True,True,/home/max/repositories/MSIAutoEncoderWrapper/data/kidney_workspace/configs/entropy-runs/vpu-contractive-interaction-expanded-20260917-01/plan/status/task_000064.yaml,ff133cd42f7af414ee3022e7947f94bcd301e0ce338f93da55895867ef10c9a7,63d67af42e30038bef1fbb98125bd6ccad588380dabc4de668acc50167a34723,ac4ebcf12b2a972839944a6243de33809f90df733ee9a2f3213a438900b8f043,True,True,False,vpu_alpha_1_beta_1 (VariationalPULoss),vpu_contrastive_t015_w10m,"VPU + contrastive (T=0.15, w=0.01)",16,#CC79A7,solid,s,"{""contractive"": false, ""contrastive"": true, ""family"": ""vpu"", ""temperature"": 0.15, ""weight"": 0.01}"
vpu_contractive_interaction_expanded,candidate,vpu_contractive_interaction_expanded/task_000065,task_000065,grid_0013,0,completed,6540bd7c3674,"VPU + contractive + contrastive (T=0.15, w=0.01)",molecule_vpu,VariationalPULoss,none,0.2,0.0,{},"{""contrastive"": {""peak_permutation"": {""params"": {""annotation_bin_radius"": 0, ""peak_catalog_limit"": 4096, ""peak_sample_size"": 10000, ""peak_selection_method"": ""permutation_label_invariant"", ""permutation_bank_size"": 7000, ""permutation_selection_attempts"": 64, ""permuted_peaks_per_view"": 3, ""preserve_input_normalization"": true, ""temperature"": 0.15}, ""target"": ""InfoNCELoss"", ""weight"": 0.01}}, ""heads"": {""molecule_vpu"": {""vpu_alpha_1_beta_1"": {""params"": {""alpha"": 1.0, ""beta"": 1.0, ""consistency_weight"": 0.0, ""negative_weight"": 0.0, ""simulated_negative_weight"": 0.0}, ""target"": ""VariationalPULoss"", ""weight"": 0.2}}}, ""reconstruction"": {""masserstein"": {""target"": ""MassersteinLoss"", ""weight"": 1.0}}, ""regularization"": {""contractive"": {""params"": {""calculation_method"": ""exact_autograd_jacobian"", ""hinge_alpha"": 2.0, ""hinge_threshold"": 7.0, ""input_geometry"": ""fisher_rao"", ""latent_source"": ""auto"", ""penalized_space"": ""u"", ""penalty_metric"": ""spectral_plus_hinged""}, ""target"": ""ContractiveLoss"", ""weight"": 0.002}}}",91154199,32238397,/home/max/repositories/MSIAutoEncoderWrapper/data/kidney_workspace/models/kidney/vpu-contractive-interaction-expanded-20260917-01__task_000065,True,True,/home/max/repositories/MSIAutoEncoderWrapper/data/kidney_workspace/configs/entropy-runs/vpu-contractive-interaction-expanded-20260917-01/plan/status/task_000065.yaml,ff133cd42f7af414ee3022e7947f94bcd301e0ce338f93da55895867ef10c9a7,63d67af42e30038bef1fbb98125bd6ccad588380dabc4de668acc50167a34723,2d798f090d62091635459d67281f0ac3b9fd384eba1ae6cb9b505966212a0e76,True,True,False,vpu_alpha_1_beta_1 (VariationalPULoss),vpu_contractive_contrastive_t015_w10m,"VPU + contractive + contrastive (T=0.15, w=0.01)",17,#CC79A7,dashed,s,"{""contractive"": true, ""contrastive"": true, ""family"": ""vpu"", ""temperature"": 0.15, ""weight"": 0.01}"
vpu_contractive_interaction_expanded,candidate,vpu_contractive_interaction_expanded/task_000066,task_000066,grid_0013,1,completed,6540bd7c3674,"VPU + contractive + contrastive (T=0.15, w=0.01)",molecule_vpu,VariationalPULoss,none,0.2,0.0,{},"{""contrastive"": {""peak_permutation"": {""params"": {""annotation_bin_radius"": 0, ""peak_catalog_limit"": 4096, ""peak_sample_size"": 10000, ""peak_selection_method"": ""permutation_label_invariant"", ""permutation_bank_size"": 7000, ""permutation_selection_attempts"": 64, ""permuted_peaks_per_view"": 3, ""preserve_input_normalization"": true, ""temperature"": 0.15}, ""target"": ""InfoNCELoss"", ""weight"": 0.01}}, ""heads"": {""molecule_vpu"": {""vpu_alpha_1_beta_1"": {""params"": {""alpha"": 1.0, ""beta"": 1.0, ""consistency_weight"": 0.0, ""negative_weight"": 0.0, ""simulated_negative_weight"": 0.0}, ""target"": ""VariationalPULoss"", ""weight"": 0.2}}}, ""reconstruction"": {""masserstein"": {""target"": ""MassersteinLoss"", ""weight"": 1.0}}, ""regularization"": {""contractive"": {""params"": {""calculation_method"": ""exact_autograd_jacobian"", ""hinge_alpha"": 2.0, ""hinge_threshold"": 7.0, ""input_geometry"": ""fisher_rao"", ""latent_source"": ""auto"", ""penalized_space"": ""u"", ""penalty_metric"": ""spectral_plus_hinged""}, ""target"": ""ContractiveLoss"", ""weight"": 0.002}}}",919377028,892754137,/home/max/repositories/MSIAutoEncoderWrapper/data/kidney_workspace/models/kidney/vpu-contractive-interaction-expanded-20260917-01__task_000066,True,True,/home/max/repositories/MSIAutoEncoderWrapper/data/kidney_workspace/configs/entropy-runs/vpu-contractive-interaction-expanded-20260917-01/plan/status/task_000066.yaml,ff133cd42f7af414ee3022e7947f94bcd301e0ce338f93da55895867ef10c9a7,63d67af42e30038bef1fbb98125bd6ccad588380dabc4de668acc50167a34723,2d798f090d62091635459d67281f0ac3b9fd384eba1ae6cb9b505966212a0e76,True,True,False,vpu_alpha_1_beta_1 (VariationalPULoss),vpu_contractive_contrastive_t015_w10m,"VPU + contractive + contrastive (T=0.15, w=0.01)",17,#CC79A7,dashed,s,"{""contractive"": true, ""contrastive"": true, ""family"": ""vpu"", ""temperature"": 0.15, ""weight"": 0.01}"
vpu_contractive_interaction_expanded,candidate,vpu_contractive_interaction_expanded/task_000067,task_000067,grid_0013,2,completed,6540bd7c3674,"VPU + contractive + contrastive (T=0.15, w=0.01)",molecule_vpu,VariationalPULoss,none,0.2,0.0,{},"{""contrastive"": {""peak_permutation"": {""params"": {""annotation_bin_radius"": 0, ""peak_catalog_limit"": 4096, ""peak_sample_size"": 10000, ""peak_selection_method"": ""permutation_label_invariant"", ""permutation_bank_size"": 7000, ""permutation_selection_attempts"": 64, ""permuted_peaks_per_view"": 3, ""preserve_input_normalization"": true, ""temperature"": 0.15}, ""target"": ""InfoNCELoss"", ""weight"": 0.01}}, ""heads"": {""molecule_vpu"": {""vpu_alpha_1_beta_1"": {""params"": {""alpha"": 1.0, ""beta"": 1.0, ""consistency_weight"": 0.0, ""negative_weight"": 0.0, ""simulated_negative_weight"": 0.0}, ""target"": ""VariationalPULoss"", ""weight"": 0.2}}}, ""reconstruction"": {""masserstein"": {""target"": ""MassersteinLoss"", ""weight"": 1.0}}, ""regularization"": {""contractive"": {""params"": {""calculation_method"": ""exact_autograd_jacobian"", ""hinge_alpha"": 2.0, ""hinge_threshold"": 7.0, ""input_geometry"": ""fisher_rao"", ""latent_source"": ""auto"", ""penalized_space"": ""u"", ""penalty_metric"": ""spectral_plus_hinged""}, ""target"": ""ContractiveLoss"", ""weight"": 0.002}}}",2136253289,442265914,/home/max/repositories/MSIAutoEncoderWrapper/data/kidney_workspace/models/kidney/vpu-contractive-interaction-expanded-20260917-01__task_000067,True,True,/home/max/repositories/MSIAutoEncoderWrapper/data/kidney_workspace/configs/entropy-runs/vpu-contractive-interaction-expanded-20260917-01/plan/status/task_000067.yaml,ff133cd42f7af414ee3022e7947f94bcd301e0ce338f93da55895867ef10c9a7,63d67af42e30038bef1fbb98125bd6ccad588380dabc4de668acc50167a34723,2d798f090d62091635459d67281f0ac3b9fd384eba1ae6cb9b505966212a0e76,True,True,False,vpu_alpha_1_beta_1 (VariationalPULoss),vpu_contractive_contrastive_t015_w10m,"VPU + contractive + contrastive (T=0.15, w=0.01)",17,#CC79A7,dashed,s,"{""contractive"": true, ""contrastive"": true, ""family"": ""vpu"", ""temperature"": 0.15, ""weight"": 0.01}"
vpu_contractive_interaction_expanded,candidate,vpu_contractive_interaction_expanded/task_000068,task_000068,grid_0013,3,completed,6540bd7c3674,"VPU + contractive + contrastive (T=0.15, w=0.01)",molecule_vpu,VariationalPULoss,none,0.2,0.0,{},"{""contrastive"": {""peak_permutation"": {""params"": {""annotation_bin_radius"": 0, ""peak_catalog_limit"": 4096, ""peak_sample_size"": 10000, ""peak_selection_method"": ""permutation_label_invariant"", ""permutation_bank_size"": 7000, ""permutation_selection_attempts"": 64, ""permuted_peaks_per_view"": 3, ""preserve_input_normalization"": true, ""temperature"": 0.15}, ""target"": ""InfoNCELoss"", ""weight"": 0.01}}, ""heads"": {""molecule_vpu"": {""vpu_alpha_1_beta_1"": {""params"": {""alpha"": 1.0, ""beta"": 1.0, ""consistency_weight"": 0.0, ""negative_weight"": 0.0, ""simulated_negative_weight"": 0.0}, ""target"": ""VariationalPULoss"", ""weight"": 0.2}}}, ""reconstruction"": {""masserstein"": {""target"": ""MassersteinLoss"", ""weight"": 1.0}}, ""regularization"": {""contractive"": {""params"": {""calculation_method"": ""exact_autograd_jacobian"", ""hinge_alpha"": 2.0, ""hinge_threshold"": 7.0, ""input_geometry"": ""fisher_rao"", ""latent_source"": ""auto"", ""penalized_space"": ""u"", ""penalty_metric"": ""spectral_plus_hinged""}, ""target"": ""ContractiveLoss"", ""weight"": 0.002}}}",276187349,194761695,/home/max/repositories/MSIAutoEncoderWrapper/data/kidney_workspace/models/kidney/vpu-contractive-interaction-expanded-20260917-01__task_000068,True,True,/home/max/repositories/MSIAutoEncoderWrapper/data/kidney_workspace/configs/entropy-runs/vpu-contractive-interaction-expanded-20260917-01/plan/status/task_000068.yaml,ff133cd42f7af414ee3022e7947f94bcd301e0ce338f93da55895867ef10c9a7,63d67af42e30038bef1fbb98125bd6ccad588380dabc4de668acc50167a34723,2d798f090d62091635459d67281f0ac3b9fd384eba1ae6cb9b505966212a0e76,True,True,False,vpu_alpha_1_beta_1 (VariationalPULoss),vpu_contractive_contrastive_t015_w10m,"VPU + contractive + contrastive (T=0.15, w=0.01)",17,#CC79A7,dashed,s,"{""contractive"": true, ""contrastive"": true, ""family"": ""vpu"", ""temperature"": 0.15, ""weight"": 0.01}"
vpu_contractive_interaction_expanded,candidate,vpu_contractive_interaction_expanded/task_000069,task_000069,grid_0013,4,completed,6540bd7c3674,"VPU + contractive + contrastive (T=0.15, w=0.01)",molecule_vpu,VariationalPULoss,none,0.2,0.0,{},"{""contrastive"": {""peak_permutation"": {""params"": {""annotation_bin_radius"": 0, ""peak_catalog_limit"": 4096, ""peak_sample_size"": 10000, ""peak_selection_method"": ""permutation_label_invariant"", ""permutation_bank_size"": 7000, ""permutation_selection_attempts"": 64, ""permuted_peaks_per_view"": 3, ""preserve_input_normalization"": true, ""temperature"": 0.15}, ""target"": ""InfoNCELoss"", ""weight"": 0.01}}, ""heads"": {""molecule_vpu"": {""vpu_alpha_1_beta_1"": {""params"": {""alpha"": 1.0, ""beta"": 1.0, ""consistency_weight"": 0.0, ""negative_weight"": 0.0, ""simulated_negative_weight"": 0.0}, ""target"": ""VariationalPULoss"", ""weight"": 0.2}}}, ""reconstruction"": {""masserstein"": {""target"": ""MassersteinLoss"", ""weight"": 1.0}}, ""regularization"": {""contractive"": {""params"": {""calculation_method"": ""exact_autograd_jacobian"", ""hinge_alpha"": 2.0, ""hinge_threshold"": 7.0, ""input_geometry"": ""fisher_rao"", ""latent_source"": ""auto"", ""penalized_space"": ""u"", ""penalty_metric"": ""spectral_plus_hinged""}, ""target"": ""ContractiveLoss"", ""weight"": 0.002}}}",1915557887,1927548799,/home/max/repositories/MSIAutoEncoderWrapper/data/kidney_workspace/models/kidney/vpu-contractive-interaction-expanded-20260917-01__task_000069,True,True,/home/max/repositories/MSIAutoEncoderWrapper/data/kidney_workspace/configs/entropy-runs/vpu-contractive-interaction-expanded-20260917-01/plan/status/task_000069.yaml,ff133cd42f7af414ee3022e7947f94bcd301e0ce338f93da55895867ef10c9a7,63d67af42e30038bef1fbb98125bd6ccad588380dabc4de668acc50167a34723,2d798f090d62091635459d67281f0ac3b9fd384eba1ae6cb9b505966212a0e76,True,True,False,vpu_alpha_1_beta_1 (VariationalPULoss),vpu_contractive_contrastive_t015_w10m,"VPU + contractive + contrastive (T=0.15, w=0.01)",17,#CC79A7,dashed,s,"{""contractive"": true, ""contrastive"": true, ""family"": ""vpu"", ""temperature"": 0.15, ""weight"": 0.01}"
vpu_contractive_interaction_expanded,candidate,vpu_contractive_interaction_expanded/task_000070,task_000070,grid_0014,0,completed,01dc5eda44d6,"VPU + contrastive (T=0.15, w=0.001)",molecule_vpu,VariationalPULoss,none,0.2,0.0,{},"{""contrastive"": {""peak_permutation"": {""params"": {""annotation_bin_radius"": 0, ""peak_catalog_limit"": 4096, ""peak_sample_size"": 10000, ""peak_selection_method"": ""permutation_label_invariant"", ""permutation_bank_size"": 7000, ""permutation_selection_attempts"": 64, ""permuted_peaks_per_view"": 3, ""preserve_input_normalization"": true, ""temperature"": 0.15}, ""target"": ""InfoNCELoss"", ""weight"": 0.001}}, ""heads"": {""molecule_vpu"": {""vpu_alpha_1_beta_1"": {""params"": {""alpha"": 1.0, ""beta"": 1.0, ""consistency_weight"": 0.0, ""negative_weight"": 0.0, ""simulated_negative_weight"": 0.0}, ""target"": ""VariationalPULoss"", ""weight"": 0.2}}}, ""reconstruction"": {""masserstein"": {""target"": ""MassersteinLoss"", ""weight"": 1.0}}, ""regularization"": {}}",91154199,32238397,/home/max/repositories/MSIAutoEncoderWrapper/data/kidney_workspace/models/kidney/vpu-contractive-interaction-expanded-20260917-01__task_000070,True,True,/home/max/repositories/MSIAutoEncoderWrapper/data/kidney_workspace/configs/entropy-runs/vpu-contractive-interaction-expanded-20260917-01/plan/status/task_000070.yaml,ff133cd42f7af414ee3022e7947f94bcd301e0ce338f93da55895867ef10c9a7,63d67af42e30038bef1fbb98125bd6ccad588380dabc4de668acc50167a34723,aa5f52bef530322f6e5b0951e2b7f5286a92016c3662fd35ce58e710aa143d22,True,True,False,vpu_alpha_1_beta_1 (VariationalPULoss),vpu_contrastive_t015_w1m,"VPU + contrastive (T=0.15, w=0.001)",18,#CC79A7,solid,^,"{""contractive"": false, ""contrastive"": true, ""family"": ""vpu"", ""temperature"": 0.15, ""weight"": 0.001}"
vpu_contractive_interaction_expanded,candidate,vpu_contractive_interaction_expanded/task_000071,task_000071,grid_0014,1,completed,01dc5eda44d6,"VPU + contrastive (T=0.15, w=0.001)",molecule_vpu,VariationalPULoss,none,0.2,0.0,{},"{""contrastive"": {""peak_permutation"": {""params"": {""annotation_bin_radius"": 0, ""peak_catalog_limit"": 4096, ""peak_sample_size"": 10000, ""peak_selection_method"": ""permutation_label_invariant"", ""permutation_bank_size"": 7000, ""permutation_selection_attempts"": 64, ""permuted_peaks_per_view"": 3, ""preserve_input_normalization"": true, ""temperature"": 0.15}, ""target"": ""InfoNCELoss"", ""weight"": 0.001}}, ""heads"": {""molecule_vpu"": {""vpu_alpha_1_beta_1"": {""params"": {""alpha"": 1.0, ""beta"": 1.0, ""consistency_weight"": 0.0, ""negative_weight"": 0.0, ""simulated_negative_weight"": 0.0}, ""target"": ""VariationalPULoss"", ""weight"": 0.2}}}, ""reconstruction"": {""masserstein"": {""target"": ""MassersteinLoss"", ""weight"": 1.0}}, ""regularization"": {}}",919377028,892754137,/home/max/repositories/MSIAutoEncoderWrapper/data/kidney_workspace/models/kidney/vpu-contractive-interaction-expanded-20260917-01__task_000071,True,True,/home/max/repositories/MSIAutoEncoderWrapper/data/kidney_workspace/configs/entropy-runs/vpu-contractive-interaction-expanded-20260917-01/plan/status/task_000071.yaml,ff133cd42f7af414ee3022e7947f94bcd301e0ce338f93da55895867ef10c9a7,63d67af42e30038bef1fbb98125bd6ccad588380dabc4de668acc50167a34723,aa5f52bef530322f6e5b0951e2b7f5286a92016c3662fd35ce58e710aa143d22,True,True,False,vpu_alpha_1_beta_1 (VariationalPULoss),vpu_contrastive_t015_w1m,"VPU + contrastive (T=0.15, w=0.001)",18,#CC79A7,solid,^,"{""contractive"": false, ""contrastive"": true, ""family"": ""vpu"", ""temperature"": 0.15, ""weight"": 0.001}"
vpu_contractive_interaction_expanded,candidate,vpu_contractive_interaction_expanded/task_000072,task_000072,grid_0014,2,completed,01dc5eda44d6,"VPU + contrastive (T=0.15, w=0.001)",molecule_vpu,VariationalPULoss,none,0.2,0.0,{},"{""contrastive"": {""peak_permutation"": {""params"": {""annotation_bin_radius"": 0, ""peak_catalog_limit"": 4096, ""peak_sample_size"": 10000, ""peak_selection_method"": ""permutation_label_invariant"", ""permutation_bank_size"": 7000, ""permutation_selection_attempts"": 64, ""permuted_peaks_per_view"": 3, ""preserve_input_normalization"": true, ""temperature"": 0.15}, ""target"": ""InfoNCELoss"", ""weight"": 0.001}}, ""heads"": {""molecule_vpu"": {""vpu_alpha_1_beta_1"": {""params"": {""alpha"": 1.0, ""beta"": 1.0, ""consistency_weight"": 0.0, ""negative_weight"": 0.0, ""simulated_negative_weight"": 0.0}, ""target"": ""VariationalPULoss"", ""weight"": 0.2}}}, ""reconstruction"": {""masserstein"": {""target"": ""MassersteinLoss"", ""weight"": 1.0}}, ""regularization"": {}}",2136253289,442265914,/home/max/repositories/MSIAutoEncoderWrapper/data/kidney_workspace/models/kidney/vpu-contractive-interaction-expanded-20260917-01__task_000072,True,True,/home/max/repositories/MSIAutoEncoderWrapper/data/kidney_workspace/configs/entropy-runs/vpu-contractive-interaction-expanded-20260917-01/plan/status/task_000072.yaml,ff133cd42f7af414ee3022e7947f94bcd301e0ce338f93da55895867ef10c9a7,63d67af42e30038bef1fbb98125bd6ccad588380dabc4de668acc50167a34723,aa5f52bef530322f6e5b0951e2b7f5286a92016c3662fd35ce58e710aa143d22,True,True,False,vpu_alpha_1_beta_1 (VariationalPULoss),vpu_contrastive_t015_w1m,"VPU + contrastive (T=0.15, w=0.001)",18,#CC79A7,solid,^,"{""contractive"": false, ""contrastive"": true, ""family"": ""vpu"", ""temperature"": 0.15, ""weight"": 0.001}"
vpu_contractive_interaction_expanded,candidate,vpu_contractive_interaction_expanded/task_000073,task_000073,grid_0014,3,completed,01dc5eda44d6,"VPU + contrastive (T=0.15, w=0.001)",molecule_vpu,VariationalPULoss,none,0.2,0.0,{},"{""contrastive"": {""peak_permutation"": {""params"": {""annotation_bin_radius"": 0, ""peak_catalog_limit"": 4096, ""peak_sample_size"": 10000, ""peak_selection_method"": ""permutation_label_invariant"", ""permutation_bank_size"": 7000, ""permutation_selection_attempts"": 64, ""permuted_peaks_per_view"": 3, ""preserve_input_normalization"": true, ""temperature"": 0.15}, ""target"": ""InfoNCELoss"", ""weight"": 0.001}}, ""heads"": {""molecule_vpu"": {""vpu_alpha_1_beta_1"": {""params"": {""alpha"": 1.0, ""beta"": 1.0, ""consistency_weight"": 0.0, ""negative_weight"": 0.0, ""simulated_negative_weight"": 0.0}, ""target"": ""VariationalPULoss"", ""weight"": 0.2}}}, ""reconstruction"": {""masserstein"": {""target"": ""MassersteinLoss"", ""weight"": 1.0}}, ""regularization"": {}}",276187349,194761695,/home/max/repositories/MSIAutoEncoderWrapper/data/kidney_workspace/models/kidney/vpu-contractive-interaction-expanded-20260917-01__task_000073,True,True,/home/max/repositories/MSIAutoEncoderWrapper/data/kidney_workspace/configs/entropy-runs/vpu-contractive-interaction-expanded-20260917-01/plan/status/task_000073.yaml,ff133cd42f7af414ee3022e7947f94bcd301e0ce338f93da55895867ef10c9a7,63d67af42e30038bef1fbb98125bd6ccad588380dabc4de668acc50167a34723,aa5f52bef530322f6e5b0951e2b7f5286a92016c3662fd35ce58e710aa143d22,True,True,False,vpu_alpha_1_beta_1 (VariationalPULoss),vpu_contrastive_t015_w1m,"VPU + contrastive (T=0.15, w=0.001)",18,#CC79A7,solid,^,"{""contractive"": false, ""contrastive"": true, ""family"": ""vpu"", ""temperature"": 0.15, ""weight"": 0.001}"
vpu_contractive_interaction_expanded,candidate,vpu_contractive_interaction_expanded/task_000074,task_000074,grid_0014,4,completed,01dc5eda44d6,"VPU + contrastive (T=0.15, w=0.001)",molecule_vpu,VariationalPULoss,none,0.2,0.0,{},"{""contrastive"": {""peak_permutation"": {""params"": {""annotation_bin_radius"": 0, ""peak_catalog_limit"": 4096, ""peak_sample_size"": 10000, ""peak_selection_method"": ""permutation_label_invariant"", ""permutation_bank_size"": 7000, ""permutation_selection_attempts"": 64, ""permuted_peaks_per_view"": 3, ""preserve_input_normalization"": true, ""temperature"": 0.15}, ""target"": ""InfoNCELoss"", ""weight"": 0.001}}, ""heads"": {""molecule_vpu"": {""vpu_alpha_1_beta_1"": {""params"": {""alpha"": 1.0, ""beta"": 1.0, ""consistency_weight"": 0.0, ""negative_weight"": 0.0, ""simulated_negative_weight"": 0.0}, ""target"": ""VariationalPULoss"", ""weight"": 0.2}}}, ""reconstruction"": {""masserstein"": {""target"": ""MassersteinLoss"", ""weight"": 1.0}}, ""regularization"": {}}",1915557887,1927548799,/home/max/repositories/MSIAutoEncoderWrapper/data/kidney_workspace/models/kidney/vpu-contractive-interaction-expanded-20260917-01__task_000074,True,True,/home/max/repositories/MSIAutoEncoderWrapper/data/kidney_workspace/configs/entropy-runs/vpu-contractive-interaction-expanded-20260917-01/plan/status/task_000074.yaml,ff133cd42f7af414ee3022e7947f94bcd301e0ce338f93da55895867ef10c9a7,63d67af42e30038bef1fbb98125bd6ccad588380dabc4de668acc50167a34723,aa5f52bef530322f6e5b0951e2b7f5286a92016c3662fd35ce58e710aa143d22,True,True,False,vpu_alpha_1_beta_1 (VariationalPULoss),vpu_contrastive_t015_w1m,"VPU + contrastive (T=0.15, w=0.001)",18,#CC79A7,solid,^,"{""contractive"": false, ""contrastive"": true, ""family"": ""vpu"", ""temperature"": 0.15, ""weight"": 0.001}"
vpu_contractive_interaction_expanded,candidate,vpu_contractive_interaction_expanded/task_000075,task_000075,grid_0015,0,completed,ca0b42cdc255,"VPU + contractive + contrastive (T=0.15, w=0.001)",molecule_vpu,VariationalPULoss,none,0.2,0.0,{},"{""contrastive"": {""peak_permutation"": {""params"": {""annotation_bin_radius"": 0, ""peak_catalog_limit"": 4096, ""peak_sample_size"": 10000, ""peak_selection_method"": ""permutation_label_invariant"", ""permutation_bank_size"": 7000, ""permutation_selection_attempts"": 64, ""permuted_peaks_per_view"": 3, ""preserve_input_normalization"": true, ""temperature"": 0.15}, ""target"": ""InfoNCELoss"", ""weight"": 0.001}}, ""heads"": {""molecule_vpu"": {""vpu_alpha_1_beta_1"": {""params"": {""alpha"": 1.0, ""beta"": 1.0, ""consistency_weight"": 0.0, ""negative_weight"": 0.0, ""simulated_negative_weight"": 0.0}, ""target"": ""VariationalPULoss"", ""weight"": 0.2}}}, ""reconstruction"": {""masserstein"": {""target"": ""MassersteinLoss"", ""weight"": 1.0}}, ""regularization"": {""contractive"": {""params"": {""calculation_method"": ""exact_autograd_jacobian"", ""hinge_alpha"": 2.0, ""hinge_threshold"": 7.0, ""input_geometry"": ""fisher_rao"", ""latent_source"": ""auto"", ""penalized_space"": ""u"", ""penalty_metric"": ""spectral_plus_hinged""}, ""target"": ""ContractiveLoss"", ""weight"": 0.002}}}",91154199,32238397,/home/max/repositories/MSIAutoEncoderWrapper/data/kidney_workspace/models/kidney/vpu-contractive-interaction-expanded-20260917-01__task_000075,True,True,/home/max/repositories/MSIAutoEncoderWrapper/data/kidney_workspace/configs/entropy-runs/vpu-contractive-interaction-expanded-20260917-01/plan/status/task_000075.yaml,ff133cd42f7af414ee3022e7947f94bcd301e0ce338f93da55895867ef10c9a7,63d67af42e30038bef1fbb98125bd6ccad588380dabc4de668acc50167a34723,8f7e20614b43c18f65f5f9b67ffbd2e6a51aa93df7550e971ab1a96533bd72bf,True,True,False,vpu_alpha_1_beta_1 (VariationalPULoss),vpu_contractive_contrastive_t015_w1m,"VPU + contractive + contrastive (T=0.15, w=0.001)",19,#CC79A7,dashed,^,"{""contractive"": true, ""contrastive"": true, ""family"": ""vpu"", ""temperature"": 0.15, ""weight"": 0.001}"
vpu_contractive_interaction_expanded,candidate,vpu_contractive_interaction_expanded/task_000076,task_000076,grid_0015,1,completed,ca0b42cdc255,"VPU + contractive + contrastive (T=0.15, w=0.001)",molecule_vpu,VariationalPULoss,none,0.2,0.0,{},"{""contrastive"": {""peak_permutation"": {""params"": {""annotation_bin_radius"": 0, ""peak_catalog_limit"": 4096, ""peak_sample_size"": 10000, ""peak_selection_method"": ""permutation_label_invariant"", ""permutation_bank_size"": 7000, ""permutation_selection_attempts"": 64, ""permuted_peaks_per_view"": 3, ""preserve_input_normalization"": true, ""temperature"": 0.15}, ""target"": ""InfoNCELoss"", ""weight"": 0.001}}, ""heads"": {""molecule_vpu"": {""vpu_alpha_1_beta_1"": {""params"": {""alpha"": 1.0, ""beta"": 1.0, ""consistency_weight"": 0.0, ""negative_weight"": 0.0, ""simulated_negative_weight"": 0.0}, ""target"": ""VariationalPULoss"", ""weight"": 0.2}}}, ""reconstruction"": {""masserstein"": {""target"": ""MassersteinLoss"", ""weight"": 1.0}}, ""regularization"": {""contractive"": {""params"": {""calculation_method"": ""exact_autograd_jacobian"", ""hinge_alpha"": 2.0, ""hinge_threshold"": 7.0, ""input_geometry"": ""fisher_rao"", ""latent_source"": ""auto"", ""penalized_space"": ""u"", ""penalty_metric"": ""spectral_plus_hinged""}, ""target"": ""ContractiveLoss"", ""weight"": 0.002}}}",919377028,892754137,/home/max/repositories/MSIAutoEncoderWrapper/data/kidney_workspace/models/kidney/vpu-contractive-interaction-expanded-20260917-01__task_000076,True,True,/home/max/repositories/MSIAutoEncoderWrapper/data/kidney_workspace/configs/entropy-runs/vpu-contractive-interaction-expanded-20260917-01/plan/status/task_000076.yaml,ff133cd42f7af414ee3022e7947f94bcd301e0ce338f93da55895867ef10c9a7,63d67af42e30038bef1fbb98125bd6ccad588380dabc4de668acc50167a34723,8f7e20614b43c18f65f5f9b67ffbd2e6a51aa93df7550e971ab1a96533bd72bf,True,True,False,vpu_alpha_1_beta_1 (VariationalPULoss),vpu_contractive_contrastive_t015_w1m,"VPU + contractive + contrastive (T=0.15, w=0.001)",19,#CC79A7,dashed,^,"{""contractive"": true, ""contrastive"": true, ""family"": ""vpu"", ""temperature"": 0.15, ""weight"": 0.001}"
vpu_contractive_interaction_expanded,candidate,vpu_contractive_interaction_expanded/task_000077,task_000077,grid_0015,2,completed,ca0b42cdc255,"VPU + contractive + contrastive (T=0.15, w=0.001)",molecule_vpu,VariationalPULoss,none,0.2,0.0,{},"{""contrastive"": {""peak_permutation"": {""params"": {""annotation_bin_radius"": 0, ""peak_catalog_limit"": 4096, ""peak_sample_size"": 10000, ""peak_selection_method"": ""permutation_label_invariant"", ""permutation_bank_size"": 7000, ""permutation_selection_attempts"": 64, ""permuted_peaks_per_view"": 3, ""preserve_input_normalization"": true, ""temperature"": 0.15}, ""target"": ""InfoNCELoss"", ""weight"": 0.001}}, ""heads"": {""molecule_vpu"": {""vpu_alpha_1_beta_1"": {""params"": {""alpha"": 1.0, ""beta"": 1.0, ""consistency_weight"": 0.0, ""negative_weight"": 0.0, ""simulated_negative_weight"": 0.0}, ""target"": ""VariationalPULoss"", ""weight"": 0.2}}}, ""reconstruction"": {""masserstein"": {""target"": ""MassersteinLoss"", ""weight"": 1.0}}, ""regularization"": {""contractive"": {""params"": {""calculation_method"": ""exact_autograd_jacobian"", ""hinge_alpha"": 2.0, ""hinge_threshold"": 7.0, ""input_geometry"": ""fisher_rao"", ""latent_source"": ""auto"", ""penalized_space"": ""u"", ""penalty_metric"": ""spectral_plus_hinged""}, ""target"": ""ContractiveLoss"", ""weight"": 0.002}}}",2136253289,442265914,/home/max/repositories/MSIAutoEncoderWrapper/data/kidney_workspace/models/kidney/vpu-contractive-interaction-expanded-20260917-01__task_000077,True,True,/home/max/repositories/MSIAutoEncoderWrapper/data/kidney_workspace/configs/entropy-runs/vpu-contractive-interaction-expanded-20260917-01/plan/status/task_000077.yaml,ff133cd42f7af414ee3022e7947f94bcd301e0ce338f93da55895867ef10c9a7,63d67af42e30038bef1fbb98125bd6ccad588380dabc4de668acc50167a34723,8f7e20614b43c18f65f5f9b67ffbd2e6a51aa93df7550e971ab1a96533bd72bf,True,True,False,vpu_alpha_1_beta_1 (VariationalPULoss),vpu_contractive_contrastive_t015_w1m,"VPU + contractive + contrastive (T=0.15, w=0.001)",19,#CC79A7,dashed,^,"{""contractive"": true, ""contrastive"": true, ""family"": ""vpu"", ""temperature"": 0.15, ""weight"": 0.001}"
vpu_contractive_interaction_expanded,candidate,vpu_contractive_interaction_expanded/task_000078,task_000078,grid_0015,3,completed,ca0b42cdc255,"VPU + contractive + contrastive (T=0.15, w=0.001)",molecule_vpu,VariationalPULoss,none,0.2,0.0,{},"{""contrastive"": {""peak_permutation"": {""params"": {""annotation_bin_radius"": 0, ""peak_catalog_limit"": 4096, ""peak_sample_size"": 10000, ""peak_selection_method"": ""permutation_label_invariant"", ""permutation_bank_size"": 7000, ""permutation_selection_attempts"": 64, ""permuted_peaks_per_view"": 3, ""preserve_input_normalization"": true, ""temperature"": 0.15}, ""target"": ""InfoNCELoss"", ""weight"": 0.001}}, ""heads"": {""molecule_vpu"": {""vpu_alpha_1_beta_1"": {""params"": {""alpha"": 1.0, ""beta"": 1.0, ""consistency_weight"": 0.0, ""negative_weight"": 0.0, ""simulated_negative_weight"": 0.0}, ""target"": ""VariationalPULoss"", ""weight"": 0.2}}}, ""reconstruction"": {""masserstein"": {""target"": ""MassersteinLoss"", ""weight"": 1.0}}, ""regularization"": {""contractive"": {""params"": {""calculation_method"": ""exact_autograd_jacobian"", ""hinge_alpha"": 2.0, ""hinge_threshold"": 7.0, ""input_geometry"": ""fisher_rao"", ""latent_source"": ""auto"", ""penalized_space"": ""u"", ""penalty_metric"": ""spectral_plus_hinged""}, ""target"": ""ContractiveLoss"", ""weight"": 0.002}}}",276187349,194761695,/home/max/repositories/MSIAutoEncoderWrapper/data/kidney_workspace/models/kidney/vpu-contractive-interaction-expanded-20260917-01__task_000078,True,True,/home/max/repositories/MSIAutoEncoderWrapper/data/kidney_workspace/configs/entropy-runs/vpu-contractive-interaction-expanded-20260917-01/plan/status/task_000078.yaml,ff133cd42f7af414ee3022e7947f94bcd301e0ce338f93da55895867ef10c9a7,63d67af42e30038bef1fbb98125bd6ccad588380dabc4de668acc50167a34723,8f7e20614b43c18f65f5f9b67ffbd2e6a51aa93df7550e971ab1a96533bd72bf,True,True,False,vpu_alpha_1_beta_1 (VariationalPULoss),vpu_contractive_contrastive_t015_w1m,"VPU + contractive + contrastive (T=0.15, w=0.001)",19,#CC79A7,dashed,^,"{""contractive"": true, ""contrastive"": true, ""family"": ""vpu"", ""temperature"": 0.15, ""weight"": 0.001}"
vpu_contractive_interaction_expanded,candidate,vpu_contractive_interaction_expanded/task_000079,task_000079,grid_0015,4,completed,ca0b42cdc255,"VPU + contractive + contrastive (T=0.15, w=0.001)",molecule_vpu,VariationalPULoss,none,0.2,0.0,{},"{""contrastive"": {""peak_permutation"": {""params"": {""annotation_bin_radius"": 0, ""peak_catalog_limit"": 4096, ""peak_sample_size"": 10000, ""peak_selection_method"": ""permutation_label_invariant"", ""permutation_bank_size"": 7000, ""permutation_selection_attempts"": 64, ""permuted_peaks_per_view"": 3, ""preserve_input_normalization"": true, ""temperature"": 0.15}, ""target"": ""InfoNCELoss"", ""weight"": 0.001}}, ""heads"": {""molecule_vpu"": {""vpu_alpha_1_beta_1"": {""params"": {""alpha"": 1.0, ""beta"": 1.0, ""consistency_weight"": 0.0, ""negative_weight"": 0.0, ""simulated_negative_weight"": 0.0}, ""target"": ""VariationalPULoss"", ""weight"": 0.2}}}, ""reconstruction"": {""masserstein"": {""target"": ""MassersteinLoss"", ""weight"": 1.0}}, ""regularization"": {""contractive"": {""params"": {""calculation_method"": ""exact_autograd_jacobian"", ""hinge_alpha"": 2.0, ""hinge_threshold"": 7.0, ""input_geometry"": ""fisher_rao"", ""latent_source"": ""auto"", ""penalized_space"": ""u"", ""penalty_metric"": ""spectral_plus_hinged""}, ""target"": ""ContractiveLoss"", ""weight"": 0.002}}}",1915557887,1927548799,/home/max/repositories/MSIAutoEncoderWrapper/data/kidney_workspace/models/kidney/vpu-contractive-interaction-expanded-20260917-01__task_000079,True,True,/home/max/repositories/MSIAutoEncoderWrapper/data/kidney_workspace/configs/entropy-runs/vpu-contractive-interaction-expanded-20260917-01/plan/status/task_000079.yaml,ff133cd42f7af414ee3022e7947f94bcd301e0ce338f93da55895867ef10c9a7,63d67af42e30038bef1fbb98125bd6ccad588380dabc4de668acc50167a34723,8f7e20614b43c18f65f5f9b67ffbd2e6a51aa93df7550e971ab1a96533bd72bf,True,True,False,vpu_alpha_1_beta_1 (VariationalPULoss),vpu_contractive_contrastive_t015_w1m,"VPU + contractive + contrastive (T=0.15, w=0.001)",19,#CC79A7,dashed,^,"{""contractive"": true, ""contrastive"": true, ""family"": ""vpu"", ""temperature"": 0.15, ""weight"": 0.001}"
vpu_contractive_interaction_expanded,candidate,vpu_contractive_interaction_expanded/task_000080,task_000080,grid_0016,0,completed,3e71d9fbfb9f,"VPU + contrastive (T=0.30, w=0.1)",molecule_vpu,VariationalPULoss,none,0.2,0.0,{},"{""contrastive"": {""peak_permutation"": {""params"": {""annotation_bin_radius"": 0, ""peak_catalog_limit"": 4096, ""peak_sample_size"": 10000, ""peak_selection_method"": ""permutation_label_invariant"", ""permutation_bank_size"": 7000, ""permutation_selection_attempts"": 64, ""permuted_peaks_per_view"": 3, ""preserve_input_normalization"": true, ""temperature"": 0.3}, ""target"": ""InfoNCELoss"", ""weight"": 0.1}}, ""heads"": {""molecule_vpu"": {""vpu_alpha_1_beta_1"": {""params"": {""alpha"": 1.0, ""beta"": 1.0, ""consistency_weight"": 0.0, ""negative_weight"": 0.0, ""simulated_negative_weight"": 0.0}, ""target"": ""VariationalPULoss"", ""weight"": 0.2}}}, ""reconstruction"": {""masserstein"": {""target"": ""MassersteinLoss"", ""weight"": 1.0}}, ""regularization"": {}}",91154199,32238397,/home/max/repositories/MSIAutoEncoderWrapper/data/kidney_workspace/models/kidney/vpu-contractive-interaction-expanded-20260917-01__task_000080,True,True,/home/max/repositories/MSIAutoEncoderWrapper/data/kidney_workspace/configs/entropy-runs/vpu-contractive-interaction-expanded-20260917-01/plan/status/task_000080.yaml,ff133cd42f7af414ee3022e7947f94bcd301e0ce338f93da55895867ef10c9a7,63d67af42e30038bef1fbb98125bd6ccad588380dabc4de668acc50167a34723,a0b73d9b2fdc15a09ffbf64d6b0251134872f03956300d4328259d1df15d4901,True,True,False,vpu_alpha_1_beta_1 (VariationalPULoss),vpu_contrastive_t030_w100m,"VPU + contrastive (T=0.30, w=0.1)",20,#D55E00,solid,o,"{""contractive"": false, ""contrastive"": true, ""family"": ""vpu"", ""temperature"": 0.3, ""weight"": 0.1}"
vpu_contractive_interaction_expanded,candidate,vpu_contractive_interaction_expanded/task_000081,task_000081,grid_0016,1,completed,3e71d9fbfb9f,"VPU + contrastive (T=0.30, w=0.1)",molecule_vpu,VariationalPULoss,none,0.2,0.0,{},"{""contrastive"": {""peak_permutation"": {""params"": {""annotation_bin_radius"": 0, ""peak_catalog_limit"": 4096, ""peak_sample_size"": 10000, ""peak_selection_method"": ""permutation_label_invariant"", ""permutation_bank_size"": 7000, ""permutation_selection_attempts"": 64, ""permuted_peaks_per_view"": 3, ""preserve_input_normalization"": true, ""temperature"": 0.3}, ""target"": ""InfoNCELoss"", ""weight"": 0.1}}, ""heads"": {""molecule_vpu"": {""vpu_alpha_1_beta_1"": {""params"": {""alpha"": 1.0, ""beta"": 1.0, ""consistency_weight"": 0.0, ""negative_weight"": 0.0, ""simulated_negative_weight"": 0.0}, ""target"": ""VariationalPULoss"", ""weight"": 0.2}}}, ""reconstruction"": {""masserstein"": {""target"": ""MassersteinLoss"", ""weight"": 1.0}}, ""regularization"": {}}",919377028,892754137,/home/max/repositories/MSIAutoEncoderWrapper/data/kidney_workspace/models/kidney/vpu-contractive-interaction-expanded-20260917-01__task_000081,True,True,/home/max/repositories/MSIAutoEncoderWrapper/data/kidney_workspace/configs/entropy-runs/vpu-contractive-interaction-expanded-20260917-01/plan/status/task_000081.yaml,ff133cd42f7af414ee3022e7947f94bcd301e0ce338f93da55895867ef10c9a7,63d67af42e30038bef1fbb98125bd6ccad588380dabc4de668acc50167a34723,a0b73d9b2fdc15a09ffbf64d6b0251134872f03956300d4328259d1df15d4901,True,True,False,vpu_alpha_1_beta_1 (VariationalPULoss),vpu_contrastive_t030_w100m,"VPU + contrastive (T=0.30, w=0.1)",20,#D55E00,solid,o,"{""contractive"": false, ""contrastive"": true, ""family"": ""vpu"", ""temperature"": 0.3, ""weight"": 0.1}"
vpu_contractive_interaction_expanded,candidate,vpu_contractive_interaction_expanded/task_000082,task_000082,grid_0016,2,completed,3e71d9fbfb9f,"VPU + contrastive (T=0.30, w=0.1)",molecule_vpu,VariationalPULoss,none,0.2,0.0,{},"{""contrastive"": {""peak_permutation"": {""params"": {""annotation_bin_radius"": 0, ""peak_catalog_limit"": 4096, ""peak_sample_size"": 10000, ""peak_selection_method"": ""permutation_label_invariant"", ""permutation_bank_size"": 7000, ""permutation_selection_attempts"": 64, ""permuted_peaks_per_view"": 3, ""preserve_input_normalization"": true, ""temperature"": 0.3}, ""target"": ""InfoNCELoss"", ""weight"": 0.1}}, ""heads"": {""molecule_vpu"": {""vpu_alpha_1_beta_1"": {""params"": {""alpha"": 1.0, ""beta"": 1.0, ""consistency_weight"": 0.0, ""negative_weight"": 0.0, ""simulated_negative_weight"": 0.0}, ""target"": ""VariationalPULoss"", ""weight"": 0.2}}}, ""reconstruction"": {""masserstein"": {""target"": ""MassersteinLoss"", ""weight"": 1.0}}, ""regularization"": {}}",2136253289,442265914,/home/max/repositories/MSIAutoEncoderWrapper/data/kidney_workspace/models/kidney/vpu-contractive-interaction-expanded-20260917-01__task_000082,True,True,/home/max/repositories/MSIAutoEncoderWrapper/data/kidney_workspace/configs/entropy-runs/vpu-contractive-interaction-expanded-20260917-01/plan/status/task_000082.yaml,ff133cd42f7af414ee3022e7947f94bcd301e0ce338f93da55895867ef10c9a7,63d67af42e30038bef1fbb98125bd6ccad588380dabc4de668acc50167a34723,a0b73d9b2fdc15a09ffbf64d6b0251134872f03956300d4328259d1df15d4901,True,True,False,vpu_alpha_1_beta_1 (VariationalPULoss),vpu_contrastive_t030_w100m,"VPU + contrastive (T=0.30, w=0.1)",20,#D55E00,solid,o,"{""contractive"": false, ""contrastive"": true, ""family"": ""vpu"", ""temperature"": 0.3, ""weight"": 0.1}"
vpu_contractive_interaction_expanded,candidate,vpu_contractive_interaction_expanded/task_000083,task_000083,grid_0016,3,completed,3e71d9fbfb9f,"VPU + contrastive (T=0.30, w=0.1)",molecule_vpu,VariationalPULoss,none,0.2,0.0,{},"{""contrastive"": {""peak_permutation"": {""params"": {""annotation_bin_radius"": 0, ""peak_catalog_limit"": 4096, ""peak_sample_size"": 10000, ""peak_selection_method"": ""permutation_label_invariant"", ""permutation_bank_size"": 7000, ""permutation_selection_attempts"": 64, ""permuted_peaks_per_view"": 3, ""preserve_input_normalization"": true, ""temperature"": 0.3}, ""target"": ""InfoNCELoss"", ""weight"": 0.1}}, ""heads"": {""molecule_vpu"": {""vpu_alpha_1_beta_1"": {""params"": {""alpha"": 1.0, ""beta"": 1.0, ""consistency_weight"": 0.0, ""negative_weight"": 0.0, ""simulated_negative_weight"": 0.0}, ""target"": ""VariationalPULoss"", ""weight"": 0.2}}}, ""reconstruction"": {""masserstein"": {""target"": ""MassersteinLoss"", ""weight"": 1.0}}, ""regularization"": {}}",276187349,194761695,/home/max/repositories/MSIAutoEncoderWrapper/data/kidney_workspace/models/kidney/vpu-contractive-interaction-expanded-20260917-01__task_000083,True,True,/home/max/repositories/MSIAutoEncoderWrapper/data/kidney_workspace/configs/entropy-runs/vpu-contractive-interaction-expanded-20260917-01/plan/status/task_000083.yaml,ff133cd42f7af414ee3022e7947f94bcd301e0ce338f93da55895867ef10c9a7,63d67af42e30038bef1fbb98125bd6ccad588380dabc4de668acc50167a34723,a0b73d9b2fdc15a09ffbf64d6b0251134872f03956300d4328259d1df15d4901,True,True,False,vpu_alpha_1_beta_1 (VariationalPULoss),vpu_contrastive_t030_w100m,"VPU + contrastive (T=0.30, w=0.1)",20,#D55E00,solid,o,"{""contractive"": false, ""contrastive"": true, ""family"": ""vpu"", ""temperature"": 0.3, ""weight"": 0.1}"
vpu_contractive_interaction_expanded,candidate,vpu_contractive_interaction_expanded/task_000084,task_000084,grid_0016,4,completed,3e71d9fbfb9f,"VPU + contrastive (T=0.30, w=0.1)",molecule_vpu,VariationalPULoss,none,0.2,0.0,{},"{""contrastive"": {""peak_permutation"": {""params"": {""annotation_bin_radius"": 0, ""peak_catalog_limit"": 4096, ""peak_sample_size"": 10000, ""peak_selection_method"": ""permutation_label_invariant"", ""permutation_bank_size"": 7000, ""permutation_selection_attempts"": 64, ""permuted_peaks_per_view"": 3, ""preserve_input_normalization"": true, ""temperature"": 0.3}, ""target"": ""InfoNCELoss"", ""weight"": 0.1}}, ""heads"": {""molecule_vpu"": {""vpu_alpha_1_beta_1"": {""params"": {""alpha"": 1.0, ""beta"": 1.0, ""consistency_weight"": 0.0, ""negative_weight"": 0.0, ""simulated_negative_weight"": 0.0}, ""target"": ""VariationalPULoss"", ""weight"": 0.2}}}, ""reconstruction"": {""masserstein"": {""target"": ""MassersteinLoss"", ""weight"": 1.0}}, ""regularization"": {}}",1915557887,1927548799,/home/max/repositories/MSIAutoEncoderWrapper/data/kidney_workspace/models/kidney/vpu-contractive-interaction-expanded-20260917-01__task_000084,True,True,/home/max/repositories/MSIAutoEncoderWrapper/data/kidney_workspace/configs/entropy-runs/vpu-contractive-interaction-expanded-20260917-01/plan/status/task_000084.yaml,ff133cd42f7af414ee3022e7947f94bcd301e0ce338f93da55895867ef10c9a7,63d67af42e30038bef1fbb98125bd6ccad588380dabc4de668acc50167a34723,a0b73d9b2fdc15a09ffbf64d6b0251134872f03956300d4328259d1df15d4901,True,True,False,vpu_alpha_1_beta_1 (VariationalPULoss),vpu_contrastive_t030_w100m,"VPU + contrastive (T=0.30, w=0.1)",20,#D55E00,solid,o,"{""contractive"": false, ""contrastive"": true, ""family"": ""vpu"", ""temperature"": 0.3, ""weight"": 0.1}"
vpu_contractive_interaction_expanded,candidate,vpu_contractive_interaction_expanded/task_000085,task_000085,grid_0017,0,completed,2d91c998070a,"VPU + contractive + contrastive (T=0.30, w=0.1)",molecule_vpu,VariationalPULoss,none,0.2,0.0,{},"{""contrastive"": {""peak_permutation"": {""params"": {""annotation_bin_radius"": 0, ""peak_catalog_limit"": 4096, ""peak_sample_size"": 10000, ""peak_selection_method"": ""permutation_label_invariant"", ""permutation_bank_size"": 7000, ""permutation_selection_attempts"": 64, ""permuted_peaks_per_view"": 3, ""preserve_input_normalization"": true, ""temperature"": 0.3}, ""target"": ""InfoNCELoss"", ""weight"": 0.1}}, ""heads"": {""molecule_vpu"": {""vpu_alpha_1_beta_1"": {""params"": {""alpha"": 1.0, ""beta"": 1.0, ""consistency_weight"": 0.0, ""negative_weight"": 0.0, ""simulated_negative_weight"": 0.0}, ""target"": ""VariationalPULoss"", ""weight"": 0.2}}}, ""reconstruction"": {""masserstein"": {""target"": ""MassersteinLoss"", ""weight"": 1.0}}, ""regularization"": {""contractive"": {""params"": {""calculation_method"": ""exact_autograd_jacobian"", ""hinge_alpha"": 2.0, ""hinge_threshold"": 7.0, ""input_geometry"": ""fisher_rao"", ""latent_source"": ""auto"", ""penalized_space"": ""u"", ""penalty_metric"": ""spectral_plus_hinged""}, ""target"": ""ContractiveLoss"", ""weight"": 0.002}}}",91154199,32238397,/home/max/repositories/MSIAutoEncoderWrapper/data/kidney_workspace/models/kidney/vpu-contractive-interaction-expanded-20260917-01__task_000085,True,True,/home/max/repositories/MSIAutoEncoderWrapper/data/kidney_workspace/configs/entropy-runs/vpu-contractive-interaction-expanded-20260917-01/plan/status/task_000085.yaml,ff133cd42f7af414ee3022e7947f94bcd301e0ce338f93da55895867ef10c9a7,63d67af42e30038bef1fbb98125bd6ccad588380dabc4de668acc50167a34723,617eaa9772df564ab95dde9f7a3e065afb4721586266e5cb9c8abe29f987156e,True,True,False,vpu_alpha_1_beta_1 (VariationalPULoss),vpu_contractive_contrastive_t030_w100m,"VPU + contractive + contrastive (T=0.30, w=0.1)",21,#D55E00,dashed,o,"{""contractive"": true, ""contrastive"": true, ""family"": ""vpu"", ""temperature"": 0.3, ""weight"": 0.1}"
vpu_contractive_interaction_expanded,candidate,vpu_contractive_interaction_expanded/task_000086,task_000086,grid_0017,1,completed,2d91c998070a,"VPU + contractive + contrastive (T=0.30, w=0.1)",molecule_vpu,VariationalPULoss,none,0.2,0.0,{},"{""contrastive"": {""peak_permutation"": {""params"": {""annotation_bin_radius"": 0, ""peak_catalog_limit"": 4096, ""peak_sample_size"": 10000, ""peak_selection_method"": ""permutation_label_invariant"", ""permutation_bank_size"": 7000, ""permutation_selection_attempts"": 64, ""permuted_peaks_per_view"": 3, ""preserve_input_normalization"": true, ""temperature"": 0.3}, ""target"": ""InfoNCELoss"", ""weight"": 0.1}}, ""heads"": {""molecule_vpu"": {""vpu_alpha_1_beta_1"": {""params"": {""alpha"": 1.0, ""beta"": 1.0, ""consistency_weight"": 0.0, ""negative_weight"": 0.0, ""simulated_negative_weight"": 0.0}, ""target"": ""VariationalPULoss"", ""weight"": 0.2}}}, ""reconstruction"": {""masserstein"": {""target"": ""MassersteinLoss"", ""weight"": 1.0}}, ""regularization"": {""contractive"": {""params"": {""calculation_method"": ""exact_autograd_jacobian"", ""hinge_alpha"": 2.0, ""hinge_threshold"": 7.0, ""input_geometry"": ""fisher_rao"", ""latent_source"": ""auto"", ""penalized_space"": ""u"", ""penalty_metric"": ""spectral_plus_hinged""}, ""target"": ""ContractiveLoss"", ""weight"": 0.002}}}",919377028,892754137,/home/max/repositories/MSIAutoEncoderWrapper/data/kidney_workspace/models/kidney/vpu-contractive-interaction-expanded-20260917-01__task_000086,True,True,/home/max/repositories/MSIAutoEncoderWrapper/data/kidney_workspace/configs/entropy-runs/vpu-contractive-interaction-expanded-20260917-01/plan/status/task_000086.yaml,ff133cd42f7af414ee3022e7947f94bcd301e0ce338f93da55895867ef10c9a7,63d67af42e30038bef1fbb98125bd6ccad588380dabc4de668acc50167a34723,617eaa9772df564ab95dde9f7a3e065afb4721586266e5cb9c8abe29f987156e,True,True,False,vpu_alpha_1_beta_1 (VariationalPULoss),vpu_contractive_contrastive_t030_w100m,"VPU + contractive + contrastive (T=0.30, w=0.1)",21,#D55E00,dashed,o,"{""contractive"": true, ""contrastive"": true, ""family"": ""vpu"", ""temperature"": 0.3, ""weight"": 0.1}"
vpu_contractive_interaction_expanded,candidate,vpu_contractive_interaction_expanded/task_000087,task_000087,grid_0017,2,completed,2d91c998070a,"VPU + contractive + contrastive (T=0.30, w=0.1)",molecule_vpu,VariationalPULoss,none,0.2,0.0,{},"{""contrastive"": {""peak_permutation"": {""params"": {""annotation_bin_radius"": 0, ""peak_catalog_limit"": 4096, ""peak_sample_size"": 10000, ""peak_selection_method"": ""permutation_label_invariant"", ""permutation_bank_size"": 7000, ""permutation_selection_attempts"": 64, ""permuted_peaks_per_view"": 3, ""preserve_input_normalization"": true, ""temperature"": 0.3}, ""target"": ""InfoNCELoss"", ""weight"": 0.1}}, ""heads"": {""molecule_vpu"": {""vpu_alpha_1_beta_1"": {""params"": {""alpha"": 1.0, ""beta"": 1.0, ""consistency_weight"": 0.0, ""negative_weight"": 0.0, ""simulated_negative_weight"": 0.0}, ""target"": ""VariationalPULoss"", ""weight"": 0.2}}}, ""reconstruction"": {""masserstein"": {""target"": ""MassersteinLoss"", ""weight"": 1.0}}, ""regularization"": {""contractive"": {""params"": {""calculation_method"": ""exact_autograd_jacobian"", ""hinge_alpha"": 2.0, ""hinge_threshold"": 7.0, ""input_geometry"": ""fisher_rao"", ""latent_source"": ""auto"", ""penalized_space"": ""u"", ""penalty_metric"": ""spectral_plus_hinged""}, ""target"": ""ContractiveLoss"", ""weight"": 0.002}}}",2136253289,442265914,/home/max/repositories/MSIAutoEncoderWrapper/data/kidney_workspace/models/kidney/vpu-contractive-interaction-expanded-20260917-01__task_000087,True,True,/home/max/repositories/MSIAutoEncoderWrapper/data/kidney_workspace/configs/entropy-runs/vpu-contractive-interaction-expanded-20260917-01/plan/status/task_000087.yaml,ff133cd42f7af414ee3022e7947f94bcd301e0ce338f93da55895867ef10c9a7,63d67af42e30038bef1fbb98125bd6ccad588380dabc4de668acc50167a34723,617eaa9772df564ab95dde9f7a3e065afb4721586266e5cb9c8abe29f987156e,True,True,False,vpu_alpha_1_beta_1 (VariationalPULoss),vpu_contractive_contrastive_t030_w100m,"VPU + contractive + contrastive (T=0.30, w=0.1)",21,#D55E00,dashed,o,"{""contractive"": true, ""contrastive"": true, ""family"": ""vpu"", ""temperature"": 0.3, ""weight"": 0.1}"
vpu_contractive_interaction_expanded,candidate,vpu_contractive_interaction_expanded/task_000088,task_000088,grid_0017,3,completed,2d91c998070a,"VPU + contractive + contrastive (T=0.30, w=0.1)",molecule_vpu,VariationalPULoss,none,0.2,0.0,{},"{""contrastive"": {""peak_permutation"": {""params"": {""annotation_bin_radius"": 0, ""peak_catalog_limit"": 4096, ""peak_sample_size"": 10000, ""peak_selection_method"": ""permutation_label_invariant"", ""permutation_bank_size"": 7000, ""permutation_selection_attempts"": 64, ""permuted_peaks_per_view"": 3, ""preserve_input_normalization"": true, ""temperature"": 0.3}, ""target"": ""InfoNCELoss"", ""weight"": 0.1}}, ""heads"": {""molecule_vpu"": {""vpu_alpha_1_beta_1"": {""params"": {""alpha"": 1.0, ""beta"": 1.0, ""consistency_weight"": 0.0, ""negative_weight"": 0.0, ""simulated_negative_weight"": 0.0}, ""target"": ""VariationalPULoss"", ""weight"": 0.2}}}, ""reconstruction"": {""masserstein"": {""target"": ""MassersteinLoss"", ""weight"": 1.0}}, ""regularization"": {""contractive"": {""params"": {""calculation_method"": ""exact_autograd_jacobian"", ""hinge_alpha"": 2.0, ""hinge_threshold"": 7.0, ""input_geometry"": ""fisher_rao"", ""latent_source"": ""auto"", ""penalized_space"": ""u"", ""penalty_metric"": ""spectral_plus_hinged""}, ""target"": ""ContractiveLoss"", ""weight"": 0.002}}}",276187349,194761695,/home/max/repositories/MSIAutoEncoderWrapper/data/kidney_workspace/models/kidney/vpu-contractive-interaction-expanded-20260917-01__task_000088,True,True,/home/max/repositories/MSIAutoEncoderWrapper/data/kidney_workspace/configs/entropy-runs/vpu-contractive-interaction-expanded-20260917-01/plan/status/task_000088.yaml,ff133cd42f7af414ee3022e7947f94bcd301e0ce338f93da55895867ef10c9a7,63d67af42e30038bef1fbb98125bd6ccad588380dabc4de668acc50167a34723,617eaa9772df564ab95dde9f7a3e065afb4721586266e5cb9c8abe29f987156e,True,True,False,vpu_alpha_1_beta_1 (VariationalPULoss),vpu_contractive_contrastive_t030_w100m,"VPU + contractive + contrastive (T=0.30, w=0.1)",21,#D55E00,dashed,o,"{""contractive"": true, ""contrastive"": true, ""family"": ""vpu"", ""temperature"": 0.3, ""weight"": 0.1}"
vpu_contractive_interaction_expanded,candidate,vpu_contractive_interaction_expanded/task_000089,task_000089,grid_0017,4,completed,2d91c998070a,"VPU + contractive + contrastive (T=0.30, w=0.1)",molecule_vpu,VariationalPULoss,none,0.2,0.0,{},"{""contrastive"": {""peak_permutation"": {""params"": {""annotation_bin_radius"": 0, ""peak_catalog_limit"": 4096, ""peak_sample_size"": 10000, ""peak_selection_method"": ""permutation_label_invariant"", ""permutation_bank_size"": 7000, ""permutation_selection_attempts"": 64, ""permuted_peaks_per_view"": 3, ""preserve_input_normalization"": true, ""temperature"": 0.3}, ""target"": ""InfoNCELoss"", ""weight"": 0.1}}, ""heads"": {""molecule_vpu"": {""vpu_alpha_1_beta_1"": {""params"": {""alpha"": 1.0, ""beta"": 1.0, ""consistency_weight"": 0.0, ""negative_weight"": 0.0, ""simulated_negative_weight"": 0.0}, ""target"": ""VariationalPULoss"", ""weight"": 0.2}}}, ""reconstruction"": {""masserstein"": {""target"": ""MassersteinLoss"", ""weight"": 1.0}}, ""regularization"": {""contractive"": {""params"": {""calculation_method"": ""exact_autograd_jacobian"", ""hinge_alpha"": 2.0, ""hinge_threshold"": 7.0, ""input_geometry"": ""fisher_rao"", ""latent_source"": ""auto"", ""penalized_space"": ""u"", ""penalty_metric"": ""spectral_plus_hinged""}, ""target"": ""ContractiveLoss"", ""weight"": 0.002}}}",1915557887,1927548799,/home/max/repositories/MSIAutoEncoderWrapper/data/kidney_workspace/models/kidney/vpu-contractive-interaction-expanded-20260917-01__task_000089,True,True,/home/max/repositories/MSIAutoEncoderWrapper/data/kidney_workspace/configs/entropy-runs/vpu-contractive-interaction-expanded-20260917-01/plan/status/task_000089.yaml,ff133cd42f7af414ee3022e7947f94bcd301e0ce338f93da55895867ef10c9a7,63d67af42e30038bef1fbb98125bd6ccad588380dabc4de668acc50167a34723,617eaa9772df564ab95dde9f7a3e065afb4721586266e5cb9c8abe29f987156e,True,True,False,vpu_alpha_1_beta_1 (VariationalPULoss),vpu_contractive_contrastive_t030_w100m,"VPU + contractive + contrastive (T=0.30, w=0.1)",21,#D55E00,dashed,o,"{""contractive"": true, ""contrastive"": true, ""family"": ""vpu"", ""temperature"": 0.3, ""weight"": 0.1}"
vpu_contractive_interaction_expanded,candidate,vpu_contractive_interaction_expanded/task_000090,task_000090,grid_0018,0,completed,86761a9f4d9e,"VPU + contrastive (T=0.30, w=0.01)",molecule_vpu,VariationalPULoss,none,0.2,0.0,{},"{""contrastive"": {""peak_permutation"": {""params"": {""annotation_bin_radius"": 0, ""peak_catalog_limit"": 4096, ""peak_sample_size"": 10000, ""peak_selection_method"": ""permutation_label_invariant"", ""permutation_bank_size"": 7000, ""permutation_selection_attempts"": 64, ""permuted_peaks_per_view"": 3, ""preserve_input_normalization"": true, ""temperature"": 0.3}, ""target"": ""InfoNCELoss"", ""weight"": 0.01}}, ""heads"": {""molecule_vpu"": {""vpu_alpha_1_beta_1"": {""params"": {""alpha"": 1.0, ""beta"": 1.0, ""consistency_weight"": 0.0, ""negative_weight"": 0.0, ""simulated_negative_weight"": 0.0}, ""target"": ""VariationalPULoss"", ""weight"": 0.2}}}, ""reconstruction"": {""masserstein"": {""target"": ""MassersteinLoss"", ""weight"": 1.0}}, ""regularization"": {}}",91154199,32238397,/home/max/repositories/MSIAutoEncoderWrapper/data/kidney_workspace/models/kidney/vpu-contractive-interaction-expanded-20260917-01__task_000090,True,True,/home/max/repositories/MSIAutoEncoderWrapper/data/kidney_workspace/configs/entropy-runs/vpu-contractive-interaction-expanded-20260917-01/plan/status/task_000090.yaml,ff133cd42f7af414ee3022e7947f94bcd301e0ce338f93da55895867ef10c9a7,63d67af42e30038bef1fbb98125bd6ccad588380dabc4de668acc50167a34723,9c45b8ce7b2670ab6183aa5a683303ad8a30e2b33cfa959710e256df75c47854,True,True,False,vpu_alpha_1_beta_1 (VariationalPULoss),vpu_contrastive_t030_w10m,"VPU + contrastive (T=0.30, w=0.01)",22,#D55E00,solid,s,"{""contractive"": false, ""contrastive"": true, ""family"": ""vpu"", ""temperature"": 0.3, ""weight"": 0.01}"
vpu_contractive_interaction_expanded,candidate,vpu_contractive_interaction_expanded/task_000091,task_000091,grid_0018,1,completed,86761a9f4d9e,"VPU + contrastive (T=0.30, w=0.01)",molecule_vpu,VariationalPULoss,none,0.2,0.0,{},"{""contrastive"": {""peak_permutation"": {""params"": {""annotation_bin_radius"": 0, ""peak_catalog_limit"": 4096, ""peak_sample_size"": 10000, ""peak_selection_method"": ""permutation_label_invariant"", ""permutation_bank_size"": 7000, ""permutation_selection_attempts"": 64, ""permuted_peaks_per_view"": 3, ""preserve_input_normalization"": true, ""temperature"": 0.3}, ""target"": ""InfoNCELoss"", ""weight"": 0.01}}, ""heads"": {""molecule_vpu"": {""vpu_alpha_1_beta_1"": {""params"": {""alpha"": 1.0, ""beta"": 1.0, ""consistency_weight"": 0.0, ""negative_weight"": 0.0, ""simulated_negative_weight"": 0.0}, ""target"": ""VariationalPULoss"", ""weight"": 0.2}}}, ""reconstruction"": {""masserstein"": {""target"": ""MassersteinLoss"", ""weight"": 1.0}}, ""regularization"": {}}",919377028,892754137,/home/max/repositories/MSIAutoEncoderWrapper/data/kidney_workspace/models/kidney/vpu-contractive-interaction-expanded-20260917-01__task_000091,True,True,/home/max/repositories/MSIAutoEncoderWrapper/data/kidney_workspace/configs/entropy-runs/vpu-contractive-interaction-expanded-20260917-01/plan/status/task_000091.yaml,ff133cd42f7af414ee3022e7947f94bcd301e0ce338f93da55895867ef10c9a7,63d67af42e30038bef1fbb98125bd6ccad588380dabc4de668acc50167a34723,9c45b8ce7b2670ab6183aa5a683303ad8a30e2b33cfa959710e256df75c47854,True,True,False,vpu_alpha_1_beta_1 (VariationalPULoss),vpu_contrastive_t030_w10m,"VPU + contrastive (T=0.30, w=0.01)",22,#D55E00,solid,s,"{""contractive"": false, ""contrastive"": true, ""family"": ""vpu"", ""temperature"": 0.3, ""weight"": 0.01}"
vpu_contractive_interaction_expanded,candidate,vpu_contractive_interaction_expanded/task_000092,task_000092,grid_0018,2,completed,86761a9f4d9e,"VPU + contrastive (T=0.30, w=0.01)",molecule_vpu,VariationalPULoss,none,0.2,0.0,{},"{""contrastive"": {""peak_permutation"": {""params"": {""annotation_bin_radius"": 0, ""peak_catalog_limit"": 4096, ""peak_sample_size"": 10000, ""peak_selection_method"": ""permutation_label_invariant"", ""permutation_bank_size"": 7000, ""permutation_selection_attempts"": 64, ""permuted_peaks_per_view"": 3, ""preserve_input_normalization"": true, ""temperature"": 0.3}, ""target"": ""InfoNCELoss"", ""weight"": 0.01}}, ""heads"": {""molecule_vpu"": {""vpu_alpha_1_beta_1"": {""params"": {""alpha"": 1.0, ""beta"": 1.0, ""consistency_weight"": 0.0, ""negative_weight"": 0.0, ""simulated_negative_weight"": 0.0}, ""target"": ""VariationalPULoss"", ""weight"": 0.2}}}, ""reconstruction"": {""masserstein"": {""target"": ""MassersteinLoss"", ""weight"": 1.0}}, ""regularization"": {}}",2136253289,442265914,/home/max/repositories/MSIAutoEncoderWrapper/data/kidney_workspace/models/kidney/vpu-contractive-interaction-expanded-20260917-01__task_000092,True,True,/home/max/repositories/MSIAutoEncoderWrapper/data/kidney_workspace/configs/entropy-runs/vpu-contractive-interaction-expanded-20260917-01/plan/status/task_000092.yaml,ff133cd42f7af414ee3022e7947f94bcd301e0ce338f93da55895867ef10c9a7,63d67af42e30038bef1fbb98125bd6ccad588380dabc4de668acc50167a34723,9c45b8ce7b2670ab6183aa5a683303ad8a30e2b33cfa959710e256df75c47854,True,True,False,vpu_alpha_1_beta_1 (VariationalPULoss),vpu_contrastive_t030_w10m,"VPU + contrastive (T=0.30, w=0.01)",22,#D55E00,solid,s,"{""contractive"": false, ""contrastive"": true, ""family"": ""vpu"", ""temperature"": 0.3, ""weight"": 0.01}"
vpu_contractive_interaction_expanded,candidate,vpu_contractive_interaction_expanded/task_000093,task_000093,grid_0018,3,completed,86761a9f4d9e,"VPU + contrastive (T=0.30, w=0.01)",molecule_vpu,VariationalPULoss,none,0.2,0.0,{},"{""contrastive"": {""peak_permutation"": {""params"": {""annotation_bin_radius"": 0, ""peak_catalog_limit"": 4096, ""peak_sample_size"": 10000, ""peak_selection_method"": ""permutation_label_invariant"", ""permutation_bank_size"": 7000, ""permutation_selection_attempts"": 64, ""permuted_peaks_per_view"": 3, ""preserve_input_normalization"": true, ""temperature"": 0.3}, ""target"": ""InfoNCELoss"", ""weight"": 0.01}}, ""heads"": {""molecule_vpu"": {""vpu_alpha_1_beta_1"": {""params"": {""alpha"": 1.0, ""beta"": 1.0, ""consistency_weight"": 0.0, ""negative_weight"": 0.0, ""simulated_negative_weight"": 0.0}, ""target"": ""VariationalPULoss"", ""weight"": 0.2}}}, ""reconstruction"": {""masserstein"": {""target"": ""MassersteinLoss"", ""weight"": 1.0}}, ""regularization"": {}}",276187349,194761695,/home/max/repositories/MSIAutoEncoderWrapper/data/kidney_workspace/models/kidney/vpu-contractive-interaction-expanded-20260917-01__task_000093,True,True,/home/max/repositories/MSIAutoEncoderWrapper/data/kidney_workspace/configs/entropy-runs/vpu-contractive-interaction-expanded-20260917-01/plan/status/task_000093.yaml,ff133cd42f7af414ee3022e7947f94bcd301e0ce338f93da55895867ef10c9a7,63d67af42e30038bef1fbb98125bd6ccad588380dabc4de668acc50167a34723,9c45b8ce7b2670ab6183aa5a683303ad8a30e2b33cfa959710e256df75c47854,True,True,False,vpu_alpha_1_beta_1 (VariationalPULoss),vpu_contrastive_t030_w10m,"VPU + contrastive (T=0.30, w=0.01)",22,#D55E00,solid,s,"{""contractive"": false, ""contrastive"": true, ""family"": ""vpu"", ""temperature"": 0.3, ""weight"": 0.01}"
vpu_contractive_interaction_expanded,candidate,vpu_contractive_interaction_expanded/task_000094,task_000094,grid_0018,4,completed,86761a9f4d9e,"VPU + contrastive (T=0.30, w=0.01)",molecule_vpu,VariationalPULoss,none,0.2,0.0,{},"{""contrastive"": {""peak_permutation"": {""params"": {""annotation_bin_radius"": 0, ""peak_catalog_limit"": 4096, ""peak_sample_size"": 10000, ""peak_selection_method"": ""permutation_label_invariant"", ""permutation_bank_size"": 7000, ""permutation_selection_attempts"": 64, ""permuted_peaks_per_view"": 3, ""preserve_input_normalization"": true, ""temperature"": 0.3}, ""target"": ""InfoNCELoss"", ""weight"": 0.01}}, ""heads"": {""molecule_vpu"": {""vpu_alpha_1_beta_1"": {""params"": {""alpha"": 1.0, ""beta"": 1.0, ""consistency_weight"": 0.0, ""negative_weight"": 0.0, ""simulated_negative_weight"": 0.0}, ""target"": ""VariationalPULoss"", ""weight"": 0.2}}}, ""reconstruction"": {""masserstein"": {""target"": ""MassersteinLoss"", ""weight"": 1.0}}, ""regularization"": {}}",1915557887,1927548799,/home/max/repositories/MSIAutoEncoderWrapper/data/kidney_workspace/models/kidney/vpu-contractive-interaction-expanded-20260917-01__task_000094,True,True,/home/max/repositories/MSIAutoEncoderWrapper/data/kidney_workspace/configs/entropy-runs/vpu-contractive-interaction-expanded-20260917-01/plan/status/task_000094.yaml,ff133cd42f7af414ee3022e7947f94bcd301e0ce338f93da55895867ef10c9a7,63d67af42e30038bef1fbb98125bd6ccad588380dabc4de668acc50167a34723,9c45b8ce7b2670ab6183aa5a683303ad8a30e2b33cfa959710e256df75c47854,True,True,False,vpu_alpha_1_beta_1 (VariationalPULoss),vpu_contrastive_t030_w10m,"VPU + contrastive (T=0.30, w=0.01)",22,#D55E00,solid,s,"{""contractive"": false, ""contrastive"": true, ""family"": ""vpu"", ""temperature"": 0.3, ""weight"": 0.01}"
vpu_contractive_interaction_expanded,candidate,vpu_contractive_interaction_expanded/task_000095,task_000095,grid_0019,0,completed,2e58a05ed166,"VPU + contractive + contrastive (T=0.30, w=0.01)",molecule_vpu,VariationalPULoss,none,0.2,0.0,{},"{""contrastive"": {""peak_permutation"": {""params"": {""annotation_bin_radius"": 0, ""peak_catalog_limit"": 4096, ""peak_sample_size"": 10000, ""peak_selection_method"": ""permutation_label_invariant"", ""permutation_bank_size"": 7000, ""permutation_selection_attempts"": 64, ""permuted_peaks_per_view"": 3, ""preserve_input_normalization"": true, ""temperature"": 0.3}, ""target"": ""InfoNCELoss"", ""weight"": 0.01}}, ""heads"": {""molecule_vpu"": {""vpu_alpha_1_beta_1"": {""params"": {""alpha"": 1.0, ""beta"": 1.0, ""consistency_weight"": 0.0, ""negative_weight"": 0.0, ""simulated_negative_weight"": 0.0}, ""target"": ""VariationalPULoss"", ""weight"": 0.2}}}, ""reconstruction"": {""masserstein"": {""target"": ""MassersteinLoss"", ""weight"": 1.0}}, ""regularization"": {""contractive"": {""params"": {""calculation_method"": ""exact_autograd_jacobian"", ""hinge_alpha"": 2.0, ""hinge_threshold"": 7.0, ""input_geometry"": ""fisher_rao"", ""latent_source"": ""auto"", ""penalized_space"": ""u"", ""penalty_metric"": ""spectral_plus_hinged""}, ""target"": ""ContractiveLoss"", ""weight"": 0.002}}}",91154199,32238397,/home/max/repositories/MSIAutoEncoderWrapper/data/kidney_workspace/models/kidney/vpu-contractive-interaction-expanded-20260917-01__task_000095,True,True,/home/max/repositories/MSIAutoEncoderWrapper/data/kidney_workspace/configs/entropy-runs/vpu-contractive-interaction-expanded-20260917-01/plan/status/task_000095.yaml,ff133cd42f7af414ee3022e7947f94bcd301e0ce338f93da55895867ef10c9a7,63d67af42e30038bef1fbb98125bd6ccad588380dabc4de668acc50167a34723,97bdf067fb3d3ff23e5f293856da31195bfc4a0054594cc23863ade010e10d5b,True,True,False,vpu_alpha_1_beta_1 (VariationalPULoss),vpu_contractive_contrastive_t030_w10m,"VPU + contractive + contrastive (T=0.30, w=0.01)",23,#D55E00,dashed,s,"{""contractive"": true, ""contrastive"": true, ""family"": ""vpu"", ""temperature"": 0.3, ""weight"": 0.01}"
vpu_contractive_interaction_expanded,candidate,vpu_contractive_interaction_expanded/task_000096,task_000096,grid_0019,1,completed,2e58a05ed166,"VPU + contractive + contrastive (T=0.30, w=0.01)",molecule_vpu,VariationalPULoss,none,0.2,0.0,{},"{""contrastive"": {""peak_permutation"": {""params"": {""annotation_bin_radius"": 0, ""peak_catalog_limit"": 4096, ""peak_sample_size"": 10000, ""peak_selection_method"": ""permutation_label_invariant"", ""permutation_bank_size"": 7000, ""permutation_selection_attempts"": 64, ""permuted_peaks_per_view"": 3, ""preserve_input_normalization"": true, ""temperature"": 0.3}, ""target"": ""InfoNCELoss"", ""weight"": 0.01}}, ""heads"": {""molecule_vpu"": {""vpu_alpha_1_beta_1"": {""params"": {""alpha"": 1.0, ""beta"": 1.0, ""consistency_weight"": 0.0, ""negative_weight"": 0.0, ""simulated_negative_weight"": 0.0}, ""target"": ""VariationalPULoss"", ""weight"": 0.2}}}, ""reconstruction"": {""masserstein"": {""target"": ""MassersteinLoss"", ""weight"": 1.0}}, ""regularization"": {""contractive"": {""params"": {""calculation_method"": ""exact_autograd_jacobian"", ""hinge_alpha"": 2.0, ""hinge_threshold"": 7.0, ""input_geometry"": ""fisher_rao"", ""latent_source"": ""auto"", ""penalized_space"": ""u"", ""penalty_metric"": ""spectral_plus_hinged""}, ""target"": ""ContractiveLoss"", ""weight"": 0.002}}}",919377028,892754137,/home/max/repositories/MSIAutoEncoderWrapper/data/kidney_workspace/models/kidney/vpu-contractive-interaction-expanded-20260917-01__task_000096,True,True,/home/max/repositories/MSIAutoEncoderWrapper/data/kidney_workspace/configs/entropy-runs/vpu-contractive-interaction-expanded-20260917-01/plan/status/task_000096.yaml,ff133cd42f7af414ee3022e7947f94bcd301e0ce338f93da55895867ef10c9a7,63d67af42e30038bef1fbb98125bd6ccad588380dabc4de668acc50167a34723,97bdf067fb3d3ff23e5f293856da31195bfc4a0054594cc23863ade010e10d5b,True,True,False,vpu_alpha_1_beta_1 (VariationalPULoss),vpu_contractive_contrastive_t030_w10m,"VPU + contractive + contrastive (T=0.30, w=0.01)",23,#D55E00,dashed,s,"{""contractive"": true, ""contrastive"": true, ""family"": ""vpu"", ""temperature"": 0.3, ""weight"": 0.01}"
vpu_contractive_interaction_expanded,candidate,vpu_contractive_interaction_expanded/task_000097,task_000097,grid_0019,2,completed,2e58a05ed166,"VPU + contractive + contrastive (T=0.30, w=0.01)",molecule_vpu,VariationalPULoss,none,0.2,0.0,{},"{""contrastive"": {""peak_permutation"": {""params"": {""annotation_bin_radius"": 0, ""peak_catalog_limit"": 4096, ""peak_sample_size"": 10000, ""peak_selection_method"": ""permutation_label_invariant"", ""permutation_bank_size"": 7000, ""permutation_selection_attempts"": 64, ""permuted_peaks_per_view"": 3, ""preserve_input_normalization"": true, ""temperature"": 0.3}, ""target"": ""InfoNCELoss"", ""weight"": 0.01}}, ""heads"": {""molecule_vpu"": {""vpu_alpha_1_beta_1"": {""params"": {""alpha"": 1.0, ""beta"": 1.0, ""consistency_weight"": 0.0, ""negative_weight"": 0.0, ""simulated_negative_weight"": 0.0}, ""target"": ""VariationalPULoss"", ""weight"": 0.2}}}, ""reconstruction"": {""masserstein"": {""target"": ""MassersteinLoss"", ""weight"": 1.0}}, ""regularization"": {""contractive"": {""params"": {""calculation_method"": ""exact_autograd_jacobian"", ""hinge_alpha"": 2.0, ""hinge_threshold"": 7.0, ""input_geometry"": ""fisher_rao"", ""latent_source"": ""auto"", ""penalized_space"": ""u"", ""penalty_metric"": ""spectral_plus_hinged""}, ""target"": ""ContractiveLoss"", ""weight"": 0.002}}}",2136253289,442265914,/home/max/repositories/MSIAutoEncoderWrapper/data/kidney_workspace/models/kidney/vpu-contractive-interaction-expanded-20260917-01__task_000097,True,True,/home/max/repositories/MSIAutoEncoderWrapper/data/kidney_workspace/configs/entropy-runs/vpu-contractive-interaction-expanded-20260917-01/plan/status/task_000097.yaml,ff133cd42f7af414ee3022e7947f94bcd301e0ce338f93da55895867ef10c9a7,63d67af42e30038bef1fbb98125bd6ccad588380dabc4de668acc50167a34723,97bdf067fb3d3ff23e5f293856da31195bfc4a0054594cc23863ade010e10d5b,True,True,False,vpu_alpha_1_beta_1 (VariationalPULoss),vpu_contractive_contrastive_t030_w10m,"VPU + contractive + contrastive (T=0.30, w=0.01)",23,#D55E00,dashed,s,"{""contractive"": true, ""contrastive"": true, ""family"": ""vpu"", ""temperature"": 0.3, ""weight"": 0.01}"
vpu_contractive_interaction_expanded,candidate,vpu_contractive_interaction_expanded/task_000098,task_000098,grid_0019,3,completed,2e58a05ed166,"VPU + contractive + contrastive (T=0.30, w=0.01)",molecule_vpu,VariationalPULoss,none,0.2,0.0,{},"{""contrastive"": {""peak_permutation"": {""params"": {""annotation_bin_radius"": 0, ""peak_catalog_limit"": 4096, ""peak_sample_size"": 10000, ""peak_selection_method"": ""permutation_label_invariant"", ""permutation_bank_size"": 7000, ""permutation_selection_attempts"": 64, ""permuted_peaks_per_view"": 3, ""preserve_input_normalization"": true, ""temperature"": 0.3}, ""target"": ""InfoNCELoss"", ""weight"": 0.01}}, ""heads"": {""molecule_vpu"": {""vpu_alpha_1_beta_1"": {""params"": {""alpha"": 1.0, ""beta"": 1.0, ""consistency_weight"": 0.0, ""negative_weight"": 0.0, ""simulated_negative_weight"": 0.0}, ""target"": ""VariationalPULoss"", ""weight"": 0.2}}}, ""reconstruction"": {""masserstein"": {""target"": ""MassersteinLoss"", ""weight"": 1.0}}, ""regularization"": {""contractive"": {""params"": {""calculation_method"": ""exact_autograd_jacobian"", ""hinge_alpha"": 2.0, ""hinge_threshold"": 7.0, ""input_geometry"": ""fisher_rao"", ""latent_source"": ""auto"", ""penalized_space"": ""u"", ""penalty_metric"": ""spectral_plus_hinged""}, ""target"": ""ContractiveLoss"", ""weight"": 0.002}}}",276187349,194761695,/home/max/repositories/MSIAutoEncoderWrapper/data/kidney_workspace/models/kidney/vpu-contractive-interaction-expanded-20260917-01__task_000098,True,True,/home/max/repositories/MSIAutoEncoderWrapper/data/kidney_workspace/configs/entropy-runs/vpu-contractive-interaction-expanded-20260917-01/plan/status/task_000098.yaml,ff133cd42f7af414ee3022e7947f94bcd301e0ce338f93da55895867ef10c9a7,63d67af42e30038bef1fbb98125bd6ccad588380dabc4de668acc50167a34723,97bdf067fb3d3ff23e5f293856da31195bfc4a0054594cc23863ade010e10d5b,True,True,False,vpu_alpha_1_beta_1 (VariationalPULoss),vpu_contractive_contrastive_t030_w10m,"VPU + contractive + contrastive (T=0.30, w=0.01)",23,#D55E00,dashed,s,"{""contractive"": true, ""contrastive"": true, ""family"": ""vpu"", ""temperature"": 0.3, ""weight"": 0.01}"
vpu_contractive_interaction_expanded,candidate,vpu_contractive_interaction_expanded/task_000099,task_000099,grid_0019,4,completed,2e58a05ed166,"VPU + contractive + contrastive (T=0.30, w=0.01)",molecule_vpu,VariationalPULoss,none,0.2,0.0,{},"{""contrastive"": {""peak_permutation"": {""params"": {""annotation_bin_radius"": 0, ""peak_catalog_limit"": 4096, ""peak_sample_size"": 10000, ""peak_selection_method"": ""permutation_label_invariant"", ""permutation_bank_size"": 7000, ""permutation_selection_attempts"": 64, ""permuted_peaks_per_view"": 3, ""preserve_input_normalization"": true, ""temperature"": 0.3}, ""target"": ""InfoNCELoss"", ""weight"": 0.01}}, ""heads"": {""molecule_vpu"": {""vpu_alpha_1_beta_1"": {""params"": {""alpha"": 1.0, ""beta"": 1.0, ""consistency_weight"": 0.0, ""negative_weight"": 0.0, ""simulated_negative_weight"": 0.0}, ""target"": ""VariationalPULoss"", ""weight"": 0.2}}}, ""reconstruction"": {""masserstein"": {""target"": ""MassersteinLoss"", ""weight"": 1.0}}, ""regularization"": {""contractive"": {""params"": {""calculation_method"": ""exact_autograd_jacobian"", ""hinge_alpha"": 2.0, ""hinge_threshold"": 7.0, ""input_geometry"": ""fisher_rao"", ""latent_source"": ""auto"", ""penalized_space"": ""u"", ""penalty_metric"": ""spectral_plus_hinged""}, ""target"": ""ContractiveLoss"", ""weight"": 0.002}}}",1915557887,1927548799,/home/max/repositories/MSIAutoEncoderWrapper/data/kidney_workspace/models/kidney/vpu-contractive-interaction-expanded-20260917-01__task_000099,True,True,/home/max/repositories/MSIAutoEncoderWrapper/data/kidney_workspace/configs/entropy-runs/vpu-contractive-interaction-expanded-20260917-01/plan/status/task_000099.yaml,ff133cd42f7af414ee3022e7947f94bcd301e0ce338f93da55895867ef10c9a7,63d67af42e30038bef1fbb98125bd6ccad588380dabc4de668acc50167a34723,97bdf067fb3d3ff23e5f293856da31195bfc4a0054594cc23863ade010e10d5b,True,True,False,vpu_alpha_1_beta_1 (VariationalPULoss),vpu_contractive_contrastive_t030_w10m,"VPU + contractive + contrastive (T=0.30, w=0.01)",23,#D55E00,dashed,s,"{""contractive"": true, ""contrastive"": true, ""family"": ""vpu"", ""temperature"": 0.3, ""weight"": 0.01}"
vpu_contractive_interaction_expanded,candidate,vpu_contractive_interaction_expanded/task_000100,task_000100,grid_0020,0,completed,819070f4b95d,"VPU + contrastive (T=0.30, w=0.001)",molecule_vpu,VariationalPULoss,none,0.2,0.0,{},"{""contrastive"": {""peak_permutation"": {""params"": {""annotation_bin_radius"": 0, ""peak_catalog_limit"": 4096, ""peak_sample_size"": 10000, ""peak_selection_method"": ""permutation_label_invariant"", ""permutation_bank_size"": 7000, ""permutation_selection_attempts"": 64, ""permuted_peaks_per_view"": 3, ""preserve_input_normalization"": true, ""temperature"": 0.3}, ""target"": ""InfoNCELoss"", ""weight"": 0.001}}, ""heads"": {""molecule_vpu"": {""vpu_alpha_1_beta_1"": {""params"": {""alpha"": 1.0, ""beta"": 1.0, ""consistency_weight"": 0.0, ""negative_weight"": 0.0, ""simulated_negative_weight"": 0.0}, ""target"": ""VariationalPULoss"", ""weight"": 0.2}}}, ""reconstruction"": {""masserstein"": {""target"": ""MassersteinLoss"", ""weight"": 1.0}}, ""regularization"": {}}",91154199,32238397,/home/max/repositories/MSIAutoEncoderWrapper/data/kidney_workspace/models/kidney/vpu-contractive-interaction-expanded-20260917-01__task_000100,True,True,/home/max/repositories/MSIAutoEncoderWrapper/data/kidney_workspace/configs/entropy-runs/vpu-contractive-interaction-expanded-20260917-01/plan/status/task_000100.yaml,ff133cd42f7af414ee3022e7947f94bcd301e0ce338f93da55895867ef10c9a7,63d67af42e30038bef1fbb98125bd6ccad588380dabc4de668acc50167a34723,83b8c5afe60282b3c5a3e4c2e642f77fa5120762e9262e3d201af28fb68d94ce,True,True,False,vpu_alpha_1_beta_1 (VariationalPULoss),vpu_contrastive_t030_w1m,"VPU + contrastive (T=0.30, w=0.001)",24,#D55E00,solid,^,"{""contractive"": false, ""contrastive"": true, ""family"": ""vpu"", ""temperature"": 0.3, ""weight"": 0.001}"
vpu_contractive_interaction_expanded,candidate,vpu_contractive_interaction_expanded/task_000101,task_000101,grid_0020,1,completed,819070f4b95d,"VPU + contrastive (T=0.30, w=0.001)",molecule_vpu,VariationalPULoss,none,0.2,0.0,{},"{""contrastive"": {""peak_permutation"": {""params"": {""annotation_bin_radius"": 0, ""peak_catalog_limit"": 4096, ""peak_sample_size"": 10000, ""peak_selection_method"": ""permutation_label_invariant"", ""permutation_bank_size"": 7000, ""permutation_selection_attempts"": 64, ""permuted_peaks_per_view"": 3, ""preserve_input_normalization"": true, ""temperature"": 0.3}, ""target"": ""InfoNCELoss"", ""weight"": 0.001}}, ""heads"": {""molecule_vpu"": {""vpu_alpha_1_beta_1"": {""params"": {""alpha"": 1.0, ""beta"": 1.0, ""consistency_weight"": 0.0, ""negative_weight"": 0.0, ""simulated_negative_weight"": 0.0}, ""target"": ""VariationalPULoss"", ""weight"": 0.2}}}, ""reconstruction"": {""masserstein"": {""target"": ""MassersteinLoss"", ""weight"": 1.0}}, ""regularization"": {}}",919377028,892754137,/home/max/repositories/MSIAutoEncoderWrapper/data/kidney_workspace/models/kidney/vpu-contractive-interaction-expanded-20260917-01__task_000101,True,True,/home/max/repositories/MSIAutoEncoderWrapper/data/kidney_workspace/configs/entropy-runs/vpu-contractive-interaction-expanded-20260917-01/plan/status/task_000101.yaml,ff133cd42f7af414ee3022e7947f94bcd301e0ce338f93da55895867ef10c9a7,63d67af42e30038bef1fbb98125bd6ccad588380dabc4de668acc50167a34723,83b8c5afe60282b3c5a3e4c2e642f77fa5120762e9262e3d201af28fb68d94ce,True,True,False,vpu_alpha_1_beta_1 (VariationalPULoss),vpu_contrastive_t030_w1m,"VPU + contrastive (T=0.30, w=0.001)",24,#D55E00,solid,^,"{""contractive"": false, ""contrastive"": true, ""family"": ""vpu"", ""temperature"": 0.3, ""weight"": 0.001}"
vpu_contractive_interaction_expanded,candidate,vpu_contractive_interaction_expanded/task_000102,task_000102,grid_0020,2,completed,819070f4b95d,"VPU + contrastive (T=0.30, w=0.001)",molecule_vpu,VariationalPULoss,none,0.2,0.0,{},"{""contrastive"": {""peak_permutation"": {""params"": {""annotation_bin_radius"": 0, ""peak_catalog_limit"": 4096, ""peak_sample_size"": 10000, ""peak_selection_method"": ""permutation_label_invariant"", ""permutation_bank_size"": 7000, ""permutation_selection_attempts"": 64, ""permuted_peaks_per_view"": 3, ""preserve_input_normalization"": true, ""temperature"": 0.3}, ""target"": ""InfoNCELoss"", ""weight"": 0.001}}, ""heads"": {""molecule_vpu"": {""vpu_alpha_1_beta_1"": {""params"": {""alpha"": 1.0, ""beta"": 1.0, ""consistency_weight"": 0.0, ""negative_weight"": 0.0, ""simulated_negative_weight"": 0.0}, ""target"": ""VariationalPULoss"", ""weight"": 0.2}}}, ""reconstruction"": {""masserstein"": {""target"": ""MassersteinLoss"", ""weight"": 1.0}}, ""regularization"": {}}",2136253289,442265914,/home/max/repositories/MSIAutoEncoderWrapper/data/kidney_workspace/models/kidney/vpu-contractive-interaction-expanded-20260917-01__task_000102,True,True,/home/max/repositories/MSIAutoEncoderWrapper/data/kidney_workspace/configs/entropy-runs/vpu-contractive-interaction-expanded-20260917-01/plan/status/task_000102.yaml,ff133cd42f7af414ee3022e7947f94bcd301e0ce338f93da55895867ef10c9a7,63d67af42e30038bef1fbb98125bd6ccad588380dabc4de668acc50167a34723,83b8c5afe60282b3c5a3e4c2e642f77fa5120762e9262e3d201af28fb68d94ce,True,True,False,vpu_alpha_1_beta_1 (VariationalPULoss),vpu_contrastive_t030_w1m,"VPU + contrastive (T=0.30, w=0.001)",24,#D55E00,solid,^,"{""contractive"": false, ""contrastive"": true, ""family"": ""vpu"", ""temperature"": 0.3, ""weight"": 0.001}"
vpu_contractive_interaction_expanded,candidate,vpu_contractive_interaction_expanded/task_000103,task_000103,grid_0020,3,completed,819070f4b95d,"VPU + contrastive (T=0.30, w=0.001)",molecule_vpu,VariationalPULoss,none,0.2,0.0,{},"{""contrastive"": {""peak_permutation"": {""params"": {""annotation_bin_radius"": 0, ""peak_catalog_limit"": 4096, ""peak_sample_size"": 10000, ""peak_selection_method"": ""permutation_label_invariant"", ""permutation_bank_size"": 7000, ""permutation_selection_attempts"": 64, ""permuted_peaks_per_view"": 3, ""preserve_input_normalization"": true, ""temperature"": 0.3}, ""target"": ""InfoNCELoss"", ""weight"": 0.001}}, ""heads"": {""molecule_vpu"": {""vpu_alpha_1_beta_1"": {""params"": {""alpha"": 1.0, ""beta"": 1.0, ""consistency_weight"": 0.0, ""negative_weight"": 0.0, ""simulated_negative_weight"": 0.0}, ""target"": ""VariationalPULoss"", ""weight"": 0.2}}}, ""reconstruction"": {""masserstein"": {""target"": ""MassersteinLoss"", ""weight"": 1.0}}, ""regularization"": {}}",276187349,194761695,/home/max/repositories/MSIAutoEncoderWrapper/data/kidney_workspace/models/kidney/vpu-contractive-interaction-expanded-20260917-01__task_000103,True,True,/home/max/repositories/MSIAutoEncoderWrapper/data/kidney_workspace/configs/entropy-runs/vpu-contractive-interaction-expanded-20260917-01/plan/status/task_000103.yaml,ff133cd42f7af414ee3022e7947f94bcd301e0ce338f93da55895867ef10c9a7,63d67af42e30038bef1fbb98125bd6ccad588380dabc4de668acc50167a34723,83b8c5afe60282b3c5a3e4c2e642f77fa5120762e9262e3d201af28fb68d94ce,True,True,False,vpu_alpha_1_beta_1 (VariationalPULoss),vpu_contrastive_t030_w1m,"VPU + contrastive (T=0.30, w=0.001)",24,#D55E00,solid,^,"{""contractive"": false, ""contrastive"": true, ""family"": ""vpu"", ""temperature"": 0.3, ""weight"": 0.001}"
vpu_contractive_interaction_expanded,candidate,vpu_contractive_interaction_expanded/task_000104,task_000104,grid_0020,4,completed,819070f4b95d,"VPU + contrastive (T=0.30, w=0.001)",molecule_vpu,VariationalPULoss,none,0.2,0.0,{},"{""contrastive"": {""peak_permutation"": {""params"": {""annotation_bin_radius"": 0, ""peak_catalog_limit"": 4096, ""peak_sample_size"": 10000, ""peak_selection_method"": ""permutation_label_invariant"", ""permutation_bank_size"": 7000, ""permutation_selection_attempts"": 64, ""permuted_peaks_per_view"": 3, ""preserve_input_normalization"": true, ""temperature"": 0.3}, ""target"": ""InfoNCELoss"", ""weight"": 0.001}}, ""heads"": {""molecule_vpu"": {""vpu_alpha_1_beta_1"": {""params"": {""alpha"": 1.0, ""beta"": 1.0, ""consistency_weight"": 0.0, ""negative_weight"": 0.0, ""simulated_negative_weight"": 0.0}, ""target"": ""VariationalPULoss"", ""weight"": 0.2}}}, ""reconstruction"": {""masserstein"": {""target"": ""MassersteinLoss"", ""weight"": 1.0}}, ""regularization"": {}}",1915557887,1927548799,/home/max/repositories/MSIAutoEncoderWrapper/data/kidney_workspace/models/kidney/vpu-contractive-interaction-expanded-20260917-01__task_000104,True,True,/home/max/repositories/MSIAutoEncoderWrapper/data/kidney_workspace/configs/entropy-runs/vpu-contractive-interaction-expanded-20260917-01/plan/status/task_000104.yaml,ff133cd42f7af414ee3022e7947f94bcd301e0ce338f93da55895867ef10c9a7,63d67af42e30038bef1fbb98125bd6ccad588380dabc4de668acc50167a34723,83b8c5afe60282b3c5a3e4c2e642f77fa5120762e9262e3d201af28fb68d94ce,True,True,False,vpu_alpha_1_beta_1 (VariationalPULoss),vpu_contrastive_t030_w1m,"VPU + contrastive (T=0.30, w=0.001)",24,#D55E00,solid,^,"{""contractive"": false, ""contrastive"": true, ""family"": ""vpu"", ""temperature"": 0.3, ""weight"": 0.001}"
vpu_contractive_interaction_expanded,candidate,vpu_contractive_interaction_expanded/task_000105,task_000105,grid_0021,0,completed,a20df19b05de,"VPU + contractive + contrastive (T=0.30, w=0.001)",molecule_vpu,VariationalPULoss,none,0.2,0.0,{},"{""contrastive"": {""peak_permutation"": {""params"": {""annotation_bin_radius"": 0, ""peak_catalog_limit"": 4096, ""peak_sample_size"": 10000, ""peak_selection_method"": ""permutation_label_invariant"", ""permutation_bank_size"": 7000, ""permutation_selection_attempts"": 64, ""permuted_peaks_per_view"": 3, ""preserve_input_normalization"": true, ""temperature"": 0.3}, ""target"": ""InfoNCELoss"", ""weight"": 0.001}}, ""heads"": {""molecule_vpu"": {""vpu_alpha_1_beta_1"": {""params"": {""alpha"": 1.0, ""beta"": 1.0, ""consistency_weight"": 0.0, ""negative_weight"": 0.0, ""simulated_negative_weight"": 0.0}, ""target"": ""VariationalPULoss"", ""weight"": 0.2}}}, ""reconstruction"": {""masserstein"": {""target"": ""MassersteinLoss"", ""weight"": 1.0}}, ""regularization"": {""contractive"": {""params"": {""calculation_method"": ""exact_autograd_jacobian"", ""hinge_alpha"": 2.0, ""hinge_threshold"": 7.0, ""input_geometry"": ""fisher_rao"", ""latent_source"": ""auto"", ""penalized_space"": ""u"", ""penalty_metric"": ""spectral_plus_hinged""}, ""target"": ""ContractiveLoss"", ""weight"": 0.002}}}",91154199,32238397,/home/max/repositories/MSIAutoEncoderWrapper/data/kidney_workspace/models/kidney/vpu-contractive-interaction-expanded-20260917-01__task_000105,True,True,/home/max/repositories/MSIAutoEncoderWrapper/data/kidney_workspace/configs/entropy-runs/vpu-contractive-interaction-expanded-20260917-01/plan/status/task_000105.yaml,ff133cd42f7af414ee3022e7947f94bcd301e0ce338f93da55895867ef10c9a7,63d67af42e30038bef1fbb98125bd6ccad588380dabc4de668acc50167a34723,3e198ee7e18d9457b6c7a21803cbb20adcd0efce7d7d83cdcdddab573062474e,True,True,False,vpu_alpha_1_beta_1 (VariationalPULoss),vpu_contractive_contrastive_t030_w1m,"VPU + contractive + contrastive (T=0.30, w=0.001)",25,#D55E00,dashed,^,"{""contractive"": true, ""contrastive"": true, ""family"": ""vpu"", ""temperature"": 0.3, ""weight"": 0.001}"
vpu_contractive_interaction_expanded,candidate,vpu_contractive_interaction_expanded/task_000106,task_000106,grid_0021,1,completed,a20df19b05de,"VPU + contractive + contrastive (T=0.30, w=0.001)",molecule_vpu,VariationalPULoss,none,0.2,0.0,{},"{""contrastive"": {""peak_permutation"": {""params"": {""annotation_bin_radius"": 0, ""peak_catalog_limit"": 4096, ""peak_sample_size"": 10000, ""peak_selection_method"": ""permutation_label_invariant"", ""permutation_bank_size"": 7000, ""permutation_selection_attempts"": 64, ""permuted_peaks_per_view"": 3, ""preserve_input_normalization"": true, ""temperature"": 0.3}, ""target"": ""InfoNCELoss"", ""weight"": 0.001}}, ""heads"": {""molecule_vpu"": {""vpu_alpha_1_beta_1"": {""params"": {""alpha"": 1.0, ""beta"": 1.0, ""consistency_weight"": 0.0, ""negative_weight"": 0.0, ""simulated_negative_weight"": 0.0}, ""target"": ""VariationalPULoss"", ""weight"": 0.2}}}, ""reconstruction"": {""masserstein"": {""target"": ""MassersteinLoss"", ""weight"": 1.0}}, ""regularization"": {""contractive"": {""params"": {""calculation_method"": ""exact_autograd_jacobian"", ""hinge_alpha"": 2.0, ""hinge_threshold"": 7.0, ""input_geometry"": ""fisher_rao"", ""latent_source"": ""auto"", ""penalized_space"": ""u"", ""penalty_metric"": ""spectral_plus_hinged""}, ""target"": ""ContractiveLoss"", ""weight"": 0.002}}}",919377028,892754137,/home/max/repositories/MSIAutoEncoderWrapper/data/kidney_workspace/models/kidney/vpu-contractive-interaction-expanded-20260917-01__task_000106,True,True,/home/max/repositories/MSIAutoEncoderWrapper/data/kidney_workspace/configs/entropy-runs/vpu-contractive-interaction-expanded-20260917-01/plan/status/task_000106.yaml,ff133cd42f7af414ee3022e7947f94bcd301e0ce338f93da55895867ef10c9a7,63d67af42e30038bef1fbb98125bd6ccad588380dabc4de668acc50167a34723,3e198ee7e18d9457b6c7a21803cbb20adcd0efce7d7d83cdcdddab573062474e,True,True,False,vpu_alpha_1_beta_1 (VariationalPULoss),vpu_contractive_contrastive_t030_w1m,"VPU + contractive + contrastive (T=0.30, w=0.001)",25,#D55E00,dashed,^,"{""contractive"": true, ""contrastive"": true, ""family"": ""vpu"", ""temperature"": 0.3, ""weight"": 0.001}"
vpu_contractive_interaction_expanded,candidate,vpu_contractive_interaction_expanded/task_000107,task_000107,grid_0021,2,completed,a20df19b05de,"VPU + contractive + contrastive (T=0.30, w=0.001)",molecule_vpu,VariationalPULoss,none,0.2,0.0,{},"{""contrastive"": {""peak_permutation"": {""params"": {""annotation_bin_radius"": 0, ""peak_catalog_limit"": 4096, ""peak_sample_size"": 10000, ""peak_selection_method"": ""permutation_label_invariant"", ""permutation_bank_size"": 7000, ""permutation_selection_attempts"": 64, ""permuted_peaks_per_view"": 3, ""preserve_input_normalization"": true, ""temperature"": 0.3}, ""target"": ""InfoNCELoss"", ""weight"": 0.001}}, ""heads"": {""molecule_vpu"": {""vpu_alpha_1_beta_1"": {""params"": {""alpha"": 1.0, ""beta"": 1.0, ""consistency_weight"": 0.0, ""negative_weight"": 0.0, ""simulated_negative_weight"": 0.0}, ""target"": ""VariationalPULoss"", ""weight"": 0.2}}}, ""reconstruction"": {""masserstein"": {""target"": ""MassersteinLoss"", ""weight"": 1.0}}, ""regularization"": {""contractive"": {""params"": {""calculation_method"": ""exact_autograd_jacobian"", ""hinge_alpha"": 2.0, ""hinge_threshold"": 7.0, ""input_geometry"": ""fisher_rao"", ""latent_source"": ""auto"", ""penalized_space"": ""u"", ""penalty_metric"": ""spectral_plus_hinged""}, ""target"": ""ContractiveLoss"", ""weight"": 0.002}}}",2136253289,442265914,/home/max/repositories/MSIAutoEncoderWrapper/data/kidney_workspace/models/kidney/vpu-contractive-interaction-expanded-20260917-01__task_000107,True,True,/home/max/repositories/MSIAutoEncoderWrapper/data/kidney_workspace/configs/entropy-runs/vpu-contractive-interaction-expanded-20260917-01/plan/status/task_000107.yaml,ff133cd42f7af414ee3022e7947f94bcd301e0ce338f93da55895867ef10c9a7,63d67af42e30038bef1fbb98125bd6ccad588380dabc4de668acc50167a34723,3e198ee7e18d9457b6c7a21803cbb20adcd0efce7d7d83cdcdddab573062474e,True,True,False,vpu_alpha_1_beta_1 (VariationalPULoss),vpu_contractive_contrastive_t030_w1m,"VPU + contractive + contrastive (T=0.30, w=0.001)",25,#D55E00,dashed,^,"{""contractive"": true, ""contrastive"": true, ""family"": ""vpu"", ""temperature"": 0.3, ""weight"": 0.001}"
vpu_contractive_interaction_expanded,candidate,vpu_contractive_interaction_expanded/task_000108,task_000108,grid_0021,3,completed,a20df19b05de,"VPU + contractive + contrastive (T=0.30, w=0.001)",molecule_vpu,VariationalPULoss,none,0.2,0.0,{},"{""contrastive"": {""peak_permutation"": {""params"": {""annotation_bin_radius"": 0, ""peak_catalog_limit"": 4096, ""peak_sample_size"": 10000, ""peak_selection_method"": ""permutation_label_invariant"", ""permutation_bank_size"": 7000, ""permutation_selection_attempts"": 64, ""permuted_peaks_per_view"": 3, ""preserve_input_normalization"": true, ""temperature"": 0.3}, ""target"": ""InfoNCELoss"", ""weight"": 0.001}}, ""heads"": {""molecule_vpu"": {""vpu_alpha_1_beta_1"": {""params"": {""alpha"": 1.0, ""beta"": 1.0, ""consistency_weight"": 0.0, ""negative_weight"": 0.0, ""simulated_negative_weight"": 0.0}, ""target"": ""VariationalPULoss"", ""weight"": 0.2}}}, ""reconstruction"": {""masserstein"": {""target"": ""MassersteinLoss"", ""weight"": 1.0}}, ""regularization"": {""contractive"": {""params"": {""calculation_method"": ""exact_autograd_jacobian"", ""hinge_alpha"": 2.0, ""hinge_threshold"": 7.0, ""input_geometry"": ""fisher_rao"", ""latent_source"": ""auto"", ""penalized_space"": ""u"", ""penalty_metric"": ""spectral_plus_hinged""}, ""target"": ""ContractiveLoss"", ""weight"": 0.002}}}",276187349,194761695,/home/max/repositories/MSIAutoEncoderWrapper/data/kidney_workspace/models/kidney/vpu-contractive-interaction-expanded-20260917-01__task_000108,True,True,/home/max/repositories/MSIAutoEncoderWrapper/data/kidney_workspace/configs/entropy-runs/vpu-contractive-interaction-expanded-20260917-01/plan/status/task_000108.yaml,ff133cd42f7af414ee3022e7947f94bcd301e0ce338f93da55895867ef10c9a7,63d67af42e30038bef1fbb98125bd6ccad588380dabc4de668acc50167a34723,3e198ee7e18d9457b6c7a21803cbb20adcd0efce7d7d83cdcdddab573062474e,True,True,False,vpu_alpha_1_beta_1 (VariationalPULoss),vpu_contractive_contrastive_t030_w1m,"VPU + contractive + contrastive (T=0.30, w=0.001)",25,#D55E00,dashed,^,"{""contractive"": true, ""contrastive"": true, ""family"": ""vpu"", ""temperature"": 0.3, ""weight"": 0.001}"
vpu_contractive_interaction_expanded,candidate,vpu_contractive_interaction_expanded/task_000109,task_000109,grid_0021,4,completed,a20df19b05de,"VPU + contractive + contrastive (T=0.30, w=0.001)",molecule_vpu,VariationalPULoss,none,0.2,0.0,{},"{""contrastive"": {""peak_permutation"": {""params"": {""annotation_bin_radius"": 0, ""peak_catalog_limit"": 4096, ""peak_sample_size"": 10000, ""peak_selection_method"": ""permutation_label_invariant"", ""permutation_bank_size"": 7000, ""permutation_selection_attempts"": 64, ""permuted_peaks_per_view"": 3, ""preserve_input_normalization"": true, ""temperature"": 0.3}, ""target"": ""InfoNCELoss"", ""weight"": 0.001}}, ""heads"": {""molecule_vpu"": {""vpu_alpha_1_beta_1"": {""params"": {""alpha"": 1.0, ""beta"": 1.0, ""consistency_weight"": 0.0, ""negative_weight"": 0.0, ""simulated_negative_weight"": 0.0}, ""target"": ""VariationalPULoss"", ""weight"": 0.2}}}, ""reconstruction"": {""masserstein"": {""target"": ""MassersteinLoss"", ""weight"": 1.0}}, ""regularization"": {""contractive"": {""params"": {""calculation_method"": ""exact_autograd_jacobian"", ""hinge_alpha"": 2.0, ""hinge_threshold"": 7.0, ""input_geometry"": ""fisher_rao"", ""latent_source"": ""auto"", ""penalized_space"": ""u"", ""penalty_metric"": ""spectral_plus_hinged""}, ""target"": ""ContractiveLoss"", ""weight"": 0.002}}}",1915557887,1927548799,/home/max/repositories/MSIAutoEncoderWrapper/data/kidney_workspace/models/kidney/vpu-contractive-interaction-expanded-20260917-01__task_000109,True,True,/home/max/repositories/MSIAutoEncoderWrapper/data/kidney_workspace/configs/entropy-runs/vpu-contractive-interaction-expanded-20260917-01/plan/status/task_000109.yaml,ff133cd42f7af414ee3022e7947f94bcd301e0ce338f93da55895867ef10c9a7,63d67af42e30038bef1fbb98125bd6ccad588380dabc4de668acc50167a34723,3e198ee7e18d9457b6c7a21803cbb20adcd0efce7d7d83cdcdddab573062474e,True,True,False,vpu_alpha_1_beta_1 (VariationalPULoss),vpu_contractive_contrastive_t030_w1m,"VPU + contractive + contrastive (T=0.30, w=0.001)",25,#D55E00,dashed,^,"{""contractive"": true, ""contrastive"": true, ""family"": ""vpu"", ""temperature"": 0.3, ""weight"": 0.001}"
