variant,order,method,source_id,kind,sphere_a,sphere_b
m0-reconstruction,0,permutation_label_invariant,436,original,0.9918589106316105,-0.12734167189366982
m0-reconstruction,0,permutation_label_invariant,453,original,0.8890568265869234,-0.4577968535269648
m0-reconstruction,0,permutation_label_invariant,406,original,0.9379805031263138,-0.34668800924593196
m0-reconstruction,0,permutation_label_invariant,539,original,0.9694776225241416,-0.2451798103942045
m0-reconstruction,0,permutation_label_invariant,436,view,0.9917992432196258,-0.12780555992983111
m0-reconstruction,0,permutation_label_invariant,453,view,0.8887835998084812,-0.45832708049108073
m0-reconstruction,0,permutation_label_invariant,406,view,0.9380515537408797,-0.3464957179018546
m0-reconstruction,0,permutation_label_invariant,539,view,0.9702204518390015,-0.24222360502916265
m0-reconstruction,0,permutation_label_invariant,436,view,0.9939556280403259,-0.10978255547654843
m0-reconstruction,0,permutation_label_invariant,453,view,0.8648338774557369,-0.5020581285119039
m0-reconstruction,0,permutation_label_invariant,406,view,0.939199508501826,-0.34337193133674837
m0-reconstruction,0,permutation_label_invariant,539,view,0.9697929569727383,-0.2439295402489672
m0-reconstruction,0,permutation_label_invariant,436,view,0.9917283089869837,-0.12835482520660269
m0-reconstruction,0,permutation_label_invariant,453,view,0.8903414558303571,-0.4552934131193645
m0-reconstruction,0,permutation_label_invariant,406,view,0.929150713717034,-0.3697011647251417
m0-reconstruction,0,permutation_label_invariant,539,view,0.9684437443316906,-0.24923224924719337
m0-reconstruction,0,permutation_label_invariant,436,view,0.9917762558028459,-0.12798382095283775
m0-reconstruction,0,permutation_label_invariant,453,view,0.8889822582946504,-0.45794163868045856
m0-reconstruction,0,permutation_label_invariant,406,view,0.9569980680451399,-0.2900942911500841
m0-reconstruction,0,permutation_label_invariant,539,view,0.9562459729299054,-0.2925639062757717
m0-reconstruction,0,permutation_label_invariant,436,view,0.9909017933337874,-0.13458690860512476
m0-reconstruction,0,permutation_label_invariant,453,view,0.8964898475138602,-0.4430642767190508
m0-reconstruction,0,permutation_label_invariant,406,view,0.9580456031471258,-0.2866158095612663
m0-reconstruction,0,permutation_label_invariant,539,view,0.9694558008171397,-0.24526608053703325
m0-reconstruction,0,permutation_label_invariant,436,view,0.9900332957201391,-0.1408334951832115
m0-reconstruction,0,permutation_label_invariant,453,view,0.8922940755127525,-0.45145462984096435
m0-reconstruction,0,permutation_label_invariant,406,view,0.9373032747659207,-0.3485148075951451
m0-reconstruction,0,permutation_label_invariant,539,view,0.9686866965699518,-0.24828629420166168
m0-reconstruction,0,permutation_label_invariant,436,view,0.9911718754372734,-0.13258323175333403
m0-reconstruction,0,permutation_label_invariant,453,view,0.8897317444383172,-0.4564837597754698
m0-reconstruction,0,permutation_label_invariant,406,view,0.9471376074410053,-0.3208276056871169
m0-reconstruction,0,permutation_label_invariant,539,view,0.9696919252881484,-0.24433086180620714
m0-reconstruction,0,permutation_label_invariant,436,view,0.9915486853540879,-0.12973513237585269
m0-reconstruction,0,permutation_label_invariant,453,view,0.88796391328493,-0.45991313169305537
m0-reconstruction,0,permutation_label_invariant,406,view,0.9475490151309673,-0.31961048781968016
m0-reconstruction,0,permutation_label_invariant,539,view,0.9705946348866652,-0.24071986774925938
m0-reconstruction,0,permutation_label_invariant,436,view,0.992295077040211,-0.12389705437080274
m0-reconstruction,0,permutation_label_invariant,453,view,0.8884172590298768,-0.459036789220473
m0-reconstruction,0,permutation_label_invariant,406,view,0.9351975987826078,-0.354126321008824
m0-reconstruction,0,permutation_label_invariant,539,view,0.9789589240674211,-0.2040574061110187
m0-reconstruction,0,permutation_label_invariant,436,view,0.9922421987352983,-0.12431982564716178
m0-reconstruction,0,permutation_label_invariant,453,view,0.9041195825923696,-0.4272795108275136
m0-reconstruction,0,permutation_label_invariant,406,view,0.9389961824909362,-0.343927563983244
m0-reconstruction,0,permutation_label_invariant,539,view,0.9696809820417712,-0.24437428888184257
m0-reconstruction,0,permutation_label_invariant,436,view,0.9932326782983901,-0.11614149456678607
m0-reconstruction,0,permutation_label_invariant,453,view,0.8878275782117385,-0.46017626119420724
m0-reconstruction,0,permutation_label_invariant,406,view,0.9426659171518884,-0.3337378741470454
m0-reconstruction,0,permutation_label_invariant,539,view,0.9716941703001377,-0.23624233194905395
m0-reconstruction,0,permutation_label_invariant,436,view,0.992384900846665,-0.12317551936791152
m0-reconstruction,0,permutation_label_invariant,453,view,0.8886663378071465,-0.4585544024959683
m0-reconstruction,0,permutation_label_invariant,406,view,0.9376775859936354,-0.34750646717025085
m0-reconstruction,0,permutation_label_invariant,539,view,0.9345493818746433,-0.3558334622231616
m0-reconstruction,0,permutation_label_invariant,436,view,0.9919690006137301,-0.1264812311032654
m0-reconstruction,0,permutation_label_invariant,453,view,0.8906774111375556,-0.45463584250397754
m0-reconstruction,0,permutation_label_invariant,406,view,0.9228745886294631,-0.38510062796884575
m0-reconstruction,0,permutation_label_invariant,539,view,0.9697690978224569,-0.2440243776933322
m0-reconstruction,0,permutation_label_invariant,436,view,0.9943836523606213,-0.10583549460342202
m0-reconstruction,0,permutation_label_invariant,453,view,0.8908447369043014,-0.4543078853926113
m0-reconstruction,0,permutation_label_invariant,406,view,0.9381016181364826,-0.3463601507819757
m0-reconstruction,0,permutation_label_invariant,539,view,0.9697904018049592,-0.24393969862852502
m0-reconstruction,0,permutation_label_invariant,436,view,0.992320113737686,-0.12369636967844316
m0-reconstruction,0,permutation_label_invariant,453,view,0.8938820337030082,-0.4483022527525087
m0-reconstruction,0,permutation_label_invariant,406,view,0.9372626014258363,-0.34862417582329813
m0-reconstruction,0,permutation_label_invariant,539,view,0.9690765320906138,-0.2467603593595001
m0-reconstruction,0,permutation_label_invariant,436,view,0.9905656747083857,-0.1370388415359688
m0-reconstruction,0,permutation_label_invariant,453,view,0.8858004635719243,-0.4640663085548917
m0-reconstruction,0,permutation_label_invariant,406,view,0.9399722360398182,-0.34125092743361773
m0-reconstruction,0,permutation_label_invariant,539,view,0.9676948892707223,-0.25212417829181827
m0-reconstruction,0,permutation_label_invariant,436,view,0.9923818134302741,-0.12320039112292007
m0-reconstruction,0,permutation_label_invariant,453,view,0.8881618622597542,-0.4595307458998639
m0-reconstruction,0,permutation_label_invariant,406,view,0.9377478137520172,-0.34731691263644515
m0-reconstruction,0,permutation_label_invariant,539,view,0.9694766581008406,-0.24518362383655612
m0-reconstruction,0,permutation_label_invariant,436,view,0.9910661186757129,-0.13337146776225325
m0-reconstruction,0,permutation_label_invariant,453,view,0.8933271283615972,-0.44940698896793124
m0-reconstruction,0,permutation_label_invariant,406,view,0.9380675669877856,-0.3464523629095585
m0-reconstruction,0,permutation_label_invariant,539,view,0.9699335657157777,-0.24336983810217083
m0-reconstruction,0,permutation_label_invariant,436,view,0.997155209124845,-0.07537565200505184
m0-reconstruction,0,permutation_label_invariant,453,view,0.8891654824525381,-0.457585778641497
m0-reconstruction,0,permutation_label_invariant,406,view,0.9387101053452707,-0.34470761251047377
m0-reconstruction,0,permutation_label_invariant,539,view,0.9701602839897363,-0.24246447857150993
m0-reconstruction,0,permutation_label_invariant,436,view,0.9968842303169033,-0.07887858610215477
m0-reconstruction,0,permutation_label_invariant,453,view,0.8856358572516525,-0.46438037033247936
m0-reconstruction,0,permutation_label_invariant,406,view,0.9568273731414096,-0.29065680450887343
m0-reconstruction,0,permutation_label_invariant,539,view,0.9635345211408748,-0.2675840551487046
m0-reconstruction,0,permutation_label_invariant,436,view,0.9991658808514444,0.040835554879994684
m0-reconstruction,0,permutation_label_invariant,453,view,0.8912583646854922,-0.45349589565743814
m0-reconstruction,0,permutation_label_invariant,406,view,0.9380129624919181,-0.34660017627972356
m0-reconstruction,0,permutation_label_invariant,539,view,0.970131908841007,-0.24257798632296435
m0-reconstruction,0,permutation_label_invariant,436,view,0.991437520544276,-0.13058193924512726
m0-reconstruction,0,permutation_label_invariant,453,view,0.8918324407380744,-0.4523658891286663
m0-reconstruction,0,permutation_label_invariant,406,view,0.9414759747018575,-0.3370800929440768
m0-reconstruction,0,permutation_label_invariant,539,view,0.9703088197280495,-0.2418693745763596
m0-reconstruction,0,permutation_label_invariant,436,view,0.9881762150660837,-0.15332243142368004
m0-reconstruction,0,permutation_label_invariant,453,view,0.8790370648821918,-0.4767534358169863
m0-reconstruction,0,permutation_label_invariant,406,view,0.9384207542379951,-0.34549455569573345
m0-reconstruction,0,permutation_label_invariant,539,view,0.9683169662297072,-0.24972435386180528
m0-reconstruction,0,permutation_label_invariant,436,view,0.9922788784557621,-0.1240267203894984
m0-reconstruction,0,permutation_label_invariant,453,view,0.9040831383417988,-0.4273566180206457
m0-reconstruction,0,permutation_label_invariant,406,view,0.9353706912782006,-0.353668870410927
m0-reconstruction,0,permutation_label_invariant,539,view,0.9690913081522247,-0.24670232358818578
m0-reconstruction,0,permutation_label_invariant,436,view,0.9960086570884136,-0.08925668044989629
m0-reconstruction,0,permutation_label_invariant,453,view,0.8827874387742891,-0.4697726449489484
m0-reconstruction,0,permutation_label_invariant,406,view,0.9484930892337688,-0.3167978214504986
m0-reconstruction,0,permutation_label_invariant,539,view,0.9579750214203947,-0.28685163122177687
m0-reconstruction,0,permutation_label_invariant,436,view,0.9916282909030678,-0.1291252596537977
m0-reconstruction,0,permutation_label_invariant,453,view,0.8884002524918507,-0.45906970208500575
m0-reconstruction,0,permutation_label_invariant,406,view,0.9380151972633491,-0.34659412820040686
m0-reconstruction,0,permutation_label_invariant,539,view,0.96996703448284,-0.24323641178196398
m0-reconstruction,0,permutation_label_invariant,436,view,0.9947082781607081,-0.10273967762534245
m0-reconstruction,0,permutation_label_invariant,453,view,0.8868416029976034,-0.4620735560412878
m0-reconstruction,0,permutation_label_invariant,406,view,0.9362195766232776,-0.3514155721468968
m0-reconstruction,0,permutation_label_invariant,539,view,0.9692784536786698,-0.24596601235594853
m0-reconstruction,0,permutation_label_invariant,436,view,0.9941599872595408,-0.1079162625933165
m0-reconstruction,0,permutation_label_invariant,453,view,0.9098922918715212,-0.4148445699208206
m0-reconstruction,0,permutation_label_invariant,406,view,0.9373064824589772,-0.34850618063440314
m0-reconstruction,0,permutation_label_invariant,539,view,0.9720798991202515,-0.23465010063147612
m0-reconstruction,0,permutation_label_invariant,436,view,0.9918894958636147,-0.12710321787989626
m0-reconstruction,0,permutation_label_invariant,453,view,0.9534434893689835,-0.301571737037636
m0-reconstruction,0,permutation_label_invariant,406,view,0.9405609190429187,-0.33962502494536534
m0-reconstruction,0,permutation_label_invariant,539,view,0.9690878854891767,-0.24671576803705972
m0-reconstruction,0,permutation_label_invariant,436,view,0.9922683926443528,-0.12411058358976686
m0-reconstruction,0,permutation_label_invariant,453,view,0.8894124818985719,-0.45710549881074786
m0-reconstruction,0,permutation_label_invariant,406,view,0.9390505800485741,-0.34377901057283383
m0-reconstruction,0,permutation_label_invariant,539,view,0.9686541775748911,-0.24841313223481415
m0-reconstruction,0,permutation_label_invariant,436,view,0.9908736879033347,-0.13479367426123806
m0-reconstruction,0,permutation_label_invariant,453,view,0.9155964298796445,-0.40209846753208267
m0-reconstruction,0,permutation_label_invariant,406,view,0.94009512555353,-0.3409122393087297
m0-reconstruction,0,permutation_label_invariant,539,view,0.9701259697834895,-0.24260173690978415
m0-reconstruction,0,permutation_label_invariant,436,view,0.9913297327168425,-0.1313977208004526
m0-reconstruction,0,permutation_label_invariant,453,view,0.8932937720620655,-0.4494732881886606
m0-reconstruction,0,permutation_label_invariant,406,view,0.9416586377687576,-0.3365694726434468
m0-reconstruction,0,permutation_label_invariant,539,view,0.9704485324244732,-0.24130819694984698
m0-reconstruction,0,permutation_label_invariant,436,view,0.9923105834008195,-0.12377280020555897
m0-reconstruction,0,permutation_label_invariant,453,view,0.8920716058026839,-0.4518940695789456
m0-reconstruction,0,permutation_label_invariant,406,view,0.9367571262232152,-0.349980122964181
m0-reconstruction,0,permutation_label_invariant,539,view,0.9673482655898855,-0.253450849397354
m0-reconstruction,0,permutation_label_invariant,436,view,0.9904025826546736,-0.13821260532582566
m0-reconstruction,0,permutation_label_invariant,453,view,0.8843628884594921,-0.4668000444682757
m0-reconstruction,0,permutation_label_invariant,406,view,0.9416245904449977,-0.33666471550979377
m0-reconstruction,0,permutation_label_invariant,539,view,0.9698474020700999,-0.24371298015878784
m0-reconstruction,0,permutation_label_invariant,436,view,0.9926702670763776,-0.12085421325925304
m0-reconstruction,0,permutation_label_invariant,453,view,0.8906771480608553,-0.45463635789736534
m0-reconstruction,0,permutation_label_invariant,406,view,0.9079882271105577,-0.41899567948682526
m0-reconstruction,0,permutation_label_invariant,539,view,0.9681657769759912,-0.2503098645528685
m0-reconstruction,0,permutation_label_invariant,436,view,0.99318282878019,-0.11656701341365662
m0-reconstruction,0,permutation_label_invariant,453,view,0.887294421687472,-0.4612034358526556
m0-reconstruction,0,permutation_label_invariant,406,view,0.9327297306534671,-0.36057627425429817
m0-reconstruction,0,permutation_label_invariant,539,view,0.9701219961028859,-0.24261762647703958
m0-reconstruction,0,permutation_label_invariant,436,view,0.9909349879675753,-0.13434228530772213
m0-reconstruction,0,permutation_label_invariant,453,view,0.8695661813995386,-0.49381641949840505
m0-reconstruction,0,permutation_label_invariant,406,view,0.8750949694644622,-0.48395123144588853
m0-reconstruction,0,permutation_label_invariant,539,view,0.9685496033223605,-0.24882054960171235
m0-reconstruction,0,permutation_label_invariant,436,view,0.9882735273793957,-0.15269392614340208
m0-reconstruction,0,permutation_label_invariant,453,view,0.8876865385495222,-0.46044826992613164
m0-reconstruction,0,permutation_label_invariant,406,view,0.9387138417205931,-0.34469743741746206
m0-reconstruction,0,permutation_label_invariant,539,view,0.9681861807447935,-0.25023093217028536
m0-reconstruction,0,permutation_label_invariant,436,view,0.9925640874400014,-0.1217231790761208
m0-reconstruction,0,permutation_label_invariant,453,view,0.8887301777970108,-0.45843066113960296
m0-reconstruction,0,permutation_label_invariant,406,view,0.9416417005133207,-0.3366168561649602
m0-reconstruction,0,permutation_label_invariant,539,view,0.9706670898904101,-0.24042753711603568
m0-reconstruction,0,permutation_label_invariant,436,view,0.9911865062596226,-0.1324738080106521
m0-reconstruction,0,permutation_label_invariant,453,view,0.8879770164025292,-0.4598878323470435
m0-reconstruction,0,permutation_label_invariant,406,view,0.9342591857289161,-0.35659469132495897
m0-reconstruction,0,permutation_label_invariant,539,view,0.9625903426164449,-0.27096094239125146
m0-reconstruction,0,permutation_label_invariant,436,view,0.9918437457769483,-0.1274597346739444
m0-reconstruction,0,permutation_label_invariant,453,view,0.8915142778935379,-0.4529925963103193
m0-reconstruction,0,permutation_label_invariant,406,view,0.9373504656501778,-0.34838786509491826
m0-reconstruction,0,permutation_label_invariant,539,view,0.9704745902764,-0.24120337814353604
m0-reconstruction,0,permutation_label_invariant,436,view,0.995891111564602,-0.09055878702048471
m0-reconstruction,0,permutation_label_invariant,453,view,0.8877599024626655,-0.46030680592348266
m0-reconstruction,0,permutation_label_invariant,406,view,0.9389861242913096,-0.343955023787101
m0-reconstruction,0,permutation_label_invariant,539,view,0.9720491337273387,-0.23477751514983403
m0-reconstruction,0,permutation_label_invariant,436,view,0.9934442151444173,-0.11431793995735212
m0-reconstruction,0,permutation_label_invariant,453,view,0.8915656879598747,-0.4528914042600451
m0-reconstruction,0,permutation_label_invariant,406,view,0.938023903257972,-0.3465705655659158
m0-reconstruction,0,permutation_label_invariant,539,view,0.9699348689157659,-0.24336464423033186
m0-reconstruction,0,permutation_label_invariant,436,view,0.9825226111128783,-0.18614327452779927
m0-reconstruction,0,permutation_label_invariant,453,view,0.885707487837521,-0.46424373554044607
m0-reconstruction,0,permutation_label_invariant,406,view,0.9345889293943492,-0.3557295785474188
m0-reconstruction,0,permutation_label_invariant,539,view,0.9697270006462003,-0.24419161373340495
m0-reconstruction,0,permutation_label_invariant,436,view,0.9842462423338746,-0.1768030951415947
m0-reconstruction,0,permutation_label_invariant,453,view,0.8889865980667102,-0.45793321397096476
m0-reconstruction,0,permutation_label_invariant,406,view,0.9400874002715437,-0.34093354169205825
m0-reconstruction,0,permutation_label_invariant,539,view,0.9691870384024742,-0.24632597222510008
m0-reconstruction,0,permutation_label_invariant,436,view,0.9925482102999836,0.12185257580494335
m0-reconstruction,0,permutation_label_invariant,453,view,0.8567306675378181,-0.5157640577824364
m0-reconstruction,0,permutation_label_invariant,406,view,0.9187500664148383,-0.3948396072618984
m0-reconstruction,0,permutation_label_invariant,539,view,0.9754912109729682,-0.22003839963627278
m0-reconstruction,0,permutation_label_invariant,436,view,0.9961138467489635,-0.08807499256305554
m0-reconstruction,0,permutation_label_invariant,453,view,0.8800895560005698,-0.4748077225769607
m0-reconstruction,0,permutation_label_invariant,406,view,0.9474862951452875,-0.3197963735126733
m0-reconstruction,0,permutation_label_invariant,539,view,0.9694715636935937,-0.24520376667069843
m0-reconstruction,0,permutation_label_invariant,436,view,0.992547014489852,-0.12186231586212903
m0-reconstruction,0,permutation_label_invariant,453,view,0.8879642884650226,-0.459912407324271
m0-reconstruction,0,permutation_label_invariant,406,view,0.940630447172811,-0.33943241131553376
m0-reconstruction,0,permutation_label_invariant,539,view,0.9691598420270826,-0.24643295356352074
m1-head,1,permutation_label_invariant,436,original,0.9919435042644389,-0.12668103389057364
m1-head,1,permutation_label_invariant,453,original,0.8845988434622052,-0.4663527486198928
m1-head,1,permutation_label_invariant,406,original,0.9353511454360326,-0.35372056023293547
m1-head,1,permutation_label_invariant,539,original,0.9692186798638527,-0.24620144313746548
m1-head,1,permutation_label_invariant,436,view,0.9918664595502878,-0.12728285987978577
m1-head,1,permutation_label_invariant,453,view,0.8844099732293116,-0.46671083044271433
m1-head,1,permutation_label_invariant,406,view,0.9354078418538894,-0.3535706003024701
m1-head,1,permutation_label_invariant,539,view,0.9700408781635417,-0.2429417516436909
m1-head,1,permutation_label_invariant,436,view,0.9939274351175434,-0.11003751051646474
m1-head,1,permutation_label_invariant,453,view,0.8608291525841034,-0.5088940656574157
m1-head,1,permutation_label_invariant,406,view,0.9363219415491213,-0.3511427370367834
m1-head,1,permutation_label_invariant,539,view,0.9693528723640754,-0.24567256427919693
m1-head,1,permutation_label_invariant,436,view,0.9917391546023023,-0.1282709991724959
m1-head,1,permutation_label_invariant,453,view,0.8858713187150359,-0.4639310365540153
m1-head,1,permutation_label_invariant,406,view,0.9237595960682708,-0.382972856312017
m1-head,1,permutation_label_invariant,539,view,0.9680633508595148,-0.25070570141631804
m1-head,1,permutation_label_invariant,436,view,0.991989210526801,-0.12632262742048214
m1-head,1,permutation_label_invariant,453,view,0.8846275395711141,-0.4662983124914317
m1-head,1,permutation_label_invariant,406,view,0.9573283456668519,-0.2890024888868058
m1-head,1,permutation_label_invariant,539,view,0.9556694814943646,-0.2944415767861127
m1-head,1,permutation_label_invariant,436,view,0.9911145486880252,-0.13301109494674432
m1-head,1,permutation_label_invariant,453,view,0.8932374377007805,-0.44958523095153385
m1-head,1,permutation_label_invariant,406,view,0.9548638936598544,-0.29704367454086966
m1-head,1,permutation_label_invariant,539,view,0.9693156079796968,-0.24581955196230884
m1-head,1,permutation_label_invariant,436,view,0.9897086915836504,-0.14309684064918646
m1-head,1,permutation_label_invariant,453,view,0.889425097531614,-0.45708095112450114
m1-head,1,permutation_label_invariant,406,view,0.9346994672458039,-0.35543903264893445
m1-head,1,permutation_label_invariant,539,view,0.9683997043395842,-0.24940331319973572
m1-head,1,permutation_label_invariant,436,view,0.9910652035642825,-0.13337826766039138
m1-head,1,permutation_label_invariant,453,view,0.8849283875627573,-0.46572711847773923
m1-head,1,permutation_label_invariant,406,view,0.9439308647130551,-0.33014318506076074
m1-head,1,permutation_label_invariant,539,view,0.9695430063343334,-0.24492112785176895
m1-head,1,permutation_label_invariant,436,view,0.9915453792140266,-0.12976039827047392
m1-head,1,permutation_label_invariant,453,view,0.883448797017489,-0.46852771854859493
m1-head,1,permutation_label_invariant,406,view,0.9478273364903578,-0.3187841592701779
m1-head,1,permutation_label_invariant,539,view,0.9704759363469069,-0.2411979622044809
m1-head,1,permutation_label_invariant,436,view,0.9923373989932229,-0.12355762444853303
m1-head,1,permutation_label_invariant,453,view,0.8842039116271998,-0.4671011053970636
m1-head,1,permutation_label_invariant,406,view,0.9330907348485964,-0.3596410440143145
m1-head,1,permutation_label_invariant,539,view,0.9784924443581383,-0.20628266125400732
m1-head,1,permutation_label_invariant,436,view,0.9923304507272099,-0.12361341577487464
m1-head,1,permutation_label_invariant,453,view,0.9013425424403246,-0.4331069396664192
m1-head,1,permutation_label_invariant,406,view,0.9357118270093878,-0.3527653282208347
m1-head,1,permutation_label_invariant,539,view,0.9694328316906142,-0.24535685203457655
m1-head,1,permutation_label_invariant,436,view,0.9930626438281883,-0.11758650191653927
m1-head,1,permutation_label_invariant,453,view,0.8840725472592279,-0.46734968833046187
m1-head,1,permutation_label_invariant,406,view,0.9396109161151208,-0.34224454169102986
m1-head,1,permutation_label_invariant,539,view,0.9713324463937583,-0.23772521654783785
m1-head,1,permutation_label_invariant,436,view,0.9923095665607111,-0.12378095213761034
m1-head,1,permutation_label_invariant,453,view,0.8843055222283214,-0.4669087098743129
m1-head,1,permutation_label_invariant,406,view,0.9353389175344441,-0.3537528930560064
m1-head,1,permutation_label_invariant,539,view,0.9316537939813918,-0.3633472280891628
m1-head,1,permutation_label_invariant,436,view,0.992174993758957,-0.12485504298751134
m1-head,1,permutation_label_invariant,453,view,0.8870316055869076,-0.4617087076175976
m1-head,1,permutation_label_invariant,406,view,0.9182228428021707,-0.396064150051857
m1-head,1,permutation_label_invariant,539,view,0.9700026151206986,-0.24309448093078087
m1-head,1,permutation_label_invariant,436,view,0.9942181056280746,-0.1073795066170574
m1-head,1,permutation_label_invariant,453,view,0.8864877649664732,-0.46275203139991394
m1-head,1,permutation_label_invariant,406,view,0.9354505279561138,-0.3534576491556347
m1-head,1,permutation_label_invariant,539,view,0.9697348603651911,-0.24416039931263042
m1-head,1,permutation_label_invariant,436,view,0.9923804861280077,-0.12321108210034877
m1-head,1,permutation_label_invariant,453,view,0.8905616090265948,-0.45486263918677955
m1-head,1,permutation_label_invariant,406,view,0.9348206169946298,-0.3551202810904767
m1-head,1,permutation_label_invariant,539,view,0.9688717069938038,-0.24756335630886972
m1-head,1,permutation_label_invariant,436,view,0.9904592729658932,-0.1378057640154215
m1-head,1,permutation_label_invariant,453,view,0.88204724645586,-0.4711609650847947
m1-head,1,permutation_label_invariant,406,view,0.9371708262354093,-0.34887081054917757
m1-head,1,permutation_label_invariant,539,view,0.9674865483616296,-0.25292247574958626
m1-head,1,permutation_label_invariant,436,view,0.9925879936957087,-0.1215280822325749
m1-head,1,permutation_label_invariant,453,view,0.8842894029433376,-0.46693923784804703
m1-head,1,permutation_label_invariant,406,view,0.9351364452238903,-0.3542877768340669
m1-head,1,permutation_label_invariant,539,view,0.9691743861180183,-0.24637574818305918
m1-head,1,permutation_label_invariant,436,view,0.9911088482885533,-0.13305356381599534
m1-head,1,permutation_label_invariant,453,view,0.8881085780806969,-0.45963371671308306
m1-head,1,permutation_label_invariant,406,view,0.9355256784928355,-0.3532586939914142
m1-head,1,permutation_label_invariant,539,view,0.9692505432456227,-0.24607597285811023
m1-head,1,permutation_label_invariant,436,view,0.9969440143684025,-0.07811934597149608
m1-head,1,permutation_label_invariant,453,view,0.8846623832904882,-0.46623220351107586
m1-head,1,permutation_label_invariant,406,view,0.9364243044318472,-0.35086966535927694
m1-head,1,permutation_label_invariant,539,view,0.9697912195193701,-0.24393644775459994
m1-head,1,permutation_label_invariant,436,view,0.9972714561872998,-0.07382169514487115
m1-head,1,permutation_label_invariant,453,view,0.8816470087060687,-0.4719094744118208
m1-head,1,permutation_label_invariant,406,view,0.9540624410371681,-0.2996078413563301
m1-head,1,permutation_label_invariant,539,view,0.9629825644874555,-0.2695636854124893
m1-head,1,permutation_label_invariant,436,view,0.9986692131211318,0.05157327567664348
m1-head,1,permutation_label_invariant,453,view,0.886114374134932,-0.4634666287355086
m1-head,1,permutation_label_invariant,406,view,0.9352855734610269,-0.3538939051123627
m1-head,1,permutation_label_invariant,539,view,0.9697455890075525,-0.24411778427716987
m1-head,1,permutation_label_invariant,436,view,0.9914637954563182,-0.1303822928903752
m1-head,1,permutation_label_invariant,453,view,0.8885971125890694,-0.45868853430009404
m1-head,1,permutation_label_invariant,406,view,0.9383360970796962,-0.3457244118040302
m1-head,1,permutation_label_invariant,539,view,0.9700187440482544,-0.24303011376174558
m1-head,1,permutation_label_invariant,436,view,0.9879822015985125,-0.15456768525327721
m1-head,1,permutation_label_invariant,453,view,0.8727824505686179,-0.48810940779648737
m1-head,1,permutation_label_invariant,406,view,0.9352887624848806,-0.35388547691237693
m1-head,1,permutation_label_invariant,539,view,0.9674698048480055,-0.2529865148725554
m1-head,1,permutation_label_invariant,436,view,0.9923651344424715,-0.12333466642828064
m1-head,1,permutation_label_invariant,453,view,0.9042837146668682,-0.42693203602949503
m1-head,1,permutation_label_invariant,406,view,0.9330070821597817,-0.3598580062186892
m1-head,1,permutation_label_invariant,539,view,0.9688282658687408,-0.2477333067106003
m1-head,1,permutation_label_invariant,436,view,0.9962931461390103,-0.08602306060837484
m1-head,1,permutation_label_invariant,453,view,0.8780560264949845,-0.4785578484737647
m1-head,1,permutation_label_invariant,406,view,0.9460991925172526,-0.3238770104811425
m1-head,1,permutation_label_invariant,539,view,0.9570014624744911,-0.29008309296076673
m1-head,1,permutation_label_invariant,436,view,0.991668102028506,-0.12881915781117556
m1-head,1,permutation_label_invariant,453,view,0.8838904385292428,-0.46769401607951194
m1-head,1,permutation_label_invariant,406,view,0.9355174092217121,-0.35328059250841315
m1-head,1,permutation_label_invariant,539,view,0.9695879516892397,-0.24474313869660155
m1-head,1,permutation_label_invariant,436,view,0.9948742790814031,-0.10111957684967901
m1-head,1,permutation_label_invariant,453,view,0.8821326580127812,-0.4710010336159627
m1-head,1,permutation_label_invariant,406,view,0.9329088667156059,-0.3601125468564008
m1-head,1,permutation_label_invariant,539,view,0.9691047561260832,-0.2466494914930997
m1-head,1,permutation_label_invariant,436,view,0.9948551951078521,-0.10130716049182921
m1-head,1,permutation_label_invariant,453,view,0.9054930901630718,-0.4243610062988008
m1-head,1,permutation_label_invariant,406,view,0.9348879837182205,-0.3549428938565755
m1-head,1,permutation_label_invariant,539,view,0.9712891838893994,-0.23790191520764226
m1-head,1,permutation_label_invariant,436,view,0.9921202418126898,-0.12528936820628467
m1-head,1,permutation_label_invariant,453,view,0.9485213217599013,-0.3167132806922524
m1-head,1,permutation_label_invariant,406,view,0.9367847218295884,-0.34990625165415407
m1-head,1,permutation_label_invariant,539,view,0.9690479813622959,-0.2468724565796257
m1-head,1,permutation_label_invariant,436,view,0.992419425014814,-0.12289704981514321
m1-head,1,permutation_label_invariant,453,view,0.8850553789279116,-0.4654857422421984
m1-head,1,permutation_label_invariant,406,view,0.9366352432069921,-0.35030618205018643
m1-head,1,permutation_label_invariant,539,view,0.968343218747086,-0.24962253645561094
m1-head,1,permutation_label_invariant,436,view,0.9910289765453486,-0.13364717598018563
m1-head,1,permutation_label_invariant,453,view,0.9145752127181951,-0.40441585068029623
m1-head,1,permutation_label_invariant,406,view,0.9375162511560334,-0.3479414876359776
m1-head,1,permutation_label_invariant,539,view,0.9699419155147464,-0.24333655814033445
m1-head,1,permutation_label_invariant,436,view,0.9915421606754729,-0.1297849898987343
m1-head,1,permutation_label_invariant,453,view,0.8911222431480521,-0.4537633169029682
m1-head,1,permutation_label_invariant,406,view,0.9408229720995768,-0.338898414233113
m1-head,1,permutation_label_invariant,539,view,0.9703911874600094,-0.24153869938366562
m1-head,1,permutation_label_invariant,436,view,0.9924020845153065,-0.12303699707679039
m1-head,1,permutation_label_invariant,453,view,0.8875453412200673,-0.46072037862303616
m1-head,1,permutation_label_invariant,406,view,0.934554484986522,-0.3558200592878039
m1-head,1,permutation_label_invariant,539,view,0.9668923190678,-0.2551847239309036
m1-head,1,permutation_label_invariant,436,view,0.9909230472461412,-0.13443033302205784
m1-head,1,permutation_label_invariant,453,view,0.8800449053666518,-0.4748904763608138
m1-head,1,permutation_label_invariant,406,view,0.9387840220358673,-0.3445062553425701
m1-head,1,permutation_label_invariant,539,view,0.9695785960893609,-0.24478019937360887
m1-head,1,permutation_label_invariant,436,view,0.9927286049165551,-0.12037407104700777
m1-head,1,permutation_label_invariant,453,view,0.8858148447997832,-0.46403885692077124
m1-head,1,permutation_label_invariant,406,view,0.9040054273236259,-0.4275209788646965
m1-head,1,permutation_label_invariant,539,view,0.9679004519813723,-0.2513338716811856
m1-head,1,permutation_label_invariant,436,view,0.9929732837132472,-0.11833874188840597
m1-head,1,permutation_label_invariant,453,view,0.8830061341079053,-0.46936144614551756
m1-head,1,permutation_label_invariant,406,view,0.9291116001802721,-0.36979945160918515
m1-head,1,permutation_label_invariant,539,view,0.9703268450162705,-0.24179705093480866
m1-head,1,permutation_label_invariant,436,view,0.9911400405585206,-0.1328210073808127
m1-head,1,permutation_label_invariant,453,view,0.8649905366411658,-0.5017881739551341
m1-head,1,permutation_label_invariant,406,view,0.8689908475514508,-0.49482815893177584
m1-head,1,permutation_label_invariant,539,view,0.9690508899790444,-0.24686103911071441
m1-head,1,permutation_label_invariant,436,view,0.989349243369569,-0.14556124018453945
m1-head,1,permutation_label_invariant,453,view,0.883699997635676,-0.4680537513776661
m1-head,1,permutation_label_invariant,406,view,0.9361047491114795,-0.35172133670127786
m1-head,1,permutation_label_invariant,539,view,0.9680865445094677,-0.250616125458275
m1-head,1,permutation_label_invariant,436,view,0.9922830156709129,-0.12399361600920673
m1-head,1,permutation_label_invariant,453,view,0.8842696279377488,-0.46697668582792773
m1-head,1,permutation_label_invariant,406,view,0.9391980037926343,-0.34337604702706165
m1-head,1,permutation_label_invariant,539,view,0.9705061359955839,-0.24107641940870364
m1-head,1,permutation_label_invariant,436,view,0.9912034988159055,-0.13234660530254158
m1-head,1,permutation_label_invariant,453,view,0.8836026186461399,-0.46823755970840697
m1-head,1,permutation_label_invariant,406,view,0.9313701895319055,-0.3640735777989145
m1-head,1,permutation_label_invariant,539,view,0.9616218983109371,-0.27437806889193833
m1-head,1,permutation_label_invariant,436,view,0.9919992352291306,-0.12624388026680725
m1-head,1,permutation_label_invariant,453,view,0.8851369724919489,-0.4653305705923337
m1-head,1,permutation_label_invariant,406,view,0.9346899666289754,-0.35546401545462303
m1-head,1,permutation_label_invariant,539,view,0.970431477816893,-0.2413767736591923
m1-head,1,permutation_label_invariant,436,view,0.9956063569789981,-0.0936375028661463
m1-head,1,permutation_label_invariant,453,view,0.8823377999392291,-0.47061662401406995
m1-head,1,permutation_label_invariant,406,view,0.9369925601960762,-0.349349312489952
m1-head,1,permutation_label_invariant,539,view,0.9714011872560392,-0.2374441690114902
m1-head,1,permutation_label_invariant,436,view,0.9937752324083695,-0.1114037138146256
m1-head,1,permutation_label_invariant,453,view,0.8886253754068963,-0.45863377784780773
m1-head,1,permutation_label_invariant,406,view,0.935338010261873,-0.3537552919171105
m1-head,1,permutation_label_invariant,539,view,0.9697642310281379,-0.24404371784252968
m1-head,1,permutation_label_invariant,436,view,0.982451432714874,-0.1865185844801828
m1-head,1,permutation_label_invariant,453,view,0.8815427278210594,-0.47210424593071104
m1-head,1,permutation_label_invariant,406,view,0.9322740099963852,-0.36175291330583587
m1-head,1,permutation_label_invariant,539,view,0.9694426516777778,-0.2453180488834003
m1-head,1,permutation_label_invariant,436,view,0.9849790591269109,-0.17267383438571443
m1-head,1,permutation_label_invariant,453,view,0.8845786625130563,-0.46639102674323846
m1-head,1,permutation_label_invariant,406,view,0.9375738076809242,-0.34778636423915893
m1-head,1,permutation_label_invariant,539,view,0.9688432681705931,-0.2476746287380365
m1-head,1,permutation_label_invariant,436,view,0.9951550189329276,0.0983183009037702
m1-head,1,permutation_label_invariant,453,view,0.852008783807547,-0.5235274895502474
m1-head,1,permutation_label_invariant,406,view,0.909585765486236,-0.41551622739048066
m1-head,1,permutation_label_invariant,539,view,0.9742046319805174,-0.22566642423653552
m1-head,1,permutation_label_invariant,436,view,0.9959201598074989,-0.09023876821525023
m1-head,1,permutation_label_invariant,453,view,0.873411876258137,-0.4869822321309478
m1-head,1,permutation_label_invariant,406,view,0.9463821020346099,-0.3230494032629575
m1-head,1,permutation_label_invariant,539,view,0.969241936808199,-0.24610986963608547
m1-head,1,permutation_label_invariant,436,view,0.9924662697396857,-0.12251817591277366
m1-head,1,permutation_label_invariant,453,view,0.8833012048397939,-0.46880591029611407
m1-head,1,permutation_label_invariant,406,view,0.9380293812108049,-0.34655573864138245
m1-head,1,permutation_label_invariant,539,view,0.9689394376926538,-0.24729813198615916
m2-head-contrastive,2,permutation_label_invariant,436,original,0.9912002907200403,-0.13237062996188803
m2-head-contrastive,2,permutation_label_invariant,453,original,0.8731971218682545,-0.48736719869211154
m2-head-contrastive,2,permutation_label_invariant,406,original,0.9232349386585798,-0.38423592757586855
m2-head-contrastive,2,permutation_label_invariant,539,original,0.9617009911613349,-0.27410071798392915
m2-head-contrastive,2,permutation_label_invariant,436,view,0.9910852170825568,-0.1332294730171244
m2-head-contrastive,2,permutation_label_invariant,453,view,0.8715001077050659,-0.49039531224315147
m2-head-contrastive,2,permutation_label_invariant,406,view,0.9224270952392044,-0.3861712754317227
m2-head-contrastive,2,permutation_label_invariant,539,view,0.963006080791391,-0.26947966223595465
m2-head-contrastive,2,permutation_label_invariant,436,view,0.9934052156035224,-0.1146563457106444
m2-head-contrastive,2,permutation_label_invariant,453,view,0.8501510375243612,-0.5265389001738161
m2-head-contrastive,2,permutation_label_invariant,406,view,0.9247043343575259,-0.380686083302771
m2-head-contrastive,2,permutation_label_invariant,539,view,0.9620680623801624,-0.27280953676160113
m2-head-contrastive,2,permutation_label_invariant,436,view,0.9905607797193878,-0.1370742196101004
m2-head-contrastive,2,permutation_label_invariant,453,view,0.8743790890864322,-0.4852434528856423
m2-head-contrastive,2,permutation_label_invariant,406,view,0.9186094348264173,-0.3951666816014345
m2-head-contrastive,2,permutation_label_invariant,539,view,0.957485785206431,-0.2884804518986056
m2-head-contrastive,2,permutation_label_invariant,436,view,0.9914089991278173,-0.13079830445529114
m2-head-contrastive,2,permutation_label_invariant,453,view,0.872921815550086,-0.48786012743074325
m2-head-contrastive,2,permutation_label_invariant,406,view,0.9552307330302128,-0.2958618709373713
m2-head-contrastive,2,permutation_label_invariant,539,view,0.9394128099072327,-0.34278794112715943
m2-head-contrastive,2,permutation_label_invariant,436,view,0.9906388767899168,-0.13650866563120312
m2-head-contrastive,2,permutation_label_invariant,453,view,0.8781890310593635,-0.47831373148490725
m2-head-contrastive,2,permutation_label_invariant,406,view,0.9569507010196113,-0.29025050528478685
m2-head-contrastive,2,permutation_label_invariant,539,view,0.9620027210603168,-0.27303985912783096
m2-head-contrastive,2,permutation_label_invariant,436,view,0.9906748004722514,-0.13624771451024084
m2-head-contrastive,2,permutation_label_invariant,453,view,0.875473428640783,-0.4832662576095614
m2-head-contrastive,2,permutation_label_invariant,406,view,0.9244517835428039,-0.38129896394368606
m2-head-contrastive,2,permutation_label_invariant,539,view,0.9567029024218006,-0.29106624073860304
m2-head-contrastive,2,permutation_label_invariant,436,view,0.9901446207138694,-0.14004867036636628
m2-head-contrastive,2,permutation_label_invariant,453,view,0.8745800443378261,-0.4848811669327296
m2-head-contrastive,2,permutation_label_invariant,406,view,0.9358046104997183,-0.3525191214210513
m2-head-contrastive,2,permutation_label_invariant,539,view,0.9618943568271018,-0.27342137133767674
m2-head-contrastive,2,permutation_label_invariant,436,view,0.9915558250839817,-0.12968055267473147
m2-head-contrastive,2,permutation_label_invariant,453,view,0.8737693903404118,-0.4863404697371427
m2-head-contrastive,2,permutation_label_invariant,406,view,0.9411096482967255,-0.33810150825279256
m2-head-contrastive,2,permutation_label_invariant,539,view,0.9644426125423085,-0.2642923515967992
m2-head-contrastive,2,permutation_label_invariant,436,view,0.9916056436702961,-0.12929906202760014
m2-head-contrastive,2,permutation_label_invariant,453,view,0.8736471411484562,-0.48656004024491045
m2-head-contrastive,2,permutation_label_invariant,406,view,0.922572135310712,-0.385824643002793
m2-head-contrastive,2,permutation_label_invariant,539,view,0.9812202321099847,-0.1928907880071703
m2-head-contrastive,2,permutation_label_invariant,436,view,0.9920201005414988,-0.1260798164720831
m2-head-contrastive,2,permutation_label_invariant,453,view,0.8886140012438924,-0.45865581517442816
m2-head-contrastive,2,permutation_label_invariant,406,view,0.9215491067747962,-0.38826182377691315
m2-head-contrastive,2,permutation_label_invariant,539,view,0.961837423102688,-0.27362158452720814
m2-head-contrastive,2,permutation_label_invariant,436,view,0.9925689628205068,-0.12168341729842677
m2-head-contrastive,2,permutation_label_invariant,453,view,0.8721631885847809,-0.48921505749274286
m2-head-contrastive,2,permutation_label_invariant,406,view,0.934206493011487,-0.35673271284699737
m2-head-contrastive,2,permutation_label_invariant,539,view,0.9640968783426883,-0.26555076571134767
m2-head-contrastive,2,permutation_label_invariant,436,view,0.9920149849140276,-0.1261200606803733
m2-head-contrastive,2,permutation_label_invariant,453,view,0.8728506446749775,-0.4879874507510164
m2-head-contrastive,2,permutation_label_invariant,406,view,0.9260070602583854,-0.37750619114343303
m2-head-contrastive,2,permutation_label_invariant,539,view,0.9523930428651443,-0.3048729110663508
m2-head-contrastive,2,permutation_label_invariant,436,view,0.9909839461507413,-0.13398066454344895
m2-head-contrastive,2,permutation_label_invariant,453,view,0.8737857546287863,-0.4863110681526814
m2-head-contrastive,2,permutation_label_invariant,406,view,0.9134489594316235,-0.4069533124490864
m2-head-contrastive,2,permutation_label_invariant,539,view,0.962625528218309,-0.2708359142034542
m2-head-contrastive,2,permutation_label_invariant,436,view,0.9969915794707377,-0.07750993784311334
m2-head-contrastive,2,permutation_label_invariant,453,view,0.8763204606827221,-0.4817286063633976
m2-head-contrastive,2,permutation_label_invariant,406,view,0.9228750985509329,-0.3850994059650126
m2-head-contrastive,2,permutation_label_invariant,539,view,0.9588361204950473,-0.28396002189393976
m2-head-contrastive,2,permutation_label_invariant,436,view,0.9914750826759535,-0.13029643292396953
m2-head-contrastive,2,permutation_label_invariant,453,view,0.8853661981390358,-0.4648942838891751
m2-head-contrastive,2,permutation_label_invariant,406,view,0.9249136910765037,-0.380177148260173
m2-head-contrastive,2,permutation_label_invariant,539,view,0.9615991926914014,-0.2744576335525116
m2-head-contrastive,2,permutation_label_invariant,436,view,0.9895932125358278,-0.14389327191713844
m2-head-contrastive,2,permutation_label_invariant,453,view,0.8704408108526865,-0.49227308965869426
m2-head-contrastive,2,permutation_label_invariant,406,view,0.9254946581401283,-0.37876066025141314
m2-head-contrastive,2,permutation_label_invariant,539,view,0.9572560747793524,-0.2892417800007923
m2-head-contrastive,2,permutation_label_invariant,436,view,0.9913833117294378,-0.1309928594403973
m2-head-contrastive,2,permutation_label_invariant,453,view,0.8735899506167347,-0.486662715010561
m2-head-contrastive,2,permutation_label_invariant,406,view,0.9233675668567355,-0.38391709583850486
m2-head-contrastive,2,permutation_label_invariant,539,view,0.9618300702139089,-0.2736474301584185
m2-head-contrastive,2,permutation_label_invariant,436,view,0.9898567774954863,-0.1420688567077626
m2-head-contrastive,2,permutation_label_invariant,453,view,0.8833418294578494,-0.4687293593642915
m2-head-contrastive,2,permutation_label_invariant,406,view,0.9227614969399768,-0.3853715347104568
m2-head-contrastive,2,permutation_label_invariant,539,view,0.9608014704844675,-0.2772373248949072
m2-head-contrastive,2,permutation_label_invariant,436,view,0.999142993537577,-0.04139176807976114
m2-head-contrastive,2,permutation_label_invariant,453,view,0.873398751328446,-0.4870057711956919
m2-head-contrastive,2,permutation_label_invariant,406,view,0.9228352967143589,-0.3851947755851844
m2-head-contrastive,2,permutation_label_invariant,539,view,0.9624075589667842,-0.27160944468776366
m2-head-contrastive,2,permutation_label_invariant,436,view,0.9942485825169743,-0.10709694749611957
m2-head-contrastive,2,permutation_label_invariant,453,view,0.8703949427134391,-0.49235418521514435
m2-head-contrastive,2,permutation_label_invariant,406,view,0.9409917622967165,-0.33842946575279037
m2-head-contrastive,2,permutation_label_invariant,539,view,0.9566782743158698,-0.29114717833427284
m2-head-contrastive,2,permutation_label_invariant,436,view,0.9996648851299866,-0.025886626625538537
m2-head-contrastive,2,permutation_label_invariant,453,view,0.8757709158478241,-0.4827269445090699
m2-head-contrastive,2,permutation_label_invariant,406,view,0.9223065696648114,-0.386459042529901
m2-head-contrastive,2,permutation_label_invariant,539,view,0.9597742518318799,-0.2807728361514956
m2-head-contrastive,2,permutation_label_invariant,436,view,0.9906794891321522,-0.13621361830910153
m2-head-contrastive,2,permutation_label_invariant,453,view,0.8781126992272998,-0.478453850915368
m2-head-contrastive,2,permutation_label_invariant,406,view,0.9260898467944925,-0.37730305546622966
m2-head-contrastive,2,permutation_label_invariant,539,view,0.962860825168465,-0.26999820620867454
m2-head-contrastive,2,permutation_label_invariant,436,view,0.9872326919109514,-0.15928468859955097
m2-head-contrastive,2,permutation_label_invariant,453,view,0.8618468315694884,-0.5071686493797041
m2-head-contrastive,2,permutation_label_invariant,406,view,0.9225762595196602,-0.3858147811718882
m2-head-contrastive,2,permutation_label_invariant,539,view,0.9601817799159774,-0.2793760002530368
m2-head-contrastive,2,permutation_label_invariant,436,view,0.9910283266471763,-0.1336519950576771
m2-head-contrastive,2,permutation_label_invariant,453,view,0.9155367272525935,-0.4022343857151069
m2-head-contrastive,2,permutation_label_invariant,406,view,0.9218525612194134,-0.38754077898100897
m2-head-contrastive,2,permutation_label_invariant,539,view,0.9615101646763602,-0.27476936369260374
m2-head-contrastive,2,permutation_label_invariant,436,view,0.9950590134699056,-0.09928524418209389
m2-head-contrastive,2,permutation_label_invariant,453,view,0.8646296883491188,-0.5024096953934161
m2-head-contrastive,2,permutation_label_invariant,406,view,0.934464515050879,-0.3560562737977315
m2-head-contrastive,2,permutation_label_invariant,539,view,0.9512349313187471,-0.30846734906472323
m2-head-contrastive,2,permutation_label_invariant,436,view,0.9907353489795931,-0.13580673135851412
m2-head-contrastive,2,permutation_label_invariant,453,view,0.8718390581773358,-0.4897924628211991
m2-head-contrastive,2,permutation_label_invariant,406,view,0.9234224641273028,-0.38378503455067114
m2-head-contrastive,2,permutation_label_invariant,539,view,0.9623918252275886,-0.2716651886700064
m2-head-contrastive,2,permutation_label_invariant,436,view,0.9946447941941203,-0.10335247158406714
m2-head-contrastive,2,permutation_label_invariant,453,view,0.8717709856910834,-0.4899136133107513
m2-head-contrastive,2,permutation_label_invariant,406,view,0.9205334975228118,-0.3906636404100319
m2-head-contrastive,2,permutation_label_invariant,539,view,0.9613230623702793,-0.27542325565396125
m2-head-contrastive,2,permutation_label_invariant,436,view,0.9935955223567545,-0.11299530057753464
m2-head-contrastive,2,permutation_label_invariant,453,view,0.891342124098924,-0.453331245125259
m2-head-contrastive,2,permutation_label_invariant,406,view,0.9225632722896311,-0.3858458353050445
m2-head-contrastive,2,permutation_label_invariant,539,view,0.9643596353462329,-0.2645949616203602
m2-head-contrastive,2,permutation_label_invariant,436,view,0.9913636210451211,-0.13114179680142027
m2-head-contrastive,2,permutation_label_invariant,453,view,0.9547281857723632,-0.29747956449445667
m2-head-contrastive,2,permutation_label_invariant,406,view,0.9258707273554478,-0.377840437521308
m2-head-contrastive,2,permutation_label_invariant,539,view,0.9609143208529229,-0.27684592823403686
m2-head-contrastive,2,permutation_label_invariant,436,view,0.9910161209885477,-0.13374246872557585
m2-head-contrastive,2,permutation_label_invariant,453,view,0.8729824413283849,-0.48775163467930327
m2-head-contrastive,2,permutation_label_invariant,406,view,0.9231447843830107,-0.3844524769935083
m2-head-contrastive,2,permutation_label_invariant,539,view,0.9613788808359536,-0.2752283551573287
m2-head-contrastive,2,permutation_label_invariant,436,view,0.9901100174903645,-0.14029309771057732
m2-head-contrastive,2,permutation_label_invariant,453,view,0.9021567001957596,-0.43140849353240346
m2-head-contrastive,2,permutation_label_invariant,406,view,0.9239497773809392,-0.3825138022055049
m2-head-contrastive,2,permutation_label_invariant,539,view,0.9625212838026554,-0.27120615447826285
m2-head-contrastive,2,permutation_label_invariant,436,view,0.9909118557248243,-0.13451280304857388
m2-head-contrastive,2,permutation_label_invariant,453,view,0.872496719376372,-0.48861996958522663
m2-head-contrastive,2,permutation_label_invariant,406,view,0.9280505909215425,-0.3724541591795896
m2-head-contrastive,2,permutation_label_invariant,539,view,0.9624659037350966,-0.2714026236928881
m2-head-contrastive,2,permutation_label_invariant,436,view,0.9913093358852445,-0.13155151305384177
m2-head-contrastive,2,permutation_label_invariant,453,view,0.876200059905981,-0.4819475645967668
m2-head-contrastive,2,permutation_label_invariant,406,view,0.9189436526555268,-0.39438884776844
m2-head-contrastive,2,permutation_label_invariant,539,view,0.9585862121764289,-0.2848025172382536
m2-head-contrastive,2,permutation_label_invariant,436,view,0.991013830907955,-0.13375943686012856
m2-head-contrastive,2,permutation_label_invariant,453,view,0.8687259995884463,-0.4952929816169965
m2-head-contrastive,2,permutation_label_invariant,406,view,0.9275043064240757,-0.37381246844479865
m2-head-contrastive,2,permutation_label_invariant,539,view,0.9586471910252794,-0.2845971945387744
m2-head-contrastive,2,permutation_label_invariant,436,view,0.9928152297358457,-0.11965750960369953
m2-head-contrastive,2,permutation_label_invariant,453,view,0.8743745656899615,-0.4852516036804934
m2-head-contrastive,2,permutation_label_invariant,406,view,0.9119778857208412,-0.4102393642206268
m2-head-contrastive,2,permutation_label_invariant,539,view,0.9618041670631677,-0.2737384595191658
m2-head-contrastive,2,permutation_label_invariant,436,view,0.9936464634688651,-0.11254645989908695
m2-head-contrastive,2,permutation_label_invariant,453,view,0.8725766170970437,-0.48847727408291847
m2-head-contrastive,2,permutation_label_invariant,406,view,0.9159389852677596,-0.401317549163585
m2-head-contrastive,2,permutation_label_invariant,539,view,0.9617191082352147,-0.27403714502830306
m2-head-contrastive,2,permutation_label_invariant,436,view,0.9910651278968634,-0.13337882990479885
m2-head-contrastive,2,permutation_label_invariant,453,view,0.8487753884240125,-0.5287535720973111
m2-head-contrastive,2,permutation_label_invariant,406,view,0.8756153205592128,-0.4830091204128412
m2-head-contrastive,2,permutation_label_invariant,539,view,0.9602611834328395,-0.27910295518349887
m2-head-contrastive,2,permutation_label_invariant,436,view,0.9865206191467221,-0.1636370007008429
m2-head-contrastive,2,permutation_label_invariant,453,view,0.8714409528350716,-0.4905004237734174
m2-head-contrastive,2,permutation_label_invariant,406,view,0.9247891375264762,-0.3804800272196107
m2-head-contrastive,2,permutation_label_invariant,539,view,0.9643100256371342,-0.2647757059394029
m2-head-contrastive,2,permutation_label_invariant,436,view,0.992466537513864,-0.12251600677152893
m2-head-contrastive,2,permutation_label_invariant,453,view,0.8727742081753694,-0.48812414562676204
m2-head-contrastive,2,permutation_label_invariant,406,view,0.926068994446025,-0.3773542334805954
m2-head-contrastive,2,permutation_label_invariant,539,view,0.9569601621998353,-0.2902193101129976
m2-head-contrastive,2,permutation_label_invariant,436,view,0.9910325239193083,-0.13362086863257958
m2-head-contrastive,2,permutation_label_invariant,453,view,0.8722316955181832,-0.489092904603486
m2-head-contrastive,2,permutation_label_invariant,406,view,0.9202223035190757,-0.3913961064012335
m2-head-contrastive,2,permutation_label_invariant,539,view,0.9590376610878619,-0.2832785989359636
m2-head-contrastive,2,permutation_label_invariant,436,view,0.990950431983541,-0.1342283179945005
m2-head-contrastive,2,permutation_label_invariant,453,view,0.8755646639751222,-0.48310094100315176
m2-head-contrastive,2,permutation_label_invariant,406,view,0.9235023974711128,-0.3835926509529427
m2-head-contrastive,2,permutation_label_invariant,539,view,0.9623157251304946,-0.27193463399605783
m2-head-contrastive,2,permutation_label_invariant,436,view,0.9960016237766806,-0.08933512989980634
m2-head-contrastive,2,permutation_label_invariant,453,view,0.8751885289833237,-0.4837820157219628
m2-head-contrastive,2,permutation_label_invariant,406,view,0.9226703680337911,-0.38558966784962995
m2-head-contrastive,2,permutation_label_invariant,539,view,0.9629553732148449,-0.26966080396798164
m2-head-contrastive,2,permutation_label_invariant,436,view,0.9927274657762738,-0.12038346519940563
m2-head-contrastive,2,permutation_label_invariant,453,view,0.8775615693940236,-0.47946396311161704
m2-head-contrastive,2,permutation_label_invariant,406,view,0.9233322722591941,-0.3840019726572675
m2-head-contrastive,2,permutation_label_invariant,539,view,0.9622631491917041,-0.2721206197767159
m2-head-contrastive,2,permutation_label_invariant,436,view,0.9865858839897402,-0.16324305042537696
m2-head-contrastive,2,permutation_label_invariant,453,view,0.8706471146521224,-0.49190812327906674
m2-head-contrastive,2,permutation_label_invariant,406,view,0.9334245129372112,-0.35877385446535737
m2-head-contrastive,2,permutation_label_invariant,539,view,0.9624411759980759,-0.27149029953838166
m2-head-contrastive,2,permutation_label_invariant,436,view,0.9718788034997257,-0.23548161564746617
m2-head-contrastive,2,permutation_label_invariant,453,view,0.8744461558112735,-0.48512258305183603
m2-head-contrastive,2,permutation_label_invariant,406,view,0.92503315100726,-0.37988639030317867
m2-head-contrastive,2,permutation_label_invariant,539,view,0.9621800308628199,-0.2724143685799674
m2-head-contrastive,2,permutation_label_invariant,436,view,0.9906968282679893,0.13608745151462595
m2-head-contrastive,2,permutation_label_invariant,453,view,0.8418017274825276,-0.5397868575719791
m2-head-contrastive,2,permutation_label_invariant,406,view,0.9076202052450114,-0.41979228557824033
m2-head-contrastive,2,permutation_label_invariant,539,view,0.9696057047239574,-0.2446727965401088
m2-head-contrastive,2,permutation_label_invariant,436,view,0.9962029238489356,-0.08706167075602875
m2-head-contrastive,2,permutation_label_invariant,453,view,0.8727525052228948,-0.4881629488471655
m2-head-contrastive,2,permutation_label_invariant,406,view,0.93316756990054,-0.35944163154248077
m2-head-contrastive,2,permutation_label_invariant,539,view,0.9616938909484977,-0.2741256283391585
m2-head-contrastive,2,permutation_label_invariant,436,view,0.9918614961398918,-0.12732153185983414
m2-head-contrastive,2,permutation_label_invariant,453,view,0.8697797508340488,-0.49344015345233067
m2-head-contrastive,2,permutation_label_invariant,406,view,0.9265145453737328,-0.3762589496754923
m2-head-contrastive,2,permutation_label_invariant,539,view,0.9616094498425124,-0.2744216937007349
m3-head-contractive,3,permutation_label_invariant,436,original,0.9908486320674749,-0.13497773271919075
m3-head-contractive,3,permutation_label_invariant,453,original,0.9057349451817223,-0.4238445576820141
m3-head-contractive,3,permutation_label_invariant,406,original,0.9459859180413425,-0.3242077156199057
m3-head-contractive,3,permutation_label_invariant,539,original,0.9730216721492889,-0.2307137306876229
m3-head-contractive,3,permutation_label_invariant,436,view,0.9912648551242519,-0.13188626537852802
m3-head-contractive,3,permutation_label_invariant,453,view,0.9072146818267671,-0.42066794634005267
m3-head-contractive,3,permutation_label_invariant,406,view,0.9456927850356952,-0.32506177310079065
m3-head-contractive,3,permutation_label_invariant,539,view,0.9734156817271249,-0.22904565171099897
m3-head-contractive,3,permutation_label_invariant,436,view,0.9932864416702135,-0.11568078835366363
m3-head-contractive,3,permutation_label_invariant,453,view,0.8866271334183554,-0.4624849470916314
m3-head-contractive,3,permutation_label_invariant,406,view,0.946400981383827,-0.3229940904037231
m3-head-contractive,3,permutation_label_invariant,539,view,0.9733210090368712,-0.22944762663284698
m3-head-contractive,3,permutation_label_invariant,436,view,0.9905507213294897,-0.1371468864890003
m3-head-contractive,3,permutation_label_invariant,453,view,0.9091399245121213,-0.4164908134138063
m3-head-contractive,3,permutation_label_invariant,406,view,0.9375068470052039,-0.34796682574400756
m3-head-contractive,3,permutation_label_invariant,539,view,0.9720435448998099,-0.23480065336069822
m3-head-contractive,3,permutation_label_invariant,436,view,0.9908984429624395,-0.13461157355373593
m3-head-contractive,3,permutation_label_invariant,453,view,0.9060100772012917,-0.42325611632876486
m3-head-contractive,3,permutation_label_invariant,406,view,0.971532936343826,-0.23690452422683486
m3-head-contractive,3,permutation_label_invariant,539,view,0.962712520454355,-0.27052652912500597
m3-head-contractive,3,permutation_label_invariant,436,view,0.9893344065091222,-0.14566204755269085
m3-head-contractive,3,permutation_label_invariant,453,view,0.9093012212161645,-0.41613854555278984
m3-head-contractive,3,permutation_label_invariant,406,view,0.9688133232167386,-0.2477917366615329
m3-head-contractive,3,permutation_label_invariant,539,view,0.9727769693489737,-0.23174332332178535
m3-head-contractive,3,permutation_label_invariant,436,view,0.9882819200266358,-0.15263959692185336
m3-head-contractive,3,permutation_label_invariant,453,view,0.9100621910322845,-0.4144717221397827
m3-head-contractive,3,permutation_label_invariant,406,view,0.9466779508480784,-0.32218140445730714
m3-head-contractive,3,permutation_label_invariant,539,view,0.9709393867992989,-0.23932552551243022
m3-head-contractive,3,permutation_label_invariant,436,view,0.9896355954139144,-0.14360149125182012
m3-head-contractive,3,permutation_label_invariant,453,view,0.9028832316827762,-0.42988588014270224
m3-head-contractive,3,permutation_label_invariant,406,view,0.9584333394108502,-0.28531655035375253
m3-head-contractive,3,permutation_label_invariant,539,view,0.9731082710469093,-0.2303481990815083
m3-head-contractive,3,permutation_label_invariant,436,view,0.9907334568131752,-0.13582053434961872
m3-head-contractive,3,permutation_label_invariant,453,view,0.9049108909762061,-0.42560108011217296
m3-head-contractive,3,permutation_label_invariant,406,view,0.960890519445342,-0.2769285280357732
m3-head-contractive,3,permutation_label_invariant,539,view,0.9741084503819181,-0.22608123958997053
m3-head-contractive,3,permutation_label_invariant,436,view,0.9914722749029047,-0.13031779655464792
m3-head-contractive,3,permutation_label_invariant,453,view,0.9069437149402706,-0.42125182246530485
m3-head-contractive,3,permutation_label_invariant,406,view,0.9522530917761058,-0.3053097594294144
m3-head-contractive,3,permutation_label_invariant,539,view,0.9884956297106298,-0.15124942989309056
m3-head-contractive,3,permutation_label_invariant,436,view,0.9909605469692634,-0.13415362220371807
m3-head-contractive,3,permutation_label_invariant,453,view,0.9146910461729059,-0.40415379504727467
m3-head-contractive,3,permutation_label_invariant,406,view,0.946148886453478,-0.32373180977908717
m3-head-contractive,3,permutation_label_invariant,539,view,0.9730840545747756,-0.23045047783051884
m3-head-contractive,3,permutation_label_invariant,436,view,0.9915693965914172,-0.129576740749767
m3-head-contractive,3,permutation_label_invariant,453,view,0.9062790879414753,-0.4226798016938677
m3-head-contractive,3,permutation_label_invariant,406,view,0.9559095168194974,-0.2936613622080959
m3-head-contractive,3,permutation_label_invariant,539,view,0.974095500286471,-0.22613702996557028
m3-head-contractive,3,permutation_label_invariant,436,view,0.9919636816297811,-0.12652293992588795
m3-head-contractive,3,permutation_label_invariant,453,view,0.9057054945252699,-0.4239074865896282
m3-head-contractive,3,permutation_label_invariant,406,view,0.9473900454699389,-0.3200813986230172
m3-head-contractive,3,permutation_label_invariant,539,view,0.9501100951301394,-0.3119147433703586
m3-head-contractive,3,permutation_label_invariant,436,view,0.9917519990450802,-0.12817165205335687
m3-head-contractive,3,permutation_label_invariant,453,view,0.9137411985952532,-0.4062967166858591
m3-head-contractive,3,permutation_label_invariant,406,view,0.9401070802717675,-0.3408792713306164
m3-head-contractive,3,permutation_label_invariant,539,view,0.9731902564585209,-0.23000157550372988
m3-head-contractive,3,permutation_label_invariant,436,view,0.9965760949527471,-0.08268063236775848
m3-head-contractive,3,permutation_label_invariant,453,view,0.9084961793107968,-0.4178931588069898
m3-head-contractive,3,permutation_label_invariant,406,view,0.9458983904291381,-0.32446299478301877
m3-head-contractive,3,permutation_label_invariant,539,view,0.9701415137651291,-0.24253957052304456
m3-head-contractive,3,permutation_label_invariant,436,view,0.9910462332439054,-0.13351915058547373
m3-head-contractive,3,permutation_label_invariant,453,view,0.9134322432781817,-0.40699083151809234
m3-head-contractive,3,permutation_label_invariant,406,view,0.9472378454550059,-0.32053153376502264
m3-head-contractive,3,permutation_label_invariant,539,view,0.9724514952898607,-0.23310531806141477
m3-head-contractive,3,permutation_label_invariant,436,view,0.9893269469757179,-0.14571270359067698
m3-head-contractive,3,permutation_label_invariant,453,view,0.9030671916910216,-0.42949929835948664
m3-head-contractive,3,permutation_label_invariant,406,view,0.948332362248071,-0.31727863261334244
m3-head-contractive,3,permutation_label_invariant,539,view,0.9701979724051728,-0.24231362805440976
m3-head-contractive,3,permutation_label_invariant,436,view,0.9908197126182176,-0.1351898557109675
m3-head-contractive,3,permutation_label_invariant,453,view,0.9064144732249158,-0.4223893970359556
m3-head-contractive,3,permutation_label_invariant,406,view,0.9459891490602205,-0.3241982878738251
m3-head-contractive,3,permutation_label_invariant,539,view,0.9724160471156152,-0.23325314855761528
m3-head-contractive,3,permutation_label_invariant,436,view,0.990644916895051,-0.1364648256145041
m3-head-contractive,3,permutation_label_invariant,453,view,0.9027005355357443,-0.4302693843901515
m3-head-contractive,3,permutation_label_invariant,406,view,0.9454046254666283,-0.3258989017261392
m3-head-contractive,3,permutation_label_invariant,539,view,0.9719734764851358,-0.23509053789848414
m3-head-contractive,3,permutation_label_invariant,436,view,0.991881774120008,-0.12716346239602364
m3-head-contractive,3,permutation_label_invariant,453,view,0.9057430105922272,-0.42382732186980154
m3-head-contractive,3,permutation_label_invariant,406,view,0.9476436242985101,-0.3193298628790983
m3-head-contractive,3,permutation_label_invariant,539,view,0.973261058348952,-0.2297017899396458
m3-head-contractive,3,permutation_label_invariant,436,view,0.995517266378844,-0.09457997854510804
m3-head-contractive,3,permutation_label_invariant,453,view,0.9041906815459118,-0.4271290336719564
m3-head-contractive,3,permutation_label_invariant,406,view,0.9622399898856521,-0.2722025015771524
m3-head-contractive,3,permutation_label_invariant,539,view,0.9674554561796548,-0.25304138062422804
m3-head-contractive,3,permutation_label_invariant,436,view,0.9999789047609449,0.00649538552362926
m3-head-contractive,3,permutation_label_invariant,453,view,0.9048918328140866,-0.42564159912579347
m3-head-contractive,3,permutation_label_invariant,406,view,0.9460227010106343,-0.32410036897933875
m3-head-contractive,3,permutation_label_invariant,539,view,0.9730907460285148,-0.23042222113691221
m3-head-contractive,3,permutation_label_invariant,436,view,0.9906395479725715,-0.1365037947923016
m3-head-contractive,3,permutation_label_invariant,453,view,0.9100586014938016,-0.4144796036563744
m3-head-contractive,3,permutation_label_invariant,406,view,0.9475551360675823,-0.3195923405088816
m3-head-contractive,3,permutation_label_invariant,539,view,0.9733562579546476,-0.22929804861909456
m3-head-contractive,3,permutation_label_invariant,436,view,0.9878249193838597,-0.15556969063500314
m3-head-contractive,3,permutation_label_invariant,453,view,0.9052748412365692,-0.4248263902161726
m3-head-contractive,3,permutation_label_invariant,406,view,0.9450940898467177,-0.32679834965434507
m3-head-contractive,3,permutation_label_invariant,539,view,0.9728792700710661,-0.2313134796461048
m3-head-contractive,3,permutation_label_invariant,436,view,0.9908945193614725,-0.13464045268564545
m3-head-contractive,3,permutation_label_invariant,453,view,0.9492031231472806,-0.3146639969990972
m3-head-contractive,3,permutation_label_invariant,406,view,0.9450831800372884,-0.3268298988933014
m3-head-contractive,3,permutation_label_invariant,539,view,0.973216606335363,-0.2298900544892678
m3-head-contractive,3,permutation_label_invariant,436,view,0.995230636712847,-0.09754988338353113
m3-head-contractive,3,permutation_label_invariant,453,view,0.8975821874081259,-0.4408471581485396
m3-head-contractive,3,permutation_label_invariant,406,view,0.9536304712169765,-0.3009799401396821
m3-head-contractive,3,permutation_label_invariant,539,view,0.9654872217150424,-0.2604504265785866
m3-head-contractive,3,permutation_label_invariant,436,view,0.9909880489745492,-0.13395031463052226
m3-head-contractive,3,permutation_label_invariant,453,view,0.904770104443235,-0.42590029127223794
m3-head-contractive,3,permutation_label_invariant,406,view,0.9447044589906753,-0.32792298663426256
m3-head-contractive,3,permutation_label_invariant,539,view,0.9730662455722051,-0.23052566392489246
m3-head-contractive,3,permutation_label_invariant,436,view,0.9929545620746763,-0.11849572842548903
m3-head-contractive,3,permutation_label_invariant,453,view,0.9048303956711079,-0.4257721868202123
m3-head-contractive,3,permutation_label_invariant,406,view,0.9441665615325958,-0.3294685175911564
m3-head-contractive,3,permutation_label_invariant,539,view,0.972114120526985,-0.23450828700079263
m3-head-contractive,3,permutation_label_invariant,436,view,0.9931818578490068,-0.11657528571526063
m3-head-contractive,3,permutation_label_invariant,453,view,0.9235701605106105,-0.3834294701955036
m3-head-contractive,3,permutation_label_invariant,406,view,0.9457998149260204,-0.3247502272299513
m3-head-contractive,3,permutation_label_invariant,539,view,0.9764051426257925,-0.21594674680093015
m3-head-contractive,3,permutation_label_invariant,436,view,0.9907459513258532,-0.1357293628196546
m3-head-contractive,3,permutation_label_invariant,453,view,0.9753473121078103,-0.2206753741677332
m3-head-contractive,3,permutation_label_invariant,406,view,0.9465441344770652,-0.3225743348238712
m3-head-contractive,3,permutation_label_invariant,539,view,0.9717334942876683,-0.23608052880209704
m3-head-contractive,3,permutation_label_invariant,436,view,0.9913635735839669,-0.13114215558250658
m3-head-contractive,3,permutation_label_invariant,453,view,0.9059687885426692,-0.4233444864250954
m3-head-contractive,3,permutation_label_invariant,406,view,0.9456393924746296,-0.3252170650507327
m3-head-contractive,3,permutation_label_invariant,539,view,0.9725279715223385,-0.23278604899487668
m3-head-contractive,3,permutation_label_invariant,436,view,0.990094782349411,-0.14040057679536752
m3-head-contractive,3,permutation_label_invariant,453,view,0.9354478871217179,-0.3534646382306347
m3-head-contractive,3,permutation_label_invariant,406,view,0.9464483758657185,-0.3228551870748607
m3-head-contractive,3,permutation_label_invariant,539,view,0.9727038007366317,-0.23205024462928417
m3-head-contractive,3,permutation_label_invariant,436,view,0.9914508924009227,-0.13048037383995062
m3-head-contractive,3,permutation_label_invariant,453,view,0.9091173328573712,-0.416540124235708
m3-head-contractive,3,permutation_label_invariant,406,view,0.9408028886895319,-0.33895416302714393
m3-head-contractive,3,permutation_label_invariant,539,view,0.9743231066016745,-0.22515435581409768
m3-head-contractive,3,permutation_label_invariant,436,view,0.9913286090509584,-0.13140619801627088
m3-head-contractive,3,permutation_label_invariant,453,view,0.9051932465390129,-0.4250002193177803
m3-head-contractive,3,permutation_label_invariant,406,view,0.9444975262526891,-0.32851852748749244
m3-head-contractive,3,permutation_label_invariant,539,view,0.9692158839830298,-0.24621244939075176
m3-head-contractive,3,permutation_label_invariant,436,view,0.9904693928062498,-0.13773300952937187
m3-head-contractive,3,permutation_label_invariant,453,view,0.9000655175639607,-0.4357545915906325
m3-head-contractive,3,permutation_label_invariant,406,view,0.9500198339813053,-0.3121895498605493
m3-head-contractive,3,permutation_label_invariant,539,view,0.9720683746226879,-0.23469783777956876
m3-head-contractive,3,permutation_label_invariant,436,view,0.9910162165524627,-0.13374176060618248
m3-head-contractive,3,permutation_label_invariant,453,view,0.9062392731550653,-0.42276515915030033
m3-head-contractive,3,permutation_label_invariant,406,view,0.9198634597567509,-0.3922387224692886
m3-head-contractive,3,permutation_label_invariant,539,view,0.9740753532294139,-0.22622379678316834
m3-head-contractive,3,permutation_label_invariant,436,view,0.9916986505485216,-0.12858377230521967
m3-head-contractive,3,permutation_label_invariant,453,view,0.9042081257979827,-0.42709210393180885
m3-head-contractive,3,permutation_label_invariant,406,view,0.9423914444856253,-0.3345121303634534
m3-head-contractive,3,permutation_label_invariant,539,view,0.975747792436376,-0.21889779705501453
m3-head-contractive,3,permutation_label_invariant,436,view,0.9914599226411835,-0.13041173948819867
m3-head-contractive,3,permutation_label_invariant,453,view,0.8850218748507057,-0.46554943994783354
m3-head-contractive,3,permutation_label_invariant,406,view,0.8921986235324878,-0.45164323992143796
m3-head-contractive,3,permutation_label_invariant,539,view,0.9732714164665395,-0.22965789751109197
m3-head-contractive,3,permutation_label_invariant,436,view,0.9889102316641364,-0.14851448989907878
m3-head-contractive,3,permutation_label_invariant,453,view,0.9012623837813235,-0.4332737190054408
m3-head-contractive,3,permutation_label_invariant,406,view,0.943769532385228,-0.3306040981920332
m3-head-contractive,3,permutation_label_invariant,539,view,0.972265092850884,-0.23388157093636391
m3-head-contractive,3,permutation_label_invariant,436,view,0.9910512969012066,-0.1334815601887991
m3-head-contractive,3,permutation_label_invariant,453,view,0.9055114956101445,-0.42432173090460346
m3-head-contractive,3,permutation_label_invariant,406,view,0.9496310259249995,-0.3133702516203992
m3-head-contractive,3,permutation_label_invariant,539,view,0.9724832279717722,-0.23297289823840348
m3-head-contractive,3,permutation_label_invariant,436,view,0.9907120377615785,-0.13597668268604027
m3-head-contractive,3,permutation_label_invariant,453,view,0.9049877124799743,-0.4254377043237505
m3-head-contractive,3,permutation_label_invariant,406,view,0.9439030210051288,-0.3302227837951085
m3-head-contractive,3,permutation_label_invariant,539,view,0.9699195817740252,-0.24342556334801763
m3-head-contractive,3,permutation_label_invariant,436,view,0.9911353067641189,-0.13285632723207227
m3-head-contractive,3,permutation_label_invariant,453,view,0.9061480021158992,-0.42296075262530436
m3-head-contractive,3,permutation_label_invariant,406,view,0.9443684178596284,-0.3288894819681863
m3-head-contractive,3,permutation_label_invariant,539,view,0.9739724344946821,-0.226666488137311
m3-head-contractive,3,permutation_label_invariant,436,view,0.9946226001656513,-0.10356584011979195
m3-head-contractive,3,permutation_label_invariant,453,view,0.9060748349320717,-0.42311747009881107
m3-head-contractive,3,permutation_label_invariant,406,view,0.9481035057686048,-0.3179618567521595
m3-head-contractive,3,permutation_label_invariant,539,view,0.9735824228296549,-0.2283358621792427
m3-head-contractive,3,permutation_label_invariant,436,view,0.9922496067343822,-0.12426068539752698
m3-head-contractive,3,permutation_label_invariant,453,view,0.9135268862435875,-0.406778352558362
m3-head-contractive,3,permutation_label_invariant,406,view,0.9461610159780518,-0.3236963574762314
m3-head-contractive,3,permutation_label_invariant,539,view,0.9732854998108147,-0.22959820525869112
m3-head-contractive,3,permutation_label_invariant,436,view,0.9822946044806002,-0.1873427607576567
m3-head-contractive,3,permutation_label_invariant,453,view,0.9033091271215956,-0.4289902339900297
m3-head-contractive,3,permutation_label_invariant,406,view,0.9470362580945104,-0.3211266508005017
m3-head-contractive,3,permutation_label_invariant,539,view,0.9732602938669757,-0.22970502907417573
m3-head-contractive,3,permutation_label_invariant,436,view,0.9646999453532072,-0.26335150547418285
m3-head-contractive,3,permutation_label_invariant,453,view,0.9069972834000211,-0.4211364718294787
m3-head-contractive,3,permutation_label_invariant,406,view,0.9460018864637249,-0.3241611185923958
m3-head-contractive,3,permutation_label_invariant,539,view,0.9733031697813881,-0.22952328791105736
m3-head-contractive,3,permutation_label_invariant,436,view,0.9999859865083197,0.005294033148919112
m3-head-contractive,3,permutation_label_invariant,453,view,0.8841083548411671,-0.4672819458314694
m3-head-contractive,3,permutation_label_invariant,406,view,0.9368594761163184,-0.34970605086423223
m3-head-contractive,3,permutation_label_invariant,539,view,0.9795925330808953,-0.20099370421024298
m3-head-contractive,3,permutation_label_invariant,436,view,0.9964500732275781,-0.08418581569809479
m3-head-contractive,3,permutation_label_invariant,453,view,0.8985341624836224,-0.4389035871918283
m3-head-contractive,3,permutation_label_invariant,406,view,0.953341498232841,-0.3018940008465909
m3-head-contractive,3,permutation_label_invariant,539,view,0.9730440566920256,-0.2306193047780816
m3-head-contractive,3,permutation_label_invariant,436,view,0.9912728526230505,-0.13182614176467172
m3-head-contractive,3,permutation_label_invariant,453,view,0.9044590782323557,-0.42656040111932203
m3-head-contractive,3,permutation_label_invariant,406,view,0.947397217890819,-0.32006016861324005
m3-head-contractive,3,permutation_label_invariant,539,view,0.9734570638550039,-0.22886971147531618
m4-head-contrastive-contractive,4,permutation_label_invariant,436,original,0.9913210112056378,-0.13146350346096858
m4-head-contrastive-contractive,4,permutation_label_invariant,453,original,0.8999586054899286,-0.4359753529783805
m4-head-contrastive-contractive,4,permutation_label_invariant,406,original,0.9436613225300342,-0.330912841033507
m4-head-contrastive-contractive,4,permutation_label_invariant,539,original,0.9712876513863388,-0.23790817191599456
m4-head-contrastive-contractive,4,permutation_label_invariant,436,view,0.9916257556395369,-0.12914472793079057
m4-head-contrastive-contractive,4,permutation_label_invariant,453,view,0.9010845559506165,-0.43364342843778986
m4-head-contrastive-contractive,4,permutation_label_invariant,406,view,0.943521655767844,-0.33131085870690447
m4-head-contrastive-contractive,4,permutation_label_invariant,539,view,0.9720953978403966,-0.23458588511997416
m4-head-contrastive-contractive,4,permutation_label_invariant,436,view,0.9941060674097358,-0.10841183855626697
m4-head-contrastive-contractive,4,permutation_label_invariant,453,view,0.8840028413201496,-0.4674815253439463
m4-head-contrastive-contractive,4,permutation_label_invariant,406,view,0.9435223374479048,-0.33130891738201446
m4-head-contrastive-contractive,4,permutation_label_invariant,539,view,0.9715696383351844,-0.23675396061151613
m4-head-contrastive-contractive,4,permutation_label_invariant,436,view,0.9911299854160176,-0.13289601953875493
m4-head-contrastive-contractive,4,permutation_label_invariant,453,view,0.9027652889890583,-0.4301335060147053
m4-head-contrastive-contractive,4,permutation_label_invariant,406,view,0.9383520973152896,-0.3456809822133666
m4-head-contrastive-contractive,4,permutation_label_invariant,539,view,0.9681993430581569,-0.25017999940393715
m4-head-contrastive-contractive,4,permutation_label_invariant,436,view,0.9909538913962762,-0.134202776150784
m4-head-contrastive-contractive,4,permutation_label_invariant,453,view,0.9001859160653312,-0.43550581685853634
m4-head-contrastive-contractive,4,permutation_label_invariant,406,view,0.9734567203864658,-0.22887117235341473
m4-head-contrastive-contractive,4,permutation_label_invariant,539,view,0.95729055966616,-0.28912762644557266
m4-head-contrastive-contractive,4,permutation_label_invariant,436,view,0.9900439249696531,-0.14075875330040502
m4-head-contrastive-contractive,4,permutation_label_invariant,453,view,0.9052925857109035,-0.4247885759491028
m4-head-contrastive-contractive,4,permutation_label_invariant,406,view,0.9709226708124744,-0.23939333178343025
m4-head-contrastive-contractive,4,permutation_label_invariant,539,view,0.9709614650569487,-0.2392359366283923
m4-head-contrastive-contractive,4,permutation_label_invariant,436,view,0.9896657644729095,-0.14339342603568606
m4-head-contrastive-contractive,4,permutation_label_invariant,453,view,0.9044594224924872,-0.42655967116519206
m4-head-contrastive-contractive,4,permutation_label_invariant,406,view,0.944384055513985,-0.32884457680028584
m4-head-contrastive-contractive,4,permutation_label_invariant,539,view,0.9671867430552673,-0.2540665347072394
m4-head-contrastive-contractive,4,permutation_label_invariant,436,view,0.9902823779859562,-0.13907124738953183
m4-head-contrastive-contractive,4,permutation_label_invariant,453,view,0.898818837873842,-0.43832031287988066
m4-head-contrastive-contractive,4,permutation_label_invariant,406,view,0.9559544868058377,-0.2935149385564351
m4-head-contrastive-contractive,4,permutation_label_invariant,539,view,0.9708647971191212,-0.23962793183359898
m4-head-contrastive-contractive,4,permutation_label_invariant,436,view,0.9912987631195264,-0.13163115982812643
m4-head-contrastive-contractive,4,permutation_label_invariant,453,view,0.8989927712935023,-0.4379634655562367
m4-head-contrastive-contractive,4,permutation_label_invariant,406,view,0.9580157824227359,-0.28671546981101914
m4-head-contrastive-contractive,4,permutation_label_invariant,539,view,0.9713639881905524,-0.237596301415962
m4-head-contrastive-contractive,4,permutation_label_invariant,436,view,0.991996401378176,-0.1262661461071376
m4-head-contrastive-contractive,4,permutation_label_invariant,453,view,0.900332452596521,-0.43520279732733097
m4-head-contrastive-contractive,4,permutation_label_invariant,406,view,0.9428168836614857,-0.33331115175290027
m4-head-contrastive-contractive,4,permutation_label_invariant,539,view,0.9887517788420354,-0.149565770939447
m4-head-contrastive-contractive,4,permutation_label_invariant,436,view,0.9914662206337784,-0.13036384982874707
m4-head-contrastive-contractive,4,permutation_label_invariant,453,view,0.9092674532451012,-0.416212323783388
m4-head-contrastive-contractive,4,permutation_label_invariant,406,view,0.9445498659678385,-0.32836801107924474
m4-head-contrastive-contractive,4,permutation_label_invariant,539,view,0.9716854445583957,-0.23627821912599814
m4-head-contrastive-contractive,4,permutation_label_invariant,436,view,0.992312726684884,-0.1237556158693862
m4-head-contrastive-contractive,4,permutation_label_invariant,453,view,0.899853595454623,-0.4361920525953996
m4-head-contrastive-contractive,4,permutation_label_invariant,406,view,0.9511414041086336,-0.3087556143461319
m4-head-contrastive-contractive,4,permutation_label_invariant,539,view,0.9733122883577514,-0.2294846167650411
m4-head-contrastive-contractive,4,permutation_label_invariant,436,view,0.993167934040277,-0.11669385071274417
m4-head-contrastive-contractive,4,permutation_label_invariant,453,view,0.9000733217162056,-0.4357384714880663
m4-head-contrastive-contractive,4,permutation_label_invariant,406,view,0.9438806666934118,-0.33028667403091044
m4-head-contrastive-contractive,4,permutation_label_invariant,539,view,0.9645470402586377,-0.26391098334154717
m4-head-contrastive-contractive,4,permutation_label_invariant,436,view,0.9927939114787785,-0.11983425775072637
m4-head-contrastive-contractive,4,permutation_label_invariant,453,view,0.9045795231393262,-0.4263049217602693
m4-head-contrastive-contractive,4,permutation_label_invariant,406,view,0.9382358843419685,-0.3459962793630079
m4-head-contrastive-contractive,4,permutation_label_invariant,539,view,0.9715412170663728,-0.23687056284222302
m4-head-contrastive-contractive,4,permutation_label_invariant,436,view,0.9965434705985081,-0.08307292704293395
m4-head-contrastive-contractive,4,permutation_label_invariant,453,view,0.9023615596859028,-0.4309798320121549
m4-head-contrastive-contractive,4,permutation_label_invariant,406,view,0.9434189436853301,-0.3316032217811771
m4-head-contrastive-contractive,4,permutation_label_invariant,539,view,0.9674855800874472,-0.2529261795917059
m4-head-contrastive-contractive,4,permutation_label_invariant,436,view,0.991568193744969,-0.12958594504551793
m4-head-contrastive-contractive,4,permutation_label_invariant,453,view,0.9053792547402902,-0.4246038213275018
m4-head-contrastive-contractive,4,permutation_label_invariant,406,view,0.9439984524848244,-0.3299498775666647
m4-head-contrastive-contractive,4,permutation_label_invariant,539,view,0.9711958780303511,-0.23828253502272412
m4-head-contrastive-contractive,4,permutation_label_invariant,436,view,0.9905315542117706,-0.13728525088593532
m4-head-contrastive-contractive,4,permutation_label_invariant,453,view,0.8968228270367202,-0.44238989240924703
m4-head-contrastive-contractive,4,permutation_label_invariant,406,view,0.9446826973844809,-0.32798567234314036
m4-head-contrastive-contractive,4,permutation_label_invariant,539,view,0.9673071381801133,-0.25360776885931496
m4-head-contrastive-contractive,4,permutation_label_invariant,436,view,0.9918482651307086,-0.12742456182857256
m4-head-contrastive-contractive,4,permutation_label_invariant,453,view,0.9011885335084966,-0.4334273031003074
m4-head-contrastive-contractive,4,permutation_label_invariant,406,view,0.9435813749763041,-0.3311407386562817
m4-head-contrastive-contractive,4,permutation_label_invariant,539,view,0.9710208865467492,-0.23899463987705935
m4-head-contrastive-contractive,4,permutation_label_invariant,436,view,0.990726182365545,-0.13587358674662692
m4-head-contrastive-contractive,4,permutation_label_invariant,453,view,0.9105286232153251,-0.4134460379609469
m4-head-contrastive-contractive,4,permutation_label_invariant,406,view,0.9431082044045273,-0.33248596178616174
m4-head-contrastive-contractive,4,permutation_label_invariant,539,view,0.9710289505277139,-0.2389618740239682
m4-head-contrastive-contractive,4,permutation_label_invariant,436,view,0.9968000260768533,-0.079935649200998
m4-head-contrastive-contractive,4,permutation_label_invariant,453,view,0.899692143122856,-0.4365249679033295
m4-head-contrastive-contractive,4,permutation_label_invariant,406,view,0.9436664382895736,-0.33089825210458695
m4-head-contrastive-contractive,4,permutation_label_invariant,539,view,0.9716937429095405,-0.23624408985294934
m4-head-contrastive-contractive,4,permutation_label_invariant,436,view,0.9959865408912698,-0.08950313046728066
m4-head-contrastive-contractive,4,permutation_label_invariant,453,view,0.8983185364735727,-0.43934474735448775
m4-head-contrastive-contractive,4,permutation_label_invariant,406,view,0.9579600328950484,-0.2869016824205079
m4-head-contrastive-contractive,4,permutation_label_invariant,539,view,0.96743620236887,-0.2531149824607369
m4-head-contrastive-contractive,4,permutation_label_invariant,436,view,0.9998774143524497,-0.015657466840450763
m4-head-contrastive-contractive,4,permutation_label_invariant,453,view,0.9005568286977542,-0.4347383101198284
m4-head-contrastive-contractive,4,permutation_label_invariant,406,view,0.9439681807867035,-0.3300364732302198
m4-head-contrastive-contractive,4,permutation_label_invariant,539,view,0.9709743278198196,-0.23918372585702785
m4-head-contrastive-contractive,4,permutation_label_invariant,436,view,0.9913592257508782,-0.13117501865301828
m4-head-contrastive-contractive,4,permutation_label_invariant,453,view,0.9053323246998969,-0.42470387548676863
m4-head-contrastive-contractive,4,permutation_label_invariant,406,view,0.945819198935203,-0.32469376791920573
m4-head-contrastive-contractive,4,permutation_label_invariant,539,view,0.971366943011879,-0.23758422090651823
m4-head-contrastive-contractive,4,permutation_label_invariant,436,view,0.9895457504703298,-0.14421930427689628
m4-head-contrastive-contractive,4,permutation_label_invariant,453,view,0.898584036578788,-0.438801469010499
m4-head-contrastive-contractive,4,permutation_label_invariant,406,view,0.9434226965007999,-0.3315925447400165
m4-head-contrastive-contractive,4,permutation_label_invariant,539,view,0.9714683886686062,-0.23716907432804565
m4-head-contrastive-contractive,4,permutation_label_invariant,436,view,0.9911107694935882,-0.1330392520793306
m4-head-contrastive-contractive,4,permutation_label_invariant,453,view,0.9477540881168612,-0.31900186278104575
m4-head-contrastive-contractive,4,permutation_label_invariant,406,view,0.9421660900081504,-0.335146324519238
m4-head-contrastive-contractive,4,permutation_label_invariant,539,view,0.9712790190802085,-0.23794341153851714
m4-head-contrastive-contractive,4,permutation_label_invariant,436,view,0.9958503321526919,-0.0910061313943931
m4-head-contrastive-contractive,4,permutation_label_invariant,453,view,0.8931216314447046,-0.4498152414553665
m4-head-contrastive-contractive,4,permutation_label_invariant,406,view,0.9529597136305213,-0.3030969881032063
m4-head-contrastive-contractive,4,permutation_label_invariant,539,view,0.9655697004807474,-0.2601444858410803
m4-head-contrastive-contractive,4,permutation_label_invariant,436,view,0.9910848301755327,-0.13323235116117849
m4-head-contrastive-contractive,4,permutation_label_invariant,453,view,0.8990773984569456,-0.4377897116012335
m4-head-contrastive-contractive,4,permutation_label_invariant,406,view,0.942397800098712,-0.33449422471712176
m4-head-contrastive-contractive,4,permutation_label_invariant,539,view,0.9715451005691805,-0.23685463381580948
m4-head-contrastive-contractive,4,permutation_label_invariant,436,view,0.9938865792387451,-0.11040592198385839
m4-head-contrastive-contractive,4,permutation_label_invariant,453,view,0.8997005289120718,-0.43650768409655577
m4-head-contrastive-contractive,4,permutation_label_invariant,406,view,0.9424617694201448,-0.33431394404279663
m4-head-contrastive-contractive,4,permutation_label_invariant,539,view,0.9705957321703074,-0.24071544340317175
m4-head-contrastive-contractive,4,permutation_label_invariant,436,view,0.9948642100912458,-0.10121859255849153
m4-head-contrastive-contractive,4,permutation_label_invariant,453,view,0.923790132966211,-0.3828991906941961
m4-head-contrastive-contractive,4,permutation_label_invariant,406,view,0.9430551218117857,-0.3326364941261825
m4-head-contrastive-contractive,4,permutation_label_invariant,539,view,0.9730402284303898,-0.23063545663261525
m4-head-contrastive-contractive,4,permutation_label_invariant,436,view,0.9914209008668389,-0.13070806143611094
m4-head-contrastive-contractive,4,permutation_label_invariant,453,view,0.9642518958311899,-0.26498732306651246
m4-head-contrastive-contractive,4,permutation_label_invariant,406,view,0.9459614896907612,-0.3242789848603145
m4-head-contrastive-contractive,4,permutation_label_invariant,539,view,0.9699876220658759,-0.2431542988289284
m4-head-contrastive-contractive,4,permutation_label_invariant,436,view,0.9914722876457636,-0.13031769960552783
m4-head-contrastive-contractive,4,permutation_label_invariant,453,view,0.8993641705615256,-0.4372002844351536
m4-head-contrastive-contractive,4,permutation_label_invariant,406,view,0.9428347316510992,-0.3332606619335681
m4-head-contrastive-contractive,4,permutation_label_invariant,539,view,0.9708402112850891,-0.23972752063942032
m4-head-contrastive-contractive,4,permutation_label_invariant,436,view,0.9905913226083323,-0.13685332138123413
m4-head-contrastive-contractive,4,permutation_label_invariant,453,view,0.9305462337127554,-0.3661744214483126
m4-head-contrastive-contractive,4,permutation_label_invariant,406,view,0.9436289130231664,-0.3310052484579631
m4-head-contrastive-contractive,4,permutation_label_invariant,539,view,0.9709255126526164,-0.23938180565835518
m4-head-contrastive-contractive,4,permutation_label_invariant,436,view,0.9916663671243154,-0.12883251264515097
m4-head-contrastive-contractive,4,permutation_label_invariant,453,view,0.9018640134132369,-0.4320200242004634
m4-head-contrastive-contractive,4,permutation_label_invariant,406,view,0.9456045423110966,-0.3253183818363508
m4-head-contrastive-contractive,4,permutation_label_invariant,539,view,0.9722262202935885,-0.23404310836605063
m4-head-contrastive-contractive,4,permutation_label_invariant,436,view,0.9924983851443723,-0.12225774202811787
m4-head-contrastive-contractive,4,permutation_label_invariant,453,view,0.901184802422219,-0.43343506074523624
m4-head-contrastive-contractive,4,permutation_label_invariant,406,view,0.9403077953339823,-0.34032521216352163
m4-head-contrastive-contractive,4,permutation_label_invariant,539,view,0.9678643890098663,-0.2514727112164626
m4-head-contrastive-contractive,4,permutation_label_invariant,436,view,0.9925059646466123,-0.12219619527995838
m4-head-contrastive-contractive,4,permutation_label_invariant,453,view,0.8955998179636061,-0.44486061419680206
m4-head-contrastive-contractive,4,permutation_label_invariant,406,view,0.948588815781761,-0.31651107180279897
m4-head-contrastive-contractive,4,permutation_label_invariant,539,view,0.9677186020286247,-0.25203314720045145
m4-head-contrastive-contractive,4,permutation_label_invariant,436,view,0.9919601143464578,-0.1265509049582928
m4-head-contrastive-contractive,4,permutation_label_invariant,453,view,0.9007558259871354,-0.4343258476653605
m4-head-contrastive-contractive,4,permutation_label_invariant,406,view,0.9288130653491988,-0.3705486332947742
m4-head-contrastive-contractive,4,permutation_label_invariant,539,view,0.9715931768883944,-0.23665734432701974
m4-head-contrastive-contractive,4,permutation_label_invariant,436,view,0.9914365695620012,-0.13058915933235601
m4-head-contrastive-contractive,4,permutation_label_invariant,453,view,0.8989407244265853,-0.43807028427799827
m4-head-contrastive-contractive,4,permutation_label_invariant,406,view,0.9397946027693851,-0.3417398200466753
m4-head-contrastive-contractive,4,permutation_label_invariant,539,view,0.9723224185858399,-0.23364313453509172
m4-head-contrastive-contractive,4,permutation_label_invariant,436,view,0.991783486086289,-0.12792777933868837
m4-head-contrastive-contractive,4,permutation_label_invariant,453,view,0.8814100432751428,-0.47235191924423375
m4-head-contrastive-contractive,4,permutation_label_invariant,406,view,0.8923681281455697,-0.4513082359873047
m4-head-contrastive-contractive,4,permutation_label_invariant,539,view,0.9710299921721227,-0.2389576412300048
m4-head-contrastive-contractive,4,permutation_label_invariant,436,view,0.9889812060940235,-0.14804112264101119
m4-head-contrastive-contractive,4,permutation_label_invariant,453,view,0.8959730427083429,-0.44410844029353275
m4-head-contrastive-contractive,4,permutation_label_invariant,406,view,0.9431484421031076,-0.33237180409667966
m4-head-contrastive-contractive,4,permutation_label_invariant,539,view,0.9701709539427928,-0.2424217814589512
m4-head-contrastive-contractive,4,permutation_label_invariant,436,view,0.9909228127692131,-0.13443206140482725
m4-head-contrastive-contractive,4,permutation_label_invariant,453,view,0.8998429191725312,-0.436214076819006
m4-head-contrastive-contractive,4,permutation_label_invariant,406,view,0.9472705243668517,-0.3204349445140935
m4-head-contrastive-contractive,4,permutation_label_invariant,539,view,0.9677806840705464,-0.25179465351739616
m4-head-contrastive-contractive,4,permutation_label_invariant,436,view,0.9913197468579726,-0.13147303711957578
m4-head-contrastive-contractive,4,permutation_label_invariant,453,view,0.8994009636877899,-0.4371245892391268
m4-head-contrastive-contractive,4,permutation_label_invariant,406,view,0.9392329546054217,-0.343280434897141
m4-head-contrastive-contractive,4,permutation_label_invariant,539,view,0.9689085327664293,-0.24741918909495603
m4-head-contrastive-contractive,4,permutation_label_invariant,436,view,0.9919673237544057,-0.1264943817073408
m4-head-contrastive-contractive,4,permutation_label_invariant,453,view,0.9009852861143309,-0.4338496446990336
m4-head-contrastive-contractive,4,permutation_label_invariant,406,view,0.9425688103059849,-0.3340120324754193
m4-head-contrastive-contractive,4,permutation_label_invariant,539,view,0.9723447793754655,-0.23355005891944833
m4-head-contrastive-contractive,4,permutation_label_invariant,436,view,0.9955561369910977,-0.09416994265349844
m4-head-contrastive-contractive,4,permutation_label_invariant,453,view,0.9036564449262372,-0.4282581342406408
m4-head-contrastive-contractive,4,permutation_label_invariant,406,view,0.9412236868898435,-0.33778391204657787
m4-head-contrastive-contractive,4,permutation_label_invariant,539,view,0.9724288652604943,-0.23319970413400606
m4-head-contrastive-contractive,4,permutation_label_invariant,436,view,0.9930397658417346,-0.11777955449479875
m4-head-contrastive-contractive,4,permutation_label_invariant,453,view,0.9044338640136569,-0.42661386009519897
m4-head-contrastive-contractive,4,permutation_label_invariant,406,view,0.9436345447108333,-0.3309891932199278
m4-head-contrastive-contractive,4,permutation_label_invariant,539,view,0.971756917817026,-0.23598409411389223
m4-head-contrastive-contractive,4,permutation_label_invariant,436,view,0.9881758350360345,-0.15332488072989425
m4-head-contrastive-contractive,4,permutation_label_invariant,453,view,0.8975375610188054,-0.4409380076160531
m4-head-contrastive-contractive,4,permutation_label_invariant,406,view,0.9495978828795085,-0.3134706698094026
m4-head-contrastive-contractive,4,permutation_label_invariant,539,view,0.9716860988362789,-0.23627552841615604
m4-head-contrastive-contractive,4,permutation_label_invariant,436,view,0.9633141990516577,-0.26837614257877596
m4-head-contrastive-contractive,4,permutation_label_invariant,453,view,0.9009455272761466,-0.43393220309295605
m4-head-contrastive-contractive,4,permutation_label_invariant,406,view,0.9439806603284745,-0.33000077715941406
m4-head-contrastive-contractive,4,permutation_label_invariant,539,view,0.9710350876655244,-0.23893693419479486
m4-head-contrastive-contractive,4,permutation_label_invariant,436,view,0.9984044926650683,0.056466530141385606
m4-head-contrastive-contractive,4,permutation_label_invariant,453,view,0.8722556199564542,-0.48905023612547405
m4-head-contrastive-contractive,4,permutation_label_invariant,406,view,0.9287872104640379,-0.3706134342929721
m4-head-contrastive-contractive,4,permutation_label_invariant,539,view,0.977570009334179,-0.2106107234933053
m4-head-contrastive-contractive,4,permutation_label_invariant,436,view,0.9972825684484126,-0.0736714236928908
m4-head-contrastive-contractive,4,permutation_label_invariant,453,view,0.8923906622571466,-0.45126367670825435
m4-head-contrastive-contractive,4,permutation_label_invariant,406,view,0.9497149706525123,-0.3131157525875976
m4-head-contrastive-contractive,4,permutation_label_invariant,539,view,0.9712351589685985,-0.23812237606584064
m4-head-contrastive-contractive,4,permutation_label_invariant,436,view,0.9923375530075281,-0.1235563874958782
m4-head-contrastive-contractive,4,permutation_label_invariant,453,view,0.898222265124517,-0.4395415366431051
m4-head-contrastive-contractive,4,permutation_label_invariant,406,view,0.9448077739614505,-0.32762519784352473
m4-head-contrastive-contractive,4,permutation_label_invariant,539,view,0.9716057893190779,-0.23660555817996307
m0-reconstruction,0,permutation_random,436,original,0.9918589106316105,-0.12734167189366982
m0-reconstruction,0,permutation_random,453,original,0.8890568265869234,-0.4577968535269648
m0-reconstruction,0,permutation_random,406,original,0.9379805031263138,-0.34668800924593196
m0-reconstruction,0,permutation_random,539,original,0.9694776225241416,-0.2451798103942045
m0-reconstruction,0,permutation_random,436,view,0.9917992432196258,-0.12780555992983111
m0-reconstruction,0,permutation_random,453,view,0.8887835998084812,-0.45832708049108073
m0-reconstruction,0,permutation_random,406,view,0.9380515537408797,-0.3464957179018546
m0-reconstruction,0,permutation_random,539,view,0.9702204518390015,-0.24222360502916265
m0-reconstruction,0,permutation_random,436,view,0.9939556280403259,-0.10978255547654843
m0-reconstruction,0,permutation_random,453,view,0.8648338774557369,-0.5020581285119039
m0-reconstruction,0,permutation_random,406,view,0.939199508501826,-0.34337193133674837
m0-reconstruction,0,permutation_random,539,view,0.9697929569727383,-0.2439295402489672
m0-reconstruction,0,permutation_random,436,view,0.9917283089869837,-0.12835482520660269
m0-reconstruction,0,permutation_random,453,view,0.8903414558303571,-0.4552934131193645
m0-reconstruction,0,permutation_random,406,view,0.929150713717034,-0.3697011647251417
m0-reconstruction,0,permutation_random,539,view,0.9684437443316906,-0.24923224924719337
m0-reconstruction,0,permutation_random,436,view,0.9917762558028459,-0.12798382095283775
m0-reconstruction,0,permutation_random,453,view,0.8889822582946504,-0.45794163868045856
m0-reconstruction,0,permutation_random,406,view,0.9569980680451399,-0.2900942911500841
m0-reconstruction,0,permutation_random,539,view,0.9562459729299054,-0.2925639062757717
m0-reconstruction,0,permutation_random,436,view,0.9909017933337874,-0.13458690860512476
m0-reconstruction,0,permutation_random,453,view,0.8964898475138602,-0.4430642767190508
m0-reconstruction,0,permutation_random,406,view,0.9580456031471258,-0.2866158095612663
m0-reconstruction,0,permutation_random,539,view,0.9694558008171397,-0.24526608053703325
m0-reconstruction,0,permutation_random,436,view,0.9900332957201391,-0.1408334951832115
m0-reconstruction,0,permutation_random,453,view,0.8922940755127525,-0.45145462984096435
m0-reconstruction,0,permutation_random,406,view,0.9373032747659207,-0.3485148075951451
m0-reconstruction,0,permutation_random,539,view,0.9714815800576624,-0.23711503454793342
m0-reconstruction,0,permutation_random,436,view,0.9911718754372734,-0.13258323175333403
m0-reconstruction,0,permutation_random,453,view,0.8897317444383172,-0.4564837597754698
m0-reconstruction,0,permutation_random,406,view,0.9471376074410053,-0.3208276056871169
m0-reconstruction,0,permutation_random,539,view,0.9696919252881484,-0.24433086180620714
m0-reconstruction,0,permutation_random,436,view,0.9915486853540879,-0.12973513237585269
m0-reconstruction,0,permutation_random,453,view,0.88796391328493,-0.45991313169305537
m0-reconstruction,0,permutation_random,406,view,0.9475490151309673,-0.31961048781968016
m0-reconstruction,0,permutation_random,539,view,0.9704925511446771,-0.24113110162875367
m0-reconstruction,0,permutation_random,436,view,0.992295077040211,-0.12389705437080274
m0-reconstruction,0,permutation_random,453,view,0.8884172590298768,-0.459036789220473
m0-reconstruction,0,permutation_random,406,view,0.9351975987826078,-0.354126321008824
m0-reconstruction,0,permutation_random,539,view,0.9789589240674211,-0.2040574061110187
m0-reconstruction,0,permutation_random,436,view,0.9922421987352983,-0.12431982564716178
m0-reconstruction,0,permutation_random,453,view,0.9041195825923696,-0.4272795108275136
m0-reconstruction,0,permutation_random,406,view,0.9376721513464646,-0.3475211311406729
m0-reconstruction,0,permutation_random,539,view,0.9696809820417712,-0.24437428888184257
m0-reconstruction,0,permutation_random,436,view,0.9932326782983901,-0.11614149456678607
m0-reconstruction,0,permutation_random,453,view,0.8878275782117385,-0.46017626119420724
m0-reconstruction,0,permutation_random,406,view,0.9426659171518884,-0.3337378741470454
m0-reconstruction,0,permutation_random,539,view,0.9716941703001377,-0.23624233194905395
m0-reconstruction,0,permutation_random,436,view,0.992384900846665,-0.12317551936791152
m0-reconstruction,0,permutation_random,453,view,0.8886663378071465,-0.4585544024959683
m0-reconstruction,0,permutation_random,406,view,0.9376775859936354,-0.34750646717025085
m0-reconstruction,0,permutation_random,539,view,0.9345493818746433,-0.3558334622231616
m0-reconstruction,0,permutation_random,436,view,0.9919690006137301,-0.1264812311032654
m0-reconstruction,0,permutation_random,453,view,0.8905286240942455,-0.4549272135944496
m0-reconstruction,0,permutation_random,406,view,0.9228745886294631,-0.38510062796884575
m0-reconstruction,0,permutation_random,539,view,0.9697690978224569,-0.2440243776933322
m0-reconstruction,0,permutation_random,436,view,0.9943836523606213,-0.10583549460342202
m0-reconstruction,0,permutation_random,453,view,0.8908447369043014,-0.4543078853926113
m0-reconstruction,0,permutation_random,406,view,0.9381016181364826,-0.3463601507819757
m0-reconstruction,0,permutation_random,539,view,0.9697904018049592,-0.24393969862852502
m0-reconstruction,0,permutation_random,436,view,0.992320113737686,-0.12369636967844316
m0-reconstruction,0,permutation_random,453,view,0.8938820337030082,-0.4483022527525087
m0-reconstruction,0,permutation_random,406,view,0.9372626014258363,-0.34862417582329813
m0-reconstruction,0,permutation_random,539,view,0.9690765320906138,-0.2467603593595001
m0-reconstruction,0,permutation_random,436,view,0.9905656747083857,-0.1370388415359688
m0-reconstruction,0,permutation_random,453,view,0.8858004635719243,-0.4640663085548917
m0-reconstruction,0,permutation_random,406,view,0.9399722360398182,-0.34125092743361773
m0-reconstruction,0,permutation_random,539,view,0.9676948892707223,-0.25212417829181827
m0-reconstruction,0,permutation_random,436,view,0.9923818134302741,-0.12320039112292007
m0-reconstruction,0,permutation_random,453,view,0.7624123020633062,-0.6470915558578477
m0-reconstruction,0,permutation_random,406,view,0.9377478137520172,-0.34731691263644515
m0-reconstruction,0,permutation_random,539,view,0.9694766581008406,-0.24518362383655612
m0-reconstruction,0,permutation_random,436,view,0.9910661186757129,-0.13337146776225325
m0-reconstruction,0,permutation_random,453,view,0.8933271283615972,-0.44940698896793124
m0-reconstruction,0,permutation_random,406,view,0.9380675669877856,-0.3464523629095585
m0-reconstruction,0,permutation_random,539,view,0.9699335657157777,-0.24336983810217083
m0-reconstruction,0,permutation_random,436,view,0.997155209124845,-0.07537565200505184
m0-reconstruction,0,permutation_random,453,view,0.8891654824525381,-0.457585778641497
m0-reconstruction,0,permutation_random,406,view,0.9419426262331885,-0.33577386569672696
m0-reconstruction,0,permutation_random,539,view,0.9727697960547658,-0.23177343222114388
m0-reconstruction,0,permutation_random,436,view,0.9968842303169033,-0.07887858610215477
m0-reconstruction,0,permutation_random,453,view,0.8856358572516525,-0.46438037033247936
m0-reconstruction,0,permutation_random,406,view,0.9568273731414096,-0.29065680450887343
m0-reconstruction,0,permutation_random,539,view,0.9635345211408748,-0.2675840551487046
m0-reconstruction,0,permutation_random,436,view,0.9991658808514444,0.040835554879994684
m0-reconstruction,0,permutation_random,453,view,0.8912583646854922,-0.45349589565743814
m0-reconstruction,0,permutation_random,406,view,0.9380129624919181,-0.34660017627972356
m0-reconstruction,0,permutation_random,539,view,0.970131908841007,-0.24257798632296435
m0-reconstruction,0,permutation_random,436,view,0.991437520544276,-0.13058193924512726
m0-reconstruction,0,permutation_random,453,view,0.8918324407380744,-0.4523658891286663
m0-reconstruction,0,permutation_random,406,view,0.9414759747018575,-0.3370800929440768
m0-reconstruction,0,permutation_random,539,view,0.9643154618832137,-0.26475590639863783
m0-reconstruction,0,permutation_random,436,view,0.9881762150660837,-0.15332243142368004
m0-reconstruction,0,permutation_random,453,view,0.8790370648821918,-0.4767534358169863
m0-reconstruction,0,permutation_random,406,view,0.9384207542379951,-0.34549455569573345
m0-reconstruction,0,permutation_random,539,view,0.9683169662297072,-0.24972435386180528
m0-reconstruction,0,permutation_random,436,view,0.9922788784557621,-0.1240267203894984
m0-reconstruction,0,permutation_random,453,view,0.9040831383417988,-0.4273566180206457
m0-reconstruction,0,permutation_random,406,view,0.9353706912782006,-0.353668870410927
m0-reconstruction,0,permutation_random,539,view,0.9690913081522247,-0.24670232358818578
m0-reconstruction,0,permutation_random,436,view,0.9960086570884136,-0.08925668044989629
m0-reconstruction,0,permutation_random,453,view,0.8827874387742891,-0.4697726449489484
m0-reconstruction,0,permutation_random,406,view,0.9484930892337688,-0.3167978214504986
m0-reconstruction,0,permutation_random,539,view,0.9579750214203947,-0.28685163122177687
m0-reconstruction,0,permutation_random,436,view,0.9916282909030678,-0.1291252596537977
m0-reconstruction,0,permutation_random,453,view,0.8924080050508448,-0.4512293790536818
m0-reconstruction,0,permutation_random,406,view,0.9380151972633491,-0.34659412820040686
m0-reconstruction,0,permutation_random,539,view,0.96996703448284,-0.24323641178196398
m0-reconstruction,0,permutation_random,436,view,0.9947082781607081,-0.10273967762534245
m0-reconstruction,0,permutation_random,453,view,0.8868416029976034,-0.4620735560412878
m0-reconstruction,0,permutation_random,406,view,0.8947983928109658,-0.4464704203224581
m0-reconstruction,0,permutation_random,539,view,0.9692784536786698,-0.24596601235594853
m0-reconstruction,0,permutation_random,436,view,0.9941599872595408,-0.1079162625933165
m0-reconstruction,0,permutation_random,453,view,0.9098922918715212,-0.4148445699208206
m0-reconstruction,0,permutation_random,406,view,0.9373064824589772,-0.34850618063440314
m0-reconstruction,0,permutation_random,539,view,0.9720798991202515,-0.23465010063147612
m0-reconstruction,0,permutation_random,436,view,0.9918894958636147,-0.12710321787989626
m0-reconstruction,0,permutation_random,453,view,0.9534434893689835,-0.301571737037636
m0-reconstruction,0,permutation_random,406,view,0.9405609190429187,-0.33962502494536534
m0-reconstruction,0,permutation_random,539,view,0.9690878854891767,-0.24671576803705972
m0-reconstruction,0,permutation_random,436,view,0.9922683926443528,-0.12411058358976686
m0-reconstruction,0,permutation_random,453,view,0.8894124818985719,-0.45710549881074786
m0-reconstruction,0,permutation_random,406,view,0.9390505800485741,-0.34377901057283383
m0-reconstruction,0,permutation_random,539,view,0.9686541775748911,-0.24841313223481415
m0-reconstruction,0,permutation_random,436,view,0.9908736879033347,-0.13479367426123806
m0-reconstruction,0,permutation_random,453,view,0.9155964298796445,-0.40209846753208267
m0-reconstruction,0,permutation_random,406,view,0.94009512555353,-0.3409122393087297
m0-reconstruction,0,permutation_random,539,view,0.9701259697834895,-0.24260173690978415
m0-reconstruction,0,permutation_random,436,view,0.9913297327168425,-0.1313977208004526
m0-reconstruction,0,permutation_random,453,view,0.8932937720620655,-0.4494732881886606
m0-reconstruction,0,permutation_random,406,view,0.9416586377687576,-0.3365694726434468
m0-reconstruction,0,permutation_random,539,view,0.9704485324244732,-0.24130819694984698
m0-reconstruction,0,permutation_random,436,view,0.9923105834008195,-0.12377280020555897
m0-reconstruction,0,permutation_random,453,view,0.8920716058026839,-0.4518940695789456
m0-reconstruction,0,permutation_random,406,view,0.9367571262232152,-0.349980122964181
m0-reconstruction,0,permutation_random,539,view,0.9673482655898855,-0.253450849397354
m0-reconstruction,0,permutation_random,436,view,0.9904025826546736,-0.13821260532582566
m0-reconstruction,0,permutation_random,453,view,0.8843628884594921,-0.4668000444682757
m0-reconstruction,0,permutation_random,406,view,0.9416245904449977,-0.33666471550979377
m0-reconstruction,0,permutation_random,539,view,0.9698474020700999,-0.24371298015878784
m0-reconstruction,0,permutation_random,436,view,0.988092633611377,-0.15386015534547348
m0-reconstruction,0,permutation_random,453,view,0.8906771480608553,-0.45463635789736534
m0-reconstruction,0,permutation_random,406,view,0.9079882271105577,-0.41899567948682526
m0-reconstruction,0,permutation_random,539,view,0.9681657769759912,-0.2503098645528685
m0-reconstruction,0,permutation_random,436,view,0.99318282878019,-0.11656701341365662
m0-reconstruction,0,permutation_random,453,view,0.887294421687472,-0.4612034358526556
m0-reconstruction,0,permutation_random,406,view,0.9429430842525619,-0.332953960571527
m0-reconstruction,0,permutation_random,539,view,0.9741787021912564,-0.22577833420627286
m0-reconstruction,0,permutation_random,436,view,0.9909349879675753,-0.13434228530772213
m0-reconstruction,0,permutation_random,453,view,0.8695661813995386,-0.49381641949840505
m0-reconstruction,0,permutation_random,406,view,0.8750949694644622,-0.48395123144588853
m0-reconstruction,0,permutation_random,539,view,0.9685496033223605,-0.24882054960171235
m0-reconstruction,0,permutation_random,436,view,0.9882735273793957,-0.15269392614340208
m0-reconstruction,0,permutation_random,453,view,0.8876865385495222,-0.46044826992613164
m0-reconstruction,0,permutation_random,406,view,0.9387138417205931,-0.34469743741746206
m0-reconstruction,0,permutation_random,539,view,0.9681861807447935,-0.25023093217028536
m0-reconstruction,0,permutation_random,436,view,0.9925640874400014,-0.1217231790761208
m0-reconstruction,0,permutation_random,453,view,0.8887301777970108,-0.45843066113960296
m0-reconstruction,0,permutation_random,406,view,0.9497880390817471,-0.312894040878457
m0-reconstruction,0,permutation_random,539,view,0.9726872167818172,-0.23211974993361076
m0-reconstruction,0,permutation_random,436,view,0.9911865062596226,-0.1324738080106521
m0-reconstruction,0,permutation_random,453,view,0.8879770164025292,-0.4598878323470435
m0-reconstruction,0,permutation_random,406,view,0.9342591857289161,-0.35659469132495897
m0-reconstruction,0,permutation_random,539,view,0.9711251601639175,-0.23857058346872043
m0-reconstruction,0,permutation_random,436,view,0.9918437457769483,-0.1274597346739444
m0-reconstruction,0,permutation_random,453,view,0.8649769666617039,-0.5018115653756077
m0-reconstruction,0,permutation_random,406,view,0.93803965212579,-0.3465279368820455
m0-reconstruction,0,permutation_random,539,view,0.9704745902764,-0.24120337814353604
m0-reconstruction,0,permutation_random,436,view,0.995891111564602,-0.09055878702048471
m0-reconstruction,0,permutation_random,453,view,0.8877599024626655,-0.46030680592348266
m0-reconstruction,0,permutation_random,406,view,0.9389861242913096,-0.343955023787101
m0-reconstruction,0,permutation_random,539,view,0.9720491337273387,-0.23477751514983403
m0-reconstruction,0,permutation_random,436,view,0.9934442151444173,-0.11431793995735212
m0-reconstruction,0,permutation_random,453,view,0.8885083643051441,-0.4588604216532489
m0-reconstruction,0,permutation_random,406,view,0.938023903257972,-0.3465705655659158
m0-reconstruction,0,permutation_random,539,view,0.9699348689157659,-0.24336464423033186
m0-reconstruction,0,permutation_random,436,view,0.9825226111128783,-0.18614327452779927
m0-reconstruction,0,permutation_random,453,view,0.8978611398642558,-0.4402787452531173
m0-reconstruction,0,permutation_random,406,view,0.939496833295039,-0.34255758673337494
m0-reconstruction,0,permutation_random,539,view,0.9697270006462003,-0.24419161373340495
m0-reconstruction,0,permutation_random,436,view,0.9842462423338746,-0.1768030951415947
m0-reconstruction,0,permutation_random,453,view,0.8889865980667102,-0.45793321397096476
m0-reconstruction,0,permutation_random,406,view,0.9400874002715437,-0.34093354169205825
m0-reconstruction,0,permutation_random,539,view,0.9691870384024742,-0.24632597222510008
m0-reconstruction,0,permutation_random,436,view,0.9925482102999836,0.12185257580494335
m0-reconstruction,0,permutation_random,453,view,0.8567306675378181,-0.5157640577824364
m0-reconstruction,0,permutation_random,406,view,0.9187500664148383,-0.3948396072618984
m0-reconstruction,0,permutation_random,539,view,0.9754912109729682,-0.22003839963627278
m0-reconstruction,0,permutation_random,436,view,0.9961138467489635,-0.08807499256305554
m0-reconstruction,0,permutation_random,453,view,0.8800895560005698,-0.4748077225769607
m0-reconstruction,0,permutation_random,406,view,0.9439171465067174,-0.330182404937962
m0-reconstruction,0,permutation_random,539,view,0.9694715636935937,-0.24520376667069843
m0-reconstruction,0,permutation_random,436,view,0.992547014489852,-0.12186231586212903
m0-reconstruction,0,permutation_random,453,view,0.8971940907318872,-0.44163646085415365
m0-reconstruction,0,permutation_random,406,view,0.940630447172811,-0.33943241131553376
m0-reconstruction,0,permutation_random,539,view,0.9534120723626559,-0.30167104646144904
m1-head,1,permutation_random,436,original,0.9919435042644389,-0.12668103389057364
m1-head,1,permutation_random,453,original,0.8845988434622052,-0.4663527486198928
m1-head,1,permutation_random,406,original,0.9353511454360326,-0.35372056023293547
m1-head,1,permutation_random,539,original,0.9692186798638527,-0.24620144313746548
m1-head,1,permutation_random,436,view,0.9918664595502878,-0.12728285987978577
m1-head,1,permutation_random,453,view,0.8844099732293116,-0.46671083044271433
m1-head,1,permutation_random,406,view,0.9354078418538894,-0.3535706003024701
m1-head,1,permutation_random,539,view,0.9700408781635417,-0.2429417516436909
m1-head,1,permutation_random,436,view,0.9939274351175434,-0.11003751051646474
m1-head,1,permutation_random,453,view,0.8608291525841034,-0.5088940656574157
m1-head,1,permutation_random,406,view,0.9363219415491213,-0.3511427370367834
m1-head,1,permutation_random,539,view,0.9693528723640754,-0.24567256427919693
m1-head,1,permutation_random,436,view,0.9917391546023023,-0.1282709991724959
m1-head,1,permutation_random,453,view,0.8858713187150359,-0.4639310365540153
m1-head,1,permutation_random,406,view,0.9237595960682708,-0.382972856312017
m1-head,1,permutation_random,539,view,0.9680633508595148,-0.25070570141631804
m1-head,1,permutation_random,436,view,0.991989210526801,-0.12632262742048214
m1-head,1,permutation_random,453,view,0.8846275395711141,-0.4662983124914317
m1-head,1,permutation_random,406,view,0.9573283456668519,-0.2890024888868058
m1-head,1,permutation_random,539,view,0.9556694814943646,-0.2944415767861127
m1-head,1,permutation_random,436,view,0.9911145486880252,-0.13301109494674432
m1-head,1,permutation_random,453,view,0.8932374377007805,-0.44958523095153385
m1-head,1,permutation_random,406,view,0.9548638936598544,-0.29704367454086966
m1-head,1,permutation_random,539,view,0.9693156079796968,-0.24581955196230884
m1-head,1,permutation_random,436,view,0.9897086915836504,-0.14309684064918646
m1-head,1,permutation_random,453,view,0.889425097531614,-0.45708095112450114
m1-head,1,permutation_random,406,view,0.9346994672458039,-0.35543903264893445
m1-head,1,permutation_random,539,view,0.9713157558482947,-0.23779340285393888
m1-head,1,permutation_random,436,view,0.9910652035642825,-0.13337826766039138
m1-head,1,permutation_random,453,view,0.8849283875627573,-0.46572711847773923
m1-head,1,permutation_random,406,view,0.9439308647130551,-0.33014318506076074
m1-head,1,permutation_random,539,view,0.9695430063343334,-0.24492112785176895
m1-head,1,permutation_random,436,view,0.9915453792140266,-0.12976039827047392
m1-head,1,permutation_random,453,view,0.883448797017489,-0.46852771854859493
m1-head,1,permutation_random,406,view,0.9478273364903578,-0.3187841592701779
m1-head,1,permutation_random,539,view,0.9701598488896063,-0.24246621950798908
m1-head,1,permutation_random,436,view,0.9923373989932229,-0.12355762444853303
m1-head,1,permutation_random,453,view,0.8842039116271998,-0.4671011053970636
m1-head,1,permutation_random,406,view,0.9330907348485964,-0.3596410440143145
m1-head,1,permutation_random,539,view,0.9784924443581383,-0.20628266125400732
m1-head,1,permutation_random,436,view,0.9923304507272099,-0.12361341577487464
m1-head,1,permutation_random,453,view,0.9013425424403246,-0.4331069396664192
m1-head,1,permutation_random,406,view,0.9346132058980876,-0.3556657916652917
m1-head,1,permutation_random,539,view,0.9694328316906142,-0.24535685203457655
m1-head,1,permutation_random,436,view,0.9930626438281883,-0.11758650191653927
m1-head,1,permutation_random,453,view,0.8840725472592279,-0.46734968833046187
m1-head,1,permutation_random,406,view,0.9396109161151208,-0.34224454169102986
m1-head,1,permutation_random,539,view,0.9713324463937583,-0.23772521654783785
m1-head,1,permutation_random,436,view,0.9923095665607111,-0.12378095213761034
m1-head,1,permutation_random,453,view,0.8843055222283214,-0.4669087098743129
m1-head,1,permutation_random,406,view,0.9353389175344441,-0.3537528930560064
m1-head,1,permutation_random,539,view,0.9316537939813918,-0.3633472280891628
m1-head,1,permutation_random,436,view,0.992174993758957,-0.12485504298751134
m1-head,1,permutation_random,453,view,0.8852791371022938,-0.4650600492532313
m1-head,1,permutation_random,406,view,0.9182228428021707,-0.396064150051857
m1-head,1,permutation_random,539,view,0.9700026151206986,-0.24309448093078087
m1-head,1,permutation_random,436,view,0.9942181056280746,-0.1073795066170574
m1-head,1,permutation_random,453,view,0.8864877649664732,-0.46275203139991394
m1-head,1,permutation_random,406,view,0.9354505279561138,-0.3534576491556347
m1-head,1,permutation_random,539,view,0.9697348603651911,-0.24416039931263042
m1-head,1,permutation_random,436,view,0.9923804861280077,-0.12321108210034877
m1-head,1,permutation_random,453,view,0.8905616090265948,-0.45486263918677955
m1-head,1,permutation_random,406,view,0.9348206169946298,-0.3551202810904767
m1-head,1,permutation_random,539,view,0.9688717069938038,-0.24756335630886972
m1-head,1,permutation_random,436,view,0.9904592729658932,-0.1378057640154215
m1-head,1,permutation_random,453,view,0.88204724645586,-0.4711609650847947
m1-head,1,permutation_random,406,view,0.9371708262354093,-0.34887081054917757
m1-head,1,permutation_random,539,view,0.9674865483616296,-0.25292247574958626
m1-head,1,permutation_random,436,view,0.9925879936957087,-0.1215280822325749
m1-head,1,permutation_random,453,view,0.7510502158452517,-0.6602450857664905
m1-head,1,permutation_random,406,view,0.9351364452238903,-0.3542877768340669
m1-head,1,permutation_random,539,view,0.9691743861180183,-0.24637574818305918
m1-head,1,permutation_random,436,view,0.9911088482885533,-0.13305356381599534
m1-head,1,permutation_random,453,view,0.8881085780806969,-0.45963371671308306
m1-head,1,permutation_random,406,view,0.9355256784928355,-0.3532586939914142
m1-head,1,permutation_random,539,view,0.9692505432456227,-0.24607597285811023
m1-head,1,permutation_random,436,view,0.9969440143684025,-0.07811934597149608
m1-head,1,permutation_random,453,view,0.8846623832904882,-0.46623220351107586
m1-head,1,permutation_random,406,view,0.9394437941237808,-0.3427030167394436
m1-head,1,permutation_random,539,view,0.9714165312716282,-0.2373813867433536
m1-head,1,permutation_random,436,view,0.9972714561872998,-0.07382169514487115
m1-head,1,permutation_random,453,view,0.8816470087060687,-0.4719094744118208
m1-head,1,permutation_random,406,view,0.9540624410371681,-0.2996078413563301
m1-head,1,permutation_random,539,view,0.9629825644874555,-0.2695636854124893
m1-head,1,permutation_random,436,view,0.9986692131211318,0.05157327567664348
m1-head,1,permutation_random,453,view,0.886114374134932,-0.4634666287355086
m1-head,1,permutation_random,406,view,0.9352855734610269,-0.3538939051123627
m1-head,1,permutation_random,539,view,0.9697455890075525,-0.24411778427716987
m1-head,1,permutation_random,436,view,0.9914637954563182,-0.1303822928903752
m1-head,1,permutation_random,453,view,0.8885971125890694,-0.45868853430009404
m1-head,1,permutation_random,406,view,0.9383360970796962,-0.3457244118040302
m1-head,1,permutation_random,539,view,0.9627694263701883,-0.2703239383532623
m1-head,1,permutation_random,436,view,0.9879822015985125,-0.15456768525327721
m1-head,1,permutation_random,453,view,0.8727824505686179,-0.48810940779648737
m1-head,1,permutation_random,406,view,0.9352887624848806,-0.35388547691237693
m1-head,1,permutation_random,539,view,0.9674698048480055,-0.2529865148725554
m1-head,1,permutation_random,436,view,0.9923651344424715,-0.12333466642828064
m1-head,1,permutation_random,453,view,0.9042837146668682,-0.42693203602949503
m1-head,1,permutation_random,406,view,0.9330070821597817,-0.3598580062186892
m1-head,1,permutation_random,539,view,0.9688282658687408,-0.2477333067106003
m1-head,1,permutation_random,436,view,0.9962931461390103,-0.08602306060837484
m1-head,1,permutation_random,453,view,0.8780560264949845,-0.4785578484737647
m1-head,1,permutation_random,406,view,0.9460991925172526,-0.3238770104811425
m1-head,1,permutation_random,539,view,0.9570014624744911,-0.29008309296076673
m1-head,1,permutation_random,436,view,0.991668102028506,-0.12881915781117556
m1-head,1,permutation_random,453,view,0.8866616123654092,-0.4624188416982732
m1-head,1,permutation_random,406,view,0.9355174092217121,-0.35328059250841315
m1-head,1,permutation_random,539,view,0.9695879516892397,-0.24474313869660155
m1-head,1,permutation_random,436,view,0.9948742790814031,-0.10111957684967901
m1-head,1,permutation_random,453,view,0.8821326580127812,-0.4710010336159627
m1-head,1,permutation_random,406,view,0.8877835112947785,-0.46026127044659493
m1-head,1,permutation_random,539,view,0.9691047561260832,-0.2466494914930997
m1-head,1,permutation_random,436,view,0.9948551951078521,-0.10130716049182921
m1-head,1,permutation_random,453,view,0.9054930901630718,-0.4243610062988008
m1-head,1,permutation_random,406,view,0.9348879837182205,-0.3549428938565755
m1-head,1,permutation_random,539,view,0.9712891838893994,-0.23790191520764226
m1-head,1,permutation_random,436,view,0.9921202418126898,-0.12528936820628467
m1-head,1,permutation_random,453,view,0.9485213217599013,-0.3167132806922524
m1-head,1,permutation_random,406,view,0.9367847218295884,-0.34990625165415407
m1-head,1,permutation_random,539,view,0.9690479813622959,-0.2468724565796257
m1-head,1,permutation_random,436,view,0.992419425014814,-0.12289704981514321
m1-head,1,permutation_random,453,view,0.8850553789279116,-0.4654857422421984
m1-head,1,permutation_random,406,view,0.9366352432069921,-0.35030618205018643
m1-head,1,permutation_random,539,view,0.968343218747086,-0.24962253645561094
m1-head,1,permutation_random,436,view,0.9910289765453486,-0.13364717598018563
m1-head,1,permutation_random,453,view,0.9145752127181951,-0.40441585068029623
m1-head,1,permutation_random,406,view,0.9375162511560334,-0.3479414876359776
m1-head,1,permutation_random,539,view,0.9699419155147464,-0.24333655814033445
m1-head,1,permutation_random,436,view,0.9915421606754729,-0.1297849898987343
m1-head,1,permutation_random,453,view,0.8911222431480521,-0.4537633169029682
m1-head,1,permutation_random,406,view,0.9408229720995768,-0.338898414233113
m1-head,1,permutation_random,539,view,0.9703911874600094,-0.24153869938366562
m1-head,1,permutation_random,436,view,0.9924020845153065,-0.12303699707679039
m1-head,1,permutation_random,453,view,0.8875453412200673,-0.46072037862303616
m1-head,1,permutation_random,406,view,0.934554484986522,-0.3558200592878039
m1-head,1,permutation_random,539,view,0.9668923190678,-0.2551847239309036
m1-head,1,permutation_random,436,view,0.9909230472461412,-0.13443033302205784
m1-head,1,permutation_random,453,view,0.8800449053666518,-0.4748904763608138
m1-head,1,permutation_random,406,view,0.9387840220358673,-0.3445062553425701
m1-head,1,permutation_random,539,view,0.9695785960893609,-0.24478019937360887
m1-head,1,permutation_random,436,view,0.9885984423226515,-0.15057596035631696
m1-head,1,permutation_random,453,view,0.8858148447997832,-0.46403885692077124
m1-head,1,permutation_random,406,view,0.9040054273236259,-0.4275209788646965
m1-head,1,permutation_random,539,view,0.9679004519813723,-0.2513338716811856
m1-head,1,permutation_random,436,view,0.9929732837132472,-0.11833874188840597
m1-head,1,permutation_random,453,view,0.8830061341079053,-0.46936144614551756
m1-head,1,permutation_random,406,view,0.9392054115371857,-0.3433557847761782
m1-head,1,permutation_random,539,view,0.9733151166763396,-0.2294726206965075
m1-head,1,permutation_random,436,view,0.9911400405585206,-0.1328210073808127
m1-head,1,permutation_random,453,view,0.8649905366411658,-0.5017881739551341
m1-head,1,permutation_random,406,view,0.8689908475514508,-0.49482815893177584
m1-head,1,permutation_random,539,view,0.9690508899790444,-0.24686103911071441
m1-head,1,permutation_random,436,view,0.989349243369569,-0.14556124018453945
m1-head,1,permutation_random,453,view,0.883699997635676,-0.4680537513776661
m1-head,1,permutation_random,406,view,0.9361047491114795,-0.35172133670127786
m1-head,1,permutation_random,539,view,0.9680865445094677,-0.250616125458275
m1-head,1,permutation_random,436,view,0.9922830156709129,-0.12399361600920673
m1-head,1,permutation_random,453,view,0.8842696279377488,-0.46697668582792773
m1-head,1,permutation_random,406,view,0.9485068528223983,-0.31675661026875007
m1-head,1,permutation_random,539,view,0.9721011530708181,-0.23456203486153882
m1-head,1,permutation_random,436,view,0.9912034988159055,-0.13234660530254158
m1-head,1,permutation_random,453,view,0.8836026186461399,-0.46823755970840697
m1-head,1,permutation_random,406,view,0.9313701895319055,-0.3640735777989145
m1-head,1,permutation_random,539,view,0.9706005971508003,-0.24069582632548867
m1-head,1,permutation_random,436,view,0.9919992352291306,-0.12624388026680725
m1-head,1,permutation_random,453,view,0.8604743659700087,-0.5094937345134987
m1-head,1,permutation_random,406,view,0.9354378165510956,-0.35349128895365806
m1-head,1,permutation_random,539,view,0.970431477816893,-0.2413767736591923
m1-head,1,permutation_random,436,view,0.9956063569789981,-0.0936375028661463
m1-head,1,permutation_random,453,view,0.8823377999392291,-0.47061662401406995
m1-head,1,permutation_random,406,view,0.9369925601960762,-0.349349312489952
m1-head,1,permutation_random,539,view,0.9714011872560392,-0.2374441690114902
m1-head,1,permutation_random,436,view,0.9937752324083695,-0.1114037138146256
m1-head,1,permutation_random,453,view,0.884831441314538,-0.46591127960292733
m1-head,1,permutation_random,406,view,0.935338010261873,-0.3537552919171105
m1-head,1,permutation_random,539,view,0.9697642310281379,-0.24404371784252968
m1-head,1,permutation_random,436,view,0.982451432714874,-0.1865185844801828
m1-head,1,permutation_random,453,view,0.8924046235318768,-0.451236066708911
m1-head,1,permutation_random,406,view,0.9366451423581884,-0.3502797129392579
m1-head,1,permutation_random,539,view,0.9694426516777778,-0.2453180488834003
m1-head,1,permutation_random,436,view,0.9849790591269109,-0.17267383438571443
m1-head,1,permutation_random,453,view,0.8845786625130563,-0.46639102674323846
m1-head,1,permutation_random,406,view,0.9375738076809242,-0.34778636423915893
m1-head,1,permutation_random,539,view,0.9688432681705931,-0.2476746287380365
m1-head,1,permutation_random,436,view,0.9951550189329276,0.0983183009037702
m1-head,1,permutation_random,453,view,0.852008783807547,-0.5235274895502474
m1-head,1,permutation_random,406,view,0.909585765486236,-0.41551622739048066
m1-head,1,permutation_random,539,view,0.9742046319805174,-0.22566642423653552
m1-head,1,permutation_random,436,view,0.9959201598074989,-0.09023876821525023
m1-head,1,permutation_random,453,view,0.873411876258137,-0.4869822321309478
m1-head,1,permutation_random,406,view,0.941198960990972,-0.3378528020151891
m1-head,1,permutation_random,539,view,0.969241936808199,-0.24610986963608547
m1-head,1,permutation_random,436,view,0.9924662697396857,-0.12251817591277366
m1-head,1,permutation_random,453,view,0.8931034470924804,-0.4498513452147595
m1-head,1,permutation_random,406,view,0.9380293812108049,-0.34655573864138245
m1-head,1,permutation_random,539,view,0.9515863244286197,-0.3073816311369785
m2-head-contrastive,2,permutation_random,436,original,0.9912002907200403,-0.13237062996188803
m2-head-contrastive,2,permutation_random,453,original,0.8731971218682545,-0.48736719869211154
m2-head-contrastive,2,permutation_random,406,original,0.9232349386585798,-0.38423592757586855
m2-head-contrastive,2,permutation_random,539,original,0.9617009911613349,-0.27410071798392915
m2-head-contrastive,2,permutation_random,436,view,0.9910852170825568,-0.1332294730171244
m2-head-contrastive,2,permutation_random,453,view,0.8715001077050659,-0.49039531224315147
m2-head-contrastive,2,permutation_random,406,view,0.9224270952392044,-0.3861712754317227
m2-head-contrastive,2,permutation_random,539,view,0.963006080791391,-0.26947966223595465
m2-head-contrastive,2,permutation_random,436,view,0.9934052156035224,-0.1146563457106444
m2-head-contrastive,2,permutation_random,453,view,0.8501510375243612,-0.5265389001738161
m2-head-contrastive,2,permutation_random,406,view,0.9247043343575259,-0.380686083302771
m2-head-contrastive,2,permutation_random,539,view,0.9620680623801624,-0.27280953676160113
m2-head-contrastive,2,permutation_random,436,view,0.9905607797193878,-0.1370742196101004
m2-head-contrastive,2,permutation_random,453,view,0.8743790890864322,-0.4852434528856423
m2-head-contrastive,2,permutation_random,406,view,0.9186094348264173,-0.3951666816014345
m2-head-contrastive,2,permutation_random,539,view,0.957485785206431,-0.2884804518986056
m2-head-contrastive,2,permutation_random,436,view,0.9914089991278173,-0.13079830445529114
m2-head-contrastive,2,permutation_random,453,view,0.872921815550086,-0.48786012743074325
m2-head-contrastive,2,permutation_random,406,view,0.9552307330302128,-0.2958618709373713
m2-head-contrastive,2,permutation_random,539,view,0.9394128099072327,-0.34278794112715943
m2-head-contrastive,2,permutation_random,436,view,0.9906388767899168,-0.13650866563120312
m2-head-contrastive,2,permutation_random,453,view,0.8781890310593635,-0.47831373148490725
m2-head-contrastive,2,permutation_random,406,view,0.9569507010196113,-0.29025050528478685
m2-head-contrastive,2,permutation_random,539,view,0.9620027210603168,-0.27303985912783096
m2-head-contrastive,2,permutation_random,436,view,0.9906748004722514,-0.13624771451024084
m2-head-contrastive,2,permutation_random,453,view,0.875473428640783,-0.4832662576095614
m2-head-contrastive,2,permutation_random,406,view,0.9244517835428039,-0.38129896394368606
m2-head-contrastive,2,permutation_random,539,view,0.9648910948581103,-0.2626502904310531
m2-head-contrastive,2,permutation_random,436,view,0.9901446207138694,-0.14004867036636628
m2-head-contrastive,2,permutation_random,453,view,0.8745800443378261,-0.4848811669327296
m2-head-contrastive,2,permutation_random,406,view,0.9358046104997183,-0.3525191214210513
m2-head-contrastive,2,permutation_random,539,view,0.9618943568271018,-0.27342137133767674
m2-head-contrastive,2,permutation_random,436,view,0.9915558250839817,-0.12968055267473147
m2-head-contrastive,2,permutation_random,453,view,0.8737693903404118,-0.4863404697371427
m2-head-contrastive,2,permutation_random,406,view,0.9411096482967255,-0.33810150825279256
m2-head-contrastive,2,permutation_random,539,view,0.962939762339907,-0.26971654399528977
m2-head-contrastive,2,permutation_random,436,view,0.9916056436702961,-0.12929906202760014
m2-head-contrastive,2,permutation_random,453,view,0.8736471411484562,-0.48656004024491045
m2-head-contrastive,2,permutation_random,406,view,0.922572135310712,-0.385824643002793
m2-head-contrastive,2,permutation_random,539,view,0.9812202321099847,-0.1928907880071703
m2-head-contrastive,2,permutation_random,436,view,0.9920201005414988,-0.1260798164720831
m2-head-contrastive,2,permutation_random,453,view,0.8886140012438924,-0.45865581517442816
m2-head-contrastive,2,permutation_random,406,view,0.9226982306237134,-0.38552298920280725
m2-head-contrastive,2,permutation_random,539,view,0.961837423102688,-0.27362158452720814
m2-head-contrastive,2,permutation_random,436,view,0.9925689628205068,-0.12168341729842677
m2-head-contrastive,2,permutation_random,453,view,0.8721631885847809,-0.48921505749274286
m2-head-contrastive,2,permutation_random,406,view,0.934206493011487,-0.35673271284699737
m2-head-contrastive,2,permutation_random,539,view,0.9640968783426883,-0.26555076571134767
m2-head-contrastive,2,permutation_random,436,view,0.9920149849140276,-0.1261200606803733
m2-head-contrastive,2,permutation_random,453,view,0.8728506446749775,-0.4879874507510164
m2-head-contrastive,2,permutation_random,406,view,0.9260070602583854,-0.37750619114343303
m2-head-contrastive,2,permutation_random,539,view,0.9523930428651443,-0.3048729110663508
m2-head-contrastive,2,permutation_random,436,view,0.9909839461507413,-0.13398066454344895
m2-head-contrastive,2,permutation_random,453,view,0.8761720866602655,-0.4819984175880619
m2-head-contrastive,2,permutation_random,406,view,0.9134489594316235,-0.4069533124490864
m2-head-contrastive,2,permutation_random,539,view,0.962625528218309,-0.2708359142034542
m2-head-contrastive,2,permutation_random,436,view,0.9969915794707377,-0.07750993784311334
m2-head-contrastive,2,permutation_random,453,view,0.8763204606827221,-0.4817286063633976
m2-head-contrastive,2,permutation_random,406,view,0.9228750985509329,-0.3850994059650126
m2-head-contrastive,2,permutation_random,539,view,0.9588361204950473,-0.28396002189393976
m2-head-contrastive,2,permutation_random,436,view,0.9914750826759535,-0.13029643292396953
m2-head-contrastive,2,permutation_random,453,view,0.8853661981390358,-0.4648942838891751
m2-head-contrastive,2,permutation_random,406,view,0.9249136910765037,-0.380177148260173
m2-head-contrastive,2,permutation_random,539,view,0.9615991926914014,-0.2744576335525116
m2-head-contrastive,2,permutation_random,436,view,0.9895932125358278,-0.14389327191713844
m2-head-contrastive,2,permutation_random,453,view,0.8704408108526865,-0.49227308965869426
m2-head-contrastive,2,permutation_random,406,view,0.9254946581401283,-0.37876066025141314
m2-head-contrastive,2,permutation_random,539,view,0.9572560747793524,-0.2892417800007923
m2-head-contrastive,2,permutation_random,436,view,0.9913833117294378,-0.1309928594403973
m2-head-contrastive,2,permutation_random,453,view,0.771216181451476,-0.6365733276437238
m2-head-contrastive,2,permutation_random,406,view,0.9233675668567355,-0.38391709583850486
m2-head-contrastive,2,permutation_random,539,view,0.9618300702139089,-0.2736474301584185
m2-head-contrastive,2,permutation_random,436,view,0.9898567774954863,-0.1420688567077626
m2-head-contrastive,2,permutation_random,453,view,0.8833418294578494,-0.4687293593642915
m2-head-contrastive,2,permutation_random,406,view,0.9227614969399768,-0.3853715347104568
m2-head-contrastive,2,permutation_random,539,view,0.9608014704844675,-0.2772373248949072
m2-head-contrastive,2,permutation_random,436,view,0.999142993537577,-0.04139176807976114
m2-head-contrastive,2,permutation_random,453,view,0.873398751328446,-0.4870057711956919
m2-head-contrastive,2,permutation_random,406,view,0.9237112956040371,-0.38308933993718847
m2-head-contrastive,2,permutation_random,539,view,0.961734682852027,-0.2739824808258925
m2-head-contrastive,2,permutation_random,436,view,0.9942485825169743,-0.10709694749611957
m2-head-contrastive,2,permutation_random,453,view,0.8703949427134391,-0.49235418521514435
m2-head-contrastive,2,permutation_random,406,view,0.9409917622967165,-0.33842946575279037
m2-head-contrastive,2,permutation_random,539,view,0.9566782743158698,-0.29114717833427284
m2-head-contrastive,2,permutation_random,436,view,0.9996648851299866,-0.025886626625538537
m2-head-contrastive,2,permutation_random,453,view,0.8757709158478241,-0.4827269445090699
m2-head-contrastive,2,permutation_random,406,view,0.9223065696648114,-0.386459042529901
m2-head-contrastive,2,permutation_random,539,view,0.9597742518318799,-0.2807728361514956
m2-head-contrastive,2,permutation_random,436,view,0.9906794891321522,-0.13621361830910153
m2-head-contrastive,2,permutation_random,453,view,0.8781126992272998,-0.478453850915368
m2-head-contrastive,2,permutation_random,406,view,0.9260898467944925,-0.37730305546622966
m2-head-contrastive,2,permutation_random,539,view,0.9519850260991591,-0.3061445901579557
m2-head-contrastive,2,permutation_random,436,view,0.9872326919109514,-0.15928468859955097
m2-head-contrastive,2,permutation_random,453,view,0.8618468315694884,-0.5071686493797041
m2-head-contrastive,2,permutation_random,406,view,0.9225762595196602,-0.3858147811718882
m2-head-contrastive,2,permutation_random,539,view,0.9601817799159774,-0.2793760002530368
m2-head-contrastive,2,permutation_random,436,view,0.9910283266471763,-0.1336519950576771
m2-head-contrastive,2,permutation_random,453,view,0.9155367272525935,-0.4022343857151069
m2-head-contrastive,2,permutation_random,406,view,0.9218525612194134,-0.38754077898100897
m2-head-contrastive,2,permutation_random,539,view,0.9615101646763602,-0.27476936369260374
m2-head-contrastive,2,permutation_random,436,view,0.9950590134699056,-0.09928524418209389
m2-head-contrastive,2,permutation_random,453,view,0.8646296883491188,-0.5024096953934161
m2-head-contrastive,2,permutation_random,406,view,0.934464515050879,-0.3560562737977315
m2-head-contrastive,2,permutation_random,539,view,0.9512349313187471,-0.30846734906472323
m2-head-contrastive,2,permutation_random,436,view,0.9907353489795931,-0.13580673135851412
m2-head-contrastive,2,permutation_random,453,view,0.8765663795521862,-0.4812809805495873
m2-head-contrastive,2,permutation_random,406,view,0.9234224641273028,-0.38378503455067114
m2-head-contrastive,2,permutation_random,539,view,0.9623918252275886,-0.2716651886700064
m2-head-contrastive,2,permutation_random,436,view,0.9946447941941203,-0.10335247158406714
m2-head-contrastive,2,permutation_random,453,view,0.8717709856910834,-0.4899136133107513
m2-head-contrastive,2,permutation_random,406,view,0.9178886024948757,-0.39683814510452947
m2-head-contrastive,2,permutation_random,539,view,0.9613230623702793,-0.27542325565396125
m2-head-contrastive,2,permutation_random,436,view,0.9935955223567545,-0.11299530057753464
m2-head-contrastive,2,permutation_random,453,view,0.891342124098924,-0.453331245125259
m2-head-contrastive,2,permutation_random,406,view,0.9225632722896311,-0.3858458353050445
m2-head-contrastive,2,permutation_random,539,view,0.9643596353462329,-0.2645949616203602
m2-head-contrastive,2,permutation_random,436,view,0.9913636210451211,-0.13114179680142027
m2-head-contrastive,2,permutation_random,453,view,0.9547281857723632,-0.29747956449445667
m2-head-contrastive,2,permutation_random,406,view,0.9258707273554478,-0.377840437521308
m2-head-contrastive,2,permutation_random,539,view,0.9609143208529229,-0.27684592823403686
m2-head-contrastive,2,permutation_random,436,view,0.9910161209885477,-0.13374246872557585
m2-head-contrastive,2,permutation_random,453,view,0.8729824413283849,-0.48775163467930327
m2-head-contrastive,2,permutation_random,406,view,0.9231447843830107,-0.3844524769935083
m2-head-contrastive,2,permutation_random,539,view,0.9613788808359536,-0.2752283551573287
m2-head-contrastive,2,permutation_random,436,view,0.9901100174903645,-0.14029309771057732
m2-head-contrastive,2,permutation_random,453,view,0.9021567001957596,-0.43140849353240346
m2-head-contrastive,2,permutation_random,406,view,0.9239497773809392,-0.3825138022055049
m2-head-contrastive,2,permutation_random,539,view,0.9625212838026554,-0.27120615447826285
m2-head-contrastive,2,permutation_random,436,view,0.9909118557248243,-0.13451280304857388
m2-head-contrastive,2,permutation_random,453,view,0.872496719376372,-0.48861996958522663
m2-head-contrastive,2,permutation_random,406,view,0.9280505909215425,-0.3724541591795896
m2-head-contrastive,2,permutation_random,539,view,0.9624659037350966,-0.2714026236928881
m2-head-contrastive,2,permutation_random,436,view,0.9913093358852445,-0.13155151305384177
m2-head-contrastive,2,permutation_random,453,view,0.876200059905981,-0.4819475645967668
m2-head-contrastive,2,permutation_random,406,view,0.9189436526555268,-0.39438884776844
m2-head-contrastive,2,permutation_random,539,view,0.9585862121764289,-0.2848025172382536
m2-head-contrastive,2,permutation_random,436,view,0.991013830907955,-0.13375943686012856
m2-head-contrastive,2,permutation_random,453,view,0.8687259995884463,-0.4952929816169965
m2-head-contrastive,2,permutation_random,406,view,0.9275043064240757,-0.37381246844479865
m2-head-contrastive,2,permutation_random,539,view,0.9586471910252794,-0.2845971945387744
m2-head-contrastive,2,permutation_random,436,view,0.9864106358619206,-0.16429868367847925
m2-head-contrastive,2,permutation_random,453,view,0.8743745656899615,-0.4852516036804934
m2-head-contrastive,2,permutation_random,406,view,0.9119778857208412,-0.4102393642206268
m2-head-contrastive,2,permutation_random,539,view,0.9618041670631677,-0.2737384595191658
m2-head-contrastive,2,permutation_random,436,view,0.9936464634688651,-0.11254645989908695
m2-head-contrastive,2,permutation_random,453,view,0.8725766170970437,-0.48847727408291847
m2-head-contrastive,2,permutation_random,406,view,0.9316045917426229,-0.3634733616705086
m2-head-contrastive,2,permutation_random,539,view,0.96622483979769,-0.2577005218425602
m2-head-contrastive,2,permutation_random,436,view,0.9910651278968634,-0.13337882990479885
m2-head-contrastive,2,permutation_random,453,view,0.8487753884240125,-0.5287535720973111
m2-head-contrastive,2,permutation_random,406,view,0.8756153205592128,-0.4830091204128412
m2-head-contrastive,2,permutation_random,539,view,0.9602611834328395,-0.27910295518349887
m2-head-contrastive,2,permutation_random,436,view,0.9865206191467221,-0.1636370007008429
m2-head-contrastive,2,permutation_random,453,view,0.8714409528350716,-0.4905004237734174
m2-head-contrastive,2,permutation_random,406,view,0.9247891375264762,-0.3804800272196107
m2-head-contrastive,2,permutation_random,539,view,0.9643100256371342,-0.2647757059394029
m2-head-contrastive,2,permutation_random,436,view,0.992466537513864,-0.12251600677152893
m2-head-contrastive,2,permutation_random,453,view,0.8727742081753694,-0.48812414562676204
m2-head-contrastive,2,permutation_random,406,view,0.9378568991562725,-0.34702224237789275
m2-head-contrastive,2,permutation_random,539,view,0.9649400341970585,-0.2624704371996566
m2-head-contrastive,2,permutation_random,436,view,0.9910325239193083,-0.13362086863257958
m2-head-contrastive,2,permutation_random,453,view,0.8722316955181832,-0.489092904603486
m2-head-contrastive,2,permutation_random,406,view,0.9202223035190757,-0.3913961064012335
m2-head-contrastive,2,permutation_random,539,view,0.9625393782661762,-0.2711419283087038
m2-head-contrastive,2,permutation_random,436,view,0.990950431983541,-0.1342283179945005
m2-head-contrastive,2,permutation_random,453,view,0.8451048689213054,-0.5346005616584244
m2-head-contrastive,2,permutation_random,406,view,0.9232216893783993,-0.3842677611526809
m2-head-contrastive,2,permutation_random,539,view,0.9623157251304946,-0.27193463399605783
m2-head-contrastive,2,permutation_random,436,view,0.9960016237766806,-0.08933512989980634
m2-head-contrastive,2,permutation_random,453,view,0.8751885289833237,-0.4837820157219628
m2-head-contrastive,2,permutation_random,406,view,0.9226703680337911,-0.38558966784962995
m2-head-contrastive,2,permutation_random,539,view,0.9629553732148449,-0.26966080396798164
m2-head-contrastive,2,permutation_random,436,view,0.9927274657762738,-0.12038346519940563
m2-head-contrastive,2,permutation_random,453,view,0.8725854308041345,-0.4884615296503525
m2-head-contrastive,2,permutation_random,406,view,0.9233322722591941,-0.3840019726572675
m2-head-contrastive,2,permutation_random,539,view,0.9622631491917041,-0.2721206197767159
m2-head-contrastive,2,permutation_random,436,view,0.9865858839897402,-0.16324305042537696
m2-head-contrastive,2,permutation_random,453,view,0.8841705446132159,-0.4671642623728495
m2-head-contrastive,2,permutation_random,406,view,0.9242309630971212,-0.38183389955917635
m2-head-contrastive,2,permutation_random,539,view,0.9624411759980759,-0.27149029953838166
m2-head-contrastive,2,permutation_random,436,view,0.9718788034997257,-0.23548161564746617
m2-head-contrastive,2,permutation_random,453,view,0.8744461558112735,-0.48512258305183603
m2-head-contrastive,2,permutation_random,406,view,0.92503315100726,-0.37988639030317867
m2-head-contrastive,2,permutation_random,539,view,0.9621800308628199,-0.2724143685799674
m2-head-contrastive,2,permutation_random,436,view,0.9906968282679893,0.13608745151462595
m2-head-contrastive,2,permutation_random,453,view,0.8418017274825276,-0.5397868575719791
m2-head-contrastive,2,permutation_random,406,view,0.9076202052450114,-0.41979228557824033
m2-head-contrastive,2,permutation_random,539,view,0.9696057047239574,-0.2446727965401088
m2-head-contrastive,2,permutation_random,436,view,0.9962029238489356,-0.08706167075602875
m2-head-contrastive,2,permutation_random,453,view,0.8727525052228948,-0.4881629488471655
m2-head-contrastive,2,permutation_random,406,view,0.9311169776162956,-0.3647206794174057
m2-head-contrastive,2,permutation_random,539,view,0.9616938909484977,-0.2741256283391585
m2-head-contrastive,2,permutation_random,436,view,0.9918614961398918,-0.12732153185983414
m2-head-contrastive,2,permutation_random,453,view,0.885847405819513,-0.4639766951074572
m2-head-contrastive,2,permutation_random,406,view,0.9265145453737328,-0.3762589496754923
m2-head-contrastive,2,permutation_random,539,view,0.9547155464291688,-0.29752012605276523
m3-head-contractive,3,permutation_random,436,original,0.9908486320674749,-0.13497773271919075
m3-head-contractive,3,permutation_random,453,original,0.9057349451817223,-0.4238445576820141
m3-head-contractive,3,permutation_random,406,original,0.9459859180413425,-0.3242077156199057
m3-head-contractive,3,permutation_random,539,original,0.9730216721492889,-0.2307137306876229
m3-head-contractive,3,permutation_random,436,view,0.9912648551242519,-0.13188626537852802
m3-head-contractive,3,permutation_random,453,view,0.9072146818267671,-0.42066794634005267
m3-head-contractive,3,permutation_random,406,view,0.9456927850356952,-0.32506177310079065
m3-head-contractive,3,permutation_random,539,view,0.9734156817271249,-0.22904565171099897
m3-head-contractive,3,permutation_random,436,view,0.9932864416702135,-0.11568078835366363
m3-head-contractive,3,permutation_random,453,view,0.8866271334183554,-0.4624849470916314
m3-head-contractive,3,permutation_random,406,view,0.946400981383827,-0.3229940904037231
m3-head-contractive,3,permutation_random,539,view,0.9733210090368712,-0.22944762663284698
m3-head-contractive,3,permutation_random,436,view,0.9905507213294897,-0.1371468864890003
m3-head-contractive,3,permutation_random,453,view,0.9091399245121213,-0.4164908134138063
m3-head-contractive,3,permutation_random,406,view,0.9375068470052039,-0.34796682574400756
m3-head-contractive,3,permutation_random,539,view,0.9720435448998099,-0.23480065336069822
m3-head-contractive,3,permutation_random,436,view,0.9908984429624395,-0.13461157355373593
m3-head-contractive,3,permutation_random,453,view,0.9060100772012917,-0.42325611632876486
m3-head-contractive,3,permutation_random,406,view,0.971532936343826,-0.23690452422683486
m3-head-contractive,3,permutation_random,539,view,0.962712520454355,-0.27052652912500597
m3-head-contractive,3,permutation_random,436,view,0.9893344065091222,-0.14566204755269085
m3-head-contractive,3,permutation_random,453,view,0.9093012212161645,-0.41613854555278984
m3-head-contractive,3,permutation_random,406,view,0.9688133232167386,-0.2477917366615329
m3-head-contractive,3,permutation_random,539,view,0.9727769693489737,-0.23174332332178535
m3-head-contractive,3,permutation_random,436,view,0.9882819200266358,-0.15263959692185336
m3-head-contractive,3,permutation_random,453,view,0.9100621910322845,-0.4144717221397827
m3-head-contractive,3,permutation_random,406,view,0.9466779508480784,-0.32218140445730714
m3-head-contractive,3,permutation_random,539,view,0.9758051194688491,-0.21864210211755808
m3-head-contractive,3,permutation_random,436,view,0.9896355954139144,-0.14360149125182012
m3-head-contractive,3,permutation_random,453,view,0.9028832316827762,-0.42988588014270224
m3-head-contractive,3,permutation_random,406,view,0.9584333394108502,-0.28531655035375253
m3-head-contractive,3,permutation_random,539,view,0.9731082710469093,-0.2303481990815083
m3-head-contractive,3,permutation_random,436,view,0.9907334568131752,-0.13582053434961872
m3-head-contractive,3,permutation_random,453,view,0.9049108909762061,-0.42560108011217296
m3-head-contractive,3,permutation_random,406,view,0.960890519445342,-0.2769285280357732
m3-head-contractive,3,permutation_random,539,view,0.9740795301893772,-0.2262058108582568
m3-head-contractive,3,permutation_random,436,view,0.9914722749029047,-0.13031779655464792
m3-head-contractive,3,permutation_random,453,view,0.9069437149402706,-0.42125182246530485
m3-head-contractive,3,permutation_random,406,view,0.9522530917761058,-0.3053097594294144
m3-head-contractive,3,permutation_random,539,view,0.9884956297106298,-0.15124942989309056
m3-head-contractive,3,permutation_random,436,view,0.9909605469692634,-0.13415362220371807
m3-head-contractive,3,permutation_random,453,view,0.9146910461729059,-0.40415379504727467
m3-head-contractive,3,permutation_random,406,view,0.9451459833080215,-0.3266482362369535
m3-head-contractive,3,permutation_random,539,view,0.9730840545747756,-0.23045047783051884
m3-head-contractive,3,permutation_random,436,view,0.9915693965914172,-0.129576740749767
m3-head-contractive,3,permutation_random,453,view,0.9062790879414753,-0.4226798016938677
m3-head-contractive,3,permutation_random,406,view,0.9559095168194974,-0.2936613622080959
m3-head-contractive,3,permutation_random,539,view,0.974095500286471,-0.22613702996557028
m3-head-contractive,3,permutation_random,436,view,0.9919636816297811,-0.12652293992588795
m3-head-contractive,3,permutation_random,453,view,0.9057054945252699,-0.4239074865896282
m3-head-contractive,3,permutation_random,406,view,0.9473900454699389,-0.3200813986230172
m3-head-contractive,3,permutation_random,539,view,0.9501100951301394,-0.3119147433703586
m3-head-contractive,3,permutation_random,436,view,0.9917519990450802,-0.12817165205335687
m3-head-contractive,3,permutation_random,453,view,0.9070267977115739,-0.421072901328365
m3-head-contractive,3,permutation_random,406,view,0.9401070802717675,-0.3408792713306164
m3-head-contractive,3,permutation_random,539,view,0.9731902564585209,-0.23000157550372988
m3-head-contractive,3,permutation_random,436,view,0.9965760949527471,-0.08268063236775848
m3-head-contractive,3,permutation_random,453,view,0.9084961793107968,-0.4178931588069898
m3-head-contractive,3,permutation_random,406,view,0.9458983904291381,-0.32446299478301877
m3-head-contractive,3,permutation_random,539,view,0.9701415137651291,-0.24253957052304456
m3-head-contractive,3,permutation_random,436,view,0.9910462332439054,-0.13351915058547373
m3-head-contractive,3,permutation_random,453,view,0.9134322432781817,-0.40699083151809234
m3-head-contractive,3,permutation_random,406,view,0.9472378454550059,-0.32053153376502264
m3-head-contractive,3,permutation_random,539,view,0.9724514952898607,-0.23310531806141477
m3-head-contractive,3,permutation_random,436,view,0.9893269469757179,-0.14571270359067698
m3-head-contractive,3,permutation_random,453,view,0.9030671916910216,-0.42949929835948664
m3-head-contractive,3,permutation_random,406,view,0.948332362248071,-0.31727863261334244
m3-head-contractive,3,permutation_random,539,view,0.9701979724051728,-0.24231362805440976
m3-head-contractive,3,permutation_random,436,view,0.9908197126182176,-0.1351898557109675
m3-head-contractive,3,permutation_random,453,view,0.8130607626834178,-0.5821788352256189
m3-head-contractive,3,permutation_random,406,view,0.9459891490602205,-0.3241982878738251
m3-head-contractive,3,permutation_random,539,view,0.9724160471156152,-0.23325314855761528
m3-head-contractive,3,permutation_random,436,view,0.990644916895051,-0.1364648256145041
m3-head-contractive,3,permutation_random,453,view,0.9027005355357443,-0.4302693843901515
m3-head-contractive,3,permutation_random,406,view,0.9454046254666283,-0.3258989017261392
m3-head-contractive,3,permutation_random,539,view,0.9719734764851358,-0.23509053789848414
m3-head-contractive,3,permutation_random,436,view,0.991881774120008,-0.12716346239602364
m3-head-contractive,3,permutation_random,453,view,0.9057430105922272,-0.42382732186980154
m3-head-contractive,3,permutation_random,406,view,0.9489454798622119,-0.31544013100598944
m3-head-contractive,3,permutation_random,539,view,0.9746935052414598,-0.2235454558699771
m3-head-contractive,3,permutation_random,436,view,0.995517266378844,-0.09457997854510804
m3-head-contractive,3,permutation_random,453,view,0.9041906815459118,-0.4271290336719564
m3-head-contractive,3,permutation_random,406,view,0.9622399898856521,-0.2722025015771524
m3-head-contractive,3,permutation_random,539,view,0.9674554561796548,-0.25304138062422804
m3-head-contractive,3,permutation_random,436,view,0.9999789047609449,0.00649538552362926
m3-head-contractive,3,permutation_random,453,view,0.9048918328140866,-0.42564159912579347
m3-head-contractive,3,permutation_random,406,view,0.9460227010106343,-0.32410036897933875
m3-head-contractive,3,permutation_random,539,view,0.9730907460285148,-0.23042222113691221
m3-head-contractive,3,permutation_random,436,view,0.9906395479725715,-0.1365037947923016
m3-head-contractive,3,permutation_random,453,view,0.9100586014938016,-0.4144796036563744
m3-head-contractive,3,permutation_random,406,view,0.9475551360675823,-0.3195923405088816
m3-head-contractive,3,permutation_random,539,view,0.9594729077671301,-0.28180088584120455
m3-head-contractive,3,permutation_random,436,view,0.9878249193838597,-0.15556969063500314
m3-head-contractive,3,permutation_random,453,view,0.9052748412365692,-0.4248263902161726
m3-head-contractive,3,permutation_random,406,view,0.9450940898467177,-0.32679834965434507
m3-head-contractive,3,permutation_random,539,view,0.9728792700710661,-0.2313134796461048
m3-head-contractive,3,permutation_random,436,view,0.9908945193614725,-0.13464045268564545
m3-head-contractive,3,permutation_random,453,view,0.9492031231472806,-0.3146639969990972
m3-head-contractive,3,permutation_random,406,view,0.9450831800372884,-0.3268298988933014
m3-head-contractive,3,permutation_random,539,view,0.973216606335363,-0.2298900544892678
m3-head-contractive,3,permutation_random,436,view,0.995230636712847,-0.09754988338353113
m3-head-contractive,3,permutation_random,453,view,0.8975821874081259,-0.4408471581485396
m3-head-contractive,3,permutation_random,406,view,0.9536304712169765,-0.3009799401396821
m3-head-contractive,3,permutation_random,539,view,0.9654872217150424,-0.2604504265785866
m3-head-contractive,3,permutation_random,436,view,0.9909880489745492,-0.13395031463052226
m3-head-contractive,3,permutation_random,453,view,0.907406686705874,-0.4202536197601007
m3-head-contractive,3,permutation_random,406,view,0.9447044589906753,-0.32792298663426256
m3-head-contractive,3,permutation_random,539,view,0.9730662455722051,-0.23052566392489246
m3-head-contractive,3,permutation_random,436,view,0.9929545620746763,-0.11849572842548903
m3-head-contractive,3,permutation_random,453,view,0.9048303956711079,-0.4257721868202123
m3-head-contractive,3,permutation_random,406,view,0.9192041868016615,-0.3937812374482758
m3-head-contractive,3,permutation_random,539,view,0.972114120526985,-0.23450828700079263
m3-head-contractive,3,permutation_random,436,view,0.9931818578490068,-0.11657528571526063
m3-head-contractive,3,permutation_random,453,view,0.9235701605106105,-0.3834294701955036
m3-head-contractive,3,permutation_random,406,view,0.9457998149260204,-0.3247502272299513
m3-head-contractive,3,permutation_random,539,view,0.9764051426257925,-0.21594674680093015
m3-head-contractive,3,permutation_random,436,view,0.9907459513258532,-0.1357293628196546
m3-head-contractive,3,permutation_random,453,view,0.9753473121078103,-0.2206753741677332
m3-head-contractive,3,permutation_random,406,view,0.9465441344770652,-0.3225743348238712
m3-head-contractive,3,permutation_random,539,view,0.9717334942876683,-0.23608052880209704
m3-head-contractive,3,permutation_random,436,view,0.9913635735839669,-0.13114215558250658
m3-head-contractive,3,permutation_random,453,view,0.9059687885426692,-0.4233444864250954
m3-head-contractive,3,permutation_random,406,view,0.9456393924746296,-0.3252170650507327
m3-head-contractive,3,permutation_random,539,view,0.9725279715223385,-0.23278604899487668
m3-head-contractive,3,permutation_random,436,view,0.990094782349411,-0.14040057679536752
m3-head-contractive,3,permutation_random,453,view,0.9354478871217179,-0.3534646382306347
m3-head-contractive,3,permutation_random,406,view,0.9464483758657185,-0.3228551870748607
m3-head-contractive,3,permutation_random,539,view,0.9727038007366317,-0.23205024462928417
m3-head-contractive,3,permutation_random,436,view,0.9914508924009227,-0.13048037383995062
m3-head-contractive,3,permutation_random,453,view,0.9091173328573712,-0.416540124235708
m3-head-contractive,3,permutation_random,406,view,0.9408028886895319,-0.33895416302714393
m3-head-contractive,3,permutation_random,539,view,0.9743231066016745,-0.22515435581409768
m3-head-contractive,3,permutation_random,436,view,0.9913286090509584,-0.13140619801627088
m3-head-contractive,3,permutation_random,453,view,0.9051932465390129,-0.4250002193177803
m3-head-contractive,3,permutation_random,406,view,0.9444975262526891,-0.32851852748749244
m3-head-contractive,3,permutation_random,539,view,0.9692158839830298,-0.24621244939075176
m3-head-contractive,3,permutation_random,436,view,0.9904693928062498,-0.13773300952937187
m3-head-contractive,3,permutation_random,453,view,0.9000655175639607,-0.4357545915906325
m3-head-contractive,3,permutation_random,406,view,0.9500198339813053,-0.3121895498605493
m3-head-contractive,3,permutation_random,539,view,0.9720683746226879,-0.23469783777956876
m3-head-contractive,3,permutation_random,436,view,0.9871458773969349,-0.15982182810315743
m3-head-contractive,3,permutation_random,453,view,0.9062392731550653,-0.42276515915030033
m3-head-contractive,3,permutation_random,406,view,0.9198634597567509,-0.3922387224692886
m3-head-contractive,3,permutation_random,539,view,0.9740753532294139,-0.22622379678316834
m3-head-contractive,3,permutation_random,436,view,0.9916986505485216,-0.12858377230521967
m3-head-contractive,3,permutation_random,453,view,0.9042081257979827,-0.42709210393180885
m3-head-contractive,3,permutation_random,406,view,0.9467433331320132,-0.3219892252391148
m3-head-contractive,3,permutation_random,539,view,0.9754394363267328,-0.2202678053156778
m3-head-contractive,3,permutation_random,436,view,0.9914599226411835,-0.13041173948819867
m3-head-contractive,3,permutation_random,453,view,0.8850218748507057,-0.46554943994783354
m3-head-contractive,3,permutation_random,406,view,0.8921986235324878,-0.45164323992143796
m3-head-contractive,3,permutation_random,539,view,0.9732714164665395,-0.22965789751109197
m3-head-contractive,3,permutation_random,436,view,0.9889102316641364,-0.14851448989907878
m3-head-contractive,3,permutation_random,453,view,0.9012623837813235,-0.4332737190054408
m3-head-contractive,3,permutation_random,406,view,0.943769532385228,-0.3306040981920332
m3-head-contractive,3,permutation_random,539,view,0.972265092850884,-0.23388157093636391
m3-head-contractive,3,permutation_random,436,view,0.9910512969012066,-0.1334815601887991
m3-head-contractive,3,permutation_random,453,view,0.9055114956101445,-0.42432173090460346
m3-head-contractive,3,permutation_random,406,view,0.9561449169425068,-0.292894004385556
m3-head-contractive,3,permutation_random,539,view,0.9745513465138724,-0.22416438835818106
m3-head-contractive,3,permutation_random,436,view,0.9907120377615785,-0.13597668268604027
m3-head-contractive,3,permutation_random,453,view,0.9049877124799743,-0.4254377043237505
m3-head-contractive,3,permutation_random,406,view,0.9439030210051288,-0.3302227837951085
m3-head-contractive,3,permutation_random,539,view,0.9725559359698217,-0.2326691887849859
m3-head-contractive,3,permutation_random,436,view,0.9911353067641189,-0.13285632723207227
m3-head-contractive,3,permutation_random,453,view,0.8902949302884473,-0.4553843839029708
m3-head-contractive,3,permutation_random,406,view,0.9459458041627299,-0.324324737858409
m3-head-contractive,3,permutation_random,539,view,0.9739724344946821,-0.226666488137311
m3-head-contractive,3,permutation_random,436,view,0.9946226001656513,-0.10356584011979195
m3-head-contractive,3,permutation_random,453,view,0.9060748349320717,-0.42311747009881107
m3-head-contractive,3,permutation_random,406,view,0.9481035057686048,-0.3179618567521595
m3-head-contractive,3,permutation_random,539,view,0.9735824228296549,-0.2283358621792427
m3-head-contractive,3,permutation_random,436,view,0.9922496067343822,-0.12426068539752698
m3-head-contractive,3,permutation_random,453,view,0.9028248247421266,-0.4300085299495211
m3-head-contractive,3,permutation_random,406,view,0.9461610159780518,-0.3236963574762314
m3-head-contractive,3,permutation_random,539,view,0.9732854998108147,-0.22959820525869112
m3-head-contractive,3,permutation_random,436,view,0.9822946044806002,-0.1873427607576567
m3-head-contractive,3,permutation_random,453,view,0.9154998247746791,-0.40231836999760695
m3-head-contractive,3,permutation_random,406,view,0.9473672924361443,-0.3201487360934113
m3-head-contractive,3,permutation_random,539,view,0.9732602938669757,-0.22970502907417573
m3-head-contractive,3,permutation_random,436,view,0.9646999453532072,-0.26335150547418285
m3-head-contractive,3,permutation_random,453,view,0.9069972834000211,-0.4211364718294787
m3-head-contractive,3,permutation_random,406,view,0.9460018864637249,-0.3241611185923958
m3-head-contractive,3,permutation_random,539,view,0.9733031697813881,-0.22952328791105736
m3-head-contractive,3,permutation_random,436,view,0.9999859865083197,0.005294033148919112
m3-head-contractive,3,permutation_random,453,view,0.8841083548411671,-0.4672819458314694
m3-head-contractive,3,permutation_random,406,view,0.9368594761163184,-0.34970605086423223
m3-head-contractive,3,permutation_random,539,view,0.9795925330808953,-0.20099370421024298
m3-head-contractive,3,permutation_random,436,view,0.9964500732275781,-0.08418581569809479
m3-head-contractive,3,permutation_random,453,view,0.8985341624836224,-0.4389035871918283
m3-head-contractive,3,permutation_random,406,view,0.9528745967770382,-0.3033644719096096
m3-head-contractive,3,permutation_random,539,view,0.9730440566920256,-0.2306193047780816
m3-head-contractive,3,permutation_random,436,view,0.9912728526230505,-0.13182614176467172
m3-head-contractive,3,permutation_random,453,view,0.9197876692201253,-0.3924164160055091
m3-head-contractive,3,permutation_random,406,view,0.947397217890819,-0.32006016861324005
m3-head-contractive,3,permutation_random,539,view,0.9675031281224088,-0.25285904586024455
m4-head-contrastive-contractive,4,permutation_random,436,original,0.9913210112056378,-0.13146350346096858
m4-head-contrastive-contractive,4,permutation_random,453,original,0.8999586054899286,-0.4359753529783805
m4-head-contrastive-contractive,4,permutation_random,406,original,0.9436613225300342,-0.330912841033507
m4-head-contrastive-contractive,4,permutation_random,539,original,0.9712876513863388,-0.23790817191599456
m4-head-contrastive-contractive,4,permutation_random,436,view,0.9916257556395369,-0.12914472793079057
m4-head-contrastive-contractive,4,permutation_random,453,view,0.9010845559506165,-0.43364342843778986
m4-head-contrastive-contractive,4,permutation_random,406,view,0.943521655767844,-0.33131085870690447
m4-head-contrastive-contractive,4,permutation_random,539,view,0.9720953978403966,-0.23458588511997416
m4-head-contrastive-contractive,4,permutation_random,436,view,0.9941060674097358,-0.10841183855626697
m4-head-contrastive-contractive,4,permutation_random,453,view,0.8840028413201496,-0.4674815253439463
m4-head-contrastive-contractive,4,permutation_random,406,view,0.9435223374479048,-0.33130891738201446
m4-head-contrastive-contractive,4,permutation_random,539,view,0.9715696383351844,-0.23675396061151613
m4-head-contrastive-contractive,4,permutation_random,436,view,0.9911299854160176,-0.13289601953875493
m4-head-contrastive-contractive,4,permutation_random,453,view,0.9027652889890583,-0.4301335060147053
m4-head-contrastive-contractive,4,permutation_random,406,view,0.9383520973152896,-0.3456809822133666
m4-head-contrastive-contractive,4,permutation_random,539,view,0.9681993430581569,-0.25017999940393715
m4-head-contrastive-contractive,4,permutation_random,436,view,0.9909538913962762,-0.134202776150784
m4-head-contrastive-contractive,4,permutation_random,453,view,0.9001859160653312,-0.43550581685853634
m4-head-contrastive-contractive,4,permutation_random,406,view,0.9734567203864658,-0.22887117235341473
m4-head-contrastive-contractive,4,permutation_random,539,view,0.95729055966616,-0.28912762644557266
m4-head-contrastive-contractive,4,permutation_random,436,view,0.9900439249696531,-0.14075875330040502
m4-head-contrastive-contractive,4,permutation_random,453,view,0.9052925857109035,-0.4247885759491028
m4-head-contrastive-contractive,4,permutation_random,406,view,0.9709226708124744,-0.23939333178343025
m4-head-contrastive-contractive,4,permutation_random,539,view,0.9709614650569487,-0.2392359366283923
m4-head-contrastive-contractive,4,permutation_random,436,view,0.9896657644729095,-0.14339342603568606
m4-head-contrastive-contractive,4,permutation_random,453,view,0.9044594224924872,-0.42655967116519206
m4-head-contrastive-contractive,4,permutation_random,406,view,0.944384055513985,-0.32884457680028584
m4-head-contrastive-contractive,4,permutation_random,539,view,0.9758414861042639,-0.21847973360891418
m4-head-contrastive-contractive,4,permutation_random,436,view,0.9902823779859562,-0.13907124738953183
m4-head-contrastive-contractive,4,permutation_random,453,view,0.898818837873842,-0.43832031287988066
m4-head-contrastive-contractive,4,permutation_random,406,view,0.9559544868058377,-0.2935149385564351
m4-head-contrastive-contractive,4,permutation_random,539,view,0.9708647971191212,-0.23962793183359898
m4-head-contrastive-contractive,4,permutation_random,436,view,0.9912987631195264,-0.13163115982812643
m4-head-contrastive-contractive,4,permutation_random,453,view,0.8989927712935023,-0.4379634655562367
m4-head-contrastive-contractive,4,permutation_random,406,view,0.9580157824227359,-0.28671546981101914
m4-head-contrastive-contractive,4,permutation_random,539,view,0.9717936418559903,-0.23583281715713722
m4-head-contrastive-contractive,4,permutation_random,436,view,0.991996401378176,-0.1262661461071376
m4-head-contrastive-contractive,4,permutation_random,453,view,0.900332452596521,-0.43520279732733097
m4-head-contrastive-contractive,4,permutation_random,406,view,0.9428168836614857,-0.33331115175290027
m4-head-contrastive-contractive,4,permutation_random,539,view,0.9887517788420354,-0.149565770939447
m4-head-contrastive-contractive,4,permutation_random,436,view,0.9914662206337784,-0.13036384982874707
m4-head-contrastive-contractive,4,permutation_random,453,view,0.9092674532451012,-0.416212323783388
m4-head-contrastive-contractive,4,permutation_random,406,view,0.9430302999357476,-0.3327068580644142
m4-head-contrastive-contractive,4,permutation_random,539,view,0.9716854445583957,-0.23627821912599814
m4-head-contrastive-contractive,4,permutation_random,436,view,0.992312726684884,-0.1237556158693862
m4-head-contrastive-contractive,4,permutation_random,453,view,0.899853595454623,-0.4361920525953996
m4-head-contrastive-contractive,4,permutation_random,406,view,0.9511414041086336,-0.3087556143461319
m4-head-contrastive-contractive,4,permutation_random,539,view,0.9733122883577514,-0.2294846167650411
m4-head-contrastive-contractive,4,permutation_random,436,view,0.993167934040277,-0.11669385071274417
m4-head-contrastive-contractive,4,permutation_random,453,view,0.9000733217162056,-0.4357384714880663
m4-head-contrastive-contractive,4,permutation_random,406,view,0.9438806666934118,-0.33028667403091044
m4-head-contrastive-contractive,4,permutation_random,539,view,0.9645470402586377,-0.26391098334154717
m4-head-contrastive-contractive,4,permutation_random,436,view,0.9927939114787785,-0.11983425775072637
m4-head-contrastive-contractive,4,permutation_random,453,view,0.9010771760484192,-0.43365876308983586
m4-head-contrastive-contractive,4,permutation_random,406,view,0.9382358843419685,-0.3459962793630079
m4-head-contrastive-contractive,4,permutation_random,539,view,0.9715412170663728,-0.23687056284222302
m4-head-contrastive-contractive,4,permutation_random,436,view,0.9965434705985081,-0.08307292704293395
m4-head-contrastive-contractive,4,permutation_random,453,view,0.9023615596859028,-0.4309798320121549
m4-head-contrastive-contractive,4,permutation_random,406,view,0.9434189436853301,-0.3316032217811771
m4-head-contrastive-contractive,4,permutation_random,539,view,0.9674855800874472,-0.2529261795917059
m4-head-contrastive-contractive,4,permutation_random,436,view,0.991568193744969,-0.12958594504551793
m4-head-contrastive-contractive,4,permutation_random,453,view,0.9053792547402902,-0.4246038213275018
m4-head-contrastive-contractive,4,permutation_random,406,view,0.9439984524848244,-0.3299498775666647
m4-head-contrastive-contractive,4,permutation_random,539,view,0.9711958780303511,-0.23828253502272412
m4-head-contrastive-contractive,4,permutation_random,436,view,0.9905315542117706,-0.13728525088593532
m4-head-contrastive-contractive,4,permutation_random,453,view,0.8968228270367202,-0.44238989240924703
m4-head-contrastive-contractive,4,permutation_random,406,view,0.9446826973844809,-0.32798567234314036
m4-head-contrastive-contractive,4,permutation_random,539,view,0.9673071381801133,-0.25360776885931496
m4-head-contrastive-contractive,4,permutation_random,436,view,0.9918482651307086,-0.12742456182857256
m4-head-contrastive-contractive,4,permutation_random,453,view,0.812150925408699,-0.5834474049627729
m4-head-contrastive-contractive,4,permutation_random,406,view,0.9435813749763041,-0.3311407386562817
m4-head-contrastive-contractive,4,permutation_random,539,view,0.9710208865467492,-0.23899463987705935
m4-head-contrastive-contractive,4,permutation_random,436,view,0.990726182365545,-0.13587358674662692
m4-head-contrastive-contractive,4,permutation_random,453,view,0.9105286232153251,-0.4134460379609469
m4-head-contrastive-contractive,4,permutation_random,406,view,0.9431082044045273,-0.33248596178616174
m4-head-contrastive-contractive,4,permutation_random,539,view,0.9710289505277139,-0.2389618740239682
m4-head-contrastive-contractive,4,permutation_random,436,view,0.9968000260768533,-0.079935649200998
m4-head-contrastive-contractive,4,permutation_random,453,view,0.899692143122856,-0.4365249679033295
m4-head-contrastive-contractive,4,permutation_random,406,view,0.9434096430078299,-0.33162968124074665
m4-head-contrastive-contractive,4,permutation_random,539,view,0.9717462082612026,-0.2360281905408243
m4-head-contrastive-contractive,4,permutation_random,436,view,0.9959865408912698,-0.08950313046728066
m4-head-contrastive-contractive,4,permutation_random,453,view,0.8983185364735727,-0.43934474735448775
m4-head-contrastive-contractive,4,permutation_random,406,view,0.9579600328950484,-0.2869016824205079
m4-head-contrastive-contractive,4,permutation_random,539,view,0.96743620236887,-0.2531149824607369
m4-head-contrastive-contractive,4,permutation_random,436,view,0.9998774143524497,-0.015657466840450763
m4-head-contrastive-contractive,4,permutation_random,453,view,0.9005568286977542,-0.4347383101198284
m4-head-contrastive-contractive,4,permutation_random,406,view,0.9439681807867035,-0.3300364732302198
m4-head-contrastive-contractive,4,permutation_random,539,view,0.9709743278198196,-0.23918372585702785
m4-head-contrastive-contractive,4,permutation_random,436,view,0.9913592257508782,-0.13117501865301828
m4-head-contrastive-contractive,4,permutation_random,453,view,0.9053323246998969,-0.42470387548676863
m4-head-contrastive-contractive,4,permutation_random,406,view,0.945819198935203,-0.32469376791920573
m4-head-contrastive-contractive,4,permutation_random,539,view,0.9652300483025494,-0.2614019010142401
m4-head-contrastive-contractive,4,permutation_random,436,view,0.9895457504703298,-0.14421930427689628
m4-head-contrastive-contractive,4,permutation_random,453,view,0.898584036578788,-0.438801469010499
m4-head-contrastive-contractive,4,permutation_random,406,view,0.9434226965007999,-0.3315925447400165
m4-head-contrastive-contractive,4,permutation_random,539,view,0.9714683886686062,-0.23716907432804565
m4-head-contrastive-contractive,4,permutation_random,436,view,0.9911107694935882,-0.1330392520793306
m4-head-contrastive-contractive,4,permutation_random,453,view,0.9477540881168612,-0.31900186278104575
m4-head-contrastive-contractive,4,permutation_random,406,view,0.9421660900081504,-0.335146324519238
m4-head-contrastive-contractive,4,permutation_random,539,view,0.9712790190802085,-0.23794341153851714
m4-head-contrastive-contractive,4,permutation_random,436,view,0.9958503321526919,-0.0910061313943931
m4-head-contrastive-contractive,4,permutation_random,453,view,0.8931216314447046,-0.4498152414553665
m4-head-contrastive-contractive,4,permutation_random,406,view,0.9529597136305213,-0.3030969881032063
m4-head-contrastive-contractive,4,permutation_random,539,view,0.9655697004807474,-0.2601444858410803
m4-head-contrastive-contractive,4,permutation_random,436,view,0.9910848301755327,-0.13323235116117849
m4-head-contrastive-contractive,4,permutation_random,453,view,0.9027283433653042,-0.4302110390086868
m4-head-contrastive-contractive,4,permutation_random,406,view,0.942397800098712,-0.33449422471712176
m4-head-contrastive-contractive,4,permutation_random,539,view,0.9715451005691805,-0.23685463381580948
m4-head-contrastive-contractive,4,permutation_random,436,view,0.9938865792387451,-0.11040592198385839
m4-head-contrastive-contractive,4,permutation_random,453,view,0.8997005289120718,-0.43650768409655577
m4-head-contrastive-contractive,4,permutation_random,406,view,0.9300329103422705,-0.3674762382526068
m4-head-contrastive-contractive,4,permutation_random,539,view,0.9705957321703074,-0.24071544340317175
m4-head-contrastive-contractive,4,permutation_random,436,view,0.9948642100912458,-0.10121859255849153
m4-head-contrastive-contractive,4,permutation_random,453,view,0.923790132966211,-0.3828991906941961
m4-head-contrastive-contractive,4,permutation_random,406,view,0.9430551218117857,-0.3326364941261825
m4-head-contrastive-contractive,4,permutation_random,539,view,0.9730402284303898,-0.23063545663261525
m4-head-contrastive-contractive,4,permutation_random,436,view,0.9914209008668389,-0.13070806143611094
m4-head-contrastive-contractive,4,permutation_random,453,view,0.9642518958311899,-0.26498732306651246
m4-head-contrastive-contractive,4,permutation_random,406,view,0.9459614896907612,-0.3242789848603145
m4-head-contrastive-contractive,4,permutation_random,539,view,0.9699876220658759,-0.2431542988289284
m4-head-contrastive-contractive,4,permutation_random,436,view,0.9914722876457636,-0.13031769960552783
m4-head-contrastive-contractive,4,permutation_random,453,view,0.8993641705615256,-0.4372002844351536
m4-head-contrastive-contractive,4,permutation_random,406,view,0.9428347316510992,-0.3332606619335681
m4-head-contrastive-contractive,4,permutation_random,539,view,0.9708402112850891,-0.23972752063942032
m4-head-contrastive-contractive,4,permutation_random,436,view,0.9905913226083323,-0.13685332138123413
m4-head-contrastive-contractive,4,permutation_random,453,view,0.9305462337127554,-0.3661744214483126
m4-head-contrastive-contractive,4,permutation_random,406,view,0.9436289130231664,-0.3310052484579631
m4-head-contrastive-contractive,4,permutation_random,539,view,0.9709255126526164,-0.23938180565835518
m4-head-contrastive-contractive,4,permutation_random,436,view,0.9916663671243154,-0.12883251264515097
m4-head-contrastive-contractive,4,permutation_random,453,view,0.9018640134132369,-0.4320200242004634
m4-head-contrastive-contractive,4,permutation_random,406,view,0.9456045423110966,-0.3253183818363508
m4-head-contrastive-contractive,4,permutation_random,539,view,0.9722262202935885,-0.23404310836605063
m4-head-contrastive-contractive,4,permutation_random,436,view,0.9924983851443723,-0.12225774202811787
m4-head-contrastive-contractive,4,permutation_random,453,view,0.901184802422219,-0.43343506074523624
m4-head-contrastive-contractive,4,permutation_random,406,view,0.9403077953339823,-0.34032521216352163
m4-head-contrastive-contractive,4,permutation_random,539,view,0.9678643890098663,-0.2514727112164626
m4-head-contrastive-contractive,4,permutation_random,436,view,0.9925059646466123,-0.12219619527995838
m4-head-contrastive-contractive,4,permutation_random,453,view,0.8955998179636061,-0.44486061419680206
m4-head-contrastive-contractive,4,permutation_random,406,view,0.948588815781761,-0.31651107180279897
m4-head-contrastive-contractive,4,permutation_random,539,view,0.9677186020286247,-0.25203314720045145
m4-head-contrastive-contractive,4,permutation_random,436,view,0.9870949885621736,-0.16013582845647828
m4-head-contrastive-contractive,4,permutation_random,453,view,0.9007558259871354,-0.4343258476653605
m4-head-contrastive-contractive,4,permutation_random,406,view,0.9288130653491988,-0.3705486332947742
m4-head-contrastive-contractive,4,permutation_random,539,view,0.9715931768883944,-0.23665734432701974
m4-head-contrastive-contractive,4,permutation_random,436,view,0.9914365695620012,-0.13058915933235601
m4-head-contrastive-contractive,4,permutation_random,453,view,0.8989407244265853,-0.43807028427799827
m4-head-contrastive-contractive,4,permutation_random,406,view,0.946224307535995,-0.3235112978367636
m4-head-contrastive-contractive,4,permutation_random,539,view,0.9746054773788354,-0.22392892502571607
m4-head-contrastive-contractive,4,permutation_random,436,view,0.991783486086289,-0.12792777933868837
m4-head-contrastive-contractive,4,permutation_random,453,view,0.8814100432751428,-0.47235191924423375
m4-head-contrastive-contractive,4,permutation_random,406,view,0.8923681281455697,-0.4513082359873047
m4-head-contrastive-contractive,4,permutation_random,539,view,0.9710299921721227,-0.2389576412300048
m4-head-contrastive-contractive,4,permutation_random,436,view,0.9889812060940235,-0.14804112264101119
m4-head-contrastive-contractive,4,permutation_random,453,view,0.8959730427083429,-0.44410844029353275
m4-head-contrastive-contractive,4,permutation_random,406,view,0.9431484421031076,-0.33237180409667966
m4-head-contrastive-contractive,4,permutation_random,539,view,0.9701709539427928,-0.2424217814589512
m4-head-contrastive-contractive,4,permutation_random,436,view,0.9909228127692131,-0.13443206140482725
m4-head-contrastive-contractive,4,permutation_random,453,view,0.8998429191725312,-0.436214076819006
m4-head-contrastive-contractive,4,permutation_random,406,view,0.955057101847121,-0.2964218821399296
m4-head-contrastive-contractive,4,permutation_random,539,view,0.9732868344720677,-0.22959254744730292
m4-head-contrastive-contractive,4,permutation_random,436,view,0.9913197468579726,-0.13147303711957578
m4-head-contrastive-contractive,4,permutation_random,453,view,0.8994009636877899,-0.4371245892391268
m4-head-contrastive-contractive,4,permutation_random,406,view,0.9392329546054217,-0.343280434897141
m4-head-contrastive-contractive,4,permutation_random,539,view,0.9711528388442492,-0.23845788643858373
m4-head-contrastive-contractive,4,permutation_random,436,view,0.9919673237544057,-0.1264943817073408
m4-head-contrastive-contractive,4,permutation_random,453,view,0.8830290609481727,-0.46931831151254744
m4-head-contrastive-contractive,4,permutation_random,406,view,0.9437766317391815,-0.3305838310974171
m4-head-contrastive-contractive,4,permutation_random,539,view,0.9723447793754655,-0.23355005891944833
m4-head-contrastive-contractive,4,permutation_random,436,view,0.9955561369910977,-0.09416994265349844
m4-head-contrastive-contractive,4,permutation_random,453,view,0.9036564449262372,-0.4282581342406408
m4-head-contrastive-contractive,4,permutation_random,406,view,0.9412236868898435,-0.33778391204657787
m4-head-contrastive-contractive,4,permutation_random,539,view,0.9724288652604943,-0.23319970413400606
m4-head-contrastive-contractive,4,permutation_random,436,view,0.9930397658417346,-0.11777955449479875
m4-head-contrastive-contractive,4,permutation_random,453,view,0.8970427352485879,-0.4419438099325888
m4-head-contrastive-contractive,4,permutation_random,406,view,0.9436345447108333,-0.3309891932199278
m4-head-contrastive-contractive,4,permutation_random,539,view,0.971756917817026,-0.23598409411389223
m4-head-contrastive-contractive,4,permutation_random,436,view,0.9881758350360345,-0.15332488072989425
m4-head-contrastive-contractive,4,permutation_random,453,view,0.9079494416437073,-0.4190797196463706
m4-head-contrastive-contractive,4,permutation_random,406,view,0.9446193404214,-0.32816809976266675
m4-head-contrastive-contractive,4,permutation_random,539,view,0.9716860988362789,-0.23627552841615604
m4-head-contrastive-contractive,4,permutation_random,436,view,0.9633141990516577,-0.26837614257877596
m4-head-contrastive-contractive,4,permutation_random,453,view,0.9009455272761466,-0.43393220309295605
m4-head-contrastive-contractive,4,permutation_random,406,view,0.9439806603284745,-0.33000077715941406
m4-head-contrastive-contractive,4,permutation_random,539,view,0.9710350876655244,-0.23893693419479486
m4-head-contrastive-contractive,4,permutation_random,436,view,0.9984044926650683,0.056466530141385606
m4-head-contrastive-contractive,4,permutation_random,453,view,0.8722556199564542,-0.48905023612547405
m4-head-contrastive-contractive,4,permutation_random,406,view,0.9287872104640379,-0.3706134342929721
m4-head-contrastive-contractive,4,permutation_random,539,view,0.977570009334179,-0.2106107234933053
m4-head-contrastive-contractive,4,permutation_random,436,view,0.9972825684484126,-0.0736714236928908
m4-head-contrastive-contractive,4,permutation_random,453,view,0.8923906622571466,-0.45126367670825435
m4-head-contrastive-contractive,4,permutation_random,406,view,0.9474758622300723,-0.31982728228120494
m4-head-contrastive-contractive,4,permutation_random,539,view,0.9712351589685985,-0.23812237606584064
m4-head-contrastive-contractive,4,permutation_random,436,view,0.9923375530075281,-0.1235563874958782
m4-head-contrastive-contractive,4,permutation_random,453,view,0.9193160511101331,-0.3935200098740489
m4-head-contrastive-contractive,4,permutation_random,406,view,0.9448077739614505,-0.32762519784352473
m4-head-contrastive-contractive,4,permutation_random,539,view,0.9682923866084389,-0.24981964301498344
