method,view,source_id,l1_change
permutation_label_invariant,0,0,0.03442869
permutation_label_invariant,0,1,0.28561485
permutation_label_invariant,0,2,0.027664106
permutation_label_invariant,0,3,0.030470282
permutation_label_invariant,0,4,0.026716188
permutation_label_invariant,0,5,0.012521641
permutation_label_invariant,0,6,0.056253247
permutation_label_invariant,0,7,0.0064872997
permutation_label_invariant,0,8,0.0075637624
permutation_label_invariant,0,9,0.10978292
permutation_label_invariant,0,10,0.009521477
permutation_label_invariant,0,11,0.003648399
permutation_label_invariant,0,12,0.018431745
permutation_label_invariant,0,13,0.006015462
permutation_label_invariant,0,14,0.007648547
permutation_label_invariant,0,15,0.039531916
permutation_label_invariant,0,16,0.011846593
permutation_label_invariant,0,17,0.34805652
permutation_label_invariant,0,18,0.01583193
permutation_label_invariant,0,19,0.013221744
permutation_label_invariant,0,20,0.02521498
permutation_label_invariant,0,21,0.0045546303
permutation_label_invariant,0,22,0.016017327
permutation_label_invariant,0,23,0.026236018
permutation_label_invariant,0,24,0.001547311
permutation_label_invariant,0,25,0.07050979
permutation_label_invariant,0,26,0.045911565
permutation_label_invariant,0,27,0.015509739
permutation_label_invariant,0,28,0.038337193
permutation_label_invariant,0,29,0.083065905
permutation_label_invariant,0,30,0.11833382
permutation_label_invariant,0,31,0.3635205
permutation_label_invariant,0,32,0.011372309
permutation_label_invariant,0,33,0.0048881182
permutation_label_invariant,0,34,0.004911958
permutation_label_invariant,0,35,0.01673384
permutation_label_invariant,0,36,0.09381366
permutation_label_invariant,0,37,0.026222965
permutation_label_invariant,0,38,0.042288247
permutation_label_invariant,0,39,0.0871552
permutation_label_invariant,0,40,0.0031947847
permutation_label_invariant,0,41,0.015630428
permutation_label_invariant,0,42,0.042166777
permutation_label_invariant,0,43,0.040522065
permutation_label_invariant,0,44,0.03240771
permutation_label_invariant,0,45,0.0049145864
permutation_label_invariant,0,46,0.0061799465
permutation_label_invariant,0,47,0.0056008883
permutation_label_invariant,0,48,0.027611952
permutation_label_invariant,0,49,0.01501295
permutation_label_invariant,0,50,0.006616691
permutation_label_invariant,0,51,0.017939398
permutation_label_invariant,0,52,0.050444532
permutation_label_invariant,0,53,0.0075397347
permutation_label_invariant,0,54,0.013761129
permutation_label_invariant,0,55,0.010080652
permutation_label_invariant,0,56,0.100271
permutation_label_invariant,0,57,0.016164962
permutation_label_invariant,0,58,0.017209677
permutation_label_invariant,0,59,0.014967252
permutation_label_invariant,0,60,0.006863589
permutation_label_invariant,0,61,0.0116599295
permutation_label_invariant,0,62,0.027496543
permutation_label_invariant,0,63,0.04002078
permutation_label_invariant,0,64,0.35024887
permutation_label_invariant,0,65,0.015968768
permutation_label_invariant,0,66,0.014309996
permutation_label_invariant,0,67,0.008882273
permutation_label_invariant,0,68,0.03674323
permutation_label_invariant,0,69,0.026194457
permutation_label_invariant,0,70,0.073246226
permutation_label_invariant,0,71,0.008336368
permutation_label_invariant,0,72,0.102517046
permutation_label_invariant,0,73,0.03019381
permutation_label_invariant,0,74,0.034722805
permutation_label_invariant,0,75,0.020762794
permutation_label_invariant,0,76,0.06309385
permutation_label_invariant,0,77,0.019831993
permutation_label_invariant,0,78,0.007388407
permutation_label_invariant,0,79,0.025808562
permutation_label_invariant,0,80,0.01875473
permutation_label_invariant,0,81,0.006132057
permutation_label_invariant,0,82,0.049996477
permutation_label_invariant,0,83,0.07578662
permutation_label_invariant,0,84,0.06358771
permutation_label_invariant,0,85,0.0018810199
permutation_label_invariant,0,86,0.22355226
permutation_label_invariant,0,87,0.007844075
permutation_label_invariant,0,88,0.019834744
permutation_label_invariant,0,89,0.023501176
permutation_label_invariant,0,90,0.023177339
permutation_label_invariant,0,91,0.027257454
permutation_label_invariant,0,92,0.012460193
permutation_label_invariant,0,93,0.007592102
permutation_label_invariant,0,94,0.01210834
permutation_label_invariant,0,95,0.076543026
permutation_label_invariant,0,96,0.08265687
permutation_label_invariant,0,97,0.043717943
permutation_label_invariant,0,98,0.037335183
permutation_label_invariant,0,99,0.047858775
permutation_label_invariant,0,100,0.011212725
permutation_label_invariant,0,101,0.014383857
permutation_label_invariant,0,102,0.019389814
permutation_label_invariant,0,103,0.02017783
permutation_label_invariant,0,104,0.022574805
permutation_label_invariant,0,105,0.12795791
permutation_label_invariant,0,106,0.040078364
permutation_label_invariant,0,107,0.020583484
permutation_label_invariant,0,108,0.017574415
permutation_label_invariant,0,109,0.022127362
permutation_label_invariant,0,110,0.023638312
permutation_label_invariant,0,111,0.009353531
permutation_label_invariant,0,112,0.0065375306
permutation_label_invariant,0,113,0.022440081
permutation_label_invariant,0,114,0.00799457
permutation_label_invariant,0,115,0.016182972
permutation_label_invariant,0,116,0.044018477
permutation_label_invariant,0,117,0.010597108
permutation_label_invariant,0,118,0.018020274
permutation_label_invariant,0,119,0.12079085
permutation_label_invariant,0,120,0.015202837
permutation_label_invariant,0,121,0.041019566
permutation_label_invariant,0,122,0.019579832
permutation_label_invariant,0,123,0.011811644
permutation_label_invariant,0,124,0.01955765
permutation_label_invariant,0,125,0.019511089
permutation_label_invariant,0,126,0.010467346
permutation_label_invariant,0,127,0.033776246
permutation_label_invariant,0,128,0.25896505
permutation_label_invariant,0,129,0.01370081
permutation_label_invariant,0,130,0.10187501
permutation_label_invariant,0,131,0.025149595
permutation_label_invariant,0,132,0.100753665
permutation_label_invariant,0,133,0.07174973
permutation_label_invariant,0,134,0.020528752
permutation_label_invariant,0,135,0.010261035
permutation_label_invariant,0,136,0.012961275
permutation_label_invariant,0,137,0.012089366
permutation_label_invariant,0,138,0.010939283
permutation_label_invariant,0,139,0.014869473
permutation_label_invariant,0,140,0.030556114
permutation_label_invariant,0,141,0.02517419
permutation_label_invariant,0,142,0.008236431
permutation_label_invariant,0,143,0.00997489
permutation_label_invariant,0,144,0.05207801
permutation_label_invariant,0,145,0.0041978434
permutation_label_invariant,0,146,0.005819679
permutation_label_invariant,0,147,0.019669652
permutation_label_invariant,0,148,0.029440869
permutation_label_invariant,0,149,0.010879978
permutation_label_invariant,0,150,0.017662104
permutation_label_invariant,0,151,0.005703203
permutation_label_invariant,0,152,0.014607167
permutation_label_invariant,0,153,0.018281858
permutation_label_invariant,0,154,0.059775613
permutation_label_invariant,0,155,0.114230186
permutation_label_invariant,0,156,0.10425432
permutation_label_invariant,0,157,0.12399889
permutation_label_invariant,0,158,0.007251356
permutation_label_invariant,0,159,0.06911549
permutation_label_invariant,0,160,0.012309695
permutation_label_invariant,0,161,0.056424372
permutation_label_invariant,0,162,0.0044586696
permutation_label_invariant,0,163,0.029877963
permutation_label_invariant,0,164,0.023149606
permutation_label_invariant,0,165,0.0033224842
permutation_label_invariant,0,166,0.024162006
permutation_label_invariant,0,167,0.005094915
permutation_label_invariant,0,168,0.013973884
permutation_label_invariant,0,169,0.015970003
permutation_label_invariant,0,170,0.03414713
permutation_label_invariant,0,171,0.042606495
permutation_label_invariant,0,172,0.03377924
permutation_label_invariant,0,173,0.0019537413
permutation_label_invariant,0,174,0.023876768
permutation_label_invariant,0,175,0.01960009
permutation_label_invariant,0,176,0.011179805
permutation_label_invariant,0,177,0.0035459579
permutation_label_invariant,0,178,0.009265332
permutation_label_invariant,0,179,0.06197459
permutation_label_invariant,0,180,0.0039991196
permutation_label_invariant,0,181,0.0023206389
permutation_label_invariant,0,182,0.01838015
permutation_label_invariant,0,183,0.06752654
permutation_label_invariant,0,184,0.012583117
permutation_label_invariant,0,185,0.030970614
permutation_label_invariant,0,186,0.031518098
permutation_label_invariant,0,187,0.33973563
permutation_label_invariant,0,188,0.015402067
permutation_label_invariant,0,189,0.018469555
permutation_label_invariant,0,190,0.013619997
permutation_label_invariant,0,191,0.019384367
permutation_label_invariant,0,192,0.0028300195
permutation_label_invariant,0,193,0.0062410156
permutation_label_invariant,0,194,0.026563628
permutation_label_invariant,0,195,0.0058297375
permutation_label_invariant,0,196,0.1621868
permutation_label_invariant,0,197,0.03965962
permutation_label_invariant,0,198,0.021730391
permutation_label_invariant,0,199,0.0030811098
permutation_label_invariant,0,200,0.0060142134
permutation_label_invariant,0,201,0.015788719
permutation_label_invariant,0,202,0.0033023073
permutation_label_invariant,0,203,0.0017133642
permutation_label_invariant,0,204,0.09276935
permutation_label_invariant,0,205,0.020236837
permutation_label_invariant,0,206,0.026955798
permutation_label_invariant,0,207,0.09894635
permutation_label_invariant,0,208,0.010502018
permutation_label_invariant,0,209,0.14719552
permutation_label_invariant,0,210,0.0298221
permutation_label_invariant,0,211,0.021739308
permutation_label_invariant,0,212,0.10207724
permutation_label_invariant,0,213,0.012126149
permutation_label_invariant,0,214,0.027023882
permutation_label_invariant,0,215,0.027488397
permutation_label_invariant,0,216,0.028452002
permutation_label_invariant,0,217,0.016835768
permutation_label_invariant,0,218,0.005985604
permutation_label_invariant,0,219,0.02301589
permutation_label_invariant,0,220,0.018104685
permutation_label_invariant,0,221,0.010850482
permutation_label_invariant,0,222,0.01044543
permutation_label_invariant,0,223,0.0063087973
permutation_label_invariant,0,224,0.024459485
permutation_label_invariant,0,225,0.18836576
permutation_label_invariant,0,226,0.020948956
permutation_label_invariant,0,227,0.028330935
permutation_label_invariant,0,228,0.022475962
permutation_label_invariant,0,229,0.010262825
permutation_label_invariant,0,230,0.036543433
permutation_label_invariant,0,231,0.008817719
permutation_label_invariant,0,232,0.007403748
permutation_label_invariant,0,233,0.019290425
permutation_label_invariant,0,234,0.07493074
permutation_label_invariant,0,235,0.003918656
permutation_label_invariant,0,236,0.06290204
permutation_label_invariant,0,237,0.00317699
permutation_label_invariant,0,238,0.025445454
permutation_label_invariant,0,239,0.07238157
permutation_label_invariant,0,240,0.0024793115
permutation_label_invariant,0,241,0.03691998
permutation_label_invariant,0,242,0.015967455
permutation_label_invariant,0,243,0.023806667
permutation_label_invariant,0,244,0.031175997
permutation_label_invariant,0,245,0.03415993
permutation_label_invariant,0,246,0.020567287
permutation_label_invariant,0,247,0.025946958
permutation_label_invariant,0,248,0.05424011
permutation_label_invariant,0,249,0.024644185
permutation_label_invariant,0,250,0.030443551
permutation_label_invariant,0,251,0.021311592
permutation_label_invariant,0,252,0.008946121
permutation_label_invariant,0,253,0.0073976004
permutation_label_invariant,0,254,0.03352721
permutation_label_invariant,0,255,0.0077615734
permutation_label_invariant,0,256,0.014104397
permutation_label_invariant,0,257,0.024319738
permutation_label_invariant,0,258,0.016110271
permutation_label_invariant,0,259,0.011777323
permutation_label_invariant,0,260,0.022770662
permutation_label_invariant,0,261,0.032072037
permutation_label_invariant,0,262,0.023052262
permutation_label_invariant,0,263,0.013029967
permutation_label_invariant,0,264,0.008806353
permutation_label_invariant,0,265,0.010059772
permutation_label_invariant,0,266,0.027791115
permutation_label_invariant,0,267,0.011532472
permutation_label_invariant,0,268,0.14894451
permutation_label_invariant,0,269,0.07852122
permutation_label_invariant,0,270,0.039063063
permutation_label_invariant,0,271,0.02645425
permutation_label_invariant,0,272,0.0324272
permutation_label_invariant,0,273,0.011418233
permutation_label_invariant,0,274,0.030642323
permutation_label_invariant,0,275,0.11566049
permutation_label_invariant,0,276,0.009747647
permutation_label_invariant,0,277,0.015622103
permutation_label_invariant,0,278,0.004961918
permutation_label_invariant,0,279,0.0658766
permutation_label_invariant,0,280,0.036807083
permutation_label_invariant,0,281,0.012942516
permutation_label_invariant,0,282,0.11310654
permutation_label_invariant,0,283,0.022884304
permutation_label_invariant,0,284,0.031745754
permutation_label_invariant,0,285,0.026502792
permutation_label_invariant,0,286,0.07777265
permutation_label_invariant,0,287,0.08794179
permutation_label_invariant,0,288,0.036383055
permutation_label_invariant,0,289,0.018091392
permutation_label_invariant,0,290,0.0029884363
permutation_label_invariant,0,291,0.17287108
permutation_label_invariant,0,292,0.03803242
permutation_label_invariant,0,293,0.019303732
permutation_label_invariant,0,294,0.05891148
permutation_label_invariant,0,295,0.12526308
permutation_label_invariant,0,296,0.017001836
permutation_label_invariant,0,297,0.017616415
permutation_label_invariant,0,298,0.10003521
permutation_label_invariant,0,299,0.042272657
permutation_label_invariant,0,300,0.003554264
permutation_label_invariant,0,301,0.008866467
permutation_label_invariant,0,302,0.12373403
permutation_label_invariant,0,303,0.023141675
permutation_label_invariant,0,304,0.06566752
permutation_label_invariant,0,305,0.087699674
permutation_label_invariant,0,306,0.06281928
permutation_label_invariant,0,307,0.109784156
permutation_label_invariant,0,308,0.038678076
permutation_label_invariant,0,309,0.015005536
permutation_label_invariant,0,310,0.046786096
permutation_label_invariant,0,311,0.018487813
permutation_label_invariant,0,312,0.007283779
permutation_label_invariant,0,313,0.06428495
permutation_label_invariant,0,314,0.03148606
permutation_label_invariant,0,315,0.008478802
permutation_label_invariant,0,316,0.0028684684
permutation_label_invariant,0,317,0.0073830006
permutation_label_invariant,0,318,0.034879126
permutation_label_invariant,0,319,0.029493138
permutation_label_invariant,0,320,0.0318601
permutation_label_invariant,0,321,0.049412426
permutation_label_invariant,0,322,0.01885612
permutation_label_invariant,0,323,0.007815115
permutation_label_invariant,0,324,0.011744637
permutation_label_invariant,0,325,0.018815706
permutation_label_invariant,0,326,0.036739632
permutation_label_invariant,0,327,0.004093226
permutation_label_invariant,0,328,0.006865656
permutation_label_invariant,0,329,0.012147449
permutation_label_invariant,0,330,0.011770975
permutation_label_invariant,0,331,0.022240745
permutation_label_invariant,0,332,0.015494499
permutation_label_invariant,0,333,0.044581383
permutation_label_invariant,0,334,0.008428426
permutation_label_invariant,0,335,0.005975194
permutation_label_invariant,0,336,0.02501585
permutation_label_invariant,0,337,0.009259157
permutation_label_invariant,0,338,0.017159337
permutation_label_invariant,0,339,0.0055539995
permutation_label_invariant,0,340,0.02581854
permutation_label_invariant,0,341,0.013239554
permutation_label_invariant,0,342,0.0052606883
permutation_label_invariant,0,343,0.009398825
permutation_label_invariant,0,344,0.021936722
permutation_label_invariant,0,345,0.10776244
permutation_label_invariant,0,346,0.028027538
permutation_label_invariant,0,347,0.005040646
permutation_label_invariant,0,348,0.015194193
permutation_label_invariant,0,349,0.02840643
permutation_label_invariant,0,350,0.030214813
permutation_label_invariant,0,351,0.050230168
permutation_label_invariant,0,352,0.33253768
permutation_label_invariant,0,353,0.01784818
permutation_label_invariant,0,354,0.07428777
permutation_label_invariant,0,355,0.02881722
permutation_label_invariant,0,356,0.029479532
permutation_label_invariant,0,357,0.015677717
permutation_label_invariant,0,358,0.013679024
permutation_label_invariant,0,359,0.0019324196
permutation_label_invariant,0,360,0.00821358
permutation_label_invariant,0,361,0.06042038
permutation_label_invariant,0,362,0.006645571
permutation_label_invariant,0,363,0.02221419
permutation_label_invariant,0,364,0.028069433
permutation_label_invariant,0,365,0.0046127615
permutation_label_invariant,0,366,0.003221726
permutation_label_invariant,0,367,0.0068200957
permutation_label_invariant,0,368,0.024244398
permutation_label_invariant,0,369,0.027604602
permutation_label_invariant,0,370,0.05763425
permutation_label_invariant,0,371,0.01935779
permutation_label_invariant,0,372,0.008433714
permutation_label_invariant,0,373,0.009950323
permutation_label_invariant,0,374,0.011242386
permutation_label_invariant,0,375,0.006525158
permutation_label_invariant,0,376,0.0061254892
permutation_label_invariant,0,377,0.023857735
permutation_label_invariant,0,378,0.042788144
permutation_label_invariant,0,379,0.11264935
permutation_label_invariant,0,380,0.10050319
permutation_label_invariant,0,381,0.086217314
permutation_label_invariant,0,382,0.010485774
permutation_label_invariant,0,383,0.022977805
permutation_label_invariant,0,384,0.026137546
permutation_label_invariant,0,385,0.015030288
permutation_label_invariant,0,386,0.010864709
permutation_label_invariant,0,387,0.010246844
permutation_label_invariant,0,388,0.14599736
permutation_label_invariant,0,389,0.01440097
permutation_label_invariant,0,390,0.013674784
permutation_label_invariant,0,391,0.013401423
permutation_label_invariant,0,392,0.02496611
permutation_label_invariant,0,393,0.04620293
permutation_label_invariant,0,394,0.021361694
permutation_label_invariant,0,395,0.012356069
permutation_label_invariant,0,396,0.03614757
permutation_label_invariant,0,397,0.01181953
permutation_label_invariant,0,398,0.09150756
permutation_label_invariant,0,399,0.030120246
permutation_label_invariant,0,400,0.029421631
permutation_label_invariant,0,401,0.0655412
permutation_label_invariant,0,402,0.0061048204
permutation_label_invariant,0,403,0.043056544
permutation_label_invariant,0,404,0.026993202
permutation_label_invariant,0,405,0.0071206973
permutation_label_invariant,0,406,0.015913976
permutation_label_invariant,0,407,0.022374991
permutation_label_invariant,0,408,0.088568546
permutation_label_invariant,0,409,0.055622317
permutation_label_invariant,0,410,0.009301629
permutation_label_invariant,0,411,0.009935148
permutation_label_invariant,0,412,0.011777697
permutation_label_invariant,0,413,0.0074231634
permutation_label_invariant,0,414,0.009934761
permutation_label_invariant,0,415,0.015509788
permutation_label_invariant,0,416,0.017286323
permutation_label_invariant,0,417,0.006182579
permutation_label_invariant,0,418,0.37121415
permutation_label_invariant,0,419,0.01389496
permutation_label_invariant,0,420,0.013133875
permutation_label_invariant,0,421,0.0040570344
permutation_label_invariant,0,422,0.026924137
permutation_label_invariant,0,423,0.009961436
permutation_label_invariant,0,424,0.004730576
permutation_label_invariant,0,425,0.108139716
permutation_label_invariant,0,426,0.033708572
permutation_label_invariant,0,427,0.004840485
permutation_label_invariant,0,428,0.00612055
permutation_label_invariant,0,429,0.0066701625
permutation_label_invariant,0,430,0.023970637
permutation_label_invariant,0,431,0.0053175287
permutation_label_invariant,0,432,0.018823283
permutation_label_invariant,0,433,0.0342218
permutation_label_invariant,0,434,0.0031270825
permutation_label_invariant,0,435,0.0044014803
permutation_label_invariant,0,436,0.016704008
permutation_label_invariant,0,437,0.015166513
permutation_label_invariant,0,438,0.44456288
permutation_label_invariant,0,439,0.0064635705
permutation_label_invariant,0,440,0.021258058
permutation_label_invariant,0,441,0.10179523
permutation_label_invariant,0,442,0.023428954
permutation_label_invariant,0,443,0.026457103
permutation_label_invariant,0,444,0.02558461
permutation_label_invariant,0,445,0.012971272
permutation_label_invariant,0,446,0.023603365
permutation_label_invariant,0,447,0.0280381
permutation_label_invariant,0,448,0.0038257511
permutation_label_invariant,0,449,0.016292468
permutation_label_invariant,0,450,0.005243943
permutation_label_invariant,0,451,0.11721648
permutation_label_invariant,0,452,0.023798708
permutation_label_invariant,0,453,0.0025778376
permutation_label_invariant,0,454,0.008164428
permutation_label_invariant,0,455,0.05022809
permutation_label_invariant,0,456,0.01422792
permutation_label_invariant,0,457,0.011212179
permutation_label_invariant,0,458,0.01557124
permutation_label_invariant,0,459,0.011987796
permutation_label_invariant,0,460,0.011430062
permutation_label_invariant,0,461,0.0071124127
permutation_label_invariant,0,462,0.019152656
permutation_label_invariant,0,463,0.026941216
permutation_label_invariant,0,464,0.020512367
permutation_label_invariant,0,465,0.16976152
permutation_label_invariant,0,466,0.059891894
permutation_label_invariant,0,467,0.00861972
permutation_label_invariant,0,468,0.03335099
permutation_label_invariant,0,469,0.013987801
permutation_label_invariant,0,470,0.01378708
permutation_label_invariant,0,471,0.035288155
permutation_label_invariant,0,472,0.015556844
permutation_label_invariant,0,473,0.028112732
permutation_label_invariant,0,474,0.022687951
permutation_label_invariant,0,475,0.014291834
permutation_label_invariant,0,476,0.018309614
permutation_label_invariant,0,477,0.0094068665
permutation_label_invariant,0,478,0.019269146
permutation_label_invariant,0,479,0.0067750276
permutation_label_invariant,0,480,0.04428004
permutation_label_invariant,0,481,0.018835863
permutation_label_invariant,0,482,0.046103008
permutation_label_invariant,0,483,0.0232342
permutation_label_invariant,0,484,0.033992257
permutation_label_invariant,0,485,0.08636984
permutation_label_invariant,0,486,0.04040182
permutation_label_invariant,0,487,0.011744552
permutation_label_invariant,0,488,0.008169835
permutation_label_invariant,0,489,0.0077463817
permutation_label_invariant,0,490,0.008752894
permutation_label_invariant,0,491,0.0072256266
permutation_label_invariant,0,492,0.010494851
permutation_label_invariant,0,493,0.015670115
permutation_label_invariant,0,494,0.004719325
permutation_label_invariant,0,495,0.034374204
permutation_label_invariant,0,496,0.08603637
permutation_label_invariant,0,497,0.014940234
permutation_label_invariant,0,498,0.0020796407
permutation_label_invariant,0,499,0.0023056008
permutation_label_invariant,0,500,0.011291832
permutation_label_invariant,0,501,0.1219037
permutation_label_invariant,0,502,0.13179187
permutation_label_invariant,0,503,0.12387608
permutation_label_invariant,0,504,0.052051507
permutation_label_invariant,0,505,0.05937176
permutation_label_invariant,0,506,0.010093512
permutation_label_invariant,0,507,0.016215544
permutation_label_invariant,0,508,0.03196242
permutation_label_invariant,0,509,0.0041023428
permutation_label_invariant,0,510,0.03795704
permutation_label_invariant,0,511,0.015776198
permutation_label_invariant,0,512,0.03610942
permutation_label_invariant,0,513,0.010869959
permutation_label_invariant,0,514,0.006367222
permutation_label_invariant,0,515,0.009355328
permutation_label_invariant,0,516,0.0126267
permutation_label_invariant,0,517,0.014943232
permutation_label_invariant,0,518,0.011964209
permutation_label_invariant,0,519,0.019857604
permutation_label_invariant,0,520,0.015674477
permutation_label_invariant,0,521,0.015560475
permutation_label_invariant,0,522,0.111080006
permutation_label_invariant,0,523,0.09184533
permutation_label_invariant,0,524,0.014361592
permutation_label_invariant,0,525,0.018264996
permutation_label_invariant,0,526,0.07011218
permutation_label_invariant,0,527,0.0180479
permutation_label_invariant,0,528,0.0070657637
permutation_label_invariant,0,529,0.0038225434
permutation_label_invariant,0,530,0.019747518
permutation_label_invariant,0,531,0.011269493
permutation_label_invariant,0,532,0.019044943
permutation_label_invariant,0,533,0.024193496
permutation_label_invariant,0,534,0.023639977
permutation_label_invariant,0,535,0.02257676
permutation_label_invariant,0,536,0.006859346
permutation_label_invariant,0,537,0.02413147
permutation_label_invariant,0,538,0.014557837
permutation_label_invariant,0,539,0.026035387
permutation_label_invariant,0,540,0.0055999905
permutation_label_invariant,0,541,0.07400599
permutation_label_invariant,0,542,0.011366173
permutation_label_invariant,0,543,0.015219854
permutation_label_invariant,0,544,0.008172184
permutation_label_invariant,0,545,0.042383768
permutation_label_invariant,0,546,0.0046019354
permutation_label_invariant,0,547,0.08386865
permutation_label_invariant,0,548,0.018951092
permutation_label_invariant,0,549,0.015329514
permutation_label_invariant,0,550,0.02287753
permutation_label_invariant,0,551,0.00786881
permutation_label_invariant,0,552,0.022076022
permutation_label_invariant,0,553,0.017163187
permutation_label_invariant,0,554,0.016838051
permutation_label_invariant,0,555,0.014128871
permutation_label_invariant,0,556,0.008191817
permutation_label_invariant,0,557,0.03212653
permutation_label_invariant,0,558,0.025887648
permutation_label_invariant,0,559,0.031224027
permutation_label_invariant,0,560,0.014948549
permutation_label_invariant,0,561,0.02806208
permutation_label_invariant,0,562,0.10546319
permutation_label_invariant,0,563,0.011536785
permutation_label_invariant,0,564,0.023032652
permutation_label_invariant,0,565,0.0055788853
permutation_label_invariant,0,566,0.013591014
permutation_label_invariant,0,567,0.015508439
permutation_label_invariant,0,568,0.01908711
permutation_label_invariant,0,569,0.017882846
permutation_label_invariant,0,570,0.16409183
permutation_label_invariant,0,571,0.0050034923
permutation_label_invariant,0,572,0.023215512
permutation_label_invariant,0,573,0.1675628
permutation_label_invariant,0,574,0.076820195
permutation_label_invariant,0,575,0.023264509
permutation_label_invariant,0,576,0.016712047
permutation_label_invariant,0,577,0.003309032
permutation_label_invariant,0,578,0.038450006
permutation_label_invariant,0,579,0.01596854
permutation_label_invariant,0,580,0.09363089
permutation_label_invariant,0,581,0.0063996064
permutation_label_invariant,0,582,0.008928096
permutation_label_invariant,0,583,0.011307394
permutation_label_invariant,0,584,0.015398838
permutation_label_invariant,0,585,0.028599767
permutation_label_invariant,0,586,0.047979314
permutation_label_invariant,0,587,0.012409616
permutation_label_invariant,0,588,0.014730318
permutation_label_invariant,0,589,0.005951132
permutation_label_invariant,0,590,0.016417345
permutation_label_invariant,0,591,0.008266333
permutation_label_invariant,0,592,0.017239796
permutation_label_invariant,0,593,0.35851347
permutation_label_invariant,0,594,0.2723391
permutation_label_invariant,0,595,0.07103672
permutation_label_invariant,0,596,0.10141172
permutation_label_invariant,0,597,0.019336656
permutation_label_invariant,0,598,0.0060349903
permutation_label_invariant,0,599,0.025597766
permutation_label_invariant,0,600,0.02066838
permutation_label_invariant,0,601,0.0033107603
permutation_label_invariant,0,602,0.0136010805
permutation_label_invariant,0,603,0.017358042
permutation_label_invariant,0,604,0.020687547
permutation_label_invariant,0,605,0.0100673055
permutation_label_invariant,0,606,0.029034365
permutation_label_invariant,0,607,0.0155883245
permutation_label_invariant,0,608,0.03598378
permutation_label_invariant,0,609,0.04881232
permutation_label_invariant,0,610,0.013971666
permutation_label_invariant,0,611,0.014286781
permutation_label_invariant,0,612,0.003638066
permutation_label_invariant,0,613,0.029729411
permutation_label_invariant,0,614,0.015634503
permutation_label_invariant,0,615,0.054324348
permutation_label_invariant,0,616,0.007047097
permutation_label_invariant,0,617,0.0026307746
permutation_label_invariant,0,618,0.005017096
permutation_label_invariant,0,619,0.0216128
permutation_label_invariant,0,620,0.0032458212
permutation_label_invariant,0,621,0.09727225
permutation_label_invariant,0,622,0.055965792
permutation_label_invariant,0,623,0.03091526
permutation_label_invariant,0,624,0.059021223
permutation_label_invariant,0,625,0.022508569
permutation_label_invariant,0,626,0.143193
permutation_label_invariant,0,627,0.011006864
permutation_label_invariant,0,628,0.015492136
permutation_label_invariant,0,629,0.0095170345
permutation_label_invariant,0,630,0.022084773
permutation_label_invariant,0,631,0.016895194
permutation_label_invariant,0,632,0.02125101
permutation_label_invariant,0,633,0.02191962
permutation_label_invariant,0,634,0.009651117
permutation_label_invariant,0,635,0.002120948
permutation_label_invariant,0,636,0.019945532
permutation_label_invariant,0,637,0.0042154174
permutation_label_invariant,0,638,0.0107100345
permutation_label_invariant,0,639,0.009281859
permutation_label_invariant,0,640,0.0199004
permutation_label_invariant,0,641,0.029904706
permutation_label_invariant,0,642,0.014369032
permutation_label_invariant,0,643,0.012039728
permutation_label_invariant,0,644,0.04766441
permutation_label_invariant,0,645,0.0017666584
permutation_label_invariant,0,646,0.025690839
permutation_label_invariant,0,647,0.007012024
permutation_label_invariant,0,648,0.03338233
permutation_label_invariant,0,649,0.017520359
permutation_label_invariant,0,650,0.11504258
permutation_label_invariant,0,651,0.026410576
permutation_label_invariant,0,652,0.18843313
permutation_label_invariant,0,653,0.045667883
permutation_label_invariant,0,654,0.012714345
permutation_label_invariant,0,655,0.031851985
permutation_label_invariant,0,656,0.03069419
permutation_label_invariant,0,657,0.03947554
permutation_label_invariant,0,658,0.09979354
permutation_label_invariant,0,659,0.0050025187
permutation_label_invariant,0,660,0.018327452
permutation_label_invariant,0,661,0.006616706
permutation_label_invariant,0,662,0.00830582
permutation_label_invariant,0,663,0.016322818
permutation_label_invariant,0,664,0.003548662
permutation_label_invariant,0,665,0.0089285495
permutation_label_invariant,0,666,0.054656155
permutation_label_invariant,0,667,0.00954414
permutation_label_invariant,0,668,0.006158529
permutation_label_invariant,0,669,0.028046208
permutation_label_invariant,0,670,0.10032947
permutation_label_invariant,0,671,0.057897348
permutation_label_invariant,0,672,0.025262428
permutation_label_invariant,0,673,0.01927622
permutation_label_invariant,0,674,0.013121178
permutation_label_invariant,0,675,0.008195766
permutation_label_invariant,0,676,0.015179857
permutation_label_invariant,0,677,0.006145675
permutation_label_invariant,0,678,0.0017453813
permutation_label_invariant,0,679,0.09021639
permutation_label_invariant,0,680,0.013797727
permutation_label_invariant,0,681,0.030519433
permutation_label_invariant,0,682,0.011922248
permutation_label_invariant,0,683,0.048128232
permutation_label_invariant,0,684,0.080925114
permutation_label_invariant,0,685,0.0053887237
permutation_label_invariant,0,686,0.011969055
permutation_label_invariant,0,687,0.005565257
permutation_label_invariant,0,688,0.08052331
permutation_label_invariant,0,689,0.040067554
permutation_label_invariant,0,690,0.008484732
permutation_label_invariant,0,691,0.018057218
permutation_label_invariant,0,692,0.020539977
permutation_label_invariant,0,693,0.26501736
permutation_label_invariant,0,694,0.011849176
permutation_label_invariant,0,695,0.019261857
permutation_label_invariant,0,696,0.024046414
permutation_label_invariant,0,697,0.0030098117
permutation_label_invariant,0,698,0.04186128
permutation_label_invariant,0,699,0.005164024
permutation_label_invariant,0,700,0.0721895
permutation_label_invariant,0,701,0.024796942
permutation_label_invariant,0,702,0.11029461
permutation_label_invariant,0,703,0.09459195
permutation_label_invariant,0,704,0.05139695
permutation_label_invariant,0,705,0.07116765
permutation_label_invariant,0,706,0.120185904
permutation_label_invariant,0,707,0.081348546
permutation_label_invariant,0,708,0.019645173
permutation_label_invariant,0,709,0.2811901
permutation_label_invariant,0,710,0.27176872
permutation_label_invariant,0,711,0.07198574
permutation_label_invariant,0,712,0.018087413
permutation_label_invariant,0,713,0.017261801
permutation_label_invariant,0,714,0.12513663
permutation_label_invariant,0,715,0.013865471
permutation_label_invariant,0,716,0.022902299
permutation_label_invariant,0,717,0.024132185
permutation_label_invariant,0,718,0.0044853655
permutation_label_invariant,0,719,0.005657128
permutation_label_invariant,0,720,0.024386764
permutation_label_invariant,0,721,0.0546669
permutation_label_invariant,0,722,0.045016084
permutation_label_invariant,0,723,0.034501113
permutation_label_invariant,0,724,0.0044824034
permutation_label_invariant,0,725,0.0033696997
permutation_label_invariant,0,726,0.13049129
permutation_label_invariant,0,727,0.031943865
permutation_label_invariant,0,728,0.017188394
permutation_label_invariant,0,729,0.024075128
permutation_label_invariant,0,730,0.012241092
permutation_label_invariant,0,731,0.015763246
permutation_label_invariant,0,732,0.035516486
permutation_label_invariant,0,733,0.019630762
permutation_label_invariant,0,734,0.0235832
permutation_label_invariant,0,735,0.041146804
permutation_label_invariant,0,736,0.09700375
permutation_label_invariant,0,737,0.012413187
permutation_label_invariant,0,738,0.0021855012
permutation_label_invariant,0,739,0.026353458
permutation_label_invariant,0,740,0.0112403305
permutation_label_invariant,0,741,0.10590822
permutation_label_invariant,0,742,0.018065244
permutation_label_invariant,0,743,0.014297953
permutation_label_invariant,0,744,0.04190182
permutation_label_invariant,0,745,0.0128192995
permutation_label_invariant,0,746,0.24838668
permutation_label_invariant,0,747,0.04042642
permutation_label_invariant,0,748,0.012878906
permutation_label_invariant,0,749,0.017333992
permutation_label_invariant,0,750,0.2685522
permutation_label_invariant,0,751,0.027208086
permutation_label_invariant,0,752,0.19669557
permutation_label_invariant,0,753,0.044771332
permutation_label_invariant,0,754,0.008810582
permutation_label_invariant,0,755,0.010929414
permutation_label_invariant,0,756,0.012791468
permutation_label_invariant,0,757,0.0009919629
permutation_label_invariant,0,758,0.005148874
permutation_label_invariant,0,759,0.008782799
permutation_label_invariant,0,760,0.012716245
permutation_label_invariant,0,761,0.010187657
permutation_label_invariant,0,762,0.110808685
permutation_label_invariant,0,763,0.022964627
permutation_label_invariant,0,764,0.01233573
permutation_label_invariant,0,765,0.009662783
permutation_label_invariant,0,766,0.028993635
permutation_label_invariant,0,767,0.04224715
permutation_label_invariant,0,768,0.027207144
permutation_label_invariant,0,769,0.006695167
permutation_label_invariant,0,770,0.016171338
permutation_label_invariant,0,771,0.011110762
permutation_label_invariant,0,772,0.012803073
permutation_label_invariant,0,773,0.016813248
permutation_label_invariant,0,774,0.0042125145
permutation_label_invariant,0,775,0.0064505655
permutation_label_invariant,0,776,0.010361376
permutation_label_invariant,0,777,0.024730274
permutation_label_invariant,0,778,0.009527112
permutation_label_invariant,0,779,0.015270071
permutation_label_invariant,0,780,0.018724483
permutation_label_invariant,0,781,0.12809676
permutation_label_invariant,0,782,0.008685151
permutation_label_invariant,0,783,0.022045841
permutation_label_invariant,0,784,0.059845664
permutation_label_invariant,0,785,0.027265666
permutation_label_invariant,0,786,0.0732111
permutation_label_invariant,0,787,0.021337725
permutation_label_invariant,0,788,0.0018954489
permutation_label_invariant,0,789,0.049995784
permutation_label_invariant,0,790,0.030539807
permutation_label_invariant,0,791,0.026632568
permutation_label_invariant,0,792,0.02418371
permutation_label_invariant,0,793,0.028327264
permutation_label_invariant,0,794,0.04558408
permutation_label_invariant,0,795,0.0044073896
permutation_label_invariant,0,796,0.004031049
permutation_label_invariant,0,797,0.01504229
permutation_label_invariant,0,798,0.0050501395
permutation_label_invariant,0,799,0.073119
permutation_label_invariant,0,800,0.0072368262
permutation_label_invariant,0,801,0.04002981
permutation_label_invariant,0,802,0.015021057
permutation_label_invariant,0,803,0.11283738
permutation_label_invariant,0,804,0.008867456
permutation_label_invariant,0,805,0.09409818
permutation_label_invariant,0,806,0.005055782
permutation_label_invariant,0,807,0.0087079
permutation_label_invariant,0,808,0.029643942
permutation_label_invariant,0,809,0.016258657
permutation_label_invariant,0,810,0.025050774
permutation_label_invariant,0,811,0.0142529
permutation_label_invariant,0,812,0.033406563
permutation_label_invariant,0,813,0.013098786
permutation_label_invariant,0,814,0.014225309
permutation_label_invariant,0,815,0.015225513
permutation_label_invariant,0,816,0.017794061
permutation_label_invariant,0,817,0.023178656
permutation_label_invariant,0,818,0.05791249
permutation_label_invariant,0,819,0.11313294
permutation_label_invariant,0,820,0.006775475
permutation_label_invariant,0,821,0.0232523
permutation_label_invariant,0,822,0.049931638
permutation_label_invariant,0,823,0.10805425
permutation_label_invariant,0,824,0.0142057715
permutation_label_invariant,0,825,0.049265563
permutation_label_invariant,0,826,0.048736967
permutation_label_invariant,0,827,0.016997077
permutation_label_invariant,0,828,0.007811308
permutation_label_invariant,0,829,0.01815668
permutation_label_invariant,0,830,0.026180562
permutation_label_invariant,0,831,0.024255473
permutation_label_invariant,0,832,0.015114056
permutation_label_invariant,0,833,0.0040536234
permutation_label_invariant,0,834,0.002213597
permutation_label_invariant,0,835,0.020194706
permutation_label_invariant,0,836,0.0036947643
permutation_label_invariant,0,837,0.025835276
permutation_label_invariant,0,838,0.007607831
permutation_label_invariant,0,839,0.013264288
permutation_label_invariant,0,840,0.0555109
permutation_label_invariant,0,841,0.017776351
permutation_label_invariant,0,842,0.046323918
permutation_label_invariant,0,843,0.011942884
permutation_label_invariant,0,844,0.06963456
permutation_label_invariant,0,845,0.0769417
permutation_label_invariant,0,846,0.015814172
permutation_label_invariant,0,847,0.022959309
permutation_label_invariant,0,848,0.04033277
permutation_label_invariant,0,849,0.014625835
permutation_label_invariant,0,850,0.0053769853
permutation_label_invariant,0,851,0.06774077
permutation_label_invariant,0,852,0.011122616
permutation_label_invariant,0,853,0.01605594
permutation_label_invariant,1,0,0.006706955
permutation_label_invariant,1,1,0.012248104
permutation_label_invariant,1,2,0.026400626
permutation_label_invariant,1,3,0.033995356
permutation_label_invariant,1,4,0.024626175
permutation_label_invariant,1,5,0.025596425
permutation_label_invariant,1,6,0.039325185
permutation_label_invariant,1,7,0.019371882
permutation_label_invariant,1,8,0.061290953
permutation_label_invariant,1,9,0.01526501
permutation_label_invariant,1,10,0.007946093
permutation_label_invariant,1,11,0.021970922
permutation_label_invariant,1,12,0.06154014
permutation_label_invariant,1,13,0.0046973834
permutation_label_invariant,1,14,0.008889251
permutation_label_invariant,1,15,0.004713952
permutation_label_invariant,1,16,0.002777661
permutation_label_invariant,1,17,0.04273123
permutation_label_invariant,1,18,0.35145625
permutation_label_invariant,1,19,0.039584644
permutation_label_invariant,1,20,0.0081906095
permutation_label_invariant,1,21,0.010939595
permutation_label_invariant,1,22,0.02865773
permutation_label_invariant,1,23,0.044479776
permutation_label_invariant,1,24,0.09411058
permutation_label_invariant,1,25,0.0176033
permutation_label_invariant,1,26,0.007558842
permutation_label_invariant,1,27,0.0172539
permutation_label_invariant,1,28,0.250522
permutation_label_invariant,1,29,0.021911405
permutation_label_invariant,1,30,0.0053654304
permutation_label_invariant,1,31,0.003492251
permutation_label_invariant,1,32,0.030572653
permutation_label_invariant,1,33,0.0051008062
permutation_label_invariant,1,34,0.007362499
permutation_label_invariant,1,35,0.026404412
permutation_label_invariant,1,36,0.10461186
permutation_label_invariant,1,37,0.00023608422
permutation_label_invariant,1,38,0.009111648
permutation_label_invariant,1,39,0.024584623
permutation_label_invariant,1,40,0.026036639
permutation_label_invariant,1,41,0.014567703
permutation_label_invariant,1,42,0.009757265
permutation_label_invariant,1,43,0.007994373
permutation_label_invariant,1,44,0.13717228
permutation_label_invariant,1,45,0.012966862
permutation_label_invariant,1,46,0.009821211
permutation_label_invariant,1,47,0.016840072
permutation_label_invariant,1,48,0.0050034802
permutation_label_invariant,1,49,0.004568615
permutation_label_invariant,1,50,0.074666165
permutation_label_invariant,1,51,0.017132608
permutation_label_invariant,1,52,0.05320939
permutation_label_invariant,1,53,0.0068560997
permutation_label_invariant,1,54,0.004475212
permutation_label_invariant,1,55,0.010572751
permutation_label_invariant,1,56,0.017516857
permutation_label_invariant,1,57,0.019414108
permutation_label_invariant,1,58,0.002318778
permutation_label_invariant,1,59,0.27452955
permutation_label_invariant,1,60,0.02173511
permutation_label_invariant,1,61,0.025942639
permutation_label_invariant,1,62,0.06395679
permutation_label_invariant,1,63,0.01729429
permutation_label_invariant,1,64,0.012216458
permutation_label_invariant,1,65,0.011333203
permutation_label_invariant,1,66,0.0068862513
permutation_label_invariant,1,67,0.0071605304
permutation_label_invariant,1,68,0.026481487
permutation_label_invariant,1,69,0.006302181
permutation_label_invariant,1,70,0.042269625
permutation_label_invariant,1,71,0.03255424
permutation_label_invariant,1,72,0.018166691
permutation_label_invariant,1,73,0.018942183
permutation_label_invariant,1,74,0.011123577
permutation_label_invariant,1,75,0.009257346
permutation_label_invariant,1,76,0.1018891
permutation_label_invariant,1,77,0.007080841
permutation_label_invariant,1,78,0.0127196
permutation_label_invariant,1,79,0.026897088
permutation_label_invariant,1,80,0.005480611
permutation_label_invariant,1,81,0.009603783
permutation_label_invariant,1,82,0.003581323
permutation_label_invariant,1,83,0.036109384
permutation_label_invariant,1,84,0.02012231
permutation_label_invariant,1,85,0.0034039442
permutation_label_invariant,1,86,0.0067450833
permutation_label_invariant,1,87,0.0167442
permutation_label_invariant,1,88,0.22524789
permutation_label_invariant,1,89,0.023182224
permutation_label_invariant,1,90,0.016130816
permutation_label_invariant,1,91,0.02051678
permutation_label_invariant,1,92,0.007669197
permutation_label_invariant,1,93,0.020877475
permutation_label_invariant,1,94,0.016755242
permutation_label_invariant,1,95,0.017948236
permutation_label_invariant,1,96,0.014845811
permutation_label_invariant,1,97,0.0927569
permutation_label_invariant,1,98,0.12633902
permutation_label_invariant,1,99,0.002250429
permutation_label_invariant,1,100,0.016485909
permutation_label_invariant,1,101,0.0095264325
permutation_label_invariant,1,102,0.016501289
permutation_label_invariant,1,103,0.057522975
permutation_label_invariant,1,104,0.047539104
permutation_label_invariant,1,105,0.004689801
permutation_label_invariant,1,106,0.033068553
permutation_label_invariant,1,107,0.015886847
permutation_label_invariant,1,108,0.013968788
permutation_label_invariant,1,109,0.0058514136
permutation_label_invariant,1,110,0.023258768
permutation_label_invariant,1,111,0.02295266
permutation_label_invariant,1,112,0.0628409
permutation_label_invariant,1,113,0.027263356
permutation_label_invariant,1,114,0.10970676
permutation_label_invariant,1,115,0.033585615
permutation_label_invariant,1,116,0.004333807
permutation_label_invariant,1,117,0.014214032
permutation_label_invariant,1,118,0.007573463
permutation_label_invariant,1,119,0.027363272
permutation_label_invariant,1,120,0.025032273
permutation_label_invariant,1,121,0.01591982
permutation_label_invariant,1,122,0.015054422
permutation_label_invariant,1,123,0.017740589
permutation_label_invariant,1,124,0.024970658
permutation_label_invariant,1,125,0.052552864
permutation_label_invariant,1,126,0.0076740696
permutation_label_invariant,1,127,0.020086203
permutation_label_invariant,1,128,0.04145044
permutation_label_invariant,1,129,0.010502855
permutation_label_invariant,1,130,0.060582496
permutation_label_invariant,1,131,0.031107586
permutation_label_invariant,1,132,0.023655236
permutation_label_invariant,1,133,0.009314613
permutation_label_invariant,1,134,0.013061322
permutation_label_invariant,1,135,0.044438265
permutation_label_invariant,1,136,0.032917537
permutation_label_invariant,1,137,0.015618775
permutation_label_invariant,1,138,0.031486318
permutation_label_invariant,1,139,0.032771297
permutation_label_invariant,1,140,0.038225945
permutation_label_invariant,1,141,0.014078356
permutation_label_invariant,1,142,0.014536997
permutation_label_invariant,1,143,0.0032177395
permutation_label_invariant,1,144,0.08644554
permutation_label_invariant,1,145,0.008146275
permutation_label_invariant,1,146,0.011232857
permutation_label_invariant,1,147,0.12182988
permutation_label_invariant,1,148,0.010472093
permutation_label_invariant,1,149,0.055748686
permutation_label_invariant,1,150,0.019953579
permutation_label_invariant,1,151,0.015294878
permutation_label_invariant,1,152,0.00649426
permutation_label_invariant,1,153,0.002044677
permutation_label_invariant,1,154,0.033935912
permutation_label_invariant,1,155,0.00918952
permutation_label_invariant,1,156,0.11953913
permutation_label_invariant,1,157,0.021121396
permutation_label_invariant,1,158,0.0162762
permutation_label_invariant,1,159,0.013129208
permutation_label_invariant,1,160,0.02660835
permutation_label_invariant,1,161,0.114832036
permutation_label_invariant,1,162,0.0071383906
permutation_label_invariant,1,163,0.033774868
permutation_label_invariant,1,164,0.04170849
permutation_label_invariant,1,165,0.012835719
permutation_label_invariant,1,166,0.0031936767
permutation_label_invariant,1,167,0.2693757
permutation_label_invariant,1,168,0.30040467
permutation_label_invariant,1,169,0.06642847
permutation_label_invariant,1,170,0.043956883
permutation_label_invariant,1,171,0.09455942
permutation_label_invariant,1,172,0.0094301095
permutation_label_invariant,1,173,0.0063400185
permutation_label_invariant,1,174,0.010218415
permutation_label_invariant,1,175,0.015231608
permutation_label_invariant,1,176,0.0077249967
permutation_label_invariant,1,177,0.01954503
permutation_label_invariant,1,178,0.057313412
permutation_label_invariant,1,179,0.011296961
permutation_label_invariant,1,180,0.023419745
permutation_label_invariant,1,181,0.019583955
permutation_label_invariant,1,182,0.028419606
permutation_label_invariant,1,183,0.0990661
permutation_label_invariant,1,184,0.015701521
permutation_label_invariant,1,185,0.038933642
permutation_label_invariant,1,186,0.033378195
permutation_label_invariant,1,187,0.01820645
permutation_label_invariant,1,188,0.27821648
permutation_label_invariant,1,189,0.04657269
permutation_label_invariant,1,190,0.010406796
permutation_label_invariant,1,191,0.09213607
permutation_label_invariant,1,192,0.03601056
permutation_label_invariant,1,193,0.0323656
permutation_label_invariant,1,194,0.01731095
permutation_label_invariant,1,195,0.115072586
permutation_label_invariant,1,196,0.0010893353
permutation_label_invariant,1,197,0.009667135
permutation_label_invariant,1,198,0.07996064
permutation_label_invariant,1,199,0.010316417
permutation_label_invariant,1,200,0.009787306
permutation_label_invariant,1,201,0.007255008
permutation_label_invariant,1,202,0.01577006
permutation_label_invariant,1,203,0.12132829
permutation_label_invariant,1,204,0.014739383
permutation_label_invariant,1,205,0.0038281172
permutation_label_invariant,1,206,0.010724333
permutation_label_invariant,1,207,0.032876134
permutation_label_invariant,1,208,0.0052218586
permutation_label_invariant,1,209,0.044504352
permutation_label_invariant,1,210,0.007874769
permutation_label_invariant,1,211,0.12546474
permutation_label_invariant,1,212,0.01776747
permutation_label_invariant,1,213,0.091070846
permutation_label_invariant,1,214,0.0122543
permutation_label_invariant,1,215,0.017935388
permutation_label_invariant,1,216,0.013547868
permutation_label_invariant,1,217,0.017422063
permutation_label_invariant,1,218,0.010413722
permutation_label_invariant,1,219,0.020754322
permutation_label_invariant,1,220,0.016402818
permutation_label_invariant,1,221,0.09974095
permutation_label_invariant,1,222,0.024425836
permutation_label_invariant,1,223,0.008423799
permutation_label_invariant,1,224,0.010371074
permutation_label_invariant,1,225,0.0054722866
permutation_label_invariant,1,226,0.005287256
permutation_label_invariant,1,227,0.019753393
permutation_label_invariant,1,228,0.05385787
permutation_label_invariant,1,229,0.015091406
permutation_label_invariant,1,230,0.09200409
permutation_label_invariant,1,231,0.01340913
permutation_label_invariant,1,232,0.009668257
permutation_label_invariant,1,233,0.008108472
permutation_label_invariant,1,234,0.012605278
permutation_label_invariant,1,235,0.0009874379
permutation_label_invariant,1,236,0.010452283
permutation_label_invariant,1,237,0.006613058
permutation_label_invariant,1,238,0.06104131
permutation_label_invariant,1,239,0.01529355
permutation_label_invariant,1,240,0.09698884
permutation_label_invariant,1,241,0.03350015
permutation_label_invariant,1,242,0.0067407815
permutation_label_invariant,1,243,0.0054023163
permutation_label_invariant,1,244,0.0108301435
permutation_label_invariant,1,245,0.041963227
permutation_label_invariant,1,246,0.05824918
permutation_label_invariant,1,247,0.037653036
permutation_label_invariant,1,248,0.010481456
permutation_label_invariant,1,249,0.01937455
permutation_label_invariant,1,250,0.045730703
permutation_label_invariant,1,251,0.0900953
permutation_label_invariant,1,252,0.022981584
permutation_label_invariant,1,253,0.13512841
permutation_label_invariant,1,254,0.03131099
permutation_label_invariant,1,255,0.008663118
permutation_label_invariant,1,256,0.08860499
permutation_label_invariant,1,257,0.009721378
permutation_label_invariant,1,258,0.03302469
permutation_label_invariant,1,259,0.014315328
permutation_label_invariant,1,260,0.12198405
permutation_label_invariant,1,261,0.116431944
permutation_label_invariant,1,262,0.058245055
permutation_label_invariant,1,263,0.0055920673
permutation_label_invariant,1,264,0.013581919
permutation_label_invariant,1,265,0.036286745
permutation_label_invariant,1,266,0.02002757
permutation_label_invariant,1,267,0.028618399
permutation_label_invariant,1,268,0.013030002
permutation_label_invariant,1,269,0.12975267
permutation_label_invariant,1,270,0.049385935
permutation_label_invariant,1,271,0.022617275
permutation_label_invariant,1,272,0.01957136
permutation_label_invariant,1,273,0.008799065
permutation_label_invariant,1,274,0.019258443
permutation_label_invariant,1,275,0.024699494
permutation_label_invariant,1,276,0.12104519
permutation_label_invariant,1,277,0.007548889
permutation_label_invariant,1,278,0.0055126203
permutation_label_invariant,1,279,0.006230562
permutation_label_invariant,1,280,0.054591127
permutation_label_invariant,1,281,0.05364856
permutation_label_invariant,1,282,0.016054535
permutation_label_invariant,1,283,0.01752273
permutation_label_invariant,1,284,0.01718262
permutation_label_invariant,1,285,0.005324699
permutation_label_invariant,1,286,0.01660243
permutation_label_invariant,1,287,0.08484226
permutation_label_invariant,1,288,0.054090343
permutation_label_invariant,1,289,0.047566716
permutation_label_invariant,1,290,0.01846614
permutation_label_invariant,1,291,0.007199805
permutation_label_invariant,1,292,0.004696902
permutation_label_invariant,1,293,0.009402668
permutation_label_invariant,1,294,0.02823497
permutation_label_invariant,1,295,0.019280188
permutation_label_invariant,1,296,0.014906369
permutation_label_invariant,1,297,0.010603726
permutation_label_invariant,1,298,0.025749868
permutation_label_invariant,1,299,0.019885017
permutation_label_invariant,1,300,0.03137107
permutation_label_invariant,1,301,0.002232955
permutation_label_invariant,1,302,0.020927006
permutation_label_invariant,1,303,0.021886662
permutation_label_invariant,1,304,0.004017097
permutation_label_invariant,1,305,0.025605476
permutation_label_invariant,1,306,0.15067418
permutation_label_invariant,1,307,0.096698284
permutation_label_invariant,1,308,0.016643114
permutation_label_invariant,1,309,0.091646716
permutation_label_invariant,1,310,0.0041010557
permutation_label_invariant,1,311,0.005272283
permutation_label_invariant,1,312,0.033917308
permutation_label_invariant,1,313,0.042028904
permutation_label_invariant,1,314,0.0318369
permutation_label_invariant,1,315,0.09486365
permutation_label_invariant,1,316,0.010202192
permutation_label_invariant,1,317,0.0025910651
permutation_label_invariant,1,318,0.007754894
permutation_label_invariant,1,319,0.02158399
permutation_label_invariant,1,320,0.013479282
permutation_label_invariant,1,321,0.04371117
permutation_label_invariant,1,322,0.045849293
permutation_label_invariant,1,323,0.090689756
permutation_label_invariant,1,324,0.025020089
permutation_label_invariant,1,325,0.029935952
permutation_label_invariant,1,326,0.010069885
permutation_label_invariant,1,327,0.0046516373
permutation_label_invariant,1,328,0.032395694
permutation_label_invariant,1,329,0.055648033
permutation_label_invariant,1,330,0.026748575
permutation_label_invariant,1,331,0.0149364695
permutation_label_invariant,1,332,0.011309985
permutation_label_invariant,1,333,0.02623216
permutation_label_invariant,1,334,0.025272748
permutation_label_invariant,1,335,0.004503205
permutation_label_invariant,1,336,0.01453314
permutation_label_invariant,1,337,0.0034581516
permutation_label_invariant,1,338,0.006256082
permutation_label_invariant,1,339,0.07251791
permutation_label_invariant,1,340,0.015292917
permutation_label_invariant,1,341,0.0033963697
permutation_label_invariant,1,342,0.020432444
permutation_label_invariant,1,343,0.007612822
permutation_label_invariant,1,344,0.025158595
permutation_label_invariant,1,345,0.016218487
permutation_label_invariant,1,346,0.01783632
permutation_label_invariant,1,347,0.007407987
permutation_label_invariant,1,348,0.020754255
permutation_label_invariant,1,349,0.04628425
permutation_label_invariant,1,350,0.017551402
permutation_label_invariant,1,351,0.020790784
permutation_label_invariant,1,352,0.012228193
permutation_label_invariant,1,353,0.016847005
permutation_label_invariant,1,354,0.007806879
permutation_label_invariant,1,355,0.010795474
permutation_label_invariant,1,356,0.018694175
permutation_label_invariant,1,357,0.039629843
permutation_label_invariant,1,358,0.010778556
permutation_label_invariant,1,359,0.011968674
permutation_label_invariant,1,360,0.017381001
permutation_label_invariant,1,361,0.029738527
permutation_label_invariant,1,362,0.018807609
permutation_label_invariant,1,363,0.061216075
permutation_label_invariant,1,364,0.0017143788
permutation_label_invariant,1,365,0.030007742
permutation_label_invariant,1,366,0.018993769
permutation_label_invariant,1,367,0.009972103
permutation_label_invariant,1,368,0.11165218
permutation_label_invariant,1,369,0.007237855
permutation_label_invariant,1,370,0.017025186
permutation_label_invariant,1,371,0.008033981
permutation_label_invariant,1,372,0.10163839
permutation_label_invariant,1,373,0.011730522
permutation_label_invariant,1,374,0.018775918
permutation_label_invariant,1,375,0.029058084
permutation_label_invariant,1,376,0.003225759
permutation_label_invariant,1,377,0.030436391
permutation_label_invariant,1,378,0.010930572
permutation_label_invariant,1,379,0.07342748
permutation_label_invariant,1,380,0.013634916
permutation_label_invariant,1,381,0.0100764595
permutation_label_invariant,1,382,0.034077987
permutation_label_invariant,1,383,0.004182444
permutation_label_invariant,1,384,0.006134349
permutation_label_invariant,1,385,0.011133657
permutation_label_invariant,1,386,0.019560676
permutation_label_invariant,1,387,0.09969364
permutation_label_invariant,1,388,0.007192998
permutation_label_invariant,1,389,0.01725297
permutation_label_invariant,1,390,0.006884264
permutation_label_invariant,1,391,0.10376429
permutation_label_invariant,1,392,0.019899227
permutation_label_invariant,1,393,0.046676956
permutation_label_invariant,1,394,0.07614326
permutation_label_invariant,1,395,0.48451218
permutation_label_invariant,1,396,0.03631611
permutation_label_invariant,1,397,0.004919124
permutation_label_invariant,1,398,0.015251131
permutation_label_invariant,1,399,0.090219036
permutation_label_invariant,1,400,0.0056693614
permutation_label_invariant,1,401,0.019380972
permutation_label_invariant,1,402,0.009121633
permutation_label_invariant,1,403,0.008506754
permutation_label_invariant,1,404,0.008967921
permutation_label_invariant,1,405,0.057396397
permutation_label_invariant,1,406,0.00680169
permutation_label_invariant,1,407,0.0039259936
permutation_label_invariant,1,408,0.037785493
permutation_label_invariant,1,409,0.015959702
permutation_label_invariant,1,410,0.014835099
permutation_label_invariant,1,411,0.03211238
permutation_label_invariant,1,412,0.106806196
permutation_label_invariant,1,413,0.08129516
permutation_label_invariant,1,414,0.019782068
permutation_label_invariant,1,415,0.009406181
permutation_label_invariant,1,416,0.061486714
permutation_label_invariant,1,417,0.019042142
permutation_label_invariant,1,418,0.017473131
permutation_label_invariant,1,419,0.10425932
permutation_label_invariant,1,420,0.052521016
permutation_label_invariant,1,421,0.016982958
permutation_label_invariant,1,422,0.028639464
permutation_label_invariant,1,423,0.04689966
permutation_label_invariant,1,424,0.04518433
permutation_label_invariant,1,425,0.028432092
permutation_label_invariant,1,426,0.033026617
permutation_label_invariant,1,427,0.023153778
permutation_label_invariant,1,428,0.014073037
permutation_label_invariant,1,429,0.06919576
permutation_label_invariant,1,430,0.0499299
permutation_label_invariant,1,431,0.09998659
permutation_label_invariant,1,432,0.023008551
permutation_label_invariant,1,433,0.11544892
permutation_label_invariant,1,434,0.0066257557
permutation_label_invariant,1,435,0.02896906
permutation_label_invariant,1,436,0.023395665
permutation_label_invariant,1,437,0.034746155
permutation_label_invariant,1,438,0.006286286
permutation_label_invariant,1,439,0.029593183
permutation_label_invariant,1,440,0.007506718
permutation_label_invariant,1,441,0.0188951
permutation_label_invariant,1,442,0.021623177
permutation_label_invariant,1,443,0.002977047
permutation_label_invariant,1,444,0.0069591803
permutation_label_invariant,1,445,0.00896973
permutation_label_invariant,1,446,0.01776484
permutation_label_invariant,1,447,0.014244724
permutation_label_invariant,1,448,0.0052621937
permutation_label_invariant,1,449,0.027524488
permutation_label_invariant,1,450,0.0078337025
permutation_label_invariant,1,451,0.0073394096
permutation_label_invariant,1,452,0.024555823
permutation_label_invariant,1,453,0.024707438
permutation_label_invariant,1,454,0.035475556
permutation_label_invariant,1,455,0.106146306
permutation_label_invariant,1,456,0.011561172
permutation_label_invariant,1,457,0.052860707
permutation_label_invariant,1,458,0.01333261
permutation_label_invariant,1,459,0.029261854
permutation_label_invariant,1,460,0.019882161
permutation_label_invariant,1,461,0.03787998
permutation_label_invariant,1,462,0.015072997
permutation_label_invariant,1,463,0.026954692
permutation_label_invariant,1,464,0.030171905
permutation_label_invariant,1,465,0.007497763
permutation_label_invariant,1,466,0.001338482
permutation_label_invariant,1,467,0.07378312
permutation_label_invariant,1,468,0.013857651
permutation_label_invariant,1,469,0.012189191
permutation_label_invariant,1,470,0.014929706
permutation_label_invariant,1,471,0.012364564
permutation_label_invariant,1,472,0.004307309
permutation_label_invariant,1,473,0.012839731
permutation_label_invariant,1,474,0.011113383
permutation_label_invariant,1,475,0.028458595
permutation_label_invariant,1,476,0.0048549455
permutation_label_invariant,1,477,0.0115872845
permutation_label_invariant,1,478,0.06506461
permutation_label_invariant,1,479,0.077989385
permutation_label_invariant,1,480,0.07553061
permutation_label_invariant,1,481,0.033687696
permutation_label_invariant,1,482,0.0034382897
permutation_label_invariant,1,483,0.02956665
permutation_label_invariant,1,484,0.019190017
permutation_label_invariant,1,485,0.011958539
permutation_label_invariant,1,486,0.016492672
permutation_label_invariant,1,487,0.023290273
permutation_label_invariant,1,488,0.039283052
permutation_label_invariant,1,489,0.0061519733
permutation_label_invariant,1,490,0.054612547
permutation_label_invariant,1,491,0.009899321
permutation_label_invariant,1,492,0.01249465
permutation_label_invariant,1,493,0.030354
permutation_label_invariant,1,494,0.008304997
permutation_label_invariant,1,495,0.010111234
permutation_label_invariant,1,496,0.11600914
permutation_label_invariant,1,497,0.089317694
permutation_label_invariant,1,498,0.015437567
permutation_label_invariant,1,499,0.022070881
permutation_label_invariant,1,500,0.0886416
permutation_label_invariant,1,501,0.019633759
permutation_label_invariant,1,502,0.03817392
permutation_label_invariant,1,503,0.015874565
permutation_label_invariant,1,504,0.0532877
permutation_label_invariant,1,505,0.019063137
permutation_label_invariant,1,506,0.0912458
permutation_label_invariant,1,507,0.041541524
permutation_label_invariant,1,508,0.017282953
permutation_label_invariant,1,509,0.17474025
permutation_label_invariant,1,510,0.030579202
permutation_label_invariant,1,511,0.013039486
permutation_label_invariant,1,512,0.13030747
permutation_label_invariant,1,513,0.03357311
permutation_label_invariant,1,514,0.014493641
permutation_label_invariant,1,515,0.017783213
permutation_label_invariant,1,516,0.029618394
permutation_label_invariant,1,517,0.03714338
permutation_label_invariant,1,518,0.031816356
permutation_label_invariant,1,519,0.023557436
permutation_label_invariant,1,520,0.01554388
permutation_label_invariant,1,521,0.018845433
permutation_label_invariant,1,522,0.016969327
permutation_label_invariant,1,523,0.06842385
permutation_label_invariant,1,524,0.033341542
permutation_label_invariant,1,525,0.042743366
permutation_label_invariant,1,526,0.022344299
permutation_label_invariant,1,527,0.017891187
permutation_label_invariant,1,528,0.09242647
permutation_label_invariant,1,529,0.012637693
permutation_label_invariant,1,530,0.029436145
permutation_label_invariant,1,531,0.004063727
permutation_label_invariant,1,532,0.035524525
permutation_label_invariant,1,533,0.009412066
permutation_label_invariant,1,534,0.027923472
permutation_label_invariant,1,535,0.01921761
permutation_label_invariant,1,536,0.13450196
permutation_label_invariant,1,537,0.00074870023
permutation_label_invariant,1,538,0.0064240117
permutation_label_invariant,1,539,0.11496483
permutation_label_invariant,1,540,0.024830803
permutation_label_invariant,1,541,0.01595917
permutation_label_invariant,1,542,0.0065971958
permutation_label_invariant,1,543,0.0045042587
permutation_label_invariant,1,544,0.007940825
permutation_label_invariant,1,545,0.012034727
permutation_label_invariant,1,546,0.025656387
permutation_label_invariant,1,547,0.014699737
permutation_label_invariant,1,548,0.06301026
permutation_label_invariant,1,549,0.013618475
permutation_label_invariant,1,550,0.015865967
permutation_label_invariant,1,551,0.012649534
permutation_label_invariant,1,552,0.019588338
permutation_label_invariant,1,553,0.06965916
permutation_label_invariant,1,554,0.004671052
permutation_label_invariant,1,555,0.0034019179
permutation_label_invariant,1,556,0.01895727
permutation_label_invariant,1,557,0.013144283
permutation_label_invariant,1,558,0.04807876
permutation_label_invariant,1,559,0.021446351
permutation_label_invariant,1,560,0.011575007
permutation_label_invariant,1,561,0.017473266
permutation_label_invariant,1,562,0.019062907
permutation_label_invariant,1,563,0.08051674
permutation_label_invariant,1,564,0.0029217007
permutation_label_invariant,1,565,0.02351876
permutation_label_invariant,1,566,0.008984191
permutation_label_invariant,1,567,0.1303252
permutation_label_invariant,1,568,0.0078291055
permutation_label_invariant,1,569,0.017013986
permutation_label_invariant,1,570,0.013263699
permutation_label_invariant,1,571,0.019010756
permutation_label_invariant,1,572,0.055726424
permutation_label_invariant,1,573,0.032942377
permutation_label_invariant,1,574,0.08183189
permutation_label_invariant,1,575,0.010904008
permutation_label_invariant,1,576,0.010938674
permutation_label_invariant,1,577,0.0075842785
permutation_label_invariant,1,578,0.018101964
permutation_label_invariant,1,579,0.020747546
permutation_label_invariant,1,580,0.12181559
permutation_label_invariant,1,581,0.05229256
permutation_label_invariant,1,582,0.01134711
permutation_label_invariant,1,583,0.0052688355
permutation_label_invariant,1,584,0.019756164
permutation_label_invariant,1,585,0.016062377
permutation_label_invariant,1,586,0.028287705
permutation_label_invariant,1,587,0.014281645
permutation_label_invariant,1,588,0.018541675
permutation_label_invariant,1,589,0.015458262
permutation_label_invariant,1,590,0.07456246
permutation_label_invariant,1,591,0.007477202
permutation_label_invariant,1,592,0.010214629
permutation_label_invariant,1,593,0.032108895
permutation_label_invariant,1,594,0.026847111
permutation_label_invariant,1,595,0.017173465
permutation_label_invariant,1,596,0.03233522
permutation_label_invariant,1,597,0.0073957387
permutation_label_invariant,1,598,0.015552264
permutation_label_invariant,1,599,0.06275712
permutation_label_invariant,1,600,0.1327896
permutation_label_invariant,1,601,0.014731511
permutation_label_invariant,1,602,0.010125909
permutation_label_invariant,1,603,0.0017290779
permutation_label_invariant,1,604,0.09261514
permutation_label_invariant,1,605,0.0057381336
permutation_label_invariant,1,606,0.01703357
permutation_label_invariant,1,607,0.028689813
permutation_label_invariant,1,608,0.006762321
permutation_label_invariant,1,609,0.006501746
permutation_label_invariant,1,610,0.047549307
permutation_label_invariant,1,611,0.03129675
permutation_label_invariant,1,612,0.037100337
permutation_label_invariant,1,613,0.05966761
permutation_label_invariant,1,614,0.046114974
permutation_label_invariant,1,615,0.022992466
permutation_label_invariant,1,616,0.011202699
permutation_label_invariant,1,617,0.018485025
permutation_label_invariant,1,618,0.012787912
permutation_label_invariant,1,619,0.046078652
permutation_label_invariant,1,620,0.011244455
permutation_label_invariant,1,621,0.02124843
permutation_label_invariant,1,622,0.04066982
permutation_label_invariant,1,623,0.01237311
permutation_label_invariant,1,624,0.016234733
permutation_label_invariant,1,625,0.037226282
permutation_label_invariant,1,626,0.00883131
permutation_label_invariant,1,627,0.033138324
permutation_label_invariant,1,628,0.016826486
permutation_label_invariant,1,629,0.09035364
permutation_label_invariant,1,630,0.013341915
permutation_label_invariant,1,631,0.007493948
permutation_label_invariant,1,632,0.02065901
permutation_label_invariant,1,633,0.026504835
permutation_label_invariant,1,634,0.01933138
permutation_label_invariant,1,635,0.021046083
permutation_label_invariant,1,636,0.015921015
permutation_label_invariant,1,637,0.005338492
permutation_label_invariant,1,638,0.027063012
permutation_label_invariant,1,639,0.0054064444
permutation_label_invariant,1,640,0.01836228
permutation_label_invariant,1,641,0.0072673233
permutation_label_invariant,1,642,0.01591546
permutation_label_invariant,1,643,0.107468955
permutation_label_invariant,1,644,0.028025044
permutation_label_invariant,1,645,0.032437973
permutation_label_invariant,1,646,0.015680913
permutation_label_invariant,1,647,0.008093329
permutation_label_invariant,1,648,0.018389484
permutation_label_invariant,1,649,0.06768498
permutation_label_invariant,1,650,0.031324282
permutation_label_invariant,1,651,0.0055065127
permutation_label_invariant,1,652,0.039852273
permutation_label_invariant,1,653,0.016800221
permutation_label_invariant,1,654,0.0072906297
permutation_label_invariant,1,655,0.012888617
permutation_label_invariant,1,656,0.06979513
permutation_label_invariant,1,657,0.031709984
permutation_label_invariant,1,658,0.01723785
permutation_label_invariant,1,659,0.05480034
permutation_label_invariant,1,660,0.012605321
permutation_label_invariant,1,661,0.032936454
permutation_label_invariant,1,662,0.016801348
permutation_label_invariant,1,663,0.010367168
permutation_label_invariant,1,664,0.009719834
permutation_label_invariant,1,665,0.010816975
permutation_label_invariant,1,666,0.03658286
permutation_label_invariant,1,667,0.030576542
permutation_label_invariant,1,668,0.004897697
permutation_label_invariant,1,669,0.1332796
permutation_label_invariant,1,670,0.016989041
permutation_label_invariant,1,671,0.0067736576
permutation_label_invariant,1,672,0.012301287
permutation_label_invariant,1,673,0.002574058
permutation_label_invariant,1,674,0.027342096
permutation_label_invariant,1,675,0.016108584
permutation_label_invariant,1,676,0.024435543
permutation_label_invariant,1,677,0.006584976
permutation_label_invariant,1,678,0.05150771
permutation_label_invariant,1,679,0.014097458
permutation_label_invariant,1,680,0.007870206
permutation_label_invariant,1,681,0.018718867
permutation_label_invariant,1,682,0.012198713
permutation_label_invariant,1,683,0.01204213
permutation_label_invariant,1,684,0.021214357
permutation_label_invariant,1,685,0.0040320945
permutation_label_invariant,1,686,0.045927726
permutation_label_invariant,1,687,0.011127241
permutation_label_invariant,1,688,0.08910454
permutation_label_invariant,1,689,0.020899983
permutation_label_invariant,1,690,0.0077599837
permutation_label_invariant,1,691,0.06651904
permutation_label_invariant,1,692,0.037608597
permutation_label_invariant,1,693,0.009452628
permutation_label_invariant,1,694,0.04844213
permutation_label_invariant,1,695,0.007815176
permutation_label_invariant,1,696,0.00910916
permutation_label_invariant,1,697,0.042704217
permutation_label_invariant,1,698,0.0122918505
permutation_label_invariant,1,699,0.018620647
permutation_label_invariant,1,700,0.04539564
permutation_label_invariant,1,701,0.17603889
permutation_label_invariant,1,702,0.0020980206
permutation_label_invariant,1,703,0.0017615283
permutation_label_invariant,1,704,0.013097694
permutation_label_invariant,1,705,0.0040870225
permutation_label_invariant,1,706,0.11715523
permutation_label_invariant,1,707,0.019821657
permutation_label_invariant,1,708,0.032026306
permutation_label_invariant,1,709,0.014918721
permutation_label_invariant,1,710,0.024972966
permutation_label_invariant,1,711,0.087294064
permutation_label_invariant,1,712,0.020497529
permutation_label_invariant,1,713,0.034102622
permutation_label_invariant,1,714,0.040690646
permutation_label_invariant,1,715,0.17831634
permutation_label_invariant,1,716,0.01104705
permutation_label_invariant,1,717,0.1303618
permutation_label_invariant,1,718,0.015775863
permutation_label_invariant,1,719,0.0054011727
permutation_label_invariant,1,720,0.0029407917
permutation_label_invariant,1,721,0.047473572
permutation_label_invariant,1,722,0.0076168077
permutation_label_invariant,1,723,0.0076056747
permutation_label_invariant,1,724,0.019438017
permutation_label_invariant,1,725,0.00718392
permutation_label_invariant,1,726,0.014325507
permutation_label_invariant,1,727,0.0018695021
permutation_label_invariant,1,728,0.119010076
permutation_label_invariant,1,729,0.010942472
permutation_label_invariant,1,730,0.024368484
permutation_label_invariant,1,731,0.10416954
permutation_label_invariant,1,732,0.040268086
permutation_label_invariant,1,733,0.014095522
permutation_label_invariant,1,734,0.066947155
permutation_label_invariant,1,735,0.07211044
permutation_label_invariant,1,736,0.092555955
permutation_label_invariant,1,737,0.12495464
permutation_label_invariant,1,738,0.0505953
permutation_label_invariant,1,739,0.029571237
permutation_label_invariant,1,740,0.025466722
permutation_label_invariant,1,741,0.08891546
permutation_label_invariant,1,742,0.081790335
permutation_label_invariant,1,743,0.042028546
permutation_label_invariant,1,744,0.012733503
permutation_label_invariant,1,745,0.04959756
permutation_label_invariant,1,746,0.018993406
permutation_label_invariant,1,747,0.01510803
permutation_label_invariant,1,748,0.011494238
permutation_label_invariant,1,749,0.018220212
permutation_label_invariant,1,750,0.023121957
permutation_label_invariant,1,751,0.009374465
permutation_label_invariant,1,752,0.006736243
permutation_label_invariant,1,753,0.006649163
permutation_label_invariant,1,754,0.022397915
permutation_label_invariant,1,755,0.034025
permutation_label_invariant,1,756,0.008037887
permutation_label_invariant,1,757,0.020647103
permutation_label_invariant,1,758,0.012612633
permutation_label_invariant,1,759,0.017267488
permutation_label_invariant,1,760,0.02796965
permutation_label_invariant,1,761,0.019056294
permutation_label_invariant,1,762,0.0043927254
permutation_label_invariant,1,763,0.028359974
permutation_label_invariant,1,764,0.005954738
permutation_label_invariant,1,765,0.005886488
permutation_label_invariant,1,766,0.020534344
permutation_label_invariant,1,767,0.013093848
permutation_label_invariant,1,768,0.055568866
permutation_label_invariant,1,769,0.014858796
permutation_label_invariant,1,770,0.046364136
permutation_label_invariant,1,771,0.011804145
permutation_label_invariant,1,772,0.032520574
permutation_label_invariant,1,773,0.013755133
permutation_label_invariant,1,774,0.02919513
permutation_label_invariant,1,775,0.061032094
permutation_label_invariant,1,776,0.013315877
permutation_label_invariant,1,777,0.022248292
permutation_label_invariant,1,778,0.0024009976
permutation_label_invariant,1,779,0.018548576
permutation_label_invariant,1,780,0.0056182095
permutation_label_invariant,1,781,0.004876321
permutation_label_invariant,1,782,0.098602556
permutation_label_invariant,1,783,0.011760971
permutation_label_invariant,1,784,0.014972205
permutation_label_invariant,1,785,0.040046655
permutation_label_invariant,1,786,0.038602937
permutation_label_invariant,1,787,0.012078276
permutation_label_invariant,1,788,0.03301206
permutation_label_invariant,1,789,0.007917338
permutation_label_invariant,1,790,0.015685888
permutation_label_invariant,1,791,0.017555496
permutation_label_invariant,1,792,0.0054193744
permutation_label_invariant,1,793,0.033503644
permutation_label_invariant,1,794,0.019792194
permutation_label_invariant,1,795,0.008860926
permutation_label_invariant,1,796,0.0054819533
permutation_label_invariant,1,797,0.13276517
permutation_label_invariant,1,798,0.021724407
permutation_label_invariant,1,799,0.014082594
permutation_label_invariant,1,800,0.17009696
permutation_label_invariant,1,801,0.004490515
permutation_label_invariant,1,802,0.009495998
permutation_label_invariant,1,803,0.0076481905
permutation_label_invariant,1,804,0.07235794
permutation_label_invariant,1,805,0.009512899
permutation_label_invariant,1,806,0.028213173
permutation_label_invariant,1,807,0.033735953
permutation_label_invariant,1,808,0.015744654
permutation_label_invariant,1,809,0.037639327
permutation_label_invariant,1,810,0.008589687
permutation_label_invariant,1,811,0.010235864
permutation_label_invariant,1,812,0.016074575
permutation_label_invariant,1,813,0.0057699233
permutation_label_invariant,1,814,0.01508509
permutation_label_invariant,1,815,0.0049658604
permutation_label_invariant,1,816,0.0050531486
permutation_label_invariant,1,817,0.02957641
permutation_label_invariant,1,818,0.06446001
permutation_label_invariant,1,819,0.019731138
permutation_label_invariant,1,820,0.026165988
permutation_label_invariant,1,821,0.06746133
permutation_label_invariant,1,822,0.03291424
permutation_label_invariant,1,823,0.017502306
permutation_label_invariant,1,824,0.04660771
permutation_label_invariant,1,825,0.008533105
permutation_label_invariant,1,826,0.030070683
permutation_label_invariant,1,827,0.010127027
permutation_label_invariant,1,828,0.01998958
permutation_label_invariant,1,829,0.009763164
permutation_label_invariant,1,830,0.012714805
permutation_label_invariant,1,831,0.013069069
permutation_label_invariant,1,832,0.11458394
permutation_label_invariant,1,833,0.018357448
permutation_label_invariant,1,834,0.20773262
permutation_label_invariant,1,835,0.129033
permutation_label_invariant,1,836,0.099255875
permutation_label_invariant,1,837,0.09996809
permutation_label_invariant,1,838,0.028851595
permutation_label_invariant,1,839,0.01831152
permutation_label_invariant,1,840,0.030746583
permutation_label_invariant,1,841,0.01690875
permutation_label_invariant,1,842,0.022536535
permutation_label_invariant,1,843,0.046058074
permutation_label_invariant,1,844,0.041093834
permutation_label_invariant,1,845,0.16931826
permutation_label_invariant,1,846,0.03738916
permutation_label_invariant,1,847,0.066167876
permutation_label_invariant,1,848,0.08040381
permutation_label_invariant,1,849,0.0438428
permutation_label_invariant,1,850,0.0041938573
permutation_label_invariant,1,851,0.03947884
permutation_label_invariant,1,852,0.18724109
permutation_label_invariant,1,853,0.009672353
permutation_label_invariant,2,0,0.109393075
permutation_label_invariant,2,1,0.07510103
permutation_label_invariant,2,2,0.035070747
permutation_label_invariant,2,3,0.10833284
permutation_label_invariant,2,4,0.10719741
permutation_label_invariant,2,5,0.030237189
permutation_label_invariant,2,6,0.0071311165
permutation_label_invariant,2,7,0.012113266
permutation_label_invariant,2,8,0.30184755
permutation_label_invariant,2,9,0.029213216
permutation_label_invariant,2,10,0.050286286
permutation_label_invariant,2,11,0.09031059
permutation_label_invariant,2,12,0.10081617
permutation_label_invariant,2,13,0.016146831
permutation_label_invariant,2,14,0.039694823
permutation_label_invariant,2,15,0.009606271
permutation_label_invariant,2,16,0.03381553
permutation_label_invariant,2,17,0.060924117
permutation_label_invariant,2,18,0.0074568945
permutation_label_invariant,2,19,0.024604406
permutation_label_invariant,2,20,0.036734737
permutation_label_invariant,2,21,0.11207154
permutation_label_invariant,2,22,0.0290301
permutation_label_invariant,2,23,0.10467179
permutation_label_invariant,2,24,0.026368503
permutation_label_invariant,2,25,0.009686001
permutation_label_invariant,2,26,0.13840067
permutation_label_invariant,2,27,0.018759077
permutation_label_invariant,2,28,0.008646176
permutation_label_invariant,2,29,0.005432564
permutation_label_invariant,2,30,0.01013078
permutation_label_invariant,2,31,0.06874566
permutation_label_invariant,2,32,0.043999895
permutation_label_invariant,2,33,0.093786895
permutation_label_invariant,2,34,0.030195177
permutation_label_invariant,2,35,0.0011018559
permutation_label_invariant,2,36,0.010438698
permutation_label_invariant,2,37,0.029637976
permutation_label_invariant,2,38,0.021207303
permutation_label_invariant,2,39,0.016962469
permutation_label_invariant,2,40,0.01630482
permutation_label_invariant,2,41,0.08396275
permutation_label_invariant,2,42,0.062046118
permutation_label_invariant,2,43,0.010363239
permutation_label_invariant,2,44,0.018299062
permutation_label_invariant,2,45,0.057487097
permutation_label_invariant,2,46,0.0055492884
permutation_label_invariant,2,47,0.017788142
permutation_label_invariant,2,48,0.023875197
permutation_label_invariant,2,49,0.024451224
permutation_label_invariant,2,50,0.0262173
permutation_label_invariant,2,51,0.007657984
permutation_label_invariant,2,52,0.04150734
permutation_label_invariant,2,53,0.045311376
permutation_label_invariant,2,54,0.0935172
permutation_label_invariant,2,55,0.011991551
permutation_label_invariant,2,56,0.0072460608
permutation_label_invariant,2,57,0.0029223072
permutation_label_invariant,2,58,0.020231547
permutation_label_invariant,2,59,0.051740624
permutation_label_invariant,2,60,0.018588768
permutation_label_invariant,2,61,0.008356338
permutation_label_invariant,2,62,0.015666397
permutation_label_invariant,2,63,0.07886922
permutation_label_invariant,2,64,0.011906983
permutation_label_invariant,2,65,0.011307972
permutation_label_invariant,2,66,0.0042994292
permutation_label_invariant,2,67,0.012549912
permutation_label_invariant,2,68,0.00770706
permutation_label_invariant,2,69,0.032037146
permutation_label_invariant,2,70,0.008937866
permutation_label_invariant,2,71,0.007272685
permutation_label_invariant,2,72,0.035108108
permutation_label_invariant,2,73,0.021328151
permutation_label_invariant,2,74,0.03853333
permutation_label_invariant,2,75,0.009200192
permutation_label_invariant,2,76,0.014657267
permutation_label_invariant,2,77,0.17000276
permutation_label_invariant,2,78,0.048729867
permutation_label_invariant,2,79,0.0050085788
permutation_label_invariant,2,80,0.01632959
permutation_label_invariant,2,81,0.049441785
permutation_label_invariant,2,82,0.023206295
permutation_label_invariant,2,83,0.0043849573
permutation_label_invariant,2,84,0.0044310777
permutation_label_invariant,2,85,0.06178794
permutation_label_invariant,2,86,0.022425469
permutation_label_invariant,2,87,0.017148476
permutation_label_invariant,2,88,0.010678887
permutation_label_invariant,2,89,0.0132691115
permutation_label_invariant,2,90,0.014127335
permutation_label_invariant,2,91,0.03357723
permutation_label_invariant,2,92,0.0074707577
permutation_label_invariant,2,93,0.17180318
permutation_label_invariant,2,94,0.054400533
permutation_label_invariant,2,95,0.04609727
permutation_label_invariant,2,96,0.13079041
permutation_label_invariant,2,97,0.03178057
permutation_label_invariant,2,98,0.10547123
permutation_label_invariant,2,99,0.1967453
permutation_label_invariant,2,100,0.0058857547
permutation_label_invariant,2,101,0.06639604
permutation_label_invariant,2,102,0.0031351093
permutation_label_invariant,2,103,0.01953565
permutation_label_invariant,2,104,0.020347051
permutation_label_invariant,2,105,0.022604441
permutation_label_invariant,2,106,0.026154429
permutation_label_invariant,2,107,0.010130288
permutation_label_invariant,2,108,0.015055667
permutation_label_invariant,2,109,0.020742973
permutation_label_invariant,2,110,0.013625317
permutation_label_invariant,2,111,0.006860142
permutation_label_invariant,2,112,0.031872198
permutation_label_invariant,2,113,0.00957546
permutation_label_invariant,2,114,0.040406987
permutation_label_invariant,2,115,0.005855141
permutation_label_invariant,2,116,0.03782436
permutation_label_invariant,2,117,0.012790432
permutation_label_invariant,2,118,0.015707316
permutation_label_invariant,2,119,0.0071009668
permutation_label_invariant,2,120,0.0068735033
permutation_label_invariant,2,121,0.0031246317
permutation_label_invariant,2,122,0.018980168
permutation_label_invariant,2,123,0.018089999
permutation_label_invariant,2,124,0.10797336
permutation_label_invariant,2,125,0.010023365
permutation_label_invariant,2,126,0.025188014
permutation_label_invariant,2,127,0.012895854
permutation_label_invariant,2,128,0.023207473
permutation_label_invariant,2,129,0.01578974
permutation_label_invariant,2,130,0.007821138
permutation_label_invariant,2,131,0.012939865
permutation_label_invariant,2,132,0.06719965
permutation_label_invariant,2,133,0.020328525
permutation_label_invariant,2,134,0.008714696
permutation_label_invariant,2,135,0.0140456855
permutation_label_invariant,2,136,0.015437836
permutation_label_invariant,2,137,0.025779873
permutation_label_invariant,2,138,0.14394355
permutation_label_invariant,2,139,0.012104605
permutation_label_invariant,2,140,0.007473597
permutation_label_invariant,2,141,0.061369076
permutation_label_invariant,2,142,0.016908823
permutation_label_invariant,2,143,0.02002775
permutation_label_invariant,2,144,0.007079897
permutation_label_invariant,2,145,0.015672734
permutation_label_invariant,2,146,0.024442444
permutation_label_invariant,2,147,0.02801232
permutation_label_invariant,2,148,0.021790998
permutation_label_invariant,2,149,0.023267139
permutation_label_invariant,2,150,0.021858655
permutation_label_invariant,2,151,0.01098609
permutation_label_invariant,2,152,0.004523974
permutation_label_invariant,2,153,0.031970926
permutation_label_invariant,2,154,0.147073
permutation_label_invariant,2,155,0.0051721567
permutation_label_invariant,2,156,0.10687171
permutation_label_invariant,2,157,0.004467561
permutation_label_invariant,2,158,0.0036743875
permutation_label_invariant,2,159,0.0199279
permutation_label_invariant,2,160,0.004117545
permutation_label_invariant,2,161,0.040481456
permutation_label_invariant,2,162,0.007583208
permutation_label_invariant,2,163,0.010987543
permutation_label_invariant,2,164,0.014149692
permutation_label_invariant,2,165,0.0051548886
permutation_label_invariant,2,166,0.012401286
permutation_label_invariant,2,167,0.017276432
permutation_label_invariant,2,168,0.01380536
permutation_label_invariant,2,169,0.026774637
permutation_label_invariant,2,170,0.011108942
permutation_label_invariant,2,171,0.004163714
permutation_label_invariant,2,172,0.12672642
permutation_label_invariant,2,173,0.03322717
permutation_label_invariant,2,174,0.0503526
permutation_label_invariant,2,175,0.028968312
permutation_label_invariant,2,176,0.016633805
permutation_label_invariant,2,177,0.11256334
permutation_label_invariant,2,178,0.06652109
permutation_label_invariant,2,179,0.012205178
permutation_label_invariant,2,180,0.120680735
permutation_label_invariant,2,181,0.0071269083
permutation_label_invariant,2,182,0.010462491
permutation_label_invariant,2,183,0.004913612
permutation_label_invariant,2,184,0.010958213
permutation_label_invariant,2,185,0.008507784
permutation_label_invariant,2,186,0.020823866
permutation_label_invariant,2,187,0.010866288
permutation_label_invariant,2,188,0.02443799
permutation_label_invariant,2,189,0.05412525
permutation_label_invariant,2,190,0.010682194
permutation_label_invariant,2,191,0.019384354
permutation_label_invariant,2,192,0.011985098
permutation_label_invariant,2,193,0.006754565
permutation_label_invariant,2,194,0.039568912
permutation_label_invariant,2,195,0.010217139
permutation_label_invariant,2,196,0.011579035
permutation_label_invariant,2,197,0.015797693
permutation_label_invariant,2,198,0.031104712
permutation_label_invariant,2,199,0.021901447
permutation_label_invariant,2,200,0.027762327
permutation_label_invariant,2,201,0.006864522
permutation_label_invariant,2,202,0.017017536
permutation_label_invariant,2,203,0.12994114
permutation_label_invariant,2,204,0.02315789
permutation_label_invariant,2,205,0.022489486
permutation_label_invariant,2,206,0.0108015
permutation_label_invariant,2,207,0.01375599
permutation_label_invariant,2,208,0.0069771716
permutation_label_invariant,2,209,0.008073108
permutation_label_invariant,2,210,0.010239786
permutation_label_invariant,2,211,0.027140323
permutation_label_invariant,2,212,0.027622253
permutation_label_invariant,2,213,0.025533203
permutation_label_invariant,2,214,0.0051927166
permutation_label_invariant,2,215,0.0062185563
permutation_label_invariant,2,216,0.012119307
permutation_label_invariant,2,217,0.008043419
permutation_label_invariant,2,218,0.050458923
permutation_label_invariant,2,219,0.00902375
permutation_label_invariant,2,220,0.04124359
permutation_label_invariant,2,221,0.035109874
permutation_label_invariant,2,222,0.0372376
permutation_label_invariant,2,223,0.0144237485
permutation_label_invariant,2,224,0.013277491
permutation_label_invariant,2,225,0.011586504
permutation_label_invariant,2,226,0.022330847
permutation_label_invariant,2,227,0.10448924
permutation_label_invariant,2,228,0.015671508
permutation_label_invariant,2,229,0.018253906
permutation_label_invariant,2,230,0.005479062
permutation_label_invariant,2,231,0.023783451
permutation_label_invariant,2,232,0.017955083
permutation_label_invariant,2,233,0.026871799
permutation_label_invariant,2,234,0.009418767
permutation_label_invariant,2,235,0.023106426
permutation_label_invariant,2,236,0.010248753
permutation_label_invariant,2,237,0.012086813
permutation_label_invariant,2,238,0.0074071605
permutation_label_invariant,2,239,0.03565605
permutation_label_invariant,2,240,0.024806201
permutation_label_invariant,2,241,0.03232807
permutation_label_invariant,2,242,0.09635352
permutation_label_invariant,2,243,0.011697169
permutation_label_invariant,2,244,0.009612711
permutation_label_invariant,2,245,0.0064673377
permutation_label_invariant,2,246,0.020887613
permutation_label_invariant,2,247,0.015701286
permutation_label_invariant,2,248,0.012297646
permutation_label_invariant,2,249,0.059374884
permutation_label_invariant,2,250,0.04809468
permutation_label_invariant,2,251,0.026699428
permutation_label_invariant,2,252,0.00843062
permutation_label_invariant,2,253,0.025681691
permutation_label_invariant,2,254,0.030035615
permutation_label_invariant,2,255,0.005423829
permutation_label_invariant,2,256,0.0102155255
permutation_label_invariant,2,257,0.030847773
permutation_label_invariant,2,258,0.041737586
permutation_label_invariant,2,259,0.007441518
permutation_label_invariant,2,260,0.01123087
permutation_label_invariant,2,261,0.04851547
permutation_label_invariant,2,262,0.01098335
permutation_label_invariant,2,263,0.00421948
permutation_label_invariant,2,264,0.00670875
permutation_label_invariant,2,265,0.008223027
permutation_label_invariant,2,266,0.04047962
permutation_label_invariant,2,267,0.015205352
permutation_label_invariant,2,268,0.024477407
permutation_label_invariant,2,269,0.011926399
permutation_label_invariant,2,270,0.037657693
permutation_label_invariant,2,271,0.003581657
permutation_label_invariant,2,272,0.008029133
permutation_label_invariant,2,273,0.0036805072
permutation_label_invariant,2,274,0.01050419
permutation_label_invariant,2,275,0.12118326
permutation_label_invariant,2,276,0.07512246
permutation_label_invariant,2,277,0.008895104
permutation_label_invariant,2,278,0.00894776
permutation_label_invariant,2,279,0.010376133
permutation_label_invariant,2,280,0.033268895
permutation_label_invariant,2,281,0.043413416
permutation_label_invariant,2,282,0.017093759
permutation_label_invariant,2,283,0.004451175
permutation_label_invariant,2,284,0.028367162
permutation_label_invariant,2,285,0.005685672
permutation_label_invariant,2,286,0.106295094
permutation_label_invariant,2,287,0.033752806
permutation_label_invariant,2,288,0.035687406
permutation_label_invariant,2,289,0.031769533
permutation_label_invariant,2,290,0.03028217
permutation_label_invariant,2,291,0.17308092
permutation_label_invariant,2,292,0.018542843
permutation_label_invariant,2,293,0.025153339
permutation_label_invariant,2,294,0.024763286
permutation_label_invariant,2,295,0.019712355
permutation_label_invariant,2,296,0.026806846
permutation_label_invariant,2,297,0.004686172
permutation_label_invariant,2,298,0.012020802
permutation_label_invariant,2,299,0.007430773
permutation_label_invariant,2,300,0.04889352
permutation_label_invariant,2,301,0.014788494
permutation_label_invariant,2,302,0.02286274
permutation_label_invariant,2,303,0.122191146
permutation_label_invariant,2,304,0.02068967
permutation_label_invariant,2,305,0.0087593775
permutation_label_invariant,2,306,0.034346204
permutation_label_invariant,2,307,0.016204081
permutation_label_invariant,2,308,0.07185385
permutation_label_invariant,2,309,0.012006301
permutation_label_invariant,2,310,0.0056021386
permutation_label_invariant,2,311,0.039295003
permutation_label_invariant,2,312,0.023410156
permutation_label_invariant,2,313,0.013269847
permutation_label_invariant,2,314,0.016641375
permutation_label_invariant,2,315,0.0018435731
permutation_label_invariant,2,316,0.021744447
permutation_label_invariant,2,317,0.009656368
permutation_label_invariant,2,318,0.022605328
permutation_label_invariant,2,319,0.050529175
permutation_label_invariant,2,320,0.05932424
permutation_label_invariant,2,321,0.009584432
permutation_label_invariant,2,322,0.009562133
permutation_label_invariant,2,323,0.024694586
permutation_label_invariant,2,324,0.08351149
permutation_label_invariant,2,325,0.008459366
permutation_label_invariant,2,326,0.024078459
permutation_label_invariant,2,327,0.011995971
permutation_label_invariant,2,328,0.059727415
permutation_label_invariant,2,329,0.0095057925
permutation_label_invariant,2,330,0.0046260534
permutation_label_invariant,2,331,0.010668037
permutation_label_invariant,2,332,0.040559493
permutation_label_invariant,2,333,0.015312003
permutation_label_invariant,2,334,0.028879255
permutation_label_invariant,2,335,0.01569989
permutation_label_invariant,2,336,0.003441126
permutation_label_invariant,2,337,0.007827083
permutation_label_invariant,2,338,0.1441782
permutation_label_invariant,2,339,0.012813428
permutation_label_invariant,2,340,0.0030701354
permutation_label_invariant,2,341,0.013508551
permutation_label_invariant,2,342,0.023437364
permutation_label_invariant,2,343,0.00765603
permutation_label_invariant,2,344,0.0019126048
permutation_label_invariant,2,345,0.047065847
permutation_label_invariant,2,346,0.07874869
permutation_label_invariant,2,347,0.074867114
permutation_label_invariant,2,348,0.0073800287
permutation_label_invariant,2,349,0.06662865
permutation_label_invariant,2,350,0.03330242
permutation_label_invariant,2,351,0.00758128
permutation_label_invariant,2,352,0.017457392
permutation_label_invariant,2,353,0.012878384
permutation_label_invariant,2,354,0.0035295081
permutation_label_invariant,2,355,0.02597148
permutation_label_invariant,2,356,0.013088823
permutation_label_invariant,2,357,0.025020901
permutation_label_invariant,2,358,0.011498883
permutation_label_invariant,2,359,0.051307958
permutation_label_invariant,2,360,0.01518256
permutation_label_invariant,2,361,0.0041814907
permutation_label_invariant,2,362,0.029637245
permutation_label_invariant,2,363,0.015478281
permutation_label_invariant,2,364,0.05657787
permutation_label_invariant,2,365,0.011452234
permutation_label_invariant,2,366,0.010489626
permutation_label_invariant,2,367,0.045897525
permutation_label_invariant,2,368,0.016053922
permutation_label_invariant,2,369,0.029517349
permutation_label_invariant,2,370,0.07347315
permutation_label_invariant,2,371,0.010451687
permutation_label_invariant,2,372,0.01803023
permutation_label_invariant,2,373,0.011530455
permutation_label_invariant,2,374,0.023872513
permutation_label_invariant,2,375,0.09093591
permutation_label_invariant,2,376,0.020939583
permutation_label_invariant,2,377,0.006313292
permutation_label_invariant,2,378,0.12962455
permutation_label_invariant,2,379,0.008405194
permutation_label_invariant,2,380,0.0074527636
permutation_label_invariant,2,381,0.007331281
permutation_label_invariant,2,382,0.009837153
permutation_label_invariant,2,383,0.01302346
permutation_label_invariant,2,384,0.006017018
permutation_label_invariant,2,385,0.044167146
permutation_label_invariant,2,386,0.00958403
permutation_label_invariant,2,387,0.024860263
permutation_label_invariant,2,388,0.09534554
permutation_label_invariant,2,389,0.032845255
permutation_label_invariant,2,390,0.013341393
permutation_label_invariant,2,391,0.0111450795
permutation_label_invariant,2,392,0.00855772
permutation_label_invariant,2,393,0.032133207
permutation_label_invariant,2,394,0.02838503
permutation_label_invariant,2,395,0.033556297
permutation_label_invariant,2,396,0.004080857
permutation_label_invariant,2,397,0.0063879234
permutation_label_invariant,2,398,0.08013651
permutation_label_invariant,2,399,0.023438193
permutation_label_invariant,2,400,0.025112174
permutation_label_invariant,2,401,0.0651895
permutation_label_invariant,2,402,0.11292708
permutation_label_invariant,2,403,0.0077060265
permutation_label_invariant,2,404,0.013498587
permutation_label_invariant,2,405,0.099047616
permutation_label_invariant,2,406,0.011512218
permutation_label_invariant,2,407,0.055346448
permutation_label_invariant,2,408,0.034019865
permutation_label_invariant,2,409,0.07660523
permutation_label_invariant,2,410,0.015424192
permutation_label_invariant,2,411,0.012736051
permutation_label_invariant,2,412,0.039536737
permutation_label_invariant,2,413,0.012154356
permutation_label_invariant,2,414,0.005793454
permutation_label_invariant,2,415,0.033340883
permutation_label_invariant,2,416,0.017947916
permutation_label_invariant,2,417,0.012195171
permutation_label_invariant,2,418,0.0016277458
permutation_label_invariant,2,419,0.0069654724
permutation_label_invariant,2,420,0.012827536
permutation_label_invariant,2,421,0.16941962
permutation_label_invariant,2,422,0.01513488
permutation_label_invariant,2,423,0.13573241
permutation_label_invariant,2,424,0.085314095
permutation_label_invariant,2,425,0.0076912316
permutation_label_invariant,2,426,0.027383845
permutation_label_invariant,2,427,0.010807823
permutation_label_invariant,2,428,0.05514847
permutation_label_invariant,2,429,0.05055321
permutation_label_invariant,2,430,0.10896373
permutation_label_invariant,2,431,0.031178843
permutation_label_invariant,2,432,0.011785166
permutation_label_invariant,2,433,0.042117678
permutation_label_invariant,2,434,0.011648639
permutation_label_invariant,2,435,0.076211795
permutation_label_invariant,2,436,0.081591725
permutation_label_invariant,2,437,0.014627052
permutation_label_invariant,2,438,0.020547679
permutation_label_invariant,2,439,0.013949908
permutation_label_invariant,2,440,0.04908202
permutation_label_invariant,2,441,0.02057583
permutation_label_invariant,2,442,0.020625683
permutation_label_invariant,2,443,0.017329372
permutation_label_invariant,2,444,0.013909245
permutation_label_invariant,2,445,0.0076237465
permutation_label_invariant,2,446,0.087903745
permutation_label_invariant,2,447,0.00760026
permutation_label_invariant,2,448,0.064993694
permutation_label_invariant,2,449,0.07503411
permutation_label_invariant,2,450,0.028971765
permutation_label_invariant,2,451,0.030987097
permutation_label_invariant,2,452,0.022124019
permutation_label_invariant,2,453,0.006619517
permutation_label_invariant,2,454,0.043826338
permutation_label_invariant,2,455,0.071847126
permutation_label_invariant,2,456,0.007575776
permutation_label_invariant,2,457,0.030671835
permutation_label_invariant,2,458,0.021340633
permutation_label_invariant,2,459,0.033436522
permutation_label_invariant,2,460,0.020496422
permutation_label_invariant,2,461,0.01076168
permutation_label_invariant,2,462,0.03168941
permutation_label_invariant,2,463,0.013913248
permutation_label_invariant,2,464,0.019008584
permutation_label_invariant,2,465,0.017476965
permutation_label_invariant,2,466,0.02190925
permutation_label_invariant,2,467,0.12418352
permutation_label_invariant,2,468,0.0091614295
permutation_label_invariant,2,469,0.01399595
permutation_label_invariant,2,470,0.07145175
permutation_label_invariant,2,471,0.024398783
permutation_label_invariant,2,472,0.020050315
permutation_label_invariant,2,473,0.013217522
permutation_label_invariant,2,474,0.007846538
permutation_label_invariant,2,475,0.1209015
permutation_label_invariant,2,476,0.017362827
permutation_label_invariant,2,477,0.0867131
permutation_label_invariant,2,478,0.0039510718
permutation_label_invariant,2,479,0.11830995
permutation_label_invariant,2,480,0.00628686
permutation_label_invariant,2,481,0.007389753
permutation_label_invariant,2,482,0.007934039
permutation_label_invariant,2,483,0.027712647
permutation_label_invariant,2,484,0.028716251
permutation_label_invariant,2,485,0.0075499313
permutation_label_invariant,2,486,0.0097634075
permutation_label_invariant,2,487,0.01625247
permutation_label_invariant,2,488,0.008547919
permutation_label_invariant,2,489,0.04276837
permutation_label_invariant,2,490,0.026448494
permutation_label_invariant,2,491,0.017091911
permutation_label_invariant,2,492,0.021865921
permutation_label_invariant,2,493,0.044876378
permutation_label_invariant,2,494,0.0077624237
permutation_label_invariant,2,495,0.0017274714
permutation_label_invariant,2,496,0.05317784
permutation_label_invariant,2,497,0.0059281886
permutation_label_invariant,2,498,0.004221319
permutation_label_invariant,2,499,0.049699184
permutation_label_invariant,2,500,0.02847829
permutation_label_invariant,2,501,0.0011896826
permutation_label_invariant,2,502,0.12972778
permutation_label_invariant,2,503,0.009682393
permutation_label_invariant,2,504,0.0098219495
permutation_label_invariant,2,505,0.03168825
permutation_label_invariant,2,506,0.04516879
permutation_label_invariant,2,507,0.013723012
permutation_label_invariant,2,508,0.021307454
permutation_label_invariant,2,509,0.055085775
permutation_label_invariant,2,510,0.0132475905
permutation_label_invariant,2,511,0.10091308
permutation_label_invariant,2,512,0.13470826
permutation_label_invariant,2,513,0.0310762
permutation_label_invariant,2,514,0.010586677
permutation_label_invariant,2,515,0.008801222
permutation_label_invariant,2,516,0.011227245
permutation_label_invariant,2,517,0.109306075
permutation_label_invariant,2,518,0.009360866
permutation_label_invariant,2,519,0.098710075
permutation_label_invariant,2,520,0.018787868
permutation_label_invariant,2,521,0.004523786
permutation_label_invariant,2,522,0.016863268
permutation_label_invariant,2,523,0.003641276
permutation_label_invariant,2,524,0.12003337
permutation_label_invariant,2,525,0.00578415
permutation_label_invariant,2,526,0.013337802
permutation_label_invariant,2,527,0.02114259
permutation_label_invariant,2,528,0.10629415
permutation_label_invariant,2,529,0.010546765
permutation_label_invariant,2,530,0.013410715
permutation_label_invariant,2,531,0.08296804
permutation_label_invariant,2,532,0.006957558
permutation_label_invariant,2,533,0.012186576
permutation_label_invariant,2,534,0.007944415
permutation_label_invariant,2,535,0.031557187
permutation_label_invariant,2,536,0.017168002
permutation_label_invariant,2,537,0.01904155
permutation_label_invariant,2,538,0.010050821
permutation_label_invariant,2,539,0.014097664
permutation_label_invariant,2,540,0.009933871
permutation_label_invariant,2,541,0.011335114
permutation_label_invariant,2,542,0.024086133
permutation_label_invariant,2,543,0.013933575
permutation_label_invariant,2,544,0.13393399
permutation_label_invariant,2,545,0.0124872215
permutation_label_invariant,2,546,0.038864426
permutation_label_invariant,2,547,0.01169224
permutation_label_invariant,2,548,0.05726592
permutation_label_invariant,2,549,0.04876256
permutation_label_invariant,2,550,0.005429785
permutation_label_invariant,2,551,0.1032979
permutation_label_invariant,2,552,0.029142454
permutation_label_invariant,2,553,0.030842043
permutation_label_invariant,2,554,0.012829202
permutation_label_invariant,2,555,0.17945354
permutation_label_invariant,2,556,0.011269485
permutation_label_invariant,2,557,0.006223208
permutation_label_invariant,2,558,0.075373694
permutation_label_invariant,2,559,0.05750801
permutation_label_invariant,2,560,0.012283822
permutation_label_invariant,2,561,0.017730333
permutation_label_invariant,2,562,0.01864283
permutation_label_invariant,2,563,0.011609452
permutation_label_invariant,2,564,0.017519113
permutation_label_invariant,2,565,0.0028235842
permutation_label_invariant,2,566,0.017552504
permutation_label_invariant,2,567,0.022663204
permutation_label_invariant,2,568,0.031528514
permutation_label_invariant,2,569,0.02500731
permutation_label_invariant,2,570,0.00078220386
permutation_label_invariant,2,571,0.022495452
permutation_label_invariant,2,572,0.34973124
permutation_label_invariant,2,573,0.014295697
permutation_label_invariant,2,574,0.0075111575
permutation_label_invariant,2,575,0.0088242255
permutation_label_invariant,2,576,0.013854411
permutation_label_invariant,2,577,0.023425054
permutation_label_invariant,2,578,0.026913851
permutation_label_invariant,2,579,0.022397563
permutation_label_invariant,2,580,0.016928483
permutation_label_invariant,2,581,0.0060768966
permutation_label_invariant,2,582,0.009292338
permutation_label_invariant,2,583,0.0022028293
permutation_label_invariant,2,584,0.0532644
permutation_label_invariant,2,585,0.029108841
permutation_label_invariant,2,586,0.01854764
permutation_label_invariant,2,587,0.017117761
permutation_label_invariant,2,588,0.008866878
permutation_label_invariant,2,589,0.003736178
permutation_label_invariant,2,590,0.011546936
permutation_label_invariant,2,591,0.022908438
permutation_label_invariant,2,592,0.006225543
permutation_label_invariant,2,593,0.044917703
permutation_label_invariant,2,594,0.01753042
permutation_label_invariant,2,595,0.015142398
permutation_label_invariant,2,596,0.03370347
permutation_label_invariant,2,597,0.00966414
permutation_label_invariant,2,598,0.040250104
permutation_label_invariant,2,599,0.03148268
permutation_label_invariant,2,600,0.03616241
permutation_label_invariant,2,601,0.0075519755
permutation_label_invariant,2,602,0.05704046
permutation_label_invariant,2,603,0.015114803
permutation_label_invariant,2,604,0.008746198
permutation_label_invariant,2,605,0.0050123227
permutation_label_invariant,2,606,0.025975894
permutation_label_invariant,2,607,0.01118665
permutation_label_invariant,2,608,0.019204792
permutation_label_invariant,2,609,0.046203524
permutation_label_invariant,2,610,0.12543985
permutation_label_invariant,2,611,0.029487694
permutation_label_invariant,2,612,0.028059395
permutation_label_invariant,2,613,0.04650764
permutation_label_invariant,2,614,0.045866117
permutation_label_invariant,2,615,0.02880745
permutation_label_invariant,2,616,0.044778727
permutation_label_invariant,2,617,0.11585414
permutation_label_invariant,2,618,0.012278935
permutation_label_invariant,2,619,0.016231285
permutation_label_invariant,2,620,0.0128311515
permutation_label_invariant,2,621,0.10632123
permutation_label_invariant,2,622,0.003104311
permutation_label_invariant,2,623,0.019372739
permutation_label_invariant,2,624,0.016318336
permutation_label_invariant,2,625,0.015943952
permutation_label_invariant,2,626,0.12776488
permutation_label_invariant,2,627,0.027306823
permutation_label_invariant,2,628,0.0060337656
permutation_label_invariant,2,629,0.07396603
permutation_label_invariant,2,630,0.015116589
permutation_label_invariant,2,631,0.09466231
permutation_label_invariant,2,632,0.008100085
permutation_label_invariant,2,633,0.01302595
permutation_label_invariant,2,634,0.03619676
permutation_label_invariant,2,635,0.0227406
permutation_label_invariant,2,636,0.019076712
permutation_label_invariant,2,637,0.022514353
permutation_label_invariant,2,638,0.013867985
permutation_label_invariant,2,639,0.018987298
permutation_label_invariant,2,640,0.055485595
permutation_label_invariant,2,641,0.07738207
permutation_label_invariant,2,642,0.017865159
permutation_label_invariant,2,643,0.004366479
permutation_label_invariant,2,644,0.005968098
permutation_label_invariant,2,645,0.014501657
permutation_label_invariant,2,646,0.065686025
permutation_label_invariant,2,647,0.012123841
permutation_label_invariant,2,648,0.0065983166
permutation_label_invariant,2,649,0.02301799
permutation_label_invariant,2,650,0.13928011
permutation_label_invariant,2,651,0.15234956
permutation_label_invariant,2,652,0.008337611
permutation_label_invariant,2,653,0.012357547
permutation_label_invariant,2,654,0.03619444
permutation_label_invariant,2,655,0.15230203
permutation_label_invariant,2,656,0.059000008
permutation_label_invariant,2,657,0.024198249
permutation_label_invariant,2,658,0.010757416
permutation_label_invariant,2,659,0.009343823
permutation_label_invariant,2,660,0.02487846
permutation_label_invariant,2,661,0.035914563
permutation_label_invariant,2,662,0.048806984
permutation_label_invariant,2,663,0.05059317
permutation_label_invariant,2,664,0.023439847
permutation_label_invariant,2,665,0.01873817
permutation_label_invariant,2,666,0.032238245
permutation_label_invariant,2,667,0.012017963
permutation_label_invariant,2,668,0.008058496
permutation_label_invariant,2,669,0.0068196016
permutation_label_invariant,2,670,0.016236363
permutation_label_invariant,2,671,0.013894603
permutation_label_invariant,2,672,0.021694895
permutation_label_invariant,2,673,0.023126204
permutation_label_invariant,2,674,0.092348695
permutation_label_invariant,2,675,0.012695437
permutation_label_invariant,2,676,0.0475042
permutation_label_invariant,2,677,0.038767852
permutation_label_invariant,2,678,0.014646238
permutation_label_invariant,2,679,0.011353964
permutation_label_invariant,2,680,0.023842141
permutation_label_invariant,2,681,0.020113902
permutation_label_invariant,2,682,0.0144215245
permutation_label_invariant,2,683,0.0104601495
permutation_label_invariant,2,684,0.046180494
permutation_label_invariant,2,685,0.019796446
permutation_label_invariant,2,686,0.067888334
permutation_label_invariant,2,687,0.010525912
permutation_label_invariant,2,688,0.012117114
permutation_label_invariant,2,689,0.037019648
permutation_label_invariant,2,690,0.031640317
permutation_label_invariant,2,691,0.28381956
permutation_label_invariant,2,692,0.28567767
permutation_label_invariant,2,693,0.013915173
permutation_label_invariant,2,694,0.034459375
permutation_label_invariant,2,695,0.0091064265
permutation_label_invariant,2,696,0.012022373
permutation_label_invariant,2,697,0.003920165
permutation_label_invariant,2,698,0.0025704629
permutation_label_invariant,2,699,0.011109553
permutation_label_invariant,2,700,0.008617241
permutation_label_invariant,2,701,0.023891702
permutation_label_invariant,2,702,0.0077058086
permutation_label_invariant,2,703,0.0033939055
permutation_label_invariant,2,704,0.017018672
permutation_label_invariant,2,705,0.005674308
permutation_label_invariant,2,706,0.008315735
permutation_label_invariant,2,707,0.012173536
permutation_label_invariant,2,708,0.036657643
permutation_label_invariant,2,709,0.022692416
permutation_label_invariant,2,710,0.0151116
permutation_label_invariant,2,711,0.003542573
permutation_label_invariant,2,712,0.022153331
permutation_label_invariant,2,713,0.020291314
permutation_label_invariant,2,714,0.056097142
permutation_label_invariant,2,715,0.015622746
permutation_label_invariant,2,716,0.007590754
permutation_label_invariant,2,717,0.024364442
permutation_label_invariant,2,718,0.1256052
permutation_label_invariant,2,719,0.0018803834
permutation_label_invariant,2,720,0.016793495
permutation_label_invariant,2,721,0.12955895
permutation_label_invariant,2,722,0.011838691
permutation_label_invariant,2,723,0.015082472
permutation_label_invariant,2,724,0.017628107
permutation_label_invariant,2,725,0.12106559
permutation_label_invariant,2,726,0.014145528
permutation_label_invariant,2,727,0.026753852
permutation_label_invariant,2,728,0.0016845325
permutation_label_invariant,2,729,0.029633708
permutation_label_invariant,2,730,0.090353
permutation_label_invariant,2,731,0.08536886
permutation_label_invariant,2,732,0.026567452
permutation_label_invariant,2,733,0.050101615
permutation_label_invariant,2,734,0.018276982
permutation_label_invariant,2,735,0.013378258
permutation_label_invariant,2,736,0.03302072
permutation_label_invariant,2,737,0.018509168
permutation_label_invariant,2,738,0.015470295
permutation_label_invariant,2,739,0.001773094
permutation_label_invariant,2,740,0.017796626
permutation_label_invariant,2,741,0.04203616
permutation_label_invariant,2,742,0.01113178
permutation_label_invariant,2,743,0.045827746
permutation_label_invariant,2,744,0.0155655695
permutation_label_invariant,2,745,0.07148574
permutation_label_invariant,2,746,0.0129482355
permutation_label_invariant,2,747,0.00555792
permutation_label_invariant,2,748,0.04274534
permutation_label_invariant,2,749,0.013866297
permutation_label_invariant,2,750,0.028167693
permutation_label_invariant,2,751,0.03819308
permutation_label_invariant,2,752,0.01074161
permutation_label_invariant,2,753,0.04393243
permutation_label_invariant,2,754,0.0061482973
permutation_label_invariant,2,755,0.016331688
permutation_label_invariant,2,756,0.115045354
permutation_label_invariant,2,757,0.032247253
permutation_label_invariant,2,758,0.018219674
permutation_label_invariant,2,759,0.013292757
permutation_label_invariant,2,760,0.00930234
permutation_label_invariant,2,761,0.00883998
permutation_label_invariant,2,762,0.005585458
permutation_label_invariant,2,763,0.025667183
permutation_label_invariant,2,764,0.02894134
permutation_label_invariant,2,765,0.028334454
permutation_label_invariant,2,766,0.019597072
permutation_label_invariant,2,767,0.09461071
permutation_label_invariant,2,768,0.13372034
permutation_label_invariant,2,769,0.045914084
permutation_label_invariant,2,770,0.009017211
permutation_label_invariant,2,771,0.012286882
permutation_label_invariant,2,772,0.004923156
permutation_label_invariant,2,773,0.002286192
permutation_label_invariant,2,774,0.040070496
permutation_label_invariant,2,775,0.00556939
permutation_label_invariant,2,776,0.13823918
permutation_label_invariant,2,777,0.00744173
permutation_label_invariant,2,778,0.084753074
permutation_label_invariant,2,779,0.02054639
permutation_label_invariant,2,780,0.026622586
permutation_label_invariant,2,781,0.11534191
permutation_label_invariant,2,782,0.027849223
permutation_label_invariant,2,783,0.004010309
permutation_label_invariant,2,784,0.01054915
permutation_label_invariant,2,785,0.024134547
permutation_label_invariant,2,786,0.08187668
permutation_label_invariant,2,787,0.008244943
permutation_label_invariant,2,788,0.01921195
permutation_label_invariant,2,789,0.008775801
permutation_label_invariant,2,790,0.013176201
permutation_label_invariant,2,791,0.026862817
permutation_label_invariant,2,792,0.022348637
permutation_label_invariant,2,793,0.016449515
permutation_label_invariant,2,794,0.011075241
permutation_label_invariant,2,795,0.014644015
permutation_label_invariant,2,796,0.02342524
permutation_label_invariant,2,797,0.0061100363
permutation_label_invariant,2,798,0.013193866
permutation_label_invariant,2,799,0.12232893
permutation_label_invariant,2,800,0.038632907
permutation_label_invariant,2,801,0.004271506
permutation_label_invariant,2,802,0.012120096
permutation_label_invariant,2,803,0.01590377
permutation_label_invariant,2,804,0.11872022
permutation_label_invariant,2,805,0.024664873
permutation_label_invariant,2,806,0.007478565
permutation_label_invariant,2,807,0.0068780985
permutation_label_invariant,2,808,0.02321065
permutation_label_invariant,2,809,0.121398136
permutation_label_invariant,2,810,0.0038294513
permutation_label_invariant,2,811,0.01949934
permutation_label_invariant,2,812,0.09986453
permutation_label_invariant,2,813,0.009280069
permutation_label_invariant,2,814,0.016797356
permutation_label_invariant,2,815,0.0063041053
permutation_label_invariant,2,816,0.018396176
permutation_label_invariant,2,817,0.0043708263
permutation_label_invariant,2,818,0.031550962
permutation_label_invariant,2,819,0.018507492
permutation_label_invariant,2,820,0.011114362
permutation_label_invariant,2,821,0.04479596
permutation_label_invariant,2,822,0.061482035
permutation_label_invariant,2,823,0.26022238
permutation_label_invariant,2,824,0.012719073
permutation_label_invariant,2,825,0.1569772
permutation_label_invariant,2,826,0.013658453
permutation_label_invariant,2,827,0.01115314
permutation_label_invariant,2,828,0.03127267
permutation_label_invariant,2,829,0.019756064
permutation_label_invariant,2,830,0.023999516
permutation_label_invariant,2,831,0.03411299
permutation_label_invariant,2,832,0.34149036
permutation_label_invariant,2,833,0.036473628
permutation_label_invariant,2,834,0.02030143
permutation_label_invariant,2,835,0.007998753
permutation_label_invariant,2,836,0.101796284
permutation_label_invariant,2,837,0.036566857
permutation_label_invariant,2,838,0.014030722
permutation_label_invariant,2,839,0.015981153
permutation_label_invariant,2,840,0.02495768
permutation_label_invariant,2,841,0.0063825883
permutation_label_invariant,2,842,0.017459318
permutation_label_invariant,2,843,0.020205753
permutation_label_invariant,2,844,0.016880453
permutation_label_invariant,2,845,0.022512028
permutation_label_invariant,2,846,0.011109772
permutation_label_invariant,2,847,0.051987834
permutation_label_invariant,2,848,0.08247669
permutation_label_invariant,2,849,0.014070959
permutation_label_invariant,2,850,0.0638859
permutation_label_invariant,2,851,0.014580553
permutation_label_invariant,2,852,0.1002737
permutation_label_invariant,2,853,0.010038146
permutation_label_invariant,3,0,0.054927
permutation_label_invariant,3,1,0.06481054
permutation_label_invariant,3,2,0.009640434
permutation_label_invariant,3,3,0.020278938
permutation_label_invariant,3,4,0.015912972
permutation_label_invariant,3,5,0.01753838
permutation_label_invariant,3,6,0.057443384
permutation_label_invariant,3,7,0.0139747895
permutation_label_invariant,3,8,0.0026550388
permutation_label_invariant,3,9,0.17161946
permutation_label_invariant,3,10,0.0682286
permutation_label_invariant,3,11,0.034486506
permutation_label_invariant,3,12,0.0060292305
permutation_label_invariant,3,13,0.020376466
permutation_label_invariant,3,14,0.027969338
permutation_label_invariant,3,15,0.0115439985
permutation_label_invariant,3,16,0.0051324544
permutation_label_invariant,3,17,0.004367211
permutation_label_invariant,3,18,0.024561808
permutation_label_invariant,3,19,0.008929723
permutation_label_invariant,3,20,0.016845461
permutation_label_invariant,3,21,0.009827193
permutation_label_invariant,3,22,0.06234639
permutation_label_invariant,3,23,0.12724507
permutation_label_invariant,3,24,0.044852015
permutation_label_invariant,3,25,0.0413396
permutation_label_invariant,3,26,0.0283824
permutation_label_invariant,3,27,0.014649103
permutation_label_invariant,3,28,0.008646176
permutation_label_invariant,3,29,0.007842975
permutation_label_invariant,3,30,0.0099712685
permutation_label_invariant,3,31,0.11473539
permutation_label_invariant,3,32,0.0026362087
permutation_label_invariant,3,33,0.024599206
permutation_label_invariant,3,34,0.028401688
permutation_label_invariant,3,35,0.011028921
permutation_label_invariant,3,36,0.02259168
permutation_label_invariant,3,37,0.009830024
permutation_label_invariant,3,38,0.029802224
permutation_label_invariant,3,39,0.0054405625
permutation_label_invariant,3,40,0.014487164
permutation_label_invariant,3,41,0.012831384
permutation_label_invariant,3,42,0.06278235
permutation_label_invariant,3,43,0.009268226
permutation_label_invariant,3,44,0.013179712
permutation_label_invariant,3,45,0.014069807
permutation_label_invariant,3,46,0.0064584296
permutation_label_invariant,3,47,0.009051079
permutation_label_invariant,3,48,0.074274674
permutation_label_invariant,3,49,0.00571415
permutation_label_invariant,3,50,0.027609996
permutation_label_invariant,3,51,0.00647882
permutation_label_invariant,3,52,0.022631306
permutation_label_invariant,3,53,0.013276156
permutation_label_invariant,3,54,0.012370894
permutation_label_invariant,3,55,0.11743212
permutation_label_invariant,3,56,0.075107425
permutation_label_invariant,3,57,0.01922295
permutation_label_invariant,3,58,0.011627264
permutation_label_invariant,3,59,0.04004986
permutation_label_invariant,3,60,0.027814638
permutation_label_invariant,3,61,0.018241063
permutation_label_invariant,3,62,0.013800361
permutation_label_invariant,3,63,0.007451936
permutation_label_invariant,3,64,0.0037605944
permutation_label_invariant,3,65,0.018178895
permutation_label_invariant,3,66,0.0067097433
permutation_label_invariant,3,67,0.053721312
permutation_label_invariant,3,68,0.0074590007
permutation_label_invariant,3,69,0.055190343
permutation_label_invariant,3,70,0.008829345
permutation_label_invariant,3,71,0.0029231443
permutation_label_invariant,3,72,0.018328434
permutation_label_invariant,3,73,0.041385032
permutation_label_invariant,3,74,0.1105432
permutation_label_invariant,3,75,0.040192507
permutation_label_invariant,3,76,0.011744094
permutation_label_invariant,3,77,0.009100477
permutation_label_invariant,3,78,0.063996166
permutation_label_invariant,3,79,0.018123727
permutation_label_invariant,3,80,0.012965572
permutation_label_invariant,3,81,0.009175586
permutation_label_invariant,3,82,0.020384973
permutation_label_invariant,3,83,0.038693167
permutation_label_invariant,3,84,0.0024071394
permutation_label_invariant,3,85,0.01640426
permutation_label_invariant,3,86,0.01835483
permutation_label_invariant,3,87,0.011249587
permutation_label_invariant,3,88,0.024512846
permutation_label_invariant,3,89,0.056668017
permutation_label_invariant,3,90,0.030738406
permutation_label_invariant,3,91,0.027257431
permutation_label_invariant,3,92,0.0015660424
permutation_label_invariant,3,93,0.0054944204
permutation_label_invariant,3,94,0.027819682
permutation_label_invariant,3,95,0.015900964
permutation_label_invariant,3,96,0.010813741
permutation_label_invariant,3,97,0.01102669
permutation_label_invariant,3,98,0.014823077
permutation_label_invariant,3,99,0.0054217856
permutation_label_invariant,3,100,0.009933731
permutation_label_invariant,3,101,0.009015479
permutation_label_invariant,3,102,0.010730784
permutation_label_invariant,3,103,0.014425517
permutation_label_invariant,3,104,0.027784117
permutation_label_invariant,3,105,0.118200965
permutation_label_invariant,3,106,0.046721812
permutation_label_invariant,3,107,0.018362453
permutation_label_invariant,3,108,0.014377476
permutation_label_invariant,3,109,0.021054018
permutation_label_invariant,3,110,0.008231034
permutation_label_invariant,3,111,0.002279431
permutation_label_invariant,3,112,0.002916283
permutation_label_invariant,3,113,0.023289375
permutation_label_invariant,3,114,0.044166602
permutation_label_invariant,3,115,0.1295177
permutation_label_invariant,3,116,0.009786922
permutation_label_invariant,3,117,0.10772339
permutation_label_invariant,3,118,0.020032782
permutation_label_invariant,3,119,0.01900722
permutation_label_invariant,3,120,0.11435441
permutation_label_invariant,3,121,0.01765507
permutation_label_invariant,3,122,0.0081286635
permutation_label_invariant,3,123,0.015321978
permutation_label_invariant,3,124,0.035047848
permutation_label_invariant,3,125,0.0067856107
permutation_label_invariant,3,126,0.01823511
permutation_label_invariant,3,127,0.02388355
permutation_label_invariant,3,128,0.0129561545
permutation_label_invariant,3,129,0.16291001
permutation_label_invariant,3,130,0.007405792
permutation_label_invariant,3,131,0.028713737
permutation_label_invariant,3,132,0.00936134
permutation_label_invariant,3,133,0.019063976
permutation_label_invariant,3,134,0.01551101
permutation_label_invariant,3,135,0.010705305
permutation_label_invariant,3,136,0.023685176
permutation_label_invariant,3,137,0.005253918
permutation_label_invariant,3,138,0.024916004
permutation_label_invariant,3,139,0.0106079765
permutation_label_invariant,3,140,0.0065435856
permutation_label_invariant,3,141,0.020830749
permutation_label_invariant,3,142,0.013493946
permutation_label_invariant,3,143,0.013640987
permutation_label_invariant,3,144,0.055055924
permutation_label_invariant,3,145,0.06510004
permutation_label_invariant,3,146,0.057007495
permutation_label_invariant,3,147,0.02529419
permutation_label_invariant,3,148,0.049715642
permutation_label_invariant,3,149,0.017280124
permutation_label_invariant,3,150,0.033322927
permutation_label_invariant,3,151,0.005139658
permutation_label_invariant,3,152,0.0045849984
permutation_label_invariant,3,153,0.028025001
permutation_label_invariant,3,154,0.013204552
permutation_label_invariant,3,155,0.0035388449
permutation_label_invariant,3,156,0.01315387
permutation_label_invariant,3,157,0.08849701
permutation_label_invariant,3,158,0.028704304
permutation_label_invariant,3,159,0.028996794
permutation_label_invariant,3,160,0.014840655
permutation_label_invariant,3,161,0.1196269
permutation_label_invariant,3,162,0.018702995
permutation_label_invariant,3,163,0.012760047
permutation_label_invariant,3,164,0.0059779966
permutation_label_invariant,3,165,0.01831077
permutation_label_invariant,3,166,0.032669794
permutation_label_invariant,3,167,0.025427183
permutation_label_invariant,3,168,0.034191508
permutation_label_invariant,3,169,0.009923298
permutation_label_invariant,3,170,0.10030088
permutation_label_invariant,3,171,0.0051855845
permutation_label_invariant,3,172,0.0046803085
permutation_label_invariant,3,173,0.015272879
permutation_label_invariant,3,174,0.06498188
permutation_label_invariant,3,175,0.005761828
permutation_label_invariant,3,176,0.043949395
permutation_label_invariant,3,177,0.027955452
permutation_label_invariant,3,178,0.16372937
permutation_label_invariant,3,179,0.022854308
permutation_label_invariant,3,180,0.018548997
permutation_label_invariant,3,181,0.018513033
permutation_label_invariant,3,182,0.025764223
permutation_label_invariant,3,183,0.0072219395
permutation_label_invariant,3,184,0.012931164
permutation_label_invariant,3,185,0.028394122
permutation_label_invariant,3,186,0.13460764
permutation_label_invariant,3,187,0.014318543
permutation_label_invariant,3,188,0.003190476
permutation_label_invariant,3,189,0.17340277
permutation_label_invariant,3,190,0.010868659
permutation_label_invariant,3,191,0.013294284
permutation_label_invariant,3,192,0.0122908745
permutation_label_invariant,3,193,0.045879535
permutation_label_invariant,3,194,0.057332814
permutation_label_invariant,3,195,0.0133920815
permutation_label_invariant,3,196,0.053729128
permutation_label_invariant,3,197,0.013247079
permutation_label_invariant,3,198,0.007947398
permutation_label_invariant,3,199,0.013031778
permutation_label_invariant,3,200,0.022435885
permutation_label_invariant,3,201,0.0031355552
permutation_label_invariant,3,202,0.01904485
permutation_label_invariant,3,203,0.12704578
permutation_label_invariant,3,204,0.0064543765
permutation_label_invariant,3,205,0.014984943
permutation_label_invariant,3,206,0.007973043
permutation_label_invariant,3,207,0.054999914
permutation_label_invariant,3,208,0.018916516
permutation_label_invariant,3,209,0.047843702
permutation_label_invariant,3,210,0.017331243
permutation_label_invariant,3,211,0.018269243
permutation_label_invariant,3,212,0.014308117
permutation_label_invariant,3,213,0.006613276
permutation_label_invariant,3,214,0.037067868
permutation_label_invariant,3,215,0.06812489
permutation_label_invariant,3,216,0.04189006
permutation_label_invariant,3,217,0.008358446
permutation_label_invariant,3,218,0.002165109
permutation_label_invariant,3,219,0.0281512
permutation_label_invariant,3,220,0.0149631165
permutation_label_invariant,3,221,0.013152109
permutation_label_invariant,3,222,0.0034620394
permutation_label_invariant,3,223,0.006442338
permutation_label_invariant,3,224,0.0041373954
permutation_label_invariant,3,225,0.010922483
permutation_label_invariant,3,226,0.1517336
permutation_label_invariant,3,227,0.019630872
permutation_label_invariant,3,228,0.011176754
permutation_label_invariant,3,229,0.030240674
permutation_label_invariant,3,230,0.008520023
permutation_label_invariant,3,231,0.0062790085
permutation_label_invariant,3,232,0.021859549
permutation_label_invariant,3,233,0.11390828
permutation_label_invariant,3,234,0.0051776785
permutation_label_invariant,3,235,0.024720974
permutation_label_invariant,3,236,0.022202807
permutation_label_invariant,3,237,0.041237485
permutation_label_invariant,3,238,0.01196699
permutation_label_invariant,3,239,0.013636757
permutation_label_invariant,3,240,0.09782474
permutation_label_invariant,3,241,0.08562869
permutation_label_invariant,3,242,0.005272396
permutation_label_invariant,3,243,0.028524458
permutation_label_invariant,3,244,0.026734708
permutation_label_invariant,3,245,0.0035410356
permutation_label_invariant,3,246,0.0105165765
permutation_label_invariant,3,247,0.0021826723
permutation_label_invariant,3,248,0.004968145
permutation_label_invariant,3,249,0.010972666
permutation_label_invariant,3,250,0.015587235
permutation_label_invariant,3,251,0.0054053236
permutation_label_invariant,3,252,0.026248462
permutation_label_invariant,3,253,0.033190932
permutation_label_invariant,3,254,0.032330558
permutation_label_invariant,3,255,0.021701407
permutation_label_invariant,3,256,0.0029000246
permutation_label_invariant,3,257,0.027146459
permutation_label_invariant,3,258,0.013930971
permutation_label_invariant,3,259,0.11978227
permutation_label_invariant,3,260,0.019641036
permutation_label_invariant,3,261,0.013127381
permutation_label_invariant,3,262,0.016925346
permutation_label_invariant,3,263,0.00705256
permutation_label_invariant,3,264,0.019946318
permutation_label_invariant,3,265,0.014507687
permutation_label_invariant,3,266,0.027808327
permutation_label_invariant,3,267,0.046340887
permutation_label_invariant,3,268,0.22641245
permutation_label_invariant,3,269,0.01654486
permutation_label_invariant,3,270,0.009661499
permutation_label_invariant,3,271,0.0059423517
permutation_label_invariant,3,272,0.020182919
permutation_label_invariant,3,273,0.019748542
permutation_label_invariant,3,274,0.032887995
permutation_label_invariant,3,275,0.006387304
permutation_label_invariant,3,276,0.011869056
permutation_label_invariant,3,277,0.085782595
permutation_label_invariant,3,278,0.003048932
permutation_label_invariant,3,279,0.019017698
permutation_label_invariant,3,280,0.005244197
permutation_label_invariant,3,281,0.009415312
permutation_label_invariant,3,282,0.032830052
permutation_label_invariant,3,283,0.115085185
permutation_label_invariant,3,284,0.01393084
permutation_label_invariant,3,285,0.023973737
permutation_label_invariant,3,286,0.014749141
permutation_label_invariant,3,287,0.012218487
permutation_label_invariant,3,288,0.121753916
permutation_label_invariant,3,289,0.031574484
permutation_label_invariant,3,290,0.008090075
permutation_label_invariant,3,291,0.009425069
permutation_label_invariant,3,292,0.011732727
permutation_label_invariant,3,293,0.030605432
permutation_label_invariant,3,294,0.0040455367
permutation_label_invariant,3,295,0.010896034
permutation_label_invariant,3,296,0.010749219
permutation_label_invariant,3,297,0.009106165
permutation_label_invariant,3,298,0.009681543
permutation_label_invariant,3,299,0.03968401
permutation_label_invariant,3,300,0.14131382
permutation_label_invariant,3,301,0.0193967
permutation_label_invariant,3,302,0.01009265
permutation_label_invariant,3,303,0.010827257
permutation_label_invariant,3,304,0.10325654
permutation_label_invariant,3,305,0.09904664
permutation_label_invariant,3,306,0.08661301
permutation_label_invariant,3,307,0.020919438
permutation_label_invariant,3,308,0.004808833
permutation_label_invariant,3,309,0.007333152
permutation_label_invariant,3,310,0.042509332
permutation_label_invariant,3,311,0.036303304
permutation_label_invariant,3,312,0.027226022
permutation_label_invariant,3,313,0.0068973987
permutation_label_invariant,3,314,0.013928684
permutation_label_invariant,3,315,0.0152930645
permutation_label_invariant,3,316,0.014999724
permutation_label_invariant,3,317,0.0024390079
permutation_label_invariant,3,318,0.0334085
permutation_label_invariant,3,319,0.011857427
permutation_label_invariant,3,320,0.03441648
permutation_label_invariant,3,321,0.0069314013
permutation_label_invariant,3,322,0.007927563
permutation_label_invariant,3,323,0.009234857
permutation_label_invariant,3,324,0.0045813276
permutation_label_invariant,3,325,0.13451135
permutation_label_invariant,3,326,0.025397178
permutation_label_invariant,3,327,0.0680503
permutation_label_invariant,3,328,0.054261584
permutation_label_invariant,3,329,0.013881123
permutation_label_invariant,3,330,0.008690808
permutation_label_invariant,3,331,0.013544412
permutation_label_invariant,3,332,0.0025517924
permutation_label_invariant,3,333,0.005650109
permutation_label_invariant,3,334,0.04367567
permutation_label_invariant,3,335,0.017925976
permutation_label_invariant,3,336,0.019728104
permutation_label_invariant,3,337,0.033520743
permutation_label_invariant,3,338,0.007910943
permutation_label_invariant,3,339,0.023780221
permutation_label_invariant,3,340,0.012091861
permutation_label_invariant,3,341,0.021243228
permutation_label_invariant,3,342,0.004427746
permutation_label_invariant,3,343,0.014108343
permutation_label_invariant,3,344,0.0823323
permutation_label_invariant,3,345,0.014484242
permutation_label_invariant,3,346,0.016387586
permutation_label_invariant,3,347,0.012161266
permutation_label_invariant,3,348,0.042249467
permutation_label_invariant,3,349,0.025068022
permutation_label_invariant,3,350,0.0025231428
permutation_label_invariant,3,351,0.02307772
permutation_label_invariant,3,352,0.04373824
permutation_label_invariant,3,353,0.04033221
permutation_label_invariant,3,354,0.02917388
permutation_label_invariant,3,355,0.09168078
permutation_label_invariant,3,356,0.088069946
permutation_label_invariant,3,357,0.022820614
permutation_label_invariant,3,358,0.032678124
permutation_label_invariant,3,359,0.03009297
permutation_label_invariant,3,360,0.023983609
permutation_label_invariant,3,361,0.0065917945
permutation_label_invariant,3,362,0.011691163
permutation_label_invariant,3,363,0.0048025283
permutation_label_invariant,3,364,0.03298032
permutation_label_invariant,3,365,0.097163685
permutation_label_invariant,3,366,0.006548916
permutation_label_invariant,3,367,0.02477526
permutation_label_invariant,3,368,0.007823989
permutation_label_invariant,3,369,0.027602218
permutation_label_invariant,3,370,0.017407242
permutation_label_invariant,3,371,0.008843175
permutation_label_invariant,3,372,0.0017843115
permutation_label_invariant,3,373,0.0045459103
permutation_label_invariant,3,374,0.36029518
permutation_label_invariant,3,375,0.03797131
permutation_label_invariant,3,376,0.09470835
permutation_label_invariant,3,377,0.007810875
permutation_label_invariant,3,378,0.122615695
permutation_label_invariant,3,379,0.016737327
permutation_label_invariant,3,380,0.008943991
permutation_label_invariant,3,381,0.03416685
permutation_label_invariant,3,382,0.018379943
permutation_label_invariant,3,383,0.04041648
permutation_label_invariant,3,384,0.023775136
permutation_label_invariant,3,385,0.0040185945
permutation_label_invariant,3,386,0.015035659
permutation_label_invariant,3,387,0.008804371
permutation_label_invariant,3,388,0.010353501
permutation_label_invariant,3,389,0.01096414
permutation_label_invariant,3,390,0.006884264
permutation_label_invariant,3,391,0.008416873
permutation_label_invariant,3,392,0.03787096
permutation_label_invariant,3,393,0.01709047
permutation_label_invariant,3,394,0.0059719207
permutation_label_invariant,3,395,0.044015437
permutation_label_invariant,3,396,0.33381146
permutation_label_invariant,3,397,0.026799306
permutation_label_invariant,3,398,0.0056261686
permutation_label_invariant,3,399,0.0035792599
permutation_label_invariant,3,400,0.025566481
permutation_label_invariant,3,401,0.050148204
permutation_label_invariant,3,402,0.012151038
permutation_label_invariant,3,403,0.0141187245
permutation_label_invariant,3,404,0.04045352
permutation_label_invariant,3,405,0.00096275355
permutation_label_invariant,3,406,0.03703927
permutation_label_invariant,3,407,0.05264444
permutation_label_invariant,3,408,0.013336026
permutation_label_invariant,3,409,0.037611365
permutation_label_invariant,3,410,0.015786156
permutation_label_invariant,3,411,0.042570382
permutation_label_invariant,3,412,0.016347084
permutation_label_invariant,3,413,0.007895406
permutation_label_invariant,3,414,0.12615867
permutation_label_invariant,3,415,0.013718481
permutation_label_invariant,3,416,0.007426385
permutation_label_invariant,3,417,0.031827696
permutation_label_invariant,3,418,0.008590773
permutation_label_invariant,3,419,0.0069373064
permutation_label_invariant,3,420,0.01475678
permutation_label_invariant,3,421,0.016119588
permutation_label_invariant,3,422,0.019054249
permutation_label_invariant,3,423,0.009502787
permutation_label_invariant,3,424,0.011441462
permutation_label_invariant,3,425,0.018639361
permutation_label_invariant,3,426,0.09061487
permutation_label_invariant,3,427,0.03291719
permutation_label_invariant,3,428,0.03972255
permutation_label_invariant,3,429,0.0031682353
permutation_label_invariant,3,430,0.018299054
permutation_label_invariant,3,431,0.018581035
permutation_label_invariant,3,432,0.02850217
permutation_label_invariant,3,433,0.012587795
permutation_label_invariant,3,434,0.0077069756
permutation_label_invariant,3,435,0.029397422
permutation_label_invariant,3,436,0.017787326
permutation_label_invariant,3,437,0.0066191396
permutation_label_invariant,3,438,0.067778036
permutation_label_invariant,3,439,0.01426546
permutation_label_invariant,3,440,0.04855906
permutation_label_invariant,3,441,0.016082052
permutation_label_invariant,3,442,0.007762839
permutation_label_invariant,3,443,0.013863309
permutation_label_invariant,3,444,0.00432198
permutation_label_invariant,3,445,0.041203305
permutation_label_invariant,3,446,0.034887742
permutation_label_invariant,3,447,0.020179769
permutation_label_invariant,3,448,0.02317625
permutation_label_invariant,3,449,0.027845312
permutation_label_invariant,3,450,0.0008773167
permutation_label_invariant,3,451,0.022192981
permutation_label_invariant,3,452,0.0048792055
permutation_label_invariant,3,453,0.034158252
permutation_label_invariant,3,454,0.0036862013
permutation_label_invariant,3,455,0.012883814
permutation_label_invariant,3,456,0.017803788
permutation_label_invariant,3,457,0.015684599
permutation_label_invariant,3,458,0.0365858
permutation_label_invariant,3,459,0.012753799
permutation_label_invariant,3,460,0.0072396803
permutation_label_invariant,3,461,0.0047644507
permutation_label_invariant,3,462,0.021842161
permutation_label_invariant,3,463,0.33815062
permutation_label_invariant,3,464,0.0082184505
permutation_label_invariant,3,465,0.0050424235
permutation_label_invariant,3,466,0.05376832
permutation_label_invariant,3,467,0.0045860913
permutation_label_invariant,3,468,0.016502962
permutation_label_invariant,3,469,0.04884368
permutation_label_invariant,3,470,0.034206573
permutation_label_invariant,3,471,0.061097622
permutation_label_invariant,3,472,0.008945877
permutation_label_invariant,3,473,0.08892758
permutation_label_invariant,3,474,0.016492402
permutation_label_invariant,3,475,0.03073026
permutation_label_invariant,3,476,0.013839809
permutation_label_invariant,3,477,0.00391123
permutation_label_invariant,3,478,0.104830585
permutation_label_invariant,3,479,0.021498907
permutation_label_invariant,3,480,0.008959746
permutation_label_invariant,3,481,0.009946779
permutation_label_invariant,3,482,0.013038217
permutation_label_invariant,3,483,0.017042372
permutation_label_invariant,3,484,0.008817893
permutation_label_invariant,3,485,0.0397566
permutation_label_invariant,3,486,0.012049666
permutation_label_invariant,3,487,0.01565371
permutation_label_invariant,3,488,0.019213498
permutation_label_invariant,3,489,0.024148395
permutation_label_invariant,3,490,0.013179927
permutation_label_invariant,3,491,0.024191054
permutation_label_invariant,3,492,0.027149526
permutation_label_invariant,3,493,0.025866527
permutation_label_invariant,3,494,0.0067387177
permutation_label_invariant,3,495,0.029802034
permutation_label_invariant,3,496,0.026050815
permutation_label_invariant,3,497,0.012472806
permutation_label_invariant,3,498,0.028290257
permutation_label_invariant,3,499,0.0056142104
permutation_label_invariant,3,500,0.0846254
permutation_label_invariant,3,501,0.020306917
permutation_label_invariant,3,502,0.02853281
permutation_label_invariant,3,503,0.013998879
permutation_label_invariant,3,504,0.017473325
permutation_label_invariant,3,505,0.033503413
permutation_label_invariant,3,506,0.04690092
permutation_label_invariant,3,507,0.033031464
permutation_label_invariant,3,508,0.014222389
permutation_label_invariant,3,509,0.044708557
permutation_label_invariant,3,510,0.0345356
permutation_label_invariant,3,511,0.0104916245
permutation_label_invariant,3,512,0.0029449775
permutation_label_invariant,3,513,0.0142243635
permutation_label_invariant,3,514,0.011923637
permutation_label_invariant,3,515,0.06914884
permutation_label_invariant,3,516,0.023504216
permutation_label_invariant,3,517,0.007471079
permutation_label_invariant,3,518,0.0085579
permutation_label_invariant,3,519,0.0817118
permutation_label_invariant,3,520,0.010986358
permutation_label_invariant,3,521,0.109914124
permutation_label_invariant,3,522,0.113828816
permutation_label_invariant,3,523,0.016331516
permutation_label_invariant,3,524,0.0032028889
permutation_label_invariant,3,525,0.12708879
permutation_label_invariant,3,526,0.031081285
permutation_label_invariant,3,527,0.01571349
permutation_label_invariant,3,528,0.03845676
permutation_label_invariant,3,529,0.030951142
permutation_label_invariant,3,530,0.16780677
permutation_label_invariant,3,531,0.04781937
permutation_label_invariant,3,532,0.009245765
permutation_label_invariant,3,533,0.02127203
permutation_label_invariant,3,534,0.018676586
permutation_label_invariant,3,535,0.028417295
permutation_label_invariant,3,536,0.008223501
permutation_label_invariant,3,537,0.066358775
permutation_label_invariant,3,538,0.009149131
permutation_label_invariant,3,539,0.0058920183
permutation_label_invariant,3,540,0.025322545
permutation_label_invariant,3,541,0.04855298
permutation_label_invariant,3,542,0.112024255
permutation_label_invariant,3,543,0.009502703
permutation_label_invariant,3,544,0.007994156
permutation_label_invariant,3,545,0.009073872
permutation_label_invariant,3,546,0.14022076
permutation_label_invariant,3,547,0.13317452
permutation_label_invariant,3,548,0.017620021
permutation_label_invariant,3,549,0.007403652
permutation_label_invariant,3,550,0.12580545
permutation_label_invariant,3,551,0.025060754
permutation_label_invariant,3,552,0.0067275744
permutation_label_invariant,3,553,0.013679882
permutation_label_invariant,3,554,0.0030944175
permutation_label_invariant,3,555,0.023611011
permutation_label_invariant,3,556,0.011377841
permutation_label_invariant,3,557,0.010208908
permutation_label_invariant,3,558,0.01728531
permutation_label_invariant,3,559,0.016718514
permutation_label_invariant,3,560,0.0011829677
permutation_label_invariant,3,561,0.010738792
permutation_label_invariant,3,562,0.006860741
permutation_label_invariant,3,563,0.019779496
permutation_label_invariant,3,564,0.025065167
permutation_label_invariant,3,565,0.0069369385
permutation_label_invariant,3,566,0.079711676
permutation_label_invariant,3,567,0.028998908
permutation_label_invariant,3,568,0.021565247
permutation_label_invariant,3,569,0.03628537
permutation_label_invariant,3,570,0.061195515
permutation_label_invariant,3,571,0.008310508
permutation_label_invariant,3,572,0.015840355
permutation_label_invariant,3,573,0.017066032
permutation_label_invariant,3,574,0.018049408
permutation_label_invariant,3,575,0.010564221
permutation_label_invariant,3,576,0.016789146
permutation_label_invariant,3,577,0.01116989
permutation_label_invariant,3,578,0.038612254
permutation_label_invariant,3,579,0.026159052
permutation_label_invariant,3,580,0.016362788
permutation_label_invariant,3,581,0.024479771
permutation_label_invariant,3,582,0.07413685
permutation_label_invariant,3,583,0.021611342
permutation_label_invariant,3,584,0.008013469
permutation_label_invariant,3,585,0.003884221
permutation_label_invariant,3,586,0.018033585
permutation_label_invariant,3,587,0.023996659
permutation_label_invariant,3,588,0.0063649463
permutation_label_invariant,3,589,0.013013724
permutation_label_invariant,3,590,0.01725916
permutation_label_invariant,3,591,0.019128535
permutation_label_invariant,3,592,0.014131216
permutation_label_invariant,3,593,0.040625572
permutation_label_invariant,3,594,0.019767769
permutation_label_invariant,3,595,0.017209345
permutation_label_invariant,3,596,0.006777376
permutation_label_invariant,3,597,0.02261721
permutation_label_invariant,3,598,0.003651582
permutation_label_invariant,3,599,0.011393193
permutation_label_invariant,3,600,0.0067967614
permutation_label_invariant,3,601,0.075224504
permutation_label_invariant,3,602,0.041714877
permutation_label_invariant,3,603,0.020599952
permutation_label_invariant,3,604,0.02163415
permutation_label_invariant,3,605,0.013214494
permutation_label_invariant,3,606,0.020837417
permutation_label_invariant,3,607,0.047132146
permutation_label_invariant,3,608,0.13811809
permutation_label_invariant,3,609,0.01256446
permutation_label_invariant,3,610,0.108400464
permutation_label_invariant,3,611,0.008869201
permutation_label_invariant,3,612,0.018568218
permutation_label_invariant,3,613,0.0474229
permutation_label_invariant,3,614,0.05194099
permutation_label_invariant,3,615,0.020428922
permutation_label_invariant,3,616,0.025387304
permutation_label_invariant,3,617,0.033545718
permutation_label_invariant,3,618,0.008446291
permutation_label_invariant,3,619,0.0056003937
permutation_label_invariant,3,620,0.00607924
permutation_label_invariant,3,621,0.008097405
permutation_label_invariant,3,622,0.020553248
permutation_label_invariant,3,623,0.12153777
permutation_label_invariant,3,624,0.008281341
permutation_label_invariant,3,625,0.0057493323
permutation_label_invariant,3,626,0.044949837
permutation_label_invariant,3,627,0.01806961
permutation_label_invariant,3,628,0.0065576844
permutation_label_invariant,3,629,0.054435838
permutation_label_invariant,3,630,0.026497316
permutation_label_invariant,3,631,0.035303827
permutation_label_invariant,3,632,0.019207306
permutation_label_invariant,3,633,0.0785805
permutation_label_invariant,3,634,0.029634323
permutation_label_invariant,3,635,0.027250191
permutation_label_invariant,3,636,0.03200327
permutation_label_invariant,3,637,0.020612054
permutation_label_invariant,3,638,0.032716267
permutation_label_invariant,3,639,0.007136096
permutation_label_invariant,3,640,0.071079336
permutation_label_invariant,3,641,0.00882989
permutation_label_invariant,3,642,0.08267882
permutation_label_invariant,3,643,0.02513805
permutation_label_invariant,3,644,0.015248707
permutation_label_invariant,3,645,0.058817632
permutation_label_invariant,3,646,0.0051784003
permutation_label_invariant,3,647,0.028776158
permutation_label_invariant,3,648,0.0077229217
permutation_label_invariant,3,649,0.0054185763
permutation_label_invariant,3,650,0.034905892
permutation_label_invariant,3,651,0.0035221223
permutation_label_invariant,3,652,0.011825172
permutation_label_invariant,3,653,0.03436635
permutation_label_invariant,3,654,0.016434796
permutation_label_invariant,3,655,0.012531691
permutation_label_invariant,3,656,0.014533234
permutation_label_invariant,3,657,0.022581965
permutation_label_invariant,3,658,0.0141057335
permutation_label_invariant,3,659,0.15489036
permutation_label_invariant,3,660,0.0074457726
permutation_label_invariant,3,661,0.012714875
permutation_label_invariant,3,662,0.0069253366
permutation_label_invariant,3,663,0.02401236
permutation_label_invariant,3,664,0.025690738
permutation_label_invariant,3,665,0.036436655
permutation_label_invariant,3,666,0.12106778
permutation_label_invariant,3,667,0.03674784
permutation_label_invariant,3,668,0.014514089
permutation_label_invariant,3,669,0.01654446
permutation_label_invariant,3,670,0.019048138
permutation_label_invariant,3,671,0.021833481
permutation_label_invariant,3,672,0.030666774
permutation_label_invariant,3,673,0.33663505
permutation_label_invariant,3,674,0.044429265
permutation_label_invariant,3,675,0.039849855
permutation_label_invariant,3,676,0.024715303
permutation_label_invariant,3,677,0.026903387
permutation_label_invariant,3,678,0.10962478
permutation_label_invariant,3,679,0.023127828
permutation_label_invariant,3,680,0.0049114022
permutation_label_invariant,3,681,0.07107198
permutation_label_invariant,3,682,0.011830673
permutation_label_invariant,3,683,0.024405416
permutation_label_invariant,3,684,0.01958094
permutation_label_invariant,3,685,0.05510472
permutation_label_invariant,3,686,0.03311976
permutation_label_invariant,3,687,0.122714326
permutation_label_invariant,3,688,0.006221507
permutation_label_invariant,3,689,0.010280052
permutation_label_invariant,3,690,0.012280746
permutation_label_invariant,3,691,0.043449894
permutation_label_invariant,3,692,0.011350426
permutation_label_invariant,3,693,0.01329395
permutation_label_invariant,3,694,0.016143855
permutation_label_invariant,3,695,0.005490236
permutation_label_invariant,3,696,0.022755802
permutation_label_invariant,3,697,0.053022347
permutation_label_invariant,3,698,0.02003336
permutation_label_invariant,3,699,0.012383288
permutation_label_invariant,3,700,0.003210294
permutation_label_invariant,3,701,0.043696806
permutation_label_invariant,3,702,0.04954611
permutation_label_invariant,3,703,0.10526903
permutation_label_invariant,3,704,0.03821674
permutation_label_invariant,3,705,0.0050570667
permutation_label_invariant,3,706,0.035972703
permutation_label_invariant,3,707,0.012582453
permutation_label_invariant,3,708,0.026907744
permutation_label_invariant,3,709,0.007090746
permutation_label_invariant,3,710,0.012252115
permutation_label_invariant,3,711,0.006975868
permutation_label_invariant,3,712,0.0206547
permutation_label_invariant,3,713,0.05254581
permutation_label_invariant,3,714,0.017619286
permutation_label_invariant,3,715,0.01948666
permutation_label_invariant,3,716,0.009534817
permutation_label_invariant,3,717,0.02002239
permutation_label_invariant,3,718,0.015032053
permutation_label_invariant,3,719,0.018251479
permutation_label_invariant,3,720,0.010529382
permutation_label_invariant,3,721,0.005192414
permutation_label_invariant,3,722,0.03212835
permutation_label_invariant,3,723,0.13478176
permutation_label_invariant,3,724,0.008582478
permutation_label_invariant,3,725,0.094111234
permutation_label_invariant,3,726,0.022279695
permutation_label_invariant,3,727,0.022743762
permutation_label_invariant,3,728,0.046492524
permutation_label_invariant,3,729,0.0580606
permutation_label_invariant,3,730,0.010316696
permutation_label_invariant,3,731,0.031224051
permutation_label_invariant,3,732,0.01442009
permutation_label_invariant,3,733,0.010079144
permutation_label_invariant,3,734,0.022858048
permutation_label_invariant,3,735,0.019083017
permutation_label_invariant,3,736,0.010065587
permutation_label_invariant,3,737,0.025023565
permutation_label_invariant,3,738,0.04856092
permutation_label_invariant,3,739,0.010353117
permutation_label_invariant,3,740,0.02678305
permutation_label_invariant,3,741,0.0020700367
permutation_label_invariant,3,742,0.01148762
permutation_label_invariant,3,743,0.0045939763
permutation_label_invariant,3,744,0.0898845
permutation_label_invariant,3,745,0.018707978
permutation_label_invariant,3,746,0.025186555
permutation_label_invariant,3,747,0.0053497623
permutation_label_invariant,3,748,0.016249312
permutation_label_invariant,3,749,0.01928598
permutation_label_invariant,3,750,0.0041867183
permutation_label_invariant,3,751,0.003260224
permutation_label_invariant,3,752,0.006422579
permutation_label_invariant,3,753,0.02989296
permutation_label_invariant,3,754,0.0026107244
permutation_label_invariant,3,755,0.007819983
permutation_label_invariant,3,756,0.09788565
permutation_label_invariant,3,757,0.031453095
permutation_label_invariant,3,758,0.022210274
permutation_label_invariant,3,759,0.010680512
permutation_label_invariant,3,760,0.04295835
permutation_label_invariant,3,761,0.028450612
permutation_label_invariant,3,762,0.028903168
permutation_label_invariant,3,763,0.0031403746
permutation_label_invariant,3,764,0.029600047
permutation_label_invariant,3,765,0.016880978
permutation_label_invariant,3,766,0.086549506
permutation_label_invariant,3,767,0.010449678
permutation_label_invariant,3,768,0.025075277
permutation_label_invariant,3,769,0.06828782
permutation_label_invariant,3,770,0.031971574
permutation_label_invariant,3,771,0.06262076
permutation_label_invariant,3,772,0.016056325
permutation_label_invariant,3,773,0.028281357
permutation_label_invariant,3,774,0.0034645533
permutation_label_invariant,3,775,0.011513425
permutation_label_invariant,3,776,0.023906546
permutation_label_invariant,3,777,0.0269515
permutation_label_invariant,3,778,0.028117612
permutation_label_invariant,3,779,0.018645816
permutation_label_invariant,3,780,0.016654685
permutation_label_invariant,3,781,0.0044309576
permutation_label_invariant,3,782,0.011667222
permutation_label_invariant,3,783,0.010825324
permutation_label_invariant,3,784,0.017482825
permutation_label_invariant,3,785,0.05814937
permutation_label_invariant,3,786,0.07222125
permutation_label_invariant,3,787,0.01866575
permutation_label_invariant,3,788,0.019600991
permutation_label_invariant,3,789,0.03194703
permutation_label_invariant,3,790,0.030171761
permutation_label_invariant,3,791,0.014829546
permutation_label_invariant,3,792,0.00671474
permutation_label_invariant,3,793,0.01689015
permutation_label_invariant,3,794,0.081545465
permutation_label_invariant,3,795,0.008325547
permutation_label_invariant,3,796,0.043853506
permutation_label_invariant,3,797,0.014023085
permutation_label_invariant,3,798,0.006723946
permutation_label_invariant,3,799,0.0034612487
permutation_label_invariant,3,800,0.027101673
permutation_label_invariant,3,801,0.010684986
permutation_label_invariant,3,802,0.09903076
permutation_label_invariant,3,803,0.0630745
permutation_label_invariant,3,804,0.034503832
permutation_label_invariant,3,805,0.1597964
permutation_label_invariant,3,806,0.057924937
permutation_label_invariant,3,807,0.054793917
permutation_label_invariant,3,808,0.04897616
permutation_label_invariant,3,809,0.030563865
permutation_label_invariant,3,810,0.03532088
permutation_label_invariant,3,811,0.011257112
permutation_label_invariant,3,812,0.021005549
permutation_label_invariant,3,813,0.008312866
permutation_label_invariant,3,814,0.023882333
permutation_label_invariant,3,815,0.0038309987
permutation_label_invariant,3,816,0.016940108
permutation_label_invariant,3,817,0.26349756
permutation_label_invariant,3,818,0.023603573
permutation_label_invariant,3,819,0.03730416
permutation_label_invariant,3,820,0.10040873
permutation_label_invariant,3,821,0.06764105
permutation_label_invariant,3,822,0.15652335
permutation_label_invariant,3,823,0.012130583
permutation_label_invariant,3,824,0.02243036
permutation_label_invariant,3,825,0.011091385
permutation_label_invariant,3,826,0.08112494
permutation_label_invariant,3,827,0.01481812
permutation_label_invariant,3,828,0.066858135
permutation_label_invariant,3,829,0.033675916
permutation_label_invariant,3,830,0.042971205
permutation_label_invariant,3,831,0.032013148
permutation_label_invariant,3,832,0.01961044
permutation_label_invariant,3,833,0.013814376
permutation_label_invariant,3,834,0.034296177
permutation_label_invariant,3,835,0.026985664
permutation_label_invariant,3,836,0.08487305
permutation_label_invariant,3,837,0.03294963
permutation_label_invariant,3,838,0.005952675
permutation_label_invariant,3,839,0.0159088
permutation_label_invariant,3,840,0.030213315
permutation_label_invariant,3,841,0.010434611
permutation_label_invariant,3,842,0.04584335
permutation_label_invariant,3,843,0.042980894
permutation_label_invariant,3,844,0.07052173
permutation_label_invariant,3,845,0.15788403
permutation_label_invariant,3,846,0.1013398
permutation_label_invariant,3,847,0.029257547
permutation_label_invariant,3,848,0.00678238
permutation_label_invariant,3,849,0.010449709
permutation_label_invariant,3,850,0.029977567
permutation_label_invariant,3,851,0.03657586
permutation_label_invariant,3,852,0.07006393
permutation_label_invariant,3,853,0.06792553
permutation_label_invariant,4,0,0.0035540336
permutation_label_invariant,4,1,0.10779695
permutation_label_invariant,4,2,0.019857505
permutation_label_invariant,4,3,0.005804266
permutation_label_invariant,4,4,0.027233653
permutation_label_invariant,4,5,0.017268434
permutation_label_invariant,4,6,0.008675134
permutation_label_invariant,4,7,0.019355068
permutation_label_invariant,4,8,0.09999163
permutation_label_invariant,4,9,0.27734843
permutation_label_invariant,4,10,0.032720312
permutation_label_invariant,4,11,0.003607662
permutation_label_invariant,4,12,0.13204554
permutation_label_invariant,4,13,0.013791423
permutation_label_invariant,4,14,0.021519326
permutation_label_invariant,4,15,0.028146442
permutation_label_invariant,4,16,0.06075435
permutation_label_invariant,4,17,0.021192387
permutation_label_invariant,4,18,0.02238484
permutation_label_invariant,4,19,0.008212591
permutation_label_invariant,4,20,0.05191777
permutation_label_invariant,4,21,0.03389995
permutation_label_invariant,4,22,0.024057385
permutation_label_invariant,4,23,0.0060992315
permutation_label_invariant,4,24,0.008871679
permutation_label_invariant,4,25,0.024494974
permutation_label_invariant,4,26,0.027439985
permutation_label_invariant,4,27,0.01695103
permutation_label_invariant,4,28,0.08739427
permutation_label_invariant,4,29,0.009919101
permutation_label_invariant,4,30,0.014285863
permutation_label_invariant,4,31,0.00088099577
permutation_label_invariant,4,32,0.090757035
permutation_label_invariant,4,33,0.05907706
permutation_label_invariant,4,34,0.014424697
permutation_label_invariant,4,35,0.03366509
permutation_label_invariant,4,36,0.007953309
permutation_label_invariant,4,37,0.017748605
permutation_label_invariant,4,38,0.030565236
permutation_label_invariant,4,39,0.0034847206
permutation_label_invariant,4,40,0.023562234
permutation_label_invariant,4,41,0.010609884
permutation_label_invariant,4,42,0.030355403
permutation_label_invariant,4,43,0.039560474
permutation_label_invariant,4,44,0.0038951437
permutation_label_invariant,4,45,0.0039527537
permutation_label_invariant,4,46,0.024151566
permutation_label_invariant,4,47,0.3016466
permutation_label_invariant,4,48,0.30774507
permutation_label_invariant,4,49,0.015860565
permutation_label_invariant,4,50,0.013825659
permutation_label_invariant,4,51,0.10091583
permutation_label_invariant,4,52,0.03156866
permutation_label_invariant,4,53,0.011358344
permutation_label_invariant,4,54,0.006585554
permutation_label_invariant,4,55,0.011646825
permutation_label_invariant,4,56,0.012461798
permutation_label_invariant,4,57,0.018463278
permutation_label_invariant,4,58,0.016931329
permutation_label_invariant,4,59,0.014799554
permutation_label_invariant,4,60,0.030065129
permutation_label_invariant,4,61,0.019036448
permutation_label_invariant,4,62,0.012320387
permutation_label_invariant,4,63,0.06644124
permutation_label_invariant,4,64,0.011096326
permutation_label_invariant,4,65,0.022596821
permutation_label_invariant,4,66,0.04498123
permutation_label_invariant,4,67,0.005317048
permutation_label_invariant,4,68,0.10754751
permutation_label_invariant,4,69,0.043829564
permutation_label_invariant,4,70,0.05693052
permutation_label_invariant,4,71,0.33890498
permutation_label_invariant,4,72,0.02343949
permutation_label_invariant,4,73,0.016419321
permutation_label_invariant,4,74,0.01818657
permutation_label_invariant,4,75,0.11075866
permutation_label_invariant,4,76,0.005194911
permutation_label_invariant,4,77,0.017148733
permutation_label_invariant,4,78,0.017261826
permutation_label_invariant,4,79,0.015199881
permutation_label_invariant,4,80,0.0047501544
permutation_label_invariant,4,81,0.05314743
permutation_label_invariant,4,82,0.0055322144
permutation_label_invariant,4,83,0.013537362
permutation_label_invariant,4,84,0.007354506
permutation_label_invariant,4,85,0.0059880195
permutation_label_invariant,4,86,0.025086341
permutation_label_invariant,4,87,0.0043060197
permutation_label_invariant,4,88,0.015984982
permutation_label_invariant,4,89,0.019440282
permutation_label_invariant,4,90,0.011374803
permutation_label_invariant,4,91,0.026552754
permutation_label_invariant,4,92,0.015028281
permutation_label_invariant,4,93,0.0028779388
permutation_label_invariant,4,94,0.0042680716
permutation_label_invariant,4,95,0.040397592
permutation_label_invariant,4,96,0.059811
permutation_label_invariant,4,97,0.017063541
permutation_label_invariant,4,98,0.039671212
permutation_label_invariant,4,99,0.009032628
permutation_label_invariant,4,100,0.013905529
permutation_label_invariant,4,101,0.0068296585
permutation_label_invariant,4,102,0.05158487
permutation_label_invariant,4,103,0.02485687
permutation_label_invariant,4,104,0.008119924
permutation_label_invariant,4,105,0.027266648
permutation_label_invariant,4,106,0.032149762
permutation_label_invariant,4,107,0.015939938
permutation_label_invariant,4,108,0.011923997
permutation_label_invariant,4,109,0.25583202
permutation_label_invariant,4,110,0.01017677
permutation_label_invariant,4,111,0.016241783
permutation_label_invariant,4,112,0.011864925
permutation_label_invariant,4,113,0.014518245
permutation_label_invariant,4,114,0.012563154
permutation_label_invariant,4,115,0.055954225
permutation_label_invariant,4,116,0.0077728657
permutation_label_invariant,4,117,0.02601466
permutation_label_invariant,4,118,0.029219344
permutation_label_invariant,4,119,0.008388259
permutation_label_invariant,4,120,0.014662313
permutation_label_invariant,4,121,0.043063506
permutation_label_invariant,4,122,0.017777737
permutation_label_invariant,4,123,0.025528628
permutation_label_invariant,4,124,0.00613206
permutation_label_invariant,4,125,0.017433893
permutation_label_invariant,4,126,0.08090246
permutation_label_invariant,4,127,0.037073426
permutation_label_invariant,4,128,0.021598272
permutation_label_invariant,4,129,0.016210876
permutation_label_invariant,4,130,0.009357525
permutation_label_invariant,4,131,0.118389785
permutation_label_invariant,4,132,0.0063847685
permutation_label_invariant,4,133,0.15183133
permutation_label_invariant,4,134,0.047697645
permutation_label_invariant,4,135,0.0036495915
permutation_label_invariant,4,136,0.004374526
permutation_label_invariant,4,137,0.004817838
permutation_label_invariant,4,138,0.009946635
permutation_label_invariant,4,139,0.009568766
permutation_label_invariant,4,140,0.009127197
permutation_label_invariant,4,141,0.023098018
permutation_label_invariant,4,142,0.09018963
permutation_label_invariant,4,143,0.037418947
permutation_label_invariant,4,144,0.027426304
permutation_label_invariant,4,145,0.04758735
permutation_label_invariant,4,146,0.055041566
permutation_label_invariant,4,147,0.022130447
permutation_label_invariant,4,148,0.034562036
permutation_label_invariant,4,149,0.021258183
permutation_label_invariant,4,150,0.034866154
permutation_label_invariant,4,151,0.011796634
permutation_label_invariant,4,152,0.121794015
permutation_label_invariant,4,153,0.008347233
permutation_label_invariant,4,154,0.011862569
permutation_label_invariant,4,155,0.06475413
permutation_label_invariant,4,156,0.099520266
permutation_label_invariant,4,157,0.02396131
permutation_label_invariant,4,158,0.019776028
permutation_label_invariant,4,159,0.0045734574
permutation_label_invariant,4,160,0.010724944
permutation_label_invariant,4,161,0.08752976
permutation_label_invariant,4,162,0.013341948
permutation_label_invariant,4,163,0.031400025
permutation_label_invariant,4,164,0.01520689
permutation_label_invariant,4,165,0.006366454
permutation_label_invariant,4,166,0.053689715
permutation_label_invariant,4,167,0.014326895
permutation_label_invariant,4,168,0.009988415
permutation_label_invariant,4,169,0.011100475
permutation_label_invariant,4,170,0.005288554
permutation_label_invariant,4,171,0.031248266
permutation_label_invariant,4,172,0.017903505
permutation_label_invariant,4,173,0.019454345
permutation_label_invariant,4,174,0.0038861453
permutation_label_invariant,4,175,0.0039318604
permutation_label_invariant,4,176,0.042494223
permutation_label_invariant,4,177,0.0026204335
permutation_label_invariant,4,178,0.02106148
permutation_label_invariant,4,179,0.016761737
permutation_label_invariant,4,180,0.009270385
permutation_label_invariant,4,181,0.041562244
permutation_label_invariant,4,182,0.010277566
permutation_label_invariant,4,183,0.028256923
permutation_label_invariant,4,184,0.09146498
permutation_label_invariant,4,185,0.010438001
permutation_label_invariant,4,186,0.03017637
permutation_label_invariant,4,187,0.05558918
permutation_label_invariant,4,188,0.032147214
permutation_label_invariant,4,189,0.012636996
permutation_label_invariant,4,190,0.01415135
permutation_label_invariant,4,191,0.017507292
permutation_label_invariant,4,192,0.0399142
permutation_label_invariant,4,193,0.019234572
permutation_label_invariant,4,194,0.016382279
permutation_label_invariant,4,195,0.01759936
permutation_label_invariant,4,196,0.044177823
permutation_label_invariant,4,197,0.015585244
permutation_label_invariant,4,198,0.016404822
permutation_label_invariant,4,199,0.020156782
permutation_label_invariant,4,200,0.012217196
permutation_label_invariant,4,201,0.03443693
permutation_label_invariant,4,202,0.11542037
permutation_label_invariant,4,203,0.015448766
permutation_label_invariant,4,204,0.008987665
permutation_label_invariant,4,205,0.015116038
permutation_label_invariant,4,206,0.012470533
permutation_label_invariant,4,207,0.0052396934
permutation_label_invariant,4,208,0.019339085
permutation_label_invariant,4,209,0.032123663
permutation_label_invariant,4,210,0.003697423
permutation_label_invariant,4,211,0.0074662035
permutation_label_invariant,4,212,0.032664858
permutation_label_invariant,4,213,0.01445299
permutation_label_invariant,4,214,0.009180332
permutation_label_invariant,4,215,0.027982466
permutation_label_invariant,4,216,0.11055617
permutation_label_invariant,4,217,0.015791174
permutation_label_invariant,4,218,0.01324123
permutation_label_invariant,4,219,0.022922713
permutation_label_invariant,4,220,0.05868403
permutation_label_invariant,4,221,0.011595234
permutation_label_invariant,4,222,0.009390827
permutation_label_invariant,4,223,0.023529656
permutation_label_invariant,4,224,0.106923304
permutation_label_invariant,4,225,0.019678717
permutation_label_invariant,4,226,0.0054602213
permutation_label_invariant,4,227,0.013512389
permutation_label_invariant,4,228,0.048441358
permutation_label_invariant,4,229,0.027992573
permutation_label_invariant,4,230,0.009584691
permutation_label_invariant,4,231,0.011496056
permutation_label_invariant,4,232,0.01049526
permutation_label_invariant,4,233,0.008916271
permutation_label_invariant,4,234,0.02338012
permutation_label_invariant,4,235,0.0140544055
permutation_label_invariant,4,236,0.018918142
permutation_label_invariant,4,237,0.05019801
permutation_label_invariant,4,238,0.024162553
permutation_label_invariant,4,239,0.0068835467
permutation_label_invariant,4,240,0.0034196274
permutation_label_invariant,4,241,0.035282403
permutation_label_invariant,4,242,0.0124404235
permutation_label_invariant,4,243,0.14408797
permutation_label_invariant,4,244,0.047667474
permutation_label_invariant,4,245,0.0130566815
permutation_label_invariant,4,246,0.014184782
permutation_label_invariant,4,247,0.018327344
permutation_label_invariant,4,248,0.018055776
permutation_label_invariant,4,249,0.0051648696
permutation_label_invariant,4,250,0.0042645996
permutation_label_invariant,4,251,0.0037388173
permutation_label_invariant,4,252,0.010976518
permutation_label_invariant,4,253,0.007832131
permutation_label_invariant,4,254,0.028688766
permutation_label_invariant,4,255,0.011157551
permutation_label_invariant,4,256,0.0031724428
permutation_label_invariant,4,257,0.06805627
permutation_label_invariant,4,258,0.029105382
permutation_label_invariant,4,259,0.015007956
permutation_label_invariant,4,260,0.028100653
permutation_label_invariant,4,261,0.03188739
permutation_label_invariant,4,262,0.004860025
permutation_label_invariant,4,263,0.02592944
permutation_label_invariant,4,264,0.007937161
permutation_label_invariant,4,265,0.02613604
permutation_label_invariant,4,266,0.021578712
permutation_label_invariant,4,267,0.027643494
permutation_label_invariant,4,268,0.04885514
permutation_label_invariant,4,269,0.08423184
permutation_label_invariant,4,270,0.02245804
permutation_label_invariant,4,271,0.024598785
permutation_label_invariant,4,272,0.123315215
permutation_label_invariant,4,273,0.019741248
permutation_label_invariant,4,274,0.03903446
permutation_label_invariant,4,275,0.017786104
permutation_label_invariant,4,276,0.02062906
permutation_label_invariant,4,277,0.045621745
permutation_label_invariant,4,278,0.044499177
permutation_label_invariant,4,279,0.029299337
permutation_label_invariant,4,280,0.007973363
permutation_label_invariant,4,281,0.024510868
permutation_label_invariant,4,282,0.034439642
permutation_label_invariant,4,283,0.0077424976
permutation_label_invariant,4,284,0.02198584
permutation_label_invariant,4,285,0.00955208
permutation_label_invariant,4,286,0.024706488
permutation_label_invariant,4,287,0.0045618196
permutation_label_invariant,4,288,0.0067608072
permutation_label_invariant,4,289,0.022203889
permutation_label_invariant,4,290,0.010909866
permutation_label_invariant,4,291,0.021594545
permutation_label_invariant,4,292,0.015412364
permutation_label_invariant,4,293,0.0045618042
permutation_label_invariant,4,294,0.01569048
permutation_label_invariant,4,295,0.017365174
permutation_label_invariant,4,296,0.00791631
permutation_label_invariant,4,297,0.011589397
permutation_label_invariant,4,298,0.013342202
permutation_label_invariant,4,299,0.049523342
permutation_label_invariant,4,300,0.0071310285
permutation_label_invariant,4,301,0.04688046
permutation_label_invariant,4,302,0.009132784
permutation_label_invariant,4,303,0.007951449
permutation_label_invariant,4,304,0.03650226
permutation_label_invariant,4,305,0.05096343
permutation_label_invariant,4,306,0.04247232
permutation_label_invariant,4,307,0.11740461
permutation_label_invariant,4,308,0.014408198
permutation_label_invariant,4,309,0.01712839
permutation_label_invariant,4,310,0.008822585
permutation_label_invariant,4,311,0.037130207
permutation_label_invariant,4,312,0.026209613
permutation_label_invariant,4,313,0.02136277
permutation_label_invariant,4,314,0.008032312
permutation_label_invariant,4,315,0.017589292
permutation_label_invariant,4,316,0.070559055
permutation_label_invariant,4,317,0.01955986
permutation_label_invariant,4,318,0.021308051
permutation_label_invariant,4,319,0.008750543
permutation_label_invariant,4,320,0.0088690445
permutation_label_invariant,4,321,0.0041026087
permutation_label_invariant,4,322,0.018265676
permutation_label_invariant,4,323,0.035112813
permutation_label_invariant,4,324,0.04685663
permutation_label_invariant,4,325,0.123051286
permutation_label_invariant,4,326,0.030232895
permutation_label_invariant,4,327,0.007305806
permutation_label_invariant,4,328,0.031977773
permutation_label_invariant,4,329,0.04419751
permutation_label_invariant,4,330,0.034163803
permutation_label_invariant,4,331,0.021563258
permutation_label_invariant,4,332,0.0064386902
permutation_label_invariant,4,333,0.02180153
permutation_label_invariant,4,334,0.015201746
permutation_label_invariant,4,335,0.016954776
permutation_label_invariant,4,336,0.0046773218
permutation_label_invariant,4,337,0.020015765
permutation_label_invariant,4,338,0.021379199
permutation_label_invariant,4,339,0.013715337
permutation_label_invariant,4,340,0.0141014615
permutation_label_invariant,4,341,0.026593802
permutation_label_invariant,4,342,0.0072028283
permutation_label_invariant,4,343,0.032227535
permutation_label_invariant,4,344,0.015151499
permutation_label_invariant,4,345,0.0035202298
permutation_label_invariant,4,346,0.00956849
permutation_label_invariant,4,347,0.027994044
permutation_label_invariant,4,348,0.05869081
permutation_label_invariant,4,349,0.07263509
permutation_label_invariant,4,350,0.017156333
permutation_label_invariant,4,351,0.014162045
permutation_label_invariant,4,352,0.012974529
permutation_label_invariant,4,353,0.020024844
permutation_label_invariant,4,354,0.024140496
permutation_label_invariant,4,355,0.0042334544
permutation_label_invariant,4,356,0.040575385
permutation_label_invariant,4,357,0.030496337
permutation_label_invariant,4,358,0.02659775
permutation_label_invariant,4,359,0.052483138
permutation_label_invariant,4,360,0.049704954
permutation_label_invariant,4,361,0.011989178
permutation_label_invariant,4,362,0.024590375
permutation_label_invariant,4,363,0.010191033
permutation_label_invariant,4,364,0.031657223
permutation_label_invariant,4,365,0.001186198
permutation_label_invariant,4,366,0.003985976
permutation_label_invariant,4,367,0.022531684
permutation_label_invariant,4,368,0.00810723
permutation_label_invariant,4,369,0.009564932
permutation_label_invariant,4,370,0.0034439
permutation_label_invariant,4,371,0.020636817
permutation_label_invariant,4,372,0.04143753
permutation_label_invariant,4,373,0.050380003
permutation_label_invariant,4,374,0.054406196
permutation_label_invariant,4,375,0.0068238196
permutation_label_invariant,4,376,0.014234524
permutation_label_invariant,4,377,0.018549776
permutation_label_invariant,4,378,0.030648956
permutation_label_invariant,4,379,0.008495491
permutation_label_invariant,4,380,0.023158755
permutation_label_invariant,4,381,0.023348799
permutation_label_invariant,4,382,0.015708832
permutation_label_invariant,4,383,0.010760421
permutation_label_invariant,4,384,0.040485818
permutation_label_invariant,4,385,0.012847142
permutation_label_invariant,4,386,0.022601634
permutation_label_invariant,4,387,0.01032544
permutation_label_invariant,4,388,0.0112260785
permutation_label_invariant,4,389,0.015956406
permutation_label_invariant,4,390,0.052353673
permutation_label_invariant,4,391,0.016599637
permutation_label_invariant,4,392,0.055952955
permutation_label_invariant,4,393,0.01992432
permutation_label_invariant,4,394,0.011955275
permutation_label_invariant,4,395,0.0024981662
permutation_label_invariant,4,396,0.020604337
permutation_label_invariant,4,397,0.057554275
permutation_label_invariant,4,398,0.012467313
permutation_label_invariant,4,399,0.020388566
permutation_label_invariant,4,400,0.0068260385
permutation_label_invariant,4,401,0.029057652
permutation_label_invariant,4,402,0.038148828
permutation_label_invariant,4,403,0.03532447
permutation_label_invariant,4,404,0.031893946
permutation_label_invariant,4,405,0.02257444
permutation_label_invariant,4,406,0.056330204
permutation_label_invariant,4,407,0.08955206
permutation_label_invariant,4,408,0.011953842
permutation_label_invariant,4,409,0.077097006
permutation_label_invariant,4,410,0.010084989
permutation_label_invariant,4,411,0.010271909
permutation_label_invariant,4,412,0.025585322
permutation_label_invariant,4,413,0.14224158
permutation_label_invariant,4,414,0.028980358
permutation_label_invariant,4,415,0.03865288
permutation_label_invariant,4,416,0.007740112
permutation_label_invariant,4,417,0.013394911
permutation_label_invariant,4,418,0.009827946
permutation_label_invariant,4,419,0.013061227
permutation_label_invariant,4,420,0.025709394
permutation_label_invariant,4,421,0.017690346
permutation_label_invariant,4,422,0.108390495
permutation_label_invariant,4,423,0.0052522495
permutation_label_invariant,4,424,0.00867325
permutation_label_invariant,4,425,0.02770771
permutation_label_invariant,4,426,0.08958048
permutation_label_invariant,4,427,0.018625375
permutation_label_invariant,4,428,0.004412802
permutation_label_invariant,4,429,0.0643027
permutation_label_invariant,4,430,0.008564813
permutation_label_invariant,4,431,0.005130428
permutation_label_invariant,4,432,0.005758673
permutation_label_invariant,4,433,0.010811753
permutation_label_invariant,4,434,0.0027134272
permutation_label_invariant,4,435,0.13645719
permutation_label_invariant,4,436,0.03327462
permutation_label_invariant,4,437,0.18298604
permutation_label_invariant,4,438,0.013974794
permutation_label_invariant,4,439,0.008503297
permutation_label_invariant,4,440,0.03206852
permutation_label_invariant,4,441,0.10731317
permutation_label_invariant,4,442,0.01710302
permutation_label_invariant,4,443,0.005311344
permutation_label_invariant,4,444,0.0068442496
permutation_label_invariant,4,445,0.0107615655
permutation_label_invariant,4,446,0.03714532
permutation_label_invariant,4,447,0.09263476
permutation_label_invariant,4,448,0.010591804
permutation_label_invariant,4,449,0.019909069
permutation_label_invariant,4,450,0.004804694
permutation_label_invariant,4,451,0.03101279
permutation_label_invariant,4,452,0.005508178
permutation_label_invariant,4,453,0.06173557
permutation_label_invariant,4,454,0.019680187
permutation_label_invariant,4,455,0.013144625
permutation_label_invariant,4,456,0.018599734
permutation_label_invariant,4,457,0.007694695
permutation_label_invariant,4,458,0.08626132
permutation_label_invariant,4,459,0.028612306
permutation_label_invariant,4,460,0.017676834
permutation_label_invariant,4,461,0.012551515
permutation_label_invariant,4,462,0.01438106
permutation_label_invariant,4,463,0.33981064
permutation_label_invariant,4,464,0.014271984
permutation_label_invariant,4,465,0.03246598
permutation_label_invariant,4,466,0.0037539308
permutation_label_invariant,4,467,0.022564204
permutation_label_invariant,4,468,0.07597275
permutation_label_invariant,4,469,0.037000053
permutation_label_invariant,4,470,0.010597883
permutation_label_invariant,4,471,0.024857137
permutation_label_invariant,4,472,0.105622314
permutation_label_invariant,4,473,0.004772407
permutation_label_invariant,4,474,0.02584497
permutation_label_invariant,4,475,0.012925772
permutation_label_invariant,4,476,0.012864819
permutation_label_invariant,4,477,0.00620791
permutation_label_invariant,4,478,0.010346189
permutation_label_invariant,4,479,0.009451574
permutation_label_invariant,4,480,0.0029332205
permutation_label_invariant,4,481,0.006299372
permutation_label_invariant,4,482,0.008734614
permutation_label_invariant,4,483,0.017346393
permutation_label_invariant,4,484,0.010646919
permutation_label_invariant,4,485,0.36150366
permutation_label_invariant,4,486,0.007824201
permutation_label_invariant,4,487,0.02070283
permutation_label_invariant,4,488,0.01114969
permutation_label_invariant,4,489,0.075022325
permutation_label_invariant,4,490,0.07321266
permutation_label_invariant,4,491,0.009008292
permutation_label_invariant,4,492,0.015392385
permutation_label_invariant,4,493,0.041471872
permutation_label_invariant,4,494,0.079155385
permutation_label_invariant,4,495,0.008511492
permutation_label_invariant,4,496,0.008258648
permutation_label_invariant,4,497,0.038288392
permutation_label_invariant,4,498,0.0049578967
permutation_label_invariant,4,499,0.100146115
permutation_label_invariant,4,500,0.01948851
permutation_label_invariant,4,501,0.05472966
permutation_label_invariant,4,502,0.026183289
permutation_label_invariant,4,503,0.024951156
permutation_label_invariant,4,504,0.005145043
permutation_label_invariant,4,505,0.013795311
permutation_label_invariant,4,506,0.05070526
permutation_label_invariant,4,507,0.008369232
permutation_label_invariant,4,508,0.05377348
permutation_label_invariant,4,509,0.007811048
permutation_label_invariant,4,510,0.02297803
permutation_label_invariant,4,511,0.027174111
permutation_label_invariant,4,512,0.02609236
permutation_label_invariant,4,513,0.046092898
permutation_label_invariant,4,514,0.012576176
permutation_label_invariant,4,515,0.040985413
permutation_label_invariant,4,516,0.013134874
permutation_label_invariant,4,517,0.010396726
permutation_label_invariant,4,518,0.008837579
permutation_label_invariant,4,519,0.041356742
permutation_label_invariant,4,520,0.06839921
permutation_label_invariant,4,521,0.019561613
permutation_label_invariant,4,522,0.12847964
permutation_label_invariant,4,523,0.027406257
permutation_label_invariant,4,524,0.003764744
permutation_label_invariant,4,525,0.039686263
permutation_label_invariant,4,526,0.025449079
permutation_label_invariant,4,527,0.016198356
permutation_label_invariant,4,528,0.013377889
permutation_label_invariant,4,529,0.012174209
permutation_label_invariant,4,530,0.14009729
permutation_label_invariant,4,531,0.018323578
permutation_label_invariant,4,532,0.005353184
permutation_label_invariant,4,533,0.13022488
permutation_label_invariant,4,534,0.040985987
permutation_label_invariant,4,535,0.03482028
permutation_label_invariant,4,536,0.01393402
permutation_label_invariant,4,537,0.029168181
permutation_label_invariant,4,538,0.016100127
permutation_label_invariant,4,539,0.011850418
permutation_label_invariant,4,540,0.0052123917
permutation_label_invariant,4,541,0.041352928
permutation_label_invariant,4,542,0.0035626797
permutation_label_invariant,4,543,0.03826617
permutation_label_invariant,4,544,0.036441736
permutation_label_invariant,4,545,0.00563807
permutation_label_invariant,4,546,0.022184294
permutation_label_invariant,4,547,0.005126929
permutation_label_invariant,4,548,0.19182032
permutation_label_invariant,4,549,0.048926964
permutation_label_invariant,4,550,0.023618344
permutation_label_invariant,4,551,0.0020831854
permutation_label_invariant,4,552,0.002944482
permutation_label_invariant,4,553,0.014889542
permutation_label_invariant,4,554,0.116884
permutation_label_invariant,4,555,0.0056104893
permutation_label_invariant,4,556,0.018001903
permutation_label_invariant,4,557,0.03769941
permutation_label_invariant,4,558,0.101164654
permutation_label_invariant,4,559,0.02682497
permutation_label_invariant,4,560,0.12125792
permutation_label_invariant,4,561,0.03580642
permutation_label_invariant,4,562,0.09138453
permutation_label_invariant,4,563,0.013018629
permutation_label_invariant,4,564,0.02590517
permutation_label_invariant,4,565,0.09259842
permutation_label_invariant,4,566,0.014313415
permutation_label_invariant,4,567,0.014061741
permutation_label_invariant,4,568,0.09053226
permutation_label_invariant,4,569,0.015481105
permutation_label_invariant,4,570,0.02763086
permutation_label_invariant,4,571,0.02625915
permutation_label_invariant,4,572,0.0106346235
permutation_label_invariant,4,573,0.040817373
permutation_label_invariant,4,574,0.08644871
permutation_label_invariant,4,575,0.022182638
permutation_label_invariant,4,576,0.00585285
permutation_label_invariant,4,577,0.052371867
permutation_label_invariant,4,578,0.006349923
permutation_label_invariant,4,579,0.008037254
permutation_label_invariant,4,580,0.025739362
permutation_label_invariant,4,581,0.00051954924
permutation_label_invariant,4,582,0.03368068
permutation_label_invariant,4,583,0.003948402
permutation_label_invariant,4,584,0.0074574985
permutation_label_invariant,4,585,0.025236927
permutation_label_invariant,4,586,0.018476062
permutation_label_invariant,4,587,0.048130132
permutation_label_invariant,4,588,0.0654964
permutation_label_invariant,4,589,0.037578233
permutation_label_invariant,4,590,0.1134746
permutation_label_invariant,4,591,0.016799022
permutation_label_invariant,4,592,0.012535333
permutation_label_invariant,4,593,0.01828471
permutation_label_invariant,4,594,0.020657366
permutation_label_invariant,4,595,0.013521012
permutation_label_invariant,4,596,0.007800943
permutation_label_invariant,4,597,0.010669261
permutation_label_invariant,4,598,0.0061504315
permutation_label_invariant,4,599,0.09239074
permutation_label_invariant,4,600,0.0364822
permutation_label_invariant,4,601,0.06403682
permutation_label_invariant,4,602,0.030630812
permutation_label_invariant,4,603,0.0075237276
permutation_label_invariant,4,604,0.015004113
permutation_label_invariant,4,605,0.034010377
permutation_label_invariant,4,606,0.023166811
permutation_label_invariant,4,607,0.009514103
permutation_label_invariant,4,608,0.0026596878
permutation_label_invariant,4,609,0.004648028
permutation_label_invariant,4,610,0.009598067
permutation_label_invariant,4,611,0.0068029086
permutation_label_invariant,4,612,0.026441053
permutation_label_invariant,4,613,0.014431829
permutation_label_invariant,4,614,0.049978662
permutation_label_invariant,4,615,0.005598303
permutation_label_invariant,4,616,0.029076159
permutation_label_invariant,4,617,0.0056306534
permutation_label_invariant,4,618,0.009130522
permutation_label_invariant,4,619,0.02780213
permutation_label_invariant,4,620,0.0169734
permutation_label_invariant,4,621,0.028921224
permutation_label_invariant,4,622,0.01013613
permutation_label_invariant,4,623,0.058069564
permutation_label_invariant,4,624,0.1131563
permutation_label_invariant,4,625,0.0045995917
permutation_label_invariant,4,626,0.08275533
permutation_label_invariant,4,627,0.021317212
permutation_label_invariant,4,628,0.034554645
permutation_label_invariant,4,629,0.020140074
permutation_label_invariant,4,630,0.03422264
permutation_label_invariant,4,631,0.0079325875
permutation_label_invariant,4,632,0.00528115
permutation_label_invariant,4,633,0.018684462
permutation_label_invariant,4,634,0.0136621585
permutation_label_invariant,4,635,0.018059822
permutation_label_invariant,4,636,0.047803026
permutation_label_invariant,4,637,0.021202493
permutation_label_invariant,4,638,0.0114418715
permutation_label_invariant,4,639,0.12716466
permutation_label_invariant,4,640,0.03306959
permutation_label_invariant,4,641,0.03242672
permutation_label_invariant,4,642,0.029470786
permutation_label_invariant,4,643,0.0039634593
permutation_label_invariant,4,644,0.0019880491
permutation_label_invariant,4,645,0.015687363
permutation_label_invariant,4,646,0.0060919253
permutation_label_invariant,4,647,0.042056393
permutation_label_invariant,4,648,0.013765138
permutation_label_invariant,4,649,0.013220018
permutation_label_invariant,4,650,0.0052534784
permutation_label_invariant,4,651,0.010575011
permutation_label_invariant,4,652,0.028603718
permutation_label_invariant,4,653,0.0038335687
permutation_label_invariant,4,654,0.018173188
permutation_label_invariant,4,655,0.014137063
permutation_label_invariant,4,656,0.10364579
permutation_label_invariant,4,657,0.1018526
permutation_label_invariant,4,658,0.031012775
permutation_label_invariant,4,659,0.0034088953
permutation_label_invariant,4,660,0.009390107
permutation_label_invariant,4,661,0.09924574
permutation_label_invariant,4,662,0.015738629
permutation_label_invariant,4,663,0.005025667
permutation_label_invariant,4,664,0.008420767
permutation_label_invariant,4,665,0.028722616
permutation_label_invariant,4,666,0.009479644
permutation_label_invariant,4,667,0.09451178
permutation_label_invariant,4,668,0.020346176
permutation_label_invariant,4,669,0.02053535
permutation_label_invariant,4,670,0.083463736
permutation_label_invariant,4,671,0.017253313
permutation_label_invariant,4,672,0.0069752783
permutation_label_invariant,4,673,0.0043770615
permutation_label_invariant,4,674,0.012414174
permutation_label_invariant,4,675,0.041918144
permutation_label_invariant,4,676,0.078837186
permutation_label_invariant,4,677,0.0025916274
permutation_label_invariant,4,678,0.09258166
permutation_label_invariant,4,679,0.009167589
permutation_label_invariant,4,680,0.02626049
permutation_label_invariant,4,681,0.022851322
permutation_label_invariant,4,682,0.016070182
permutation_label_invariant,4,683,0.08924505
permutation_label_invariant,4,684,0.0067077996
permutation_label_invariant,4,685,0.028049678
permutation_label_invariant,4,686,0.0109836925
permutation_label_invariant,4,687,0.033199985
permutation_label_invariant,4,688,0.010151992
permutation_label_invariant,4,689,0.017923616
permutation_label_invariant,4,690,0.05196037
permutation_label_invariant,4,691,0.28274983
permutation_label_invariant,4,692,0.03060857
permutation_label_invariant,4,693,0.03459928
permutation_label_invariant,4,694,0.012517992
permutation_label_invariant,4,695,0.017187115
permutation_label_invariant,4,696,0.111049056
permutation_label_invariant,4,697,0.012742775
permutation_label_invariant,4,698,0.0023710977
permutation_label_invariant,4,699,0.020106003
permutation_label_invariant,4,700,0.013827798
permutation_label_invariant,4,701,0.11716172
permutation_label_invariant,4,702,0.03458765
permutation_label_invariant,4,703,0.015422483
permutation_label_invariant,4,704,0.0069063865
permutation_label_invariant,4,705,0.031801723
permutation_label_invariant,4,706,0.013244157
permutation_label_invariant,4,707,0.015020192
permutation_label_invariant,4,708,0.1670385
permutation_label_invariant,4,709,0.007136737
permutation_label_invariant,4,710,0.0057048397
permutation_label_invariant,4,711,0.007891751
permutation_label_invariant,4,712,0.09093333
permutation_label_invariant,4,713,0.01488488
permutation_label_invariant,4,714,0.0052085035
permutation_label_invariant,4,715,0.013247611
permutation_label_invariant,4,716,0.017650593
permutation_label_invariant,4,717,0.022137148
permutation_label_invariant,4,718,0.02381654
permutation_label_invariant,4,719,0.010784572
permutation_label_invariant,4,720,0.0064041764
permutation_label_invariant,4,721,0.0348626
permutation_label_invariant,4,722,0.01662751
permutation_label_invariant,4,723,0.002477536
permutation_label_invariant,4,724,0.026392369
permutation_label_invariant,4,725,0.02073441
permutation_label_invariant,4,726,0.009462111
permutation_label_invariant,4,727,0.011633266
permutation_label_invariant,4,728,0.020926898
permutation_label_invariant,4,729,0.0059963
permutation_label_invariant,4,730,0.028355995
permutation_label_invariant,4,731,0.27123594
permutation_label_invariant,4,732,0.13843176
permutation_label_invariant,4,733,0.0262095
permutation_label_invariant,4,734,0.034944627
permutation_label_invariant,4,735,0.011821697
permutation_label_invariant,4,736,0.009788659
permutation_label_invariant,4,737,0.010259946
permutation_label_invariant,4,738,0.0025683646
permutation_label_invariant,4,739,0.009549063
permutation_label_invariant,4,740,0.021173252
permutation_label_invariant,4,741,0.04787419
permutation_label_invariant,4,742,0.004369136
permutation_label_invariant,4,743,0.02046568
permutation_label_invariant,4,744,0.009064837
permutation_label_invariant,4,745,0.01196562
permutation_label_invariant,4,746,0.00616192
permutation_label_invariant,4,747,0.049163777
permutation_label_invariant,4,748,0.008129765
permutation_label_invariant,4,749,0.030258171
permutation_label_invariant,4,750,0.0067561474
permutation_label_invariant,4,751,0.0041391742
permutation_label_invariant,4,752,0.052024856
permutation_label_invariant,4,753,0.021070875
permutation_label_invariant,4,754,0.041494105
permutation_label_invariant,4,755,0.15083085
permutation_label_invariant,4,756,0.00026223843
permutation_label_invariant,4,757,0.14940345
permutation_label_invariant,4,758,0.030207507
permutation_label_invariant,4,759,0.027072886
permutation_label_invariant,4,760,0.04841225
permutation_label_invariant,4,761,0.0073432657
permutation_label_invariant,4,762,0.0061034923
permutation_label_invariant,4,763,0.016649583
permutation_label_invariant,4,764,0.048326798
permutation_label_invariant,4,765,0.03902142
permutation_label_invariant,4,766,0.008861788
permutation_label_invariant,4,767,0.0024324837
permutation_label_invariant,4,768,0.114073396
permutation_label_invariant,4,769,0.051872477
permutation_label_invariant,4,770,0.016322182
permutation_label_invariant,4,771,0.0072254115
permutation_label_invariant,4,772,0.034310363
permutation_label_invariant,4,773,0.008234611
permutation_label_invariant,4,774,0.017783089
permutation_label_invariant,4,775,0.09584003
permutation_label_invariant,4,776,0.027495837
permutation_label_invariant,4,777,0.0126205925
permutation_label_invariant,4,778,0.018812045
permutation_label_invariant,4,779,0.02970502
permutation_label_invariant,4,780,0.0105740875
permutation_label_invariant,4,781,0.003247601
permutation_label_invariant,4,782,0.005070446
permutation_label_invariant,4,783,0.0105314385
permutation_label_invariant,4,784,0.014891325
permutation_label_invariant,4,785,0.018216241
permutation_label_invariant,4,786,0.009274953
permutation_label_invariant,4,787,0.015134585
permutation_label_invariant,4,788,0.0070878137
permutation_label_invariant,4,789,0.039461374
permutation_label_invariant,4,790,0.003529802
permutation_label_invariant,4,791,0.0043440266
permutation_label_invariant,4,792,0.18780187
permutation_label_invariant,4,793,0.009910035
permutation_label_invariant,4,794,0.015956428
permutation_label_invariant,4,795,0.01537914
permutation_label_invariant,4,796,0.010102203
permutation_label_invariant,4,797,0.0263815
permutation_label_invariant,4,798,0.030557476
permutation_label_invariant,4,799,0.12828045
permutation_label_invariant,4,800,0.0026742176
permutation_label_invariant,4,801,0.02845665
permutation_label_invariant,4,802,0.041222367
permutation_label_invariant,4,803,0.06920169
permutation_label_invariant,4,804,0.0617583
permutation_label_invariant,4,805,0.0039122375
permutation_label_invariant,4,806,0.05216474
permutation_label_invariant,4,807,0.005982179
permutation_label_invariant,4,808,0.021021938
permutation_label_invariant,4,809,0.017545335
permutation_label_invariant,4,810,0.08353692
permutation_label_invariant,4,811,0.035767864
permutation_label_invariant,4,812,0.048971955
permutation_label_invariant,4,813,0.066807054
permutation_label_invariant,4,814,0.024920393
permutation_label_invariant,4,815,0.04506863
permutation_label_invariant,4,816,0.030466834
permutation_label_invariant,4,817,0.024722384
permutation_label_invariant,4,818,0.016395435
permutation_label_invariant,4,819,0.026761157
permutation_label_invariant,4,820,0.0065160254
permutation_label_invariant,4,821,0.01266738
permutation_label_invariant,4,822,0.06550397
permutation_label_invariant,4,823,0.012640873
permutation_label_invariant,4,824,0.0040892847
permutation_label_invariant,4,825,0.0069554164
permutation_label_invariant,4,826,0.06471151
permutation_label_invariant,4,827,0.024947686
permutation_label_invariant,4,828,0.020051006
permutation_label_invariant,4,829,0.035683952
permutation_label_invariant,4,830,0.1682472
permutation_label_invariant,4,831,0.025399769
permutation_label_invariant,4,832,0.018783018
permutation_label_invariant,4,833,0.008774526
permutation_label_invariant,4,834,0.010071717
permutation_label_invariant,4,835,0.03241964
permutation_label_invariant,4,836,0.050861683
permutation_label_invariant,4,837,0.10254046
permutation_label_invariant,4,838,0.018916026
permutation_label_invariant,4,839,0.038763963
permutation_label_invariant,4,840,0.011914709
permutation_label_invariant,4,841,0.035294194
permutation_label_invariant,4,842,0.03321041
permutation_label_invariant,4,843,0.0097675035
permutation_label_invariant,4,844,0.069460995
permutation_label_invariant,4,845,0.044097327
permutation_label_invariant,4,846,0.004323098
permutation_label_invariant,4,847,0.045342177
permutation_label_invariant,4,848,0.07934722
permutation_label_invariant,4,849,0.06827442
permutation_label_invariant,4,850,0.010729387
permutation_label_invariant,4,851,0.03657586
permutation_label_invariant,4,852,0.031564094
permutation_label_invariant,4,853,0.2283861
permutation_label_invariant,5,0,0.046891082
permutation_label_invariant,5,1,0.01775543
permutation_label_invariant,5,2,0.005306687
permutation_label_invariant,5,3,0.011949853
permutation_label_invariant,5,4,0.021925824
permutation_label_invariant,5,5,0.03111965
permutation_label_invariant,5,6,0.007521215
permutation_label_invariant,5,7,0.019639798
permutation_label_invariant,5,8,0.04751552
permutation_label_invariant,5,9,0.28010237
permutation_label_invariant,5,10,0.30843827
permutation_label_invariant,5,11,0.063820615
permutation_label_invariant,5,12,0.023254637
permutation_label_invariant,5,13,0.0063099107
permutation_label_invariant,5,14,0.011374457
permutation_label_invariant,5,15,0.049128335
permutation_label_invariant,5,16,0.006083705
permutation_label_invariant,5,17,0.023287725
permutation_label_invariant,5,18,0.019998526
permutation_label_invariant,5,19,0.007048281
permutation_label_invariant,5,20,0.019028112
permutation_label_invariant,5,21,0.015767233
permutation_label_invariant,5,22,0.007993497
permutation_label_invariant,5,23,0.012684066
permutation_label_invariant,5,24,0.0073097954
permutation_label_invariant,5,25,0.06434236
permutation_label_invariant,5,26,0.0015609929
permutation_label_invariant,5,27,0.09629069
permutation_label_invariant,5,28,0.011213768
permutation_label_invariant,5,29,0.016465226
permutation_label_invariant,5,30,0.03138226
permutation_label_invariant,5,31,0.008990483
permutation_label_invariant,5,32,0.03941757
permutation_label_invariant,5,33,0.024142183
permutation_label_invariant,5,34,0.029952468
permutation_label_invariant,5,35,0.02232476
permutation_label_invariant,5,36,0.35528463
permutation_label_invariant,5,37,0.011978485
permutation_label_invariant,5,38,0.008178127
permutation_label_invariant,5,39,0.13291211
permutation_label_invariant,5,40,0.040590428
permutation_label_invariant,5,41,0.012161284
permutation_label_invariant,5,42,0.09195644
permutation_label_invariant,5,43,0.04730839
permutation_label_invariant,5,44,0.04777886
permutation_label_invariant,5,45,0.032660857
permutation_label_invariant,5,46,0.030410826
permutation_label_invariant,5,47,0.026243715
permutation_label_invariant,5,48,0.0360016
permutation_label_invariant,5,49,0.025863383
permutation_label_invariant,5,50,0.014452696
permutation_label_invariant,5,51,0.011717234
permutation_label_invariant,5,52,0.011561919
permutation_label_invariant,5,53,0.014714977
permutation_label_invariant,5,54,0.04156878
permutation_label_invariant,5,55,0.018870108
permutation_label_invariant,5,56,0.011012725
permutation_label_invariant,5,57,0.022452924
permutation_label_invariant,5,58,0.020693798
permutation_label_invariant,5,59,0.019807303
permutation_label_invariant,5,60,0.041831613
permutation_label_invariant,5,61,0.016773183
permutation_label_invariant,5,62,0.046896376
permutation_label_invariant,5,63,0.09780806
permutation_label_invariant,5,64,0.026029706
permutation_label_invariant,5,65,0.021794833
permutation_label_invariant,5,66,0.015916266
permutation_label_invariant,5,67,0.31433925
permutation_label_invariant,5,68,0.0043419427
permutation_label_invariant,5,69,0.009995591
permutation_label_invariant,5,70,0.042070366
permutation_label_invariant,5,71,0.007979164
permutation_label_invariant,5,72,0.03243658
permutation_label_invariant,5,73,0.04161834
permutation_label_invariant,5,74,0.006538988
permutation_label_invariant,5,75,0.01867158
permutation_label_invariant,5,76,0.013561353
permutation_label_invariant,5,77,0.0045793364
permutation_label_invariant,5,78,0.007932721
permutation_label_invariant,5,79,0.0025762434
permutation_label_invariant,5,80,0.0018037055
permutation_label_invariant,5,81,0.032545753
permutation_label_invariant,5,82,0.015210762
permutation_label_invariant,5,83,0.022706218
permutation_label_invariant,5,84,0.04919479
permutation_label_invariant,5,85,0.014794243
permutation_label_invariant,5,86,0.018605057
permutation_label_invariant,5,87,0.02725852
permutation_label_invariant,5,88,0.010436902
permutation_label_invariant,5,89,0.024859976
permutation_label_invariant,5,90,0.03466938
permutation_label_invariant,5,91,0.017548233
permutation_label_invariant,5,92,0.006357983
permutation_label_invariant,5,93,0.07324543
permutation_label_invariant,5,94,0.007329494
permutation_label_invariant,5,95,0.008583054
permutation_label_invariant,5,96,0.014564063
permutation_label_invariant,5,97,0.014048359
permutation_label_invariant,5,98,0.007987287
permutation_label_invariant,5,99,0.13192151
permutation_label_invariant,5,100,0.019520964
permutation_label_invariant,5,101,0.015033474
permutation_label_invariant,5,102,0.0076338393
permutation_label_invariant,5,103,0.0026932843
permutation_label_invariant,5,104,0.3149628
permutation_label_invariant,5,105,0.016026188
permutation_label_invariant,5,106,0.0044144653
permutation_label_invariant,5,107,0.01590965
permutation_label_invariant,5,108,0.015834428
permutation_label_invariant,5,109,0.005615756
permutation_label_invariant,5,110,0.005080866
permutation_label_invariant,5,111,0.017442267
permutation_label_invariant,5,112,0.0034733736
permutation_label_invariant,5,113,0.008838405
permutation_label_invariant,5,114,0.004230595
permutation_label_invariant,5,115,0.04021366
permutation_label_invariant,5,116,0.012285236
permutation_label_invariant,5,117,0.10029069
permutation_label_invariant,5,118,0.010619348
permutation_label_invariant,5,119,0.009686042
permutation_label_invariant,5,120,0.005672559
permutation_label_invariant,5,121,0.21227235
permutation_label_invariant,5,122,0.0056013367
permutation_label_invariant,5,123,0.013260337
permutation_label_invariant,5,124,0.006499364
permutation_label_invariant,5,125,0.0059287143
permutation_label_invariant,5,126,0.0068508424
permutation_label_invariant,5,127,0.005021083
permutation_label_invariant,5,128,0.037786942
permutation_label_invariant,5,129,0.015361476
permutation_label_invariant,5,130,0.008558066
permutation_label_invariant,5,131,0.02166482
permutation_label_invariant,5,132,0.06439468
permutation_label_invariant,5,133,0.009297145
permutation_label_invariant,5,134,0.018400121
permutation_label_invariant,5,135,0.03691993
permutation_label_invariant,5,136,0.011398539
permutation_label_invariant,5,137,0.042771555
permutation_label_invariant,5,138,0.013131026
permutation_label_invariant,5,139,0.018948419
permutation_label_invariant,5,140,0.049133778
permutation_label_invariant,5,141,0.033889584
permutation_label_invariant,5,142,0.01476882
permutation_label_invariant,5,143,0.023327246
permutation_label_invariant,5,144,0.026534386
permutation_label_invariant,5,145,0.014650747
permutation_label_invariant,5,146,0.012636347
permutation_label_invariant,5,147,0.03068667
permutation_label_invariant,5,148,0.005228589
permutation_label_invariant,5,149,0.046148185
permutation_label_invariant,5,150,0.0120247165
permutation_label_invariant,5,151,0.01110304
permutation_label_invariant,5,152,0.110752925
permutation_label_invariant,5,153,0.02344077
permutation_label_invariant,5,154,0.04803001
permutation_label_invariant,5,155,0.009312189
permutation_label_invariant,5,156,0.002499518
permutation_label_invariant,5,157,0.009210458
permutation_label_invariant,5,158,0.0018085601
permutation_label_invariant,5,159,0.092832685
permutation_label_invariant,5,160,0.12047837
permutation_label_invariant,5,161,0.010475559
permutation_label_invariant,5,162,0.024194915
permutation_label_invariant,5,163,0.003924499
permutation_label_invariant,5,164,0.03145129
permutation_label_invariant,5,165,0.007103813
permutation_label_invariant,5,166,0.07813272
permutation_label_invariant,5,167,0.028133728
permutation_label_invariant,5,168,0.013241973
permutation_label_invariant,5,169,0.12620121
permutation_label_invariant,5,170,0.08650844
permutation_label_invariant,5,171,0.093756184
permutation_label_invariant,5,172,0.019465555
permutation_label_invariant,5,173,0.0072757015
permutation_label_invariant,5,174,0.0011080122
permutation_label_invariant,5,175,0.0038501057
permutation_label_invariant,5,176,0.019623907
permutation_label_invariant,5,177,0.044538993
permutation_label_invariant,5,178,0.0067480383
permutation_label_invariant,5,179,0.0060353857
permutation_label_invariant,5,180,0.026195405
permutation_label_invariant,5,181,0.026608419
permutation_label_invariant,5,182,0.00845623
permutation_label_invariant,5,183,0.15998557
permutation_label_invariant,5,184,0.014925484
permutation_label_invariant,5,185,0.008470778
permutation_label_invariant,5,186,0.029112509
permutation_label_invariant,5,187,0.11282091
permutation_label_invariant,5,188,0.010209819
permutation_label_invariant,5,189,0.019591913
permutation_label_invariant,5,190,0.029072613
permutation_label_invariant,5,191,0.0114068985
permutation_label_invariant,5,192,0.007393972
permutation_label_invariant,5,193,0.09852357
permutation_label_invariant,5,194,0.0034635358
permutation_label_invariant,5,195,0.010038476
permutation_label_invariant,5,196,0.035955172
permutation_label_invariant,5,197,0.03649772
permutation_label_invariant,5,198,0.0069792466
permutation_label_invariant,5,199,0.009261466
permutation_label_invariant,5,200,0.019426612
permutation_label_invariant,5,201,0.010167633
permutation_label_invariant,5,202,0.0062511796
permutation_label_invariant,5,203,0.015852647
permutation_label_invariant,5,204,0.008721843
permutation_label_invariant,5,205,0.0073473486
permutation_label_invariant,5,206,0.030728078
permutation_label_invariant,5,207,0.029574763
permutation_label_invariant,5,208,0.0116438335
permutation_label_invariant,5,209,0.055119798
permutation_label_invariant,5,210,0.015607117
permutation_label_invariant,5,211,0.01281628
permutation_label_invariant,5,212,0.005552645
permutation_label_invariant,5,213,0.10327182
permutation_label_invariant,5,214,0.011686256
permutation_label_invariant,5,215,0.010197014
permutation_label_invariant,5,216,0.006705317
permutation_label_invariant,5,217,0.024262791
permutation_label_invariant,5,218,0.055885144
permutation_label_invariant,5,219,0.04759556
permutation_label_invariant,5,220,0.038057078
permutation_label_invariant,5,221,0.002302307
permutation_label_invariant,5,222,0.08268725
permutation_label_invariant,5,223,0.0063203312
permutation_label_invariant,5,224,0.10125385
permutation_label_invariant,5,225,0.015947789
permutation_label_invariant,5,226,0.03702243
permutation_label_invariant,5,227,0.007285158
permutation_label_invariant,5,228,0.0097775515
permutation_label_invariant,5,229,0.009035103
permutation_label_invariant,5,230,0.013950666
permutation_label_invariant,5,231,0.018126244
permutation_label_invariant,5,232,0.009180828
permutation_label_invariant,5,233,0.006262743
permutation_label_invariant,5,234,0.009240384
permutation_label_invariant,5,235,0.009512618
permutation_label_invariant,5,236,0.042485245
permutation_label_invariant,5,237,0.019656472
permutation_label_invariant,5,238,0.009332618
permutation_label_invariant,5,239,0.008052582
permutation_label_invariant,5,240,0.047787417
permutation_label_invariant,5,241,0.032771632
permutation_label_invariant,5,242,0.011239577
permutation_label_invariant,5,243,0.03755576
permutation_label_invariant,5,244,0.009287831
permutation_label_invariant,5,245,0.038061
permutation_label_invariant,5,246,0.013202362
permutation_label_invariant,5,247,0.017905606
permutation_label_invariant,5,248,0.046310704
permutation_label_invariant,5,249,0.022479268
permutation_label_invariant,5,250,0.011974081
permutation_label_invariant,5,251,0.08299138
permutation_label_invariant,5,252,0.0061086332
permutation_label_invariant,5,253,0.09473392
permutation_label_invariant,5,254,0.0089255795
permutation_label_invariant,5,255,0.028104559
permutation_label_invariant,5,256,0.012456915
permutation_label_invariant,5,257,0.009988362
permutation_label_invariant,5,258,0.022433104
permutation_label_invariant,5,259,0.027319228
permutation_label_invariant,5,260,0.029595947
permutation_label_invariant,5,261,0.043968324
permutation_label_invariant,5,262,0.011285387
permutation_label_invariant,5,263,0.020277955
permutation_label_invariant,5,264,0.008773682
permutation_label_invariant,5,265,0.032171965
permutation_label_invariant,5,266,0.017065763
permutation_label_invariant,5,267,0.0068139015
permutation_label_invariant,5,268,0.011258173
permutation_label_invariant,5,269,0.01749572
permutation_label_invariant,5,270,0.012232287
permutation_label_invariant,5,271,0.0011376183
permutation_label_invariant,5,272,0.124181375
permutation_label_invariant,5,273,0.023007013
permutation_label_invariant,5,274,0.0095989285
permutation_label_invariant,5,275,0.099164635
permutation_label_invariant,5,276,0.043890968
permutation_label_invariant,5,277,0.017101811
permutation_label_invariant,5,278,0.03262789
permutation_label_invariant,5,279,0.013064632
permutation_label_invariant,5,280,0.01771744
permutation_label_invariant,5,281,0.0070150015
permutation_label_invariant,5,282,0.016048664
permutation_label_invariant,5,283,0.07644311
permutation_label_invariant,5,284,0.009269069
permutation_label_invariant,5,285,0.060955964
permutation_label_invariant,5,286,0.040739737
permutation_label_invariant,5,287,0.009112113
permutation_label_invariant,5,288,0.006741018
permutation_label_invariant,5,289,0.02893738
permutation_label_invariant,5,290,0.01850969
permutation_label_invariant,5,291,0.022336014
permutation_label_invariant,5,292,0.005795272
permutation_label_invariant,5,293,0.08901111
permutation_label_invariant,5,294,0.0015721188
permutation_label_invariant,5,295,0.015238876
permutation_label_invariant,5,296,0.10132156
permutation_label_invariant,5,297,0.02473484
permutation_label_invariant,5,298,0.023991993
permutation_label_invariant,5,299,0.01656718
permutation_label_invariant,5,300,0.0062502557
permutation_label_invariant,5,301,0.025936881
permutation_label_invariant,5,302,0.012228404
permutation_label_invariant,5,303,0.010096481
permutation_label_invariant,5,304,0.016043281
permutation_label_invariant,5,305,0.012868479
permutation_label_invariant,5,306,0.034076013
permutation_label_invariant,5,307,0.012785818
permutation_label_invariant,5,308,0.0032692018
permutation_label_invariant,5,309,0.016573507
permutation_label_invariant,5,310,0.035803065
permutation_label_invariant,5,311,0.02318068
permutation_label_invariant,5,312,0.006760803
permutation_label_invariant,5,313,0.0079920115
permutation_label_invariant,5,314,0.009189421
permutation_label_invariant,5,315,0.0055438075
permutation_label_invariant,5,316,0.011235454
permutation_label_invariant,5,317,0.09510559
permutation_label_invariant,5,318,0.025987323
permutation_label_invariant,5,319,0.01350246
permutation_label_invariant,5,320,0.061413735
permutation_label_invariant,5,321,0.077207744
permutation_label_invariant,5,322,0.014417088
permutation_label_invariant,5,323,0.059987187
permutation_label_invariant,5,324,0.064922065
permutation_label_invariant,5,325,0.025603108
permutation_label_invariant,5,326,0.03507225
permutation_label_invariant,5,327,0.006624489
permutation_label_invariant,5,328,0.0067017563
permutation_label_invariant,5,329,0.015337797
permutation_label_invariant,5,330,0.054590046
permutation_label_invariant,5,331,0.08124572
permutation_label_invariant,5,332,0.04195702
permutation_label_invariant,5,333,0.001638667
permutation_label_invariant,5,334,0.008633162
permutation_label_invariant,5,335,0.007060537
permutation_label_invariant,5,336,0.03857603
permutation_label_invariant,5,337,0.010036126
permutation_label_invariant,5,338,0.009868631
permutation_label_invariant,5,339,0.013513953
permutation_label_invariant,5,340,0.0045804274
permutation_label_invariant,5,341,0.010712256
permutation_label_invariant,5,342,0.09210129
permutation_label_invariant,5,343,0.07951462
permutation_label_invariant,5,344,0.011912113
permutation_label_invariant,5,345,0.070479006
permutation_label_invariant,5,346,0.022999054
permutation_label_invariant,5,347,0.019781988
permutation_label_invariant,5,348,0.023406785
permutation_label_invariant,5,349,0.021891689
permutation_label_invariant,5,350,0.015931172
permutation_label_invariant,5,351,0.009263533
permutation_label_invariant,5,352,0.035509855
permutation_label_invariant,5,353,0.04379043
permutation_label_invariant,5,354,0.024675928
permutation_label_invariant,5,355,0.042463306
permutation_label_invariant,5,356,0.004624423
permutation_label_invariant,5,357,0.011538589
permutation_label_invariant,5,358,0.09694403
permutation_label_invariant,5,359,0.008672406
permutation_label_invariant,5,360,0.0051784427
permutation_label_invariant,5,361,0.001964399
permutation_label_invariant,5,362,0.010025982
permutation_label_invariant,5,363,0.019549597
permutation_label_invariant,5,364,0.012448706
permutation_label_invariant,5,365,0.097251475
permutation_label_invariant,5,366,0.018862454
permutation_label_invariant,5,367,0.026586298
permutation_label_invariant,5,368,0.034141038
permutation_label_invariant,5,369,0.12765849
permutation_label_invariant,5,370,0.09387087
permutation_label_invariant,5,371,0.07691726
permutation_label_invariant,5,372,0.010282276
permutation_label_invariant,5,373,0.07914517
permutation_label_invariant,5,374,0.041345652
permutation_label_invariant,5,375,0.0037932987
permutation_label_invariant,5,376,0.061830737
permutation_label_invariant,5,377,0.016323369
permutation_label_invariant,5,378,0.015466276
permutation_label_invariant,5,379,0.012440722
permutation_label_invariant,5,380,0.030230537
permutation_label_invariant,5,381,0.046179578
permutation_label_invariant,5,382,0.003969411
permutation_label_invariant,5,383,0.0019751936
permutation_label_invariant,5,384,0.004165201
permutation_label_invariant,5,385,0.00198336
permutation_label_invariant,5,386,0.008066652
permutation_label_invariant,5,387,0.011110321
permutation_label_invariant,5,388,0.009606983
permutation_label_invariant,5,389,0.007073294
permutation_label_invariant,5,390,0.01624284
permutation_label_invariant,5,391,0.0045767287
permutation_label_invariant,5,392,0.049806386
permutation_label_invariant,5,393,0.07952736
permutation_label_invariant,5,394,0.0048720464
permutation_label_invariant,5,395,0.009934306
permutation_label_invariant,5,396,0.005226495
permutation_label_invariant,5,397,0.016136765
permutation_label_invariant,5,398,0.01956721
permutation_label_invariant,5,399,0.01030259
permutation_label_invariant,5,400,0.009563772
permutation_label_invariant,5,401,0.00031646353
permutation_label_invariant,5,402,0.0107514355
permutation_label_invariant,5,403,0.022821218
permutation_label_invariant,5,404,0.006893377
permutation_label_invariant,5,405,0.018926999
permutation_label_invariant,5,406,0.03103406
permutation_label_invariant,5,407,0.002731286
permutation_label_invariant,5,408,0.01297949
permutation_label_invariant,5,409,0.02202094
permutation_label_invariant,5,410,0.010388138
permutation_label_invariant,5,411,0.016952883
permutation_label_invariant,5,412,0.020381581
permutation_label_invariant,5,413,0.0323616
permutation_label_invariant,5,414,0.022966346
permutation_label_invariant,5,415,0.003586545
permutation_label_invariant,5,416,0.103004575
permutation_label_invariant,5,417,0.017086793
permutation_label_invariant,5,418,0.0041112383
permutation_label_invariant,5,419,0.032701254
permutation_label_invariant,5,420,0.040110786
permutation_label_invariant,5,421,0.0044549005
permutation_label_invariant,5,422,0.012612394
permutation_label_invariant,5,423,0.0026112346
permutation_label_invariant,5,424,0.036135294
permutation_label_invariant,5,425,0.014834778
permutation_label_invariant,5,426,0.00437367
permutation_label_invariant,5,427,0.008934724
permutation_label_invariant,5,428,0.015195146
permutation_label_invariant,5,429,0.03761778
permutation_label_invariant,5,430,0.006777145
permutation_label_invariant,5,431,0.031434193
permutation_label_invariant,5,432,0.007577309
permutation_label_invariant,5,433,0.012339607
permutation_label_invariant,5,434,0.011001278
permutation_label_invariant,5,435,0.014757339
permutation_label_invariant,5,436,0.0470413
permutation_label_invariant,5,437,0.18745747
permutation_label_invariant,5,438,0.005059139
permutation_label_invariant,5,439,0.013320125
permutation_label_invariant,5,440,0.044948466
permutation_label_invariant,5,441,0.012487479
permutation_label_invariant,5,442,0.01696428
permutation_label_invariant,5,443,0.009664449
permutation_label_invariant,5,444,0.04320358
permutation_label_invariant,5,445,0.13241029
permutation_label_invariant,5,446,0.015481511
permutation_label_invariant,5,447,0.013487069
permutation_label_invariant,5,448,0.03513125
permutation_label_invariant,5,449,0.050864432
permutation_label_invariant,5,450,0.031507067
permutation_label_invariant,5,451,0.077200696
permutation_label_invariant,5,452,0.0130331535
permutation_label_invariant,5,453,0.03323426
permutation_label_invariant,5,454,0.0076987147
permutation_label_invariant,5,455,0.011638999
permutation_label_invariant,5,456,0.025186956
permutation_label_invariant,5,457,0.004032062
permutation_label_invariant,5,458,0.007008005
permutation_label_invariant,5,459,0.01756086
permutation_label_invariant,5,460,0.0028254013
permutation_label_invariant,5,461,0.055212088
permutation_label_invariant,5,462,0.01844687
permutation_label_invariant,5,463,0.041989107
permutation_label_invariant,5,464,0.006823987
permutation_label_invariant,5,465,0.0076959394
permutation_label_invariant,5,466,0.009014081
permutation_label_invariant,5,467,0.026380815
permutation_label_invariant,5,468,0.01884478
permutation_label_invariant,5,469,0.010972951
permutation_label_invariant,5,470,0.008834094
permutation_label_invariant,5,471,0.039374232
permutation_label_invariant,5,472,0.026792873
permutation_label_invariant,5,473,0.044634648
permutation_label_invariant,5,474,0.0025879242
permutation_label_invariant,5,475,0.004158247
permutation_label_invariant,5,476,0.13009441
permutation_label_invariant,5,477,0.09285879
permutation_label_invariant,5,478,0.004839667
permutation_label_invariant,5,479,0.022933196
permutation_label_invariant,5,480,0.04500729
permutation_label_invariant,5,481,0.032685164
permutation_label_invariant,5,482,0.007906366
permutation_label_invariant,5,483,0.016413055
permutation_label_invariant,5,484,0.053966697
permutation_label_invariant,5,485,0.028020872
permutation_label_invariant,5,486,0.007783061
permutation_label_invariant,5,487,0.01663575
permutation_label_invariant,5,488,0.012048313
permutation_label_invariant,5,489,0.009548403
permutation_label_invariant,5,490,0.028678082
permutation_label_invariant,5,491,0.018032424
permutation_label_invariant,5,492,0.024081957
permutation_label_invariant,5,493,0.0040434483
permutation_label_invariant,5,494,0.0098881535
permutation_label_invariant,5,495,0.010457039
permutation_label_invariant,5,496,0.08879046
permutation_label_invariant,5,497,0.029574253
permutation_label_invariant,5,498,0.077907994
permutation_label_invariant,5,499,0.06275165
permutation_label_invariant,5,500,0.0858872
permutation_label_invariant,5,501,0.011627699
permutation_label_invariant,5,502,0.018277764
permutation_label_invariant,5,503,0.00889984
permutation_label_invariant,5,504,0.01160599
permutation_label_invariant,5,505,0.23992881
permutation_label_invariant,5,506,0.018816687
permutation_label_invariant,5,507,0.009820286
permutation_label_invariant,5,508,0.0076100617
permutation_label_invariant,5,509,0.01801131
permutation_label_invariant,5,510,0.0062528052
permutation_label_invariant,5,511,0.0072193127
permutation_label_invariant,5,512,0.08929381
permutation_label_invariant,5,513,0.071535304
permutation_label_invariant,5,514,0.037526783
permutation_label_invariant,5,515,0.01496721
permutation_label_invariant,5,516,0.00656253
permutation_label_invariant,5,517,0.015608538
permutation_label_invariant,5,518,0.007804267
permutation_label_invariant,5,519,0.006772739
permutation_label_invariant,5,520,0.026264265
permutation_label_invariant,5,521,0.005346559
permutation_label_invariant,5,522,0.0031565982
permutation_label_invariant,5,523,0.02697415
permutation_label_invariant,5,524,0.03142787
permutation_label_invariant,5,525,0.0043306025
permutation_label_invariant,5,526,0.0086548645
permutation_label_invariant,5,527,0.023350745
permutation_label_invariant,5,528,0.008636049
permutation_label_invariant,5,529,0.011923519
permutation_label_invariant,5,530,0.005858225
permutation_label_invariant,5,531,0.009228544
permutation_label_invariant,5,532,0.014969466
permutation_label_invariant,5,533,0.014363445
permutation_label_invariant,5,534,0.021346651
permutation_label_invariant,5,535,0.08478164
permutation_label_invariant,5,536,0.08119602
permutation_label_invariant,5,537,0.008802478
permutation_label_invariant,5,538,0.056878977
permutation_label_invariant,5,539,0.03184268
permutation_label_invariant,5,540,0.0072807865
permutation_label_invariant,5,541,0.011369085
permutation_label_invariant,5,542,0.10120168
permutation_label_invariant,5,543,0.10194609
permutation_label_invariant,5,544,0.014658013
permutation_label_invariant,5,545,0.011059084
permutation_label_invariant,5,546,0.025684876
permutation_label_invariant,5,547,0.08130005
permutation_label_invariant,5,548,0.023914462
permutation_label_invariant,5,549,0.029697176
permutation_label_invariant,5,550,0.014487228
permutation_label_invariant,5,551,0.00721636
permutation_label_invariant,5,552,0.019221557
permutation_label_invariant,5,553,0.015058337
permutation_label_invariant,5,554,0.0048985276
permutation_label_invariant,5,555,0.010612173
permutation_label_invariant,5,556,0.009035064
permutation_label_invariant,5,557,0.033254437
permutation_label_invariant,5,558,0.024801275
permutation_label_invariant,5,559,0.01480536
permutation_label_invariant,5,560,0.018197408
permutation_label_invariant,5,561,0.022750147
permutation_label_invariant,5,562,0.01630935
permutation_label_invariant,5,563,0.12000227
permutation_label_invariant,5,564,0.0003085658
permutation_label_invariant,5,565,0.05403504
permutation_label_invariant,5,566,0.032305975
permutation_label_invariant,5,567,0.036011145
permutation_label_invariant,5,568,0.033299826
permutation_label_invariant,5,569,0.016093485
permutation_label_invariant,5,570,0.028445717
permutation_label_invariant,5,571,0.03369753
permutation_label_invariant,5,572,0.03508311
permutation_label_invariant,5,573,0.00429866
permutation_label_invariant,5,574,0.0072813844
permutation_label_invariant,5,575,0.027158204
permutation_label_invariant,5,576,0.14444198
permutation_label_invariant,5,577,0.025748126
permutation_label_invariant,5,578,0.0073963823
permutation_label_invariant,5,579,0.020747546
permutation_label_invariant,5,580,0.009326586
permutation_label_invariant,5,581,0.03150315
permutation_label_invariant,5,582,0.02530121
permutation_label_invariant,5,583,0.036307953
permutation_label_invariant,5,584,0.052090205
permutation_label_invariant,5,585,0.021400046
permutation_label_invariant,5,586,0.027038608
permutation_label_invariant,5,587,0.0027081848
permutation_label_invariant,5,588,0.024618115
permutation_label_invariant,5,589,0.03347166
permutation_label_invariant,5,590,0.019943193
permutation_label_invariant,5,591,0.043165088
permutation_label_invariant,5,592,0.0073384205
permutation_label_invariant,5,593,0.019362133
permutation_label_invariant,5,594,0.0294283
permutation_label_invariant,5,595,0.009357612
permutation_label_invariant,5,596,0.038662598
permutation_label_invariant,5,597,0.01600922
permutation_label_invariant,5,598,0.0110742925
permutation_label_invariant,5,599,0.013532785
permutation_label_invariant,5,600,0.09633286
permutation_label_invariant,5,601,0.018216856
permutation_label_invariant,5,602,0.014675154
permutation_label_invariant,5,603,0.035890542
permutation_label_invariant,5,604,0.007737823
permutation_label_invariant,5,605,0.007973952
permutation_label_invariant,5,606,0.009383953
permutation_label_invariant,5,607,0.009768428
permutation_label_invariant,5,608,0.10204079
permutation_label_invariant,5,609,0.05511569
permutation_label_invariant,5,610,0.01710029
permutation_label_invariant,5,611,0.0749682
permutation_label_invariant,5,612,0.010554084
permutation_label_invariant,5,613,0.005659074
permutation_label_invariant,5,614,0.046423756
permutation_label_invariant,5,615,0.30325592
permutation_label_invariant,5,616,0.031605482
permutation_label_invariant,5,617,0.017341912
permutation_label_invariant,5,618,0.013335582
permutation_label_invariant,5,619,0.010596961
permutation_label_invariant,5,620,0.016880604
permutation_label_invariant,5,621,0.022385199
permutation_label_invariant,5,622,0.010975348
permutation_label_invariant,5,623,0.011471798
permutation_label_invariant,5,624,0.005543542
permutation_label_invariant,5,625,0.003174435
permutation_label_invariant,5,626,0.012943113
permutation_label_invariant,5,627,0.01470146
permutation_label_invariant,5,628,0.025990337
permutation_label_invariant,5,629,0.040815473
permutation_label_invariant,5,630,0.030926391
permutation_label_invariant,5,631,0.0061493088
permutation_label_invariant,5,632,0.102152646
permutation_label_invariant,5,633,0.01806005
permutation_label_invariant,5,634,0.014701696
permutation_label_invariant,5,635,0.017662369
permutation_label_invariant,5,636,0.006413296
permutation_label_invariant,5,637,0.005007464
permutation_label_invariant,5,638,0.015989836
permutation_label_invariant,5,639,0.019089282
permutation_label_invariant,5,640,0.09935477
permutation_label_invariant,5,641,0.009108767
permutation_label_invariant,5,642,0.07165182
permutation_label_invariant,5,643,0.0048330994
permutation_label_invariant,5,644,0.020722702
permutation_label_invariant,5,645,0.015101847
permutation_label_invariant,5,646,0.008898355
permutation_label_invariant,5,647,0.016471919
permutation_label_invariant,5,648,0.03246153
permutation_label_invariant,5,649,0.021224486
permutation_label_invariant,5,650,0.008637378
permutation_label_invariant,5,651,0.039066836
permutation_label_invariant,5,652,0.0049501285
permutation_label_invariant,5,653,0.025092369
permutation_label_invariant,5,654,0.007136681
permutation_label_invariant,5,655,0.034545638
permutation_label_invariant,5,656,0.005549422
permutation_label_invariant,5,657,0.012520615
permutation_label_invariant,5,658,0.034865834
permutation_label_invariant,5,659,0.037611786
permutation_label_invariant,5,660,0.033501152
permutation_label_invariant,5,661,0.05530226
permutation_label_invariant,5,662,0.006974127
permutation_label_invariant,5,663,0.1096575
permutation_label_invariant,5,664,0.0043902714
permutation_label_invariant,5,665,0.006409837
permutation_label_invariant,5,666,0.009619228
permutation_label_invariant,5,667,0.09760436
permutation_label_invariant,5,668,0.0040153167
permutation_label_invariant,5,669,0.025593592
permutation_label_invariant,5,670,0.0003576961
permutation_label_invariant,5,671,0.032337453
permutation_label_invariant,5,672,0.054931633
permutation_label_invariant,5,673,0.025371345
permutation_label_invariant,5,674,0.014071533
permutation_label_invariant,5,675,0.007605152
permutation_label_invariant,5,676,0.06070357
permutation_label_invariant,5,677,0.023773242
permutation_label_invariant,5,678,0.02640889
permutation_label_invariant,5,679,0.024175165
permutation_label_invariant,5,680,0.011328299
permutation_label_invariant,5,681,0.04906123
permutation_label_invariant,5,682,0.018860878
permutation_label_invariant,5,683,0.056671984
permutation_label_invariant,5,684,0.020403583
permutation_label_invariant,5,685,0.058686744
permutation_label_invariant,5,686,0.056594282
permutation_label_invariant,5,687,0.038884
permutation_label_invariant,5,688,0.0081893485
permutation_label_invariant,5,689,0.028069388
permutation_label_invariant,5,690,0.024324063
permutation_label_invariant,5,691,0.013448496
permutation_label_invariant,5,692,0.00728769
permutation_label_invariant,5,693,0.035957064
permutation_label_invariant,5,694,0.005668291
permutation_label_invariant,5,695,0.05789862
permutation_label_invariant,5,696,0.007822221
permutation_label_invariant,5,697,0.10446663
permutation_label_invariant,5,698,0.007924505
permutation_label_invariant,5,699,0.01671797
permutation_label_invariant,5,700,0.01192832
permutation_label_invariant,5,701,0.037541576
permutation_label_invariant,5,702,0.016995016
permutation_label_invariant,5,703,0.03354211
permutation_label_invariant,5,704,0.043646988
permutation_label_invariant,5,705,0.006841621
permutation_label_invariant,5,706,0.021119142
permutation_label_invariant,5,707,0.03876317
permutation_label_invariant,5,708,0.013398308
permutation_label_invariant,5,709,0.017011654
permutation_label_invariant,5,710,0.011846188
permutation_label_invariant,5,711,0.013413009
permutation_label_invariant,5,712,0.02180244
permutation_label_invariant,5,713,0.0061421553
permutation_label_invariant,5,714,0.004815858
permutation_label_invariant,5,715,0.042383935
permutation_label_invariant,5,716,0.07374886
permutation_label_invariant,5,717,0.007353771
permutation_label_invariant,5,718,0.02634887
permutation_label_invariant,5,719,0.16154411
permutation_label_invariant,5,720,0.014710536
permutation_label_invariant,5,721,0.014383987
permutation_label_invariant,5,722,0.12569368
permutation_label_invariant,5,723,0.01674452
permutation_label_invariant,5,724,0.12705669
permutation_label_invariant,5,725,0.012849021
permutation_label_invariant,5,726,0.025792614
permutation_label_invariant,5,727,0.017391678
permutation_label_invariant,5,728,0.0057228953
permutation_label_invariant,5,729,0.008940764
permutation_label_invariant,5,730,0.02292579
permutation_label_invariant,5,731,0.031006364
permutation_label_invariant,5,732,0.15913515
permutation_label_invariant,5,733,0.108605295
permutation_label_invariant,5,734,0.015386613
permutation_label_invariant,5,735,0.01125358
permutation_label_invariant,5,736,0.12861198
permutation_label_invariant,5,737,0.014631148
permutation_label_invariant,5,738,0.012291189
permutation_label_invariant,5,739,0.011522694
permutation_label_invariant,5,740,0.011378011
permutation_label_invariant,5,741,0.019308778
permutation_label_invariant,5,742,0.008061867
permutation_label_invariant,5,743,0.022544265
permutation_label_invariant,5,744,0.05535861
permutation_label_invariant,5,745,0.009295864
permutation_label_invariant,5,746,0.015925027
permutation_label_invariant,5,747,0.04618542
permutation_label_invariant,5,748,0.009138433
permutation_label_invariant,5,749,0.005833624
permutation_label_invariant,5,750,0.004003384
permutation_label_invariant,5,751,0.004928541
permutation_label_invariant,5,752,0.039189614
permutation_label_invariant,5,753,0.007805768
permutation_label_invariant,5,754,0.041494105
permutation_label_invariant,5,755,0.010002023
permutation_label_invariant,5,756,0.0275768
permutation_label_invariant,5,757,0.030369263
permutation_label_invariant,5,758,0.015532892
permutation_label_invariant,5,759,0.010015658
permutation_label_invariant,5,760,0.058531538
permutation_label_invariant,5,761,0.027105018
permutation_label_invariant,5,762,0.03324419
permutation_label_invariant,5,763,0.0144787505
permutation_label_invariant,5,764,0.011018224
permutation_label_invariant,5,765,0.016500639
permutation_label_invariant,5,766,0.1050065
permutation_label_invariant,5,767,0.011904967
permutation_label_invariant,5,768,0.07917084
permutation_label_invariant,5,769,0.01856459
permutation_label_invariant,5,770,0.017191336
permutation_label_invariant,5,771,0.10597777
permutation_label_invariant,5,772,0.031965896
permutation_label_invariant,5,773,0.03603141
permutation_label_invariant,5,774,0.025067834
permutation_label_invariant,5,775,0.004091819
permutation_label_invariant,5,776,0.016359664
permutation_label_invariant,5,777,0.024451787
permutation_label_invariant,5,778,0.042638563
permutation_label_invariant,5,779,0.01172113
permutation_label_invariant,5,780,0.003528992
permutation_label_invariant,5,781,0.06644538
permutation_label_invariant,5,782,0.024963822
permutation_label_invariant,5,783,0.074388236
permutation_label_invariant,5,784,0.014856628
permutation_label_invariant,5,785,0.0055689304
permutation_label_invariant,5,786,0.10212979
permutation_label_invariant,5,787,0.030603556
permutation_label_invariant,5,788,0.023782548
permutation_label_invariant,5,789,0.005601921
permutation_label_invariant,5,790,0.0061653717
permutation_label_invariant,5,791,0.0033531787
permutation_label_invariant,5,792,0.014256429
permutation_label_invariant,5,793,0.041598618
permutation_label_invariant,5,794,0.016680146
permutation_label_invariant,5,795,0.02085352
permutation_label_invariant,5,796,0.016364004
permutation_label_invariant,5,797,0.005203442
permutation_label_invariant,5,798,0.027364546
permutation_label_invariant,5,799,0.019155793
permutation_label_invariant,5,800,0.03941241
permutation_label_invariant,5,801,0.21871474
permutation_label_invariant,5,802,0.014547184
permutation_label_invariant,5,803,0.1124624
permutation_label_invariant,5,804,0.013591206
permutation_label_invariant,5,805,0.005473219
permutation_label_invariant,5,806,0.08771761
permutation_label_invariant,5,807,0.016655492
permutation_label_invariant,5,808,0.022543104
permutation_label_invariant,5,809,0.04347319
permutation_label_invariant,5,810,0.027942108
permutation_label_invariant,5,811,0.005425943
permutation_label_invariant,5,812,0.03787391
permutation_label_invariant,5,813,0.012881511
permutation_label_invariant,5,814,0.011443675
permutation_label_invariant,5,815,0.016276604
permutation_label_invariant,5,816,0.039439574
permutation_label_invariant,5,817,0.0068772384
permutation_label_invariant,5,818,0.019181453
permutation_label_invariant,5,819,0.05641582
permutation_label_invariant,5,820,0.005696955
permutation_label_invariant,5,821,0.18630302
permutation_label_invariant,5,822,0.002189349
permutation_label_invariant,5,823,0.006604485
permutation_label_invariant,5,824,0.042072386
permutation_label_invariant,5,825,0.022186425
permutation_label_invariant,5,826,0.021756165
permutation_label_invariant,5,827,0.011114204
permutation_label_invariant,5,828,0.011393539
permutation_label_invariant,5,829,0.15708521
permutation_label_invariant,5,830,0.026251977
permutation_label_invariant,5,831,0.0042622276
permutation_label_invariant,5,832,0.009726719
permutation_label_invariant,5,833,0.019531604
permutation_label_invariant,5,834,0.022904491
permutation_label_invariant,5,835,0.17875361
permutation_label_invariant,5,836,0.02054914
permutation_label_invariant,5,837,0.02104951
permutation_label_invariant,5,838,0.006167956
permutation_label_invariant,5,839,0.03624633
permutation_label_invariant,5,840,0.00877762
permutation_label_invariant,5,841,0.04744777
permutation_label_invariant,5,842,0.007585738
permutation_label_invariant,5,843,0.0315978
permutation_label_invariant,5,844,0.031900603
permutation_label_invariant,5,845,0.15508491
permutation_label_invariant,5,846,0.04686083
permutation_label_invariant,5,847,0.06469134
permutation_label_invariant,5,848,0.074705236
permutation_label_invariant,5,849,0.033359274
permutation_label_invariant,5,850,0.0052319737
permutation_label_invariant,5,851,0.01090657
permutation_label_invariant,5,852,0.037546437
permutation_label_invariant,5,853,0.10572657
permutation_label_invariant,6,0,0.0134424195
permutation_label_invariant,6,1,0.033546895
permutation_label_invariant,6,2,0.016673414
permutation_label_invariant,6,3,0.013033906
permutation_label_invariant,6,4,0.0038188933
permutation_label_invariant,6,5,0.00783715
permutation_label_invariant,6,6,0.006898002
permutation_label_invariant,6,7,0.045796502
permutation_label_invariant,6,8,0.0005741889
permutation_label_invariant,6,9,0.07214418
permutation_label_invariant,6,10,0.015795562
permutation_label_invariant,6,11,0.017447624
permutation_label_invariant,6,12,0.014564647
permutation_label_invariant,6,13,0.0082893865
permutation_label_invariant,6,14,0.0057234154
permutation_label_invariant,6,15,0.020032562
permutation_label_invariant,6,16,0.0076829693
permutation_label_invariant,6,17,0.039425455
permutation_label_invariant,6,18,0.35466942
permutation_label_invariant,6,19,0.026444234
permutation_label_invariant,6,20,0.029909672
permutation_label_invariant,6,21,0.040828325
permutation_label_invariant,6,22,0.026132518
permutation_label_invariant,6,23,0.02743785
permutation_label_invariant,6,24,0.0033634587
permutation_label_invariant,6,25,0.049656548
permutation_label_invariant,6,26,0.015594764
permutation_label_invariant,6,27,0.009911144
permutation_label_invariant,6,28,0.064830944
permutation_label_invariant,6,29,0.07139281
permutation_label_invariant,6,30,0.015956711
permutation_label_invariant,6,31,0.020994172
permutation_label_invariant,6,32,0.036396205
permutation_label_invariant,6,33,0.03479898
permutation_label_invariant,6,34,0.02862762
permutation_label_invariant,6,35,0.006324227
permutation_label_invariant,6,36,0.015368104
permutation_label_invariant,6,37,0.3477053
permutation_label_invariant,6,38,0.027192358
permutation_label_invariant,6,39,0.052011177
permutation_label_invariant,6,40,0.012984201
permutation_label_invariant,6,41,0.027064964
permutation_label_invariant,6,42,0.03766915
permutation_label_invariant,6,43,0.039296083
permutation_label_invariant,6,44,0.13518874
permutation_label_invariant,6,45,0.06364653
permutation_label_invariant,6,46,0.034677282
permutation_label_invariant,6,47,0.060858622
permutation_label_invariant,6,48,0.04722855
permutation_label_invariant,6,49,0.0059086997
permutation_label_invariant,6,50,0.0050747157
permutation_label_invariant,6,51,0.016070604
permutation_label_invariant,6,52,0.0054060933
permutation_label_invariant,6,53,0.018642483
permutation_label_invariant,6,54,0.051025216
permutation_label_invariant,6,55,0.030727986
permutation_label_invariant,6,56,0.013118062
permutation_label_invariant,6,57,0.02769658
permutation_label_invariant,6,58,0.058286034
permutation_label_invariant,6,59,0.00658397
permutation_label_invariant,6,60,0.011255683
permutation_label_invariant,6,61,0.036090054
permutation_label_invariant,6,62,0.020993575
permutation_label_invariant,6,63,0.009670491
permutation_label_invariant,6,64,0.113254875
permutation_label_invariant,6,65,0.013858759
permutation_label_invariant,6,66,0.023763068
permutation_label_invariant,6,67,0.010261694
permutation_label_invariant,6,68,0.019072074
permutation_label_invariant,6,69,0.007463729
permutation_label_invariant,6,70,0.007846661
permutation_label_invariant,6,71,0.029270574
permutation_label_invariant,6,72,0.049133357
permutation_label_invariant,6,73,0.05067938
permutation_label_invariant,6,74,0.021919997
permutation_label_invariant,6,75,0.0013865998
permutation_label_invariant,6,76,0.017069362
permutation_label_invariant,6,77,0.00750721
permutation_label_invariant,6,78,0.14040765
permutation_label_invariant,6,79,0.0039760973
permutation_label_invariant,6,80,0.011640454
permutation_label_invariant,6,81,0.015168824
permutation_label_invariant,6,82,0.015210762
permutation_label_invariant,6,83,0.0083283
permutation_label_invariant,6,84,0.06631605
permutation_label_invariant,6,85,0.014794243
permutation_label_invariant,6,86,0.013963218
permutation_label_invariant,6,87,0.015899125
permutation_label_invariant,6,88,0.032767102
permutation_label_invariant,6,89,0.027582824
permutation_label_invariant,6,90,0.0397595
permutation_label_invariant,6,91,0.058586255
permutation_label_invariant,6,92,0.01818048
permutation_label_invariant,6,93,0.018668389
permutation_label_invariant,6,94,0.02985215
permutation_label_invariant,6,95,0.010122424
permutation_label_invariant,6,96,0.020338977
permutation_label_invariant,6,97,0.008749219
permutation_label_invariant,6,98,0.0024741124
permutation_label_invariant,6,99,0.040856883
permutation_label_invariant,6,100,0.0040460597
permutation_label_invariant,6,101,0.011774022
permutation_label_invariant,6,102,0.06285859
permutation_label_invariant,6,103,0.013034433
permutation_label_invariant,6,104,0.017055023
permutation_label_invariant,6,105,0.020690318
permutation_label_invariant,6,106,0.042073015
permutation_label_invariant,6,107,0.008212538
permutation_label_invariant,6,108,0.014803476
permutation_label_invariant,6,109,0.026580973
permutation_label_invariant,6,110,0.022258341
permutation_label_invariant,6,111,0.022394447
permutation_label_invariant,6,112,0.0048742425
permutation_label_invariant,6,113,0.01828016
permutation_label_invariant,6,114,0.009762776
permutation_label_invariant,6,115,0.023313057
permutation_label_invariant,6,116,0.022860128
permutation_label_invariant,6,117,0.0952536
permutation_label_invariant,6,118,0.008261111
permutation_label_invariant,6,119,0.01335484
permutation_label_invariant,6,120,0.033882014
permutation_label_invariant,6,121,0.021287067
permutation_label_invariant,6,122,0.03911502
permutation_label_invariant,6,123,0.027525399
permutation_label_invariant,6,124,0.019671595
permutation_label_invariant,6,125,0.019122193
permutation_label_invariant,6,126,0.009166929
permutation_label_invariant,6,127,0.020953942
permutation_label_invariant,6,128,0.02328318
permutation_label_invariant,6,129,0.101892665
permutation_label_invariant,6,130,0.017831216
permutation_label_invariant,6,131,0.019599091
permutation_label_invariant,6,132,0.027006246
permutation_label_invariant,6,133,0.0076030684
permutation_label_invariant,6,134,0.012093637
permutation_label_invariant,6,135,0.012282882
permutation_label_invariant,6,136,0.015654191
permutation_label_invariant,6,137,0.026362184
permutation_label_invariant,6,138,0.14666797
permutation_label_invariant,6,139,0.01605993
permutation_label_invariant,6,140,0.09891409
permutation_label_invariant,6,141,0.01780162
permutation_label_invariant,6,142,0.009852518
permutation_label_invariant,6,143,0.18891174
permutation_label_invariant,6,144,0.011310691
permutation_label_invariant,6,145,0.011774614
permutation_label_invariant,6,146,0.026654162
permutation_label_invariant,6,147,0.0141301025
permutation_label_invariant,6,148,0.0068251123
permutation_label_invariant,6,149,0.12650111
permutation_label_invariant,6,150,0.015117721
permutation_label_invariant,6,151,0.0074211927
permutation_label_invariant,6,152,0.12376783
permutation_label_invariant,6,153,0.01053172
permutation_label_invariant,6,154,0.05123177
permutation_label_invariant,6,155,0.013378231
permutation_label_invariant,6,156,0.012168689
permutation_label_invariant,6,157,0.007945729
permutation_label_invariant,6,158,0.00956624
permutation_label_invariant,6,159,0.015048581
permutation_label_invariant,6,160,0.0053196666
permutation_label_invariant,6,161,0.13928011
permutation_label_invariant,6,162,0.018834561
permutation_label_invariant,6,163,0.013960492
permutation_label_invariant,6,164,0.07736175
permutation_label_invariant,6,165,0.027388748
permutation_label_invariant,6,166,0.015226524
permutation_label_invariant,6,167,0.012362006
permutation_label_invariant,6,168,0.022431705
permutation_label_invariant,6,169,0.013675031
permutation_label_invariant,6,170,0.026879182
permutation_label_invariant,6,171,0.09455871
permutation_label_invariant,6,172,0.0036721695
permutation_label_invariant,6,173,0.056513906
permutation_label_invariant,6,174,0.007488139
permutation_label_invariant,6,175,0.025814574
permutation_label_invariant,6,176,0.005854836
permutation_label_invariant,6,177,0.013683113
permutation_label_invariant,6,178,0.016441807
permutation_label_invariant,6,179,0.014976441
permutation_label_invariant,6,180,0.07663658
permutation_label_invariant,6,181,0.015214739
permutation_label_invariant,6,182,0.021332677
permutation_label_invariant,6,183,0.08688732
permutation_label_invariant,6,184,0.008491181
permutation_label_invariant,6,185,0.1568597
permutation_label_invariant,6,186,0.04208586
permutation_label_invariant,6,187,0.006786488
permutation_label_invariant,6,188,0.019070605
permutation_label_invariant,6,189,0.011406259
permutation_label_invariant,6,190,0.08024511
permutation_label_invariant,6,191,0.01018674
permutation_label_invariant,6,192,0.013907157
permutation_label_invariant,6,193,0.025252502
permutation_label_invariant,6,194,0.0022535007
permutation_label_invariant,6,195,0.012527309
permutation_label_invariant,6,196,0.022599343
permutation_label_invariant,6,197,0.010740664
permutation_label_invariant,6,198,0.0075966157
permutation_label_invariant,6,199,0.0315497
permutation_label_invariant,6,200,0.008007163
permutation_label_invariant,6,201,0.006751706
permutation_label_invariant,6,202,0.044953085
permutation_label_invariant,6,203,0.026447088
permutation_label_invariant,6,204,0.0029182446
permutation_label_invariant,6,205,0.0031162202
permutation_label_invariant,6,206,0.023506185
permutation_label_invariant,6,207,0.0047933036
permutation_label_invariant,6,208,0.00638392
permutation_label_invariant,6,209,0.019839114
permutation_label_invariant,6,210,0.017093757
permutation_label_invariant,6,211,0.02268285
permutation_label_invariant,6,212,0.0029523831
permutation_label_invariant,6,213,0.026771326
permutation_label_invariant,6,214,0.003940372
permutation_label_invariant,6,215,0.0072235093
permutation_label_invariant,6,216,0.012510341
permutation_label_invariant,6,217,0.028888632
permutation_label_invariant,6,218,0.036453653
permutation_label_invariant,6,219,0.00986148
permutation_label_invariant,6,220,0.016724253
permutation_label_invariant,6,221,0.037993867
permutation_label_invariant,6,222,0.010593265
permutation_label_invariant,6,223,0.028747503
permutation_label_invariant,6,224,0.09530246
permutation_label_invariant,6,225,0.042134218
permutation_label_invariant,6,226,0.052524272
permutation_label_invariant,6,227,0.031931352
permutation_label_invariant,6,228,0.00393249
permutation_label_invariant,6,229,0.002265071
permutation_label_invariant,6,230,0.0111554265
permutation_label_invariant,6,231,0.005388865
permutation_label_invariant,6,232,0.0035852853
permutation_label_invariant,6,233,0.008757897
permutation_label_invariant,6,234,0.004687997
permutation_label_invariant,6,235,0.0018328874
permutation_label_invariant,6,236,0.03637723
permutation_label_invariant,6,237,0.13420251
permutation_label_invariant,6,238,0.028849224
permutation_label_invariant,6,239,0.017913803
permutation_label_invariant,6,240,0.019949837
permutation_label_invariant,6,241,0.04740451
permutation_label_invariant,6,242,0.028899835
permutation_label_invariant,6,243,0.032782417
permutation_label_invariant,6,244,0.019890193
permutation_label_invariant,6,245,0.01164843
permutation_label_invariant,6,246,0.018970408
permutation_label_invariant,6,247,0.012964159
permutation_label_invariant,6,248,0.021812186
permutation_label_invariant,6,249,0.008343708
permutation_label_invariant,6,250,0.0121194925
permutation_label_invariant,6,251,0.11276187
permutation_label_invariant,6,252,0.009788306
permutation_label_invariant,6,253,0.00574061
permutation_label_invariant,6,254,0.004016091
permutation_label_invariant,6,255,0.020888358
permutation_label_invariant,6,256,0.013700292
permutation_label_invariant,6,257,0.012270815
permutation_label_invariant,6,258,0.0023216368
permutation_label_invariant,6,259,0.020575913
permutation_label_invariant,6,260,0.051522873
permutation_label_invariant,6,261,0.01259928
permutation_label_invariant,6,262,0.12002566
permutation_label_invariant,6,263,0.106561184
permutation_label_invariant,6,264,0.025623605
permutation_label_invariant,6,265,0.016174017
permutation_label_invariant,6,266,0.015921708
permutation_label_invariant,6,267,0.004807216
permutation_label_invariant,6,268,0.024608083
permutation_label_invariant,6,269,0.006501646
permutation_label_invariant,6,270,0.0049662315
permutation_label_invariant,6,271,0.04997535
permutation_label_invariant,6,272,0.0069325394
permutation_label_invariant,6,273,0.007980261
permutation_label_invariant,6,274,0.01190857
permutation_label_invariant,6,275,0.07521809
permutation_label_invariant,6,276,0.0149533395
permutation_label_invariant,6,277,0.010629407
permutation_label_invariant,6,278,0.049143884
permutation_label_invariant,6,279,0.012588534
permutation_label_invariant,6,280,0.008671941
permutation_label_invariant,6,281,0.016570494
permutation_label_invariant,6,282,0.02214475
permutation_label_invariant,6,283,0.054605022
permutation_label_invariant,6,284,0.007386254
permutation_label_invariant,6,285,0.0017435865
permutation_label_invariant,6,286,0.015735429
permutation_label_invariant,6,287,0.027863376
permutation_label_invariant,6,288,0.062083274
permutation_label_invariant,6,289,0.060999975
permutation_label_invariant,6,290,0.022440553
permutation_label_invariant,6,291,0.020863181
permutation_label_invariant,6,292,0.0089769475
permutation_label_invariant,6,293,0.025131155
permutation_label_invariant,6,294,0.090218805
permutation_label_invariant,6,295,0.032755576
permutation_label_invariant,6,296,0.024452657
permutation_label_invariant,6,297,0.0798237
permutation_label_invariant,6,298,0.0061525153
permutation_label_invariant,6,299,0.056569934
permutation_label_invariant,6,300,0.016927047
permutation_label_invariant,6,301,0.0040224893
permutation_label_invariant,6,302,0.0162426
permutation_label_invariant,6,303,0.044160876
permutation_label_invariant,6,304,0.029356109
permutation_label_invariant,6,305,0.1093944
permutation_label_invariant,6,306,0.019202992
permutation_label_invariant,6,307,0.033548854
permutation_label_invariant,6,308,0.021040052
permutation_label_invariant,6,309,0.01633568
permutation_label_invariant,6,310,0.015939075
permutation_label_invariant,6,311,0.01189352
permutation_label_invariant,6,312,0.0026528994
permutation_label_invariant,6,313,0.004158465
permutation_label_invariant,6,314,0.098230205
permutation_label_invariant,6,315,0.035085876
permutation_label_invariant,6,316,0.0069774166
permutation_label_invariant,6,317,0.034486778
permutation_label_invariant,6,318,0.021387868
permutation_label_invariant,6,319,0.012158398
permutation_label_invariant,6,320,0.013315817
permutation_label_invariant,6,321,0.019751035
permutation_label_invariant,6,322,0.0012431737
permutation_label_invariant,6,323,0.03252807
permutation_label_invariant,6,324,0.0957569
permutation_label_invariant,6,325,0.014091816
permutation_label_invariant,6,326,0.03591436
permutation_label_invariant,6,327,0.038234014
permutation_label_invariant,6,328,0.009873337
permutation_label_invariant,6,329,0.0028678062
permutation_label_invariant,6,330,0.039684765
permutation_label_invariant,6,331,0.031409644
permutation_label_invariant,6,332,0.016889844
permutation_label_invariant,6,333,0.014705527
permutation_label_invariant,6,334,0.004191488
permutation_label_invariant,6,335,0.035316344
permutation_label_invariant,6,336,0.028576799
permutation_label_invariant,6,337,0.012222983
permutation_label_invariant,6,338,0.00972831
permutation_label_invariant,6,339,0.009805433
permutation_label_invariant,6,340,0.11936398
permutation_label_invariant,6,341,0.045764856
permutation_label_invariant,6,342,0.013546463
permutation_label_invariant,6,343,0.018870221
permutation_label_invariant,6,344,0.017896954
permutation_label_invariant,6,345,0.021180492
permutation_label_invariant,6,346,0.033087954
permutation_label_invariant,6,347,0.017449223
permutation_label_invariant,6,348,0.065194696
permutation_label_invariant,6,349,0.035820846
permutation_label_invariant,6,350,0.027237479
permutation_label_invariant,6,351,0.024640474
permutation_label_invariant,6,352,0.057849534
permutation_label_invariant,6,353,0.041782517
permutation_label_invariant,6,354,0.016954914
permutation_label_invariant,6,355,0.03400355
permutation_label_invariant,6,356,0.008375054
permutation_label_invariant,6,357,0.15590714
permutation_label_invariant,6,358,0.005375172
permutation_label_invariant,6,359,0.021616146
permutation_label_invariant,6,360,0.0070447596
permutation_label_invariant,6,361,0.02381448
permutation_label_invariant,6,362,0.005351181
permutation_label_invariant,6,363,0.031246582
permutation_label_invariant,6,364,0.010621974
permutation_label_invariant,6,365,0.0015735428
permutation_label_invariant,6,366,0.009367121
permutation_label_invariant,6,367,0.009052087
permutation_label_invariant,6,368,0.0145587325
permutation_label_invariant,6,369,0.013970809
permutation_label_invariant,6,370,0.035048187
permutation_label_invariant,6,371,0.024723127
permutation_label_invariant,6,372,0.019924706
permutation_label_invariant,6,373,0.051075444
permutation_label_invariant,6,374,0.016375886
permutation_label_invariant,6,375,0.2022878
permutation_label_invariant,6,376,0.011003689
permutation_label_invariant,6,377,0.094293624
permutation_label_invariant,6,378,0.07898328
permutation_label_invariant,6,379,0.006773199
permutation_label_invariant,6,380,0.06436549
permutation_label_invariant,6,381,0.02425211
permutation_label_invariant,6,382,0.014933968
permutation_label_invariant,6,383,0.07338974
permutation_label_invariant,6,384,0.057963982
permutation_label_invariant,6,385,0.018933516
permutation_label_invariant,6,386,0.07324207
permutation_label_invariant,6,387,0.028144937
permutation_label_invariant,6,388,0.013419852
permutation_label_invariant,6,389,0.008590855
permutation_label_invariant,6,390,0.01698103
permutation_label_invariant,6,391,0.031828765
permutation_label_invariant,6,392,0.02931783
permutation_label_invariant,6,393,0.016213495
permutation_label_invariant,6,394,0.021351483
permutation_label_invariant,6,395,0.004629481
permutation_label_invariant,6,396,0.017687378
permutation_label_invariant,6,397,0.01857304
permutation_label_invariant,6,398,0.015338706
permutation_label_invariant,6,399,0.02577069
permutation_label_invariant,6,400,0.013339026
permutation_label_invariant,6,401,0.0077510574
permutation_label_invariant,6,402,0.024477685
permutation_label_invariant,6,403,0.036749408
permutation_label_invariant,6,404,0.033793405
permutation_label_invariant,6,405,0.03147038
permutation_label_invariant,6,406,0.022584168
permutation_label_invariant,6,407,0.013623612
permutation_label_invariant,6,408,0.08761793
permutation_label_invariant,6,409,0.006167941
permutation_label_invariant,6,410,0.04090058
permutation_label_invariant,6,411,0.0030189988
permutation_label_invariant,6,412,0.0053855395
permutation_label_invariant,6,413,0.01758585
permutation_label_invariant,6,414,0.20018312
permutation_label_invariant,6,415,0.012837979
permutation_label_invariant,6,416,0.05864036
permutation_label_invariant,6,417,0.025533577
permutation_label_invariant,6,418,0.026975704
permutation_label_invariant,6,419,0.20670444
permutation_label_invariant,6,420,0.008767918
permutation_label_invariant,6,421,0.011547846
permutation_label_invariant,6,422,0.036648285
permutation_label_invariant,6,423,0.007444645
permutation_label_invariant,6,424,0.0037746306
permutation_label_invariant,6,425,0.046851523
permutation_label_invariant,6,426,0.07948151
permutation_label_invariant,6,427,0.027236087
permutation_label_invariant,6,428,0.0422912
permutation_label_invariant,6,429,0.011976608
permutation_label_invariant,6,430,0.034514565
permutation_label_invariant,6,431,0.015699156
permutation_label_invariant,6,432,0.0012908415
permutation_label_invariant,6,433,0.014985604
permutation_label_invariant,6,434,0.013816146
permutation_label_invariant,6,435,0.08600353
permutation_label_invariant,6,436,0.19551243
permutation_label_invariant,6,437,0.033757508
permutation_label_invariant,6,438,0.037146736
permutation_label_invariant,6,439,0.00782156
permutation_label_invariant,6,440,0.05329554
permutation_label_invariant,6,441,0.026333528
permutation_label_invariant,6,442,0.012060544
permutation_label_invariant,6,443,0.046784442
permutation_label_invariant,6,444,0.0103635555
permutation_label_invariant,6,445,0.0075822044
permutation_label_invariant,6,446,0.012260251
permutation_label_invariant,6,447,0.014153112
permutation_label_invariant,6,448,0.008856697
permutation_label_invariant,6,449,0.024121922
permutation_label_invariant,6,450,0.10985196
permutation_label_invariant,6,451,0.013352145
permutation_label_invariant,6,452,0.039657217
permutation_label_invariant,6,453,0.049214058
permutation_label_invariant,6,454,0.15347597
permutation_label_invariant,6,455,0.011439347
permutation_label_invariant,6,456,0.10350277
permutation_label_invariant,6,457,0.010912554
permutation_label_invariant,6,458,0.017449314
permutation_label_invariant,6,459,0.0070525995
permutation_label_invariant,6,460,0.011706204
permutation_label_invariant,6,461,0.0630551
permutation_label_invariant,6,462,0.09119426
permutation_label_invariant,6,463,0.0076304683
permutation_label_invariant,6,464,0.029084144
permutation_label_invariant,6,465,0.06907827
permutation_label_invariant,6,466,0.009432644
permutation_label_invariant,6,467,0.0035878322
permutation_label_invariant,6,468,0.018969417
permutation_label_invariant,6,469,0.008696357
permutation_label_invariant,6,470,0.041086778
permutation_label_invariant,6,471,0.04823828
permutation_label_invariant,6,472,0.08393243
permutation_label_invariant,6,473,0.025040502
permutation_label_invariant,6,474,0.0125354845
permutation_label_invariant,6,475,0.061156392
permutation_label_invariant,6,476,0.0056578894
permutation_label_invariant,6,477,0.03417789
permutation_label_invariant,6,478,0.024734188
permutation_label_invariant,6,479,0.049200796
permutation_label_invariant,6,480,0.016800452
permutation_label_invariant,6,481,0.012300873
permutation_label_invariant,6,482,0.0152869625
permutation_label_invariant,6,483,0.029728986
permutation_label_invariant,6,484,0.0052872947
permutation_label_invariant,6,485,0.0020019535
permutation_label_invariant,6,486,0.008595696
permutation_label_invariant,6,487,0.0101281265
permutation_label_invariant,6,488,0.027398674
permutation_label_invariant,6,489,0.008106135
permutation_label_invariant,6,490,0.021698762
permutation_label_invariant,6,491,0.0072262255
permutation_label_invariant,6,492,0.012158626
permutation_label_invariant,6,493,0.026531614
permutation_label_invariant,6,494,0.08047022
permutation_label_invariant,6,495,0.006163218
permutation_label_invariant,6,496,0.030262345
permutation_label_invariant,6,497,0.0058832592
permutation_label_invariant,6,498,0.018036593
permutation_label_invariant,6,499,0.023650212
permutation_label_invariant,6,500,0.008230339
permutation_label_invariant,6,501,0.040742196
permutation_label_invariant,6,502,0.018354528
permutation_label_invariant,6,503,0.011136657
permutation_label_invariant,6,504,0.014834363
permutation_label_invariant,6,505,0.0030906175
permutation_label_invariant,6,506,0.030329198
permutation_label_invariant,6,507,0.3840569
permutation_label_invariant,6,508,0.016611464
permutation_label_invariant,6,509,0.01801273
permutation_label_invariant,6,510,0.058083568
permutation_label_invariant,6,511,0.058232985
permutation_label_invariant,6,512,0.0038767355
permutation_label_invariant,6,513,0.047667824
permutation_label_invariant,6,514,0.013354635
permutation_label_invariant,6,515,0.0036882889
permutation_label_invariant,6,516,0.008107394
permutation_label_invariant,6,517,0.0042987308
permutation_label_invariant,6,518,0.0057473383
permutation_label_invariant,6,519,0.025278764
permutation_label_invariant,6,520,0.019013029
permutation_label_invariant,6,521,0.029313833
permutation_label_invariant,6,522,0.10782122
permutation_label_invariant,6,523,0.009521382
permutation_label_invariant,6,524,0.008408351
permutation_label_invariant,6,525,0.0068630744
permutation_label_invariant,6,526,0.018847134
permutation_label_invariant,6,527,0.0055983393
permutation_label_invariant,6,528,0.043096244
permutation_label_invariant,6,529,0.12063685
permutation_label_invariant,6,530,0.15762322
permutation_label_invariant,6,531,0.008492158
permutation_label_invariant,6,532,0.08255835
permutation_label_invariant,6,533,0.024360418
permutation_label_invariant,6,534,0.0043093427
permutation_label_invariant,6,535,0.007919915
permutation_label_invariant,6,536,0.024923116
permutation_label_invariant,6,537,0.057210434
permutation_label_invariant,6,538,0.01525094
permutation_label_invariant,6,539,0.028027773
permutation_label_invariant,6,540,0.005180683
permutation_label_invariant,6,541,0.007515441
permutation_label_invariant,6,542,0.007277463
permutation_label_invariant,6,543,0.020005297
permutation_label_invariant,6,544,0.008901246
permutation_label_invariant,6,545,0.019929595
permutation_label_invariant,6,546,0.018856183
permutation_label_invariant,6,547,0.008952482
permutation_label_invariant,6,548,0.05638543
permutation_label_invariant,6,549,0.013969101
permutation_label_invariant,6,550,0.007964634
permutation_label_invariant,6,551,0.045241416
permutation_label_invariant,6,552,0.058393776
permutation_label_invariant,6,553,0.08111418
permutation_label_invariant,6,554,0.011255327
permutation_label_invariant,6,555,0.01745189
permutation_label_invariant,6,556,0.01671192
permutation_label_invariant,6,557,0.017845428
permutation_label_invariant,6,558,0.029119417
permutation_label_invariant,6,559,0.0049216608
permutation_label_invariant,6,560,0.019621506
permutation_label_invariant,6,561,0.15016632
permutation_label_invariant,6,562,0.011178092
permutation_label_invariant,6,563,0.030292971
permutation_label_invariant,6,564,0.01097312
permutation_label_invariant,6,565,0.023845147
permutation_label_invariant,6,566,0.0079752505
permutation_label_invariant,6,567,0.013717815
permutation_label_invariant,6,568,0.018342681
permutation_label_invariant,6,569,0.06954908
permutation_label_invariant,6,570,0.00085085677
permutation_label_invariant,6,571,0.01929767
permutation_label_invariant,6,572,0.041684087
permutation_label_invariant,6,573,0.020996997
permutation_label_invariant,6,574,0.16656205
permutation_label_invariant,6,575,0.024816012
permutation_label_invariant,6,576,0.024648037
permutation_label_invariant,6,577,0.0875417
permutation_label_invariant,6,578,0.13348594
permutation_label_invariant,6,579,0.028173119
permutation_label_invariant,6,580,0.0125886295
permutation_label_invariant,6,581,0.024044542
permutation_label_invariant,6,582,0.013397644
permutation_label_invariant,6,583,0.010127369
permutation_label_invariant,6,584,0.025881097
permutation_label_invariant,6,585,0.005966656
permutation_label_invariant,6,586,0.0065832688
permutation_label_invariant,6,587,0.008548254
permutation_label_invariant,6,588,0.006531256
permutation_label_invariant,6,589,0.011606165
permutation_label_invariant,6,590,0.011207124
permutation_label_invariant,6,591,0.007951427
permutation_label_invariant,6,592,0.02420742
permutation_label_invariant,6,593,0.006908667
permutation_label_invariant,6,594,0.012304839
permutation_label_invariant,6,595,0.025808696
permutation_label_invariant,6,596,0.0032509652
permutation_label_invariant,6,597,0.16259052
permutation_label_invariant,6,598,0.013630424
permutation_label_invariant,6,599,0.0154937655
permutation_label_invariant,6,600,0.03476625
permutation_label_invariant,6,601,0.027983353
permutation_label_invariant,6,602,0.009410063
permutation_label_invariant,6,603,0.011565043
permutation_label_invariant,6,604,0.006452888
permutation_label_invariant,6,605,0.028482644
permutation_label_invariant,6,606,0.004550591
permutation_label_invariant,6,607,0.020478567
permutation_label_invariant,6,608,0.03253311
permutation_label_invariant,6,609,0.062877886
permutation_label_invariant,6,610,0.017755982
permutation_label_invariant,6,611,0.008985302
permutation_label_invariant,6,612,0.045725547
permutation_label_invariant,6,613,0.0017867377
permutation_label_invariant,6,614,0.007963522
permutation_label_invariant,6,615,0.12921059
permutation_label_invariant,6,616,0.016139094
permutation_label_invariant,6,617,0.03617753
permutation_label_invariant,6,618,0.07083069
permutation_label_invariant,6,619,0.037641264
permutation_label_invariant,6,620,0.025210973
permutation_label_invariant,6,621,0.10664394
permutation_label_invariant,6,622,0.039025676
permutation_label_invariant,6,623,0.031468555
permutation_label_invariant,6,624,0.005892642
permutation_label_invariant,6,625,0.016214155
permutation_label_invariant,6,626,0.05327639
permutation_label_invariant,6,627,0.017054942
permutation_label_invariant,6,628,0.012036756
permutation_label_invariant,6,629,0.03664439
permutation_label_invariant,6,630,0.029636728
permutation_label_invariant,6,631,0.09182799
permutation_label_invariant,6,632,0.00803226
permutation_label_invariant,6,633,0.0030852684
permutation_label_invariant,6,634,0.013231557
permutation_label_invariant,6,635,0.06634156
permutation_label_invariant,6,636,0.011534225
permutation_label_invariant,6,637,0.027973244
permutation_label_invariant,6,638,0.032406915
permutation_label_invariant,6,639,0.007460349
permutation_label_invariant,6,640,0.10902452
permutation_label_invariant,6,641,0.018540092
permutation_label_invariant,6,642,0.018605728
permutation_label_invariant,6,643,0.010352945
permutation_label_invariant,6,644,0.029860325
permutation_label_invariant,6,645,0.08510856
permutation_label_invariant,6,646,0.007056081
permutation_label_invariant,6,647,0.009785185
permutation_label_invariant,6,648,0.007456188
permutation_label_invariant,6,649,0.01736553
permutation_label_invariant,6,650,0.02679771
permutation_label_invariant,6,651,0.034386273
permutation_label_invariant,6,652,0.019447327
permutation_label_invariant,6,653,0.033834323
permutation_label_invariant,6,654,0.019701174
permutation_label_invariant,6,655,0.1505485
permutation_label_invariant,6,656,0.007434328
permutation_label_invariant,6,657,0.009432957
permutation_label_invariant,6,658,0.00983521
permutation_label_invariant,6,659,0.032989968
permutation_label_invariant,6,660,0.022814766
permutation_label_invariant,6,661,0.04341805
permutation_label_invariant,6,662,0.021229796
permutation_label_invariant,6,663,0.010466538
permutation_label_invariant,6,664,0.023891456
permutation_label_invariant,6,665,0.026034279
permutation_label_invariant,6,666,0.008418603
permutation_label_invariant,6,667,0.007227212
permutation_label_invariant,6,668,0.022712013
permutation_label_invariant,6,669,0.010626375
permutation_label_invariant,6,670,0.009237582
permutation_label_invariant,6,671,0.013634995
permutation_label_invariant,6,672,0.042727157
permutation_label_invariant,6,673,0.020599041
permutation_label_invariant,6,674,0.028952897
permutation_label_invariant,6,675,0.03874398
permutation_label_invariant,6,676,0.059295375
permutation_label_invariant,6,677,0.0048217606
permutation_label_invariant,6,678,0.08210562
permutation_label_invariant,6,679,0.032657534
permutation_label_invariant,6,680,0.019225102
permutation_label_invariant,6,681,0.01318858
permutation_label_invariant,6,682,0.028215922
permutation_label_invariant,6,683,0.008128168
permutation_label_invariant,6,684,0.027851572
permutation_label_invariant,6,685,0.008678727
permutation_label_invariant,6,686,0.009138483
permutation_label_invariant,6,687,0.0058452506
permutation_label_invariant,6,688,0.00976737
permutation_label_invariant,6,689,0.037937313
permutation_label_invariant,6,690,0.042506795
permutation_label_invariant,6,691,0.050889455
permutation_label_invariant,6,692,0.04107488
permutation_label_invariant,6,693,0.012998448
permutation_label_invariant,6,694,0.003054371
permutation_label_invariant,6,695,0.0044819377
permutation_label_invariant,6,696,0.002244982
permutation_label_invariant,6,697,0.0018150476
permutation_label_invariant,6,698,0.012889175
permutation_label_invariant,6,699,0.01119097
permutation_label_invariant,6,700,0.024278427
permutation_label_invariant,6,701,0.0558535
permutation_label_invariant,6,702,0.007165874
permutation_label_invariant,6,703,0.011965133
permutation_label_invariant,6,704,0.015963519
permutation_label_invariant,6,705,0.039574124
permutation_label_invariant,6,706,0.02809126
permutation_label_invariant,6,707,0.022616185
permutation_label_invariant,6,708,0.04618332
permutation_label_invariant,6,709,0.013847058
permutation_label_invariant,6,710,0.059085377
permutation_label_invariant,6,711,0.025914056
permutation_label_invariant,6,712,0.004021963
permutation_label_invariant,6,713,0.029132675
permutation_label_invariant,6,714,0.029277679
permutation_label_invariant,6,715,0.011180854
permutation_label_invariant,6,716,0.009377133
permutation_label_invariant,6,717,0.011340044
permutation_label_invariant,6,718,0.070182465
permutation_label_invariant,6,719,0.020148942
permutation_label_invariant,6,720,0.017782118
permutation_label_invariant,6,721,0.011157464
permutation_label_invariant,6,722,0.017072331
permutation_label_invariant,6,723,0.021254513
permutation_label_invariant,6,724,0.008615904
permutation_label_invariant,6,725,0.012112561
permutation_label_invariant,6,726,0.033047125
permutation_label_invariant,6,727,0.038882874
permutation_label_invariant,6,728,0.033374816
permutation_label_invariant,6,729,0.011840968
permutation_label_invariant,6,730,0.031359676
permutation_label_invariant,6,731,0.050213758
permutation_label_invariant,6,732,0.012963239
permutation_label_invariant,6,733,0.033360165
permutation_label_invariant,6,734,0.07240116
permutation_label_invariant,6,735,0.021583097
permutation_label_invariant,6,736,0.01635899
permutation_label_invariant,6,737,0.025469393
permutation_label_invariant,6,738,0.0034054383
permutation_label_invariant,6,739,0.055996764
permutation_label_invariant,6,740,0.0060131103
permutation_label_invariant,6,741,0.047877662
permutation_label_invariant,6,742,0.07718013
permutation_label_invariant,6,743,0.018662121
permutation_label_invariant,6,744,0.023254767
permutation_label_invariant,6,745,0.004431342
permutation_label_invariant,6,746,0.02995288
permutation_label_invariant,6,747,0.021659039
permutation_label_invariant,6,748,0.011540153
permutation_label_invariant,6,749,0.016769774
permutation_label_invariant,6,750,0.09192526
permutation_label_invariant,6,751,0.013956222
permutation_label_invariant,6,752,0.01326343
permutation_label_invariant,6,753,0.024263833
permutation_label_invariant,6,754,0.07243593
permutation_label_invariant,6,755,0.008036774
permutation_label_invariant,6,756,0.0056700814
permutation_label_invariant,6,757,0.006248941
permutation_label_invariant,6,758,0.014930917
permutation_label_invariant,6,759,0.025166161
permutation_label_invariant,6,760,0.024300512
permutation_label_invariant,6,761,0.0013821791
permutation_label_invariant,6,762,0.042786837
permutation_label_invariant,6,763,0.024432234
permutation_label_invariant,6,764,0.013938576
permutation_label_invariant,6,765,0.037980508
permutation_label_invariant,6,766,0.054793335
permutation_label_invariant,6,767,0.01441946
permutation_label_invariant,6,768,0.0995876
permutation_label_invariant,6,769,0.07199961
permutation_label_invariant,6,770,0.031758618
permutation_label_invariant,6,771,0.10853954
permutation_label_invariant,6,772,0.032240067
permutation_label_invariant,6,773,0.030044613
permutation_label_invariant,6,774,0.037453897
permutation_label_invariant,6,775,0.027018003
permutation_label_invariant,6,776,0.021368701
permutation_label_invariant,6,777,0.07753895
permutation_label_invariant,6,778,0.018685458
permutation_label_invariant,6,779,0.08791673
permutation_label_invariant,6,780,0.054679696
permutation_label_invariant,6,781,0.023892721
permutation_label_invariant,6,782,0.01892622
permutation_label_invariant,6,783,0.016529098
permutation_label_invariant,6,784,0.019279126
permutation_label_invariant,6,785,0.0007903322
permutation_label_invariant,6,786,0.017488347
permutation_label_invariant,6,787,0.04951618
permutation_label_invariant,6,788,0.012698786
permutation_label_invariant,6,789,0.037358463
permutation_label_invariant,6,790,0.03325536
permutation_label_invariant,6,791,0.02782241
permutation_label_invariant,6,792,0.059735153
permutation_label_invariant,6,793,0.018189061
permutation_label_invariant,6,794,0.0068532764
permutation_label_invariant,6,795,0.0035931044
permutation_label_invariant,6,796,0.0046194363
permutation_label_invariant,6,797,0.009518793
permutation_label_invariant,6,798,0.036532238
permutation_label_invariant,6,799,0.018144703
permutation_label_invariant,6,800,0.04879291
permutation_label_invariant,6,801,0.010604978
permutation_label_invariant,6,802,0.015320203
permutation_label_invariant,6,803,0.016382428
permutation_label_invariant,6,804,0.007586226
permutation_label_invariant,6,805,0.016547617
permutation_label_invariant,6,806,0.024807002
permutation_label_invariant,6,807,0.0036564535
permutation_label_invariant,6,808,0.015526841
permutation_label_invariant,6,809,0.029971547
permutation_label_invariant,6,810,0.080744
permutation_label_invariant,6,811,0.07806316
permutation_label_invariant,6,812,0.0072807744
permutation_label_invariant,6,813,0.025520453
permutation_label_invariant,6,814,0.009344213
permutation_label_invariant,6,815,0.024275236
permutation_label_invariant,6,816,0.0055853226
permutation_label_invariant,6,817,0.029795643
permutation_label_invariant,6,818,0.032894198
permutation_label_invariant,6,819,0.0059796367
permutation_label_invariant,6,820,0.009096613
permutation_label_invariant,6,821,0.015777307
permutation_label_invariant,6,822,0.015299045
permutation_label_invariant,6,823,0.088773064
permutation_label_invariant,6,824,0.04414121
permutation_label_invariant,6,825,0.05249571
permutation_label_invariant,6,826,0.021372855
permutation_label_invariant,6,827,0.010119529
permutation_label_invariant,6,828,0.00371841
permutation_label_invariant,6,829,0.0342871
permutation_label_invariant,6,830,0.0040954156
permutation_label_invariant,6,831,0.007221471
permutation_label_invariant,6,832,0.012684175
permutation_label_invariant,6,833,0.011542946
permutation_label_invariant,6,834,0.09652108
permutation_label_invariant,6,835,0.022258706
permutation_label_invariant,6,836,0.113484085
permutation_label_invariant,6,837,0.052264813
permutation_label_invariant,6,838,0.030606087
permutation_label_invariant,6,839,0.041484058
permutation_label_invariant,6,840,0.043338127
permutation_label_invariant,6,841,0.041764352
permutation_label_invariant,6,842,0.09794034
permutation_label_invariant,6,843,0.017312462
permutation_label_invariant,6,844,0.004759475
permutation_label_invariant,6,845,0.15508491
permutation_label_invariant,6,846,0.107522294
permutation_label_invariant,6,847,0.027277507
permutation_label_invariant,6,848,0.005224442
permutation_label_invariant,6,849,0.062227674
permutation_label_invariant,6,850,0.0052590705
permutation_label_invariant,6,851,0.0052103065
permutation_label_invariant,6,852,0.1420643
permutation_label_invariant,6,853,0.008328266
permutation_label_invariant,7,0,0.0122983325
permutation_label_invariant,7,1,0.00561109
permutation_label_invariant,7,2,0.006202626
permutation_label_invariant,7,3,0.013409641
permutation_label_invariant,7,4,0.08406755
permutation_label_invariant,7,5,0.02175403
permutation_label_invariant,7,6,0.009744665
permutation_label_invariant,7,7,0.028298989
permutation_label_invariant,7,8,0.08974588
permutation_label_invariant,7,9,0.06445442
permutation_label_invariant,7,10,0.026857864
permutation_label_invariant,7,11,0.007633568
permutation_label_invariant,7,12,0.01715446
permutation_label_invariant,7,13,0.007978067
permutation_label_invariant,7,14,0.018204756
permutation_label_invariant,7,15,0.011649329
permutation_label_invariant,7,16,0.03494797
permutation_label_invariant,7,17,0.35453033
permutation_label_invariant,7,18,0.012207261
permutation_label_invariant,7,19,0.0174953
permutation_label_invariant,7,20,0.01874264
permutation_label_invariant,7,21,0.0069649736
permutation_label_invariant,7,22,0.030611247
permutation_label_invariant,7,23,0.006097495
permutation_label_invariant,7,24,0.02294149
permutation_label_invariant,7,25,0.010464055
permutation_label_invariant,7,26,0.047703125
permutation_label_invariant,7,27,0.024378927
permutation_label_invariant,7,28,0.089998394
permutation_label_invariant,7,29,0.029810108
permutation_label_invariant,7,30,0.082506254
permutation_label_invariant,7,31,0.0060660155
permutation_label_invariant,7,32,0.006350167
permutation_label_invariant,7,33,0.0012823548
permutation_label_invariant,7,34,0.08697967
permutation_label_invariant,7,35,0.0064845905
permutation_label_invariant,7,36,0.018621866
permutation_label_invariant,7,37,0.0070512267
permutation_label_invariant,7,38,0.032804836
permutation_label_invariant,7,39,0.012706566
permutation_label_invariant,7,40,0.041143574
permutation_label_invariant,7,41,0.0018438144
permutation_label_invariant,7,42,0.009452118
permutation_label_invariant,7,43,0.054854542
permutation_label_invariant,7,44,0.013208069
permutation_label_invariant,7,45,0.051296733
permutation_label_invariant,7,46,0.025395386
permutation_label_invariant,7,47,0.11418457
permutation_label_invariant,7,48,0.03996221
permutation_label_invariant,7,49,0.007834872
permutation_label_invariant,7,50,0.007452133
permutation_label_invariant,7,51,0.007999507
permutation_label_invariant,7,52,0.013052812
permutation_label_invariant,7,53,0.019275896
permutation_label_invariant,7,54,0.020727042
permutation_label_invariant,7,55,0.0081788255
permutation_label_invariant,7,56,0.025206164
permutation_label_invariant,7,57,0.0063761715
permutation_label_invariant,7,58,0.010583309
permutation_label_invariant,7,59,0.050798558
permutation_label_invariant,7,60,0.0413486
permutation_label_invariant,7,61,0.0040945876
permutation_label_invariant,7,62,0.010742944
permutation_label_invariant,7,63,0.009507917
permutation_label_invariant,7,64,0.017133035
permutation_label_invariant,7,65,0.0065531656
permutation_label_invariant,7,66,0.025626078
permutation_label_invariant,7,67,0.034564927
permutation_label_invariant,7,68,0.019082442
permutation_label_invariant,7,69,0.0068177707
permutation_label_invariant,7,70,0.03336923
permutation_label_invariant,7,71,0.014555039
permutation_label_invariant,7,72,0.023994131
permutation_label_invariant,7,73,0.019529343
permutation_label_invariant,7,74,0.011650977
permutation_label_invariant,7,75,0.00538384
permutation_label_invariant,7,76,0.049091138
permutation_label_invariant,7,77,0.0025911718
permutation_label_invariant,7,78,0.050619345
permutation_label_invariant,7,79,0.03203174
permutation_label_invariant,7,80,0.010812697
permutation_label_invariant,7,81,0.017478403
permutation_label_invariant,7,82,0.040193617
permutation_label_invariant,7,83,0.008964993
permutation_label_invariant,7,84,0.022654656
permutation_label_invariant,7,85,0.01102753
permutation_label_invariant,7,86,0.0895575
permutation_label_invariant,7,87,0.0030430974
permutation_label_invariant,7,88,0.021853883
permutation_label_invariant,7,89,0.07715303
permutation_label_invariant,7,90,0.021347001
permutation_label_invariant,7,91,0.0131629165
permutation_label_invariant,7,92,0.025596522
permutation_label_invariant,7,93,0.0067539755
permutation_label_invariant,7,94,0.004297069
permutation_label_invariant,7,95,0.07776783
permutation_label_invariant,7,96,0.07586565
permutation_label_invariant,7,97,0.016970675
permutation_label_invariant,7,98,0.008241103
permutation_label_invariant,7,99,0.028885566
permutation_label_invariant,7,100,0.02520654
permutation_label_invariant,7,101,0.018027736
permutation_label_invariant,7,102,0.02606272
permutation_label_invariant,7,103,0.035881136
permutation_label_invariant,7,104,0.004373001
permutation_label_invariant,7,105,0.058952324
permutation_label_invariant,7,106,0.017691484
permutation_label_invariant,7,107,0.016499843
permutation_label_invariant,7,108,0.014887298
permutation_label_invariant,7,109,0.014283642
permutation_label_invariant,7,110,0.019832084
permutation_label_invariant,7,111,0.15909596
permutation_label_invariant,7,112,0.07177274
permutation_label_invariant,7,113,0.01159144
permutation_label_invariant,7,114,0.029876899
permutation_label_invariant,7,115,0.008897468
permutation_label_invariant,7,116,0.05866776
permutation_label_invariant,7,117,0.015017686
permutation_label_invariant,7,118,0.07915114
permutation_label_invariant,7,119,0.027200129
permutation_label_invariant,7,120,0.020948581
permutation_label_invariant,7,121,0.009363489
permutation_label_invariant,7,122,0.022919169
permutation_label_invariant,7,123,0.013304489
permutation_label_invariant,7,124,0.068293154
permutation_label_invariant,7,125,0.033694863
permutation_label_invariant,7,126,0.020578329
permutation_label_invariant,7,127,0.07650172
permutation_label_invariant,7,128,0.016402252
permutation_label_invariant,7,129,0.013541654
permutation_label_invariant,7,130,0.016736634
permutation_label_invariant,7,131,0.031565983
permutation_label_invariant,7,132,0.033955786
permutation_label_invariant,7,133,0.005249169
permutation_label_invariant,7,134,0.0356429
permutation_label_invariant,7,135,0.018432036
permutation_label_invariant,7,136,0.01767763
permutation_label_invariant,7,137,0.0024332511
permutation_label_invariant,7,138,0.012577101
permutation_label_invariant,7,139,0.103318825
permutation_label_invariant,7,140,0.0010457197
permutation_label_invariant,7,141,0.10577054
permutation_label_invariant,7,142,0.020981753
permutation_label_invariant,7,143,0.008214111
permutation_label_invariant,7,144,0.05698652
permutation_label_invariant,7,145,0.0039691823
permutation_label_invariant,7,146,0.01540013
permutation_label_invariant,7,147,0.041150782
permutation_label_invariant,7,148,0.020403739
permutation_label_invariant,7,149,0.070787355
permutation_label_invariant,7,150,0.015183747
permutation_label_invariant,7,151,0.01893267
permutation_label_invariant,7,152,0.021502469
permutation_label_invariant,7,153,0.018973656
permutation_label_invariant,7,154,0.009169104
permutation_label_invariant,7,155,0.016427241
permutation_label_invariant,7,156,0.046111785
permutation_label_invariant,7,157,0.0205989
permutation_label_invariant,7,158,0.025430303
permutation_label_invariant,7,159,0.067061156
permutation_label_invariant,7,160,0.048262894
permutation_label_invariant,7,161,0.014413288
permutation_label_invariant,7,162,0.09449563
permutation_label_invariant,7,163,0.014730267
permutation_label_invariant,7,164,0.0029516052
permutation_label_invariant,7,165,0.01803554
permutation_label_invariant,7,166,0.010118309
permutation_label_invariant,7,167,0.081425905
permutation_label_invariant,7,168,0.02860671
permutation_label_invariant,7,169,0.0050638467
permutation_label_invariant,7,170,0.0853146
permutation_label_invariant,7,171,0.018652648
permutation_label_invariant,7,172,0.020440936
permutation_label_invariant,7,173,0.016888803
permutation_label_invariant,7,174,0.01891271
permutation_label_invariant,7,175,0.007875501
permutation_label_invariant,7,176,0.030803889
permutation_label_invariant,7,177,0.014648048
permutation_label_invariant,7,178,0.014596356
permutation_label_invariant,7,179,0.040052548
permutation_label_invariant,7,180,0.059717357
permutation_label_invariant,7,181,0.014486663
permutation_label_invariant,7,182,0.0036000444
permutation_label_invariant,7,183,0.09301602
permutation_label_invariant,7,184,0.03516703
permutation_label_invariant,7,185,0.017430553
permutation_label_invariant,7,186,0.021391377
permutation_label_invariant,7,187,0.031331256
permutation_label_invariant,7,188,0.019546317
permutation_label_invariant,7,189,0.026490914
permutation_label_invariant,7,190,0.0107036345
permutation_label_invariant,7,191,0.019106511
permutation_label_invariant,7,192,0.006478388
permutation_label_invariant,7,193,0.0071788924
permutation_label_invariant,7,194,0.010094865
permutation_label_invariant,7,195,0.0034428816
permutation_label_invariant,7,196,0.009736074
permutation_label_invariant,7,197,0.0101075275
permutation_label_invariant,7,198,0.023905914
permutation_label_invariant,7,199,0.09185761
permutation_label_invariant,7,200,0.0630324
permutation_label_invariant,7,201,0.017569073
permutation_label_invariant,7,202,0.016300151
permutation_label_invariant,7,203,0.03280819
permutation_label_invariant,7,204,0.0018861789
permutation_label_invariant,7,205,0.005824119
permutation_label_invariant,7,206,0.008825605
permutation_label_invariant,7,207,0.41754347
permutation_label_invariant,7,208,0.02243318
permutation_label_invariant,7,209,0.023981009
permutation_label_invariant,7,210,0.13882537
permutation_label_invariant,7,211,0.020289682
permutation_label_invariant,7,212,0.02848766
permutation_label_invariant,7,213,0.14753273
permutation_label_invariant,7,214,0.018741757
permutation_label_invariant,7,215,0.06962197
permutation_label_invariant,7,216,0.015307711
permutation_label_invariant,7,217,0.033960804
permutation_label_invariant,7,218,0.019422341
permutation_label_invariant,7,219,0.04261231
permutation_label_invariant,7,220,0.03556422
permutation_label_invariant,7,221,0.035573844
permutation_label_invariant,7,222,0.03255271
permutation_label_invariant,7,223,0.020635983
permutation_label_invariant,7,224,0.01927933
permutation_label_invariant,7,225,0.017773518
permutation_label_invariant,7,226,0.012408607
permutation_label_invariant,7,227,0.003498876
permutation_label_invariant,7,228,0.00079886796
permutation_label_invariant,7,229,0.015099022
permutation_label_invariant,7,230,0.02063987
permutation_label_invariant,7,231,0.01877759
permutation_label_invariant,7,232,0.0030793627
permutation_label_invariant,7,233,0.01859963
permutation_label_invariant,7,234,0.007327007
permutation_label_invariant,7,235,0.012565761
permutation_label_invariant,7,236,0.027050745
permutation_label_invariant,7,237,0.012058688
permutation_label_invariant,7,238,0.0052265883
permutation_label_invariant,7,239,0.0059523005
permutation_label_invariant,7,240,0.004108214
permutation_label_invariant,7,241,0.012390235
permutation_label_invariant,7,242,0.12680802
permutation_label_invariant,7,243,0.005063314
permutation_label_invariant,7,244,0.04657817
permutation_label_invariant,7,245,0.0091568455
permutation_label_invariant,7,246,0.03903854
permutation_label_invariant,7,247,0.0040526986
permutation_label_invariant,7,248,0.020076042
permutation_label_invariant,7,249,0.028658323
permutation_label_invariant,7,250,0.011342911
permutation_label_invariant,7,251,0.08374901
permutation_label_invariant,7,252,0.04226862
permutation_label_invariant,7,253,0.01610653
permutation_label_invariant,7,254,0.0017461485
permutation_label_invariant,7,255,0.093424946
permutation_label_invariant,7,256,0.012510344
permutation_label_invariant,7,257,0.004255483
permutation_label_invariant,7,258,0.008787211
permutation_label_invariant,7,259,0.02116506
permutation_label_invariant,7,260,0.010763096
permutation_label_invariant,7,261,0.0076920437
permutation_label_invariant,7,262,0.009794416
permutation_label_invariant,7,263,0.035508156
permutation_label_invariant,7,264,0.020609094
permutation_label_invariant,7,265,0.004743904
permutation_label_invariant,7,266,0.04769192
permutation_label_invariant,7,267,0.025120597
permutation_label_invariant,7,268,0.023453457
permutation_label_invariant,7,269,0.081076026
permutation_label_invariant,7,270,0.029489744
permutation_label_invariant,7,271,0.017176567
permutation_label_invariant,7,272,0.013841444
permutation_label_invariant,7,273,0.004649181
permutation_label_invariant,7,274,0.031955816
permutation_label_invariant,7,275,0.048602775
permutation_label_invariant,7,276,0.06502307
permutation_label_invariant,7,277,0.039577693
permutation_label_invariant,7,278,0.014358779
permutation_label_invariant,7,279,0.005683267
permutation_label_invariant,7,280,0.101458065
permutation_label_invariant,7,281,0.03139668
permutation_label_invariant,7,282,0.025979975
permutation_label_invariant,7,283,0.13468665
permutation_label_invariant,7,284,0.007982058
permutation_label_invariant,7,285,0.039233156
permutation_label_invariant,7,286,0.120452285
permutation_label_invariant,7,287,0.008770879
permutation_label_invariant,7,288,0.009742622
permutation_label_invariant,7,289,0.022059618
permutation_label_invariant,7,290,0.026912104
permutation_label_invariant,7,291,0.016859306
permutation_label_invariant,7,292,0.011434324
permutation_label_invariant,7,293,0.009960583
permutation_label_invariant,7,294,0.04495565
permutation_label_invariant,7,295,0.0073389686
permutation_label_invariant,7,296,0.017407723
permutation_label_invariant,7,297,0.033466805
permutation_label_invariant,7,298,0.0033626952
permutation_label_invariant,7,299,0.0114645725
permutation_label_invariant,7,300,0.011520261
permutation_label_invariant,7,301,0.04725477
permutation_label_invariant,7,302,0.020900775
permutation_label_invariant,7,303,0.041543003
permutation_label_invariant,7,304,0.025799803
permutation_label_invariant,7,305,0.004749754
permutation_label_invariant,7,306,0.031003855
permutation_label_invariant,7,307,0.00083466485
permutation_label_invariant,7,308,0.019465536
permutation_label_invariant,7,309,0.35913974
permutation_label_invariant,7,310,0.032639842
permutation_label_invariant,7,311,0.13149889
permutation_label_invariant,7,312,0.033247128
permutation_label_invariant,7,313,0.026955042
permutation_label_invariant,7,314,0.0023041053
permutation_label_invariant,7,315,0.0066195317
permutation_label_invariant,7,316,0.015156784
permutation_label_invariant,7,317,0.010459201
permutation_label_invariant,7,318,0.029461741
permutation_label_invariant,7,319,0.009484458
permutation_label_invariant,7,320,0.010283502
permutation_label_invariant,7,321,0.009650822
permutation_label_invariant,7,322,0.020162636
permutation_label_invariant,7,323,0.0040455144
permutation_label_invariant,7,324,0.018753195
permutation_label_invariant,7,325,0.023459053
permutation_label_invariant,7,326,0.011364021
permutation_label_invariant,7,327,0.012732587
permutation_label_invariant,7,328,0.016719772
permutation_label_invariant,7,329,0.0015800651
permutation_label_invariant,7,330,0.021136243
permutation_label_invariant,7,331,0.02042787
permutation_label_invariant,7,332,0.01996766
permutation_label_invariant,7,333,0.021128312
permutation_label_invariant,7,334,0.013521641
permutation_label_invariant,7,335,0.0044729533
permutation_label_invariant,7,336,0.017406791
permutation_label_invariant,7,337,0.040531345
permutation_label_invariant,7,338,0.026595738
permutation_label_invariant,7,339,0.04048843
permutation_label_invariant,7,340,0.023260321
permutation_label_invariant,7,341,0.016034808
permutation_label_invariant,7,342,0.006524577
permutation_label_invariant,7,343,0.016484808
permutation_label_invariant,7,344,0.017213712
permutation_label_invariant,7,345,0.023558617
permutation_label_invariant,7,346,0.00832676
permutation_label_invariant,7,347,0.011445042
permutation_label_invariant,7,348,0.008233111
permutation_label_invariant,7,349,0.011298698
permutation_label_invariant,7,350,0.015554793
permutation_label_invariant,7,351,0.04274128
permutation_label_invariant,7,352,0.0074584233
permutation_label_invariant,7,353,0.011563513
permutation_label_invariant,7,354,0.03719747
permutation_label_invariant,7,355,0.003457391
permutation_label_invariant,7,356,0.022086255
permutation_label_invariant,7,357,0.014222899
permutation_label_invariant,7,358,0.017201757
permutation_label_invariant,7,359,0.0026997088
permutation_label_invariant,7,360,0.0038274147
permutation_label_invariant,7,361,0.025536291
permutation_label_invariant,7,362,0.0036010724
permutation_label_invariant,7,363,0.0114819165
permutation_label_invariant,7,364,0.03127864
permutation_label_invariant,7,365,0.0014443469
permutation_label_invariant,7,366,0.018498655
permutation_label_invariant,7,367,0.02026774
permutation_label_invariant,7,368,0.025304362
permutation_label_invariant,7,369,0.0152577385
permutation_label_invariant,7,370,0.010354436
permutation_label_invariant,7,371,0.0145249
permutation_label_invariant,7,372,0.009373965
permutation_label_invariant,7,373,0.015739486
permutation_label_invariant,7,374,0.02169338
permutation_label_invariant,7,375,0.091236964
permutation_label_invariant,7,376,0.0072320295
permutation_label_invariant,7,377,0.03281865
permutation_label_invariant,7,378,0.0008698477
permutation_label_invariant,7,379,0.022460785
permutation_label_invariant,7,380,0.012265891
permutation_label_invariant,7,381,0.016380507
permutation_label_invariant,7,382,0.008764062
permutation_label_invariant,7,383,0.015330737
permutation_label_invariant,7,384,0.025344178
permutation_label_invariant,7,385,0.011592811
permutation_label_invariant,7,386,0.024651695
permutation_label_invariant,7,387,0.021443594
permutation_label_invariant,7,388,0.015373737
permutation_label_invariant,7,389,0.002484525
permutation_label_invariant,7,390,0.024114797
permutation_label_invariant,7,391,0.11410728
permutation_label_invariant,7,392,0.01036634
permutation_label_invariant,7,393,0.044693954
permutation_label_invariant,7,394,0.042458933
permutation_label_invariant,7,395,0.00506589
permutation_label_invariant,7,396,0.009544548
permutation_label_invariant,7,397,0.009573465
permutation_label_invariant,7,398,0.0055439794
permutation_label_invariant,7,399,0.006568457
permutation_label_invariant,7,400,0.08000567
permutation_label_invariant,7,401,0.010295865
permutation_label_invariant,7,402,0.005606028
permutation_label_invariant,7,403,0.09993543
permutation_label_invariant,7,404,0.0057313526
permutation_label_invariant,7,405,0.050502077
permutation_label_invariant,7,406,0.012044396
permutation_label_invariant,7,407,0.0267361
permutation_label_invariant,7,408,0.016874406
permutation_label_invariant,7,409,0.028283032
permutation_label_invariant,7,410,0.020435102
permutation_label_invariant,7,411,0.02164876
permutation_label_invariant,7,412,0.018947473
permutation_label_invariant,7,413,0.088334456
permutation_label_invariant,7,414,0.018376306
permutation_label_invariant,7,415,0.015262097
permutation_label_invariant,7,416,0.03222943
permutation_label_invariant,7,417,0.001929692
permutation_label_invariant,7,418,0.01836484
permutation_label_invariant,7,419,0.01868105
permutation_label_invariant,7,420,0.0085569145
permutation_label_invariant,7,421,0.059090048
permutation_label_invariant,7,422,0.0030726676
permutation_label_invariant,7,423,0.012644736
permutation_label_invariant,7,424,0.01222839
permutation_label_invariant,7,425,0.023377663
permutation_label_invariant,7,426,0.011815327
permutation_label_invariant,7,427,0.016280102
permutation_label_invariant,7,428,0.0070461957
permutation_label_invariant,7,429,0.064954616
permutation_label_invariant,7,430,0.11685637
permutation_label_invariant,7,431,0.029843463
permutation_label_invariant,7,432,0.09547013
permutation_label_invariant,7,433,0.007995028
permutation_label_invariant,7,434,0.0138686355
permutation_label_invariant,7,435,0.010313984
permutation_label_invariant,7,436,0.024375144
permutation_label_invariant,7,437,0.07941564
permutation_label_invariant,7,438,0.01196452
permutation_label_invariant,7,439,0.017471157
permutation_label_invariant,7,440,0.025764305
permutation_label_invariant,7,441,0.019114431
permutation_label_invariant,7,442,0.0059223645
permutation_label_invariant,7,443,0.013740933
permutation_label_invariant,7,444,0.1014754
permutation_label_invariant,7,445,0.0022926088
permutation_label_invariant,7,446,0.025462981
permutation_label_invariant,7,447,0.0085886065
permutation_label_invariant,7,448,0.009455689
permutation_label_invariant,7,449,0.0154621005
permutation_label_invariant,7,450,0.04209366
permutation_label_invariant,7,451,0.015742864
permutation_label_invariant,7,452,0.03701768
permutation_label_invariant,7,453,0.008699909
permutation_label_invariant,7,454,0.015135637
permutation_label_invariant,7,455,0.042578917
permutation_label_invariant,7,456,0.011079975
permutation_label_invariant,7,457,0.016094824
permutation_label_invariant,7,458,0.009132724
permutation_label_invariant,7,459,0.033919197
permutation_label_invariant,7,460,0.14741163
permutation_label_invariant,7,461,0.008431312
permutation_label_invariant,7,462,0.03205965
permutation_label_invariant,7,463,0.024846544
permutation_label_invariant,7,464,0.0037317902
permutation_label_invariant,7,465,0.05110085
permutation_label_invariant,7,466,0.010337586
permutation_label_invariant,7,467,0.010423912
permutation_label_invariant,7,468,0.03512474
permutation_label_invariant,7,469,0.02807857
permutation_label_invariant,7,470,0.099480405
permutation_label_invariant,7,471,0.007666259
permutation_label_invariant,7,472,0.0098736435
permutation_label_invariant,7,473,0.050305083
permutation_label_invariant,7,474,0.015860299
permutation_label_invariant,7,475,0.047597796
permutation_label_invariant,7,476,0.012225324
permutation_label_invariant,7,477,0.018599465
permutation_label_invariant,7,478,0.0033835408
permutation_label_invariant,7,479,0.058671664
permutation_label_invariant,7,480,0.007896776
permutation_label_invariant,7,481,0.004728214
permutation_label_invariant,7,482,0.013985045
permutation_label_invariant,7,483,0.025842514
permutation_label_invariant,7,484,0.018330436
permutation_label_invariant,7,485,0.009691572
permutation_label_invariant,7,486,0.03495287
permutation_label_invariant,7,487,0.027881159
permutation_label_invariant,7,488,0.015438047
permutation_label_invariant,7,489,0.0068782372
permutation_label_invariant,7,490,0.010014312
permutation_label_invariant,7,491,0.01291327
permutation_label_invariant,7,492,0.013640916
permutation_label_invariant,7,493,0.0096981
permutation_label_invariant,7,494,0.006223273
permutation_label_invariant,7,495,0.005920496
permutation_label_invariant,7,496,0.023837093
permutation_label_invariant,7,497,0.0060743825
permutation_label_invariant,7,498,0.038504332
permutation_label_invariant,7,499,0.029967347
permutation_label_invariant,7,500,0.019190721
permutation_label_invariant,7,501,0.027725276
permutation_label_invariant,7,502,0.013886131
permutation_label_invariant,7,503,0.023107897
permutation_label_invariant,7,504,0.013924175
permutation_label_invariant,7,505,0.03132768
permutation_label_invariant,7,506,0.0050046425
permutation_label_invariant,7,507,0.0041774595
permutation_label_invariant,7,508,0.0109925065
permutation_label_invariant,7,509,0.0055455
permutation_label_invariant,7,510,0.038393874
permutation_label_invariant,7,511,0.0021647736
permutation_label_invariant,7,512,0.009203308
permutation_label_invariant,7,513,0.010859765
permutation_label_invariant,7,514,0.0047937944
permutation_label_invariant,7,515,0.016165428
permutation_label_invariant,7,516,0.011983244
permutation_label_invariant,7,517,0.015274996
permutation_label_invariant,7,518,0.012810582
permutation_label_invariant,7,519,0.0030177303
permutation_label_invariant,7,520,0.014800286
permutation_label_invariant,7,521,0.0111253075
permutation_label_invariant,7,522,0.03209172
permutation_label_invariant,7,523,0.010930987
permutation_label_invariant,7,524,0.002300495
permutation_label_invariant,7,525,0.030224867
permutation_label_invariant,7,526,0.016843338
permutation_label_invariant,7,527,0.054057874
permutation_label_invariant,7,528,0.023580026
permutation_label_invariant,7,529,0.0077847107
permutation_label_invariant,7,530,0.010266919
permutation_label_invariant,7,531,0.018004272
permutation_label_invariant,7,532,0.013432046
permutation_label_invariant,7,533,0.009933399
permutation_label_invariant,7,534,0.003679862
permutation_label_invariant,7,535,0.03879574
permutation_label_invariant,7,536,0.0035476987
permutation_label_invariant,7,537,0.016082484
permutation_label_invariant,7,538,0.08006629
permutation_label_invariant,7,539,0.048538487
permutation_label_invariant,7,540,0.005773237
permutation_label_invariant,7,541,0.04311014
permutation_label_invariant,7,542,0.0099224225
permutation_label_invariant,7,543,0.016564896
permutation_label_invariant,7,544,0.006069991
permutation_label_invariant,7,545,0.008218665
permutation_label_invariant,7,546,0.014544787
permutation_label_invariant,7,547,0.0081733
permutation_label_invariant,7,548,0.010249348
permutation_label_invariant,7,549,0.03594411
permutation_label_invariant,7,550,0.042695753
permutation_label_invariant,7,551,0.014553924
permutation_label_invariant,7,552,0.014939983
permutation_label_invariant,7,553,0.02189817
permutation_label_invariant,7,554,0.021383395
permutation_label_invariant,7,555,0.012570279
permutation_label_invariant,7,556,0.01425767
permutation_label_invariant,7,557,0.03318561
permutation_label_invariant,7,558,0.04313191
permutation_label_invariant,7,559,0.05591636
permutation_label_invariant,7,560,0.013980111
permutation_label_invariant,7,561,0.007836747
permutation_label_invariant,7,562,0.020361591
permutation_label_invariant,7,563,0.051803928
permutation_label_invariant,7,564,0.0045183105
permutation_label_invariant,7,565,0.009075916
permutation_label_invariant,7,566,0.010622319
permutation_label_invariant,7,567,0.12145144
permutation_label_invariant,7,568,0.14331171
permutation_label_invariant,7,569,0.0072308863
permutation_label_invariant,7,570,0.038986597
permutation_label_invariant,7,571,0.002451568
permutation_label_invariant,7,572,0.023044653
permutation_label_invariant,7,573,0.0072477316
permutation_label_invariant,7,574,0.005804252
permutation_label_invariant,7,575,0.01410583
permutation_label_invariant,7,576,0.01364729
permutation_label_invariant,7,577,0.12430012
permutation_label_invariant,7,578,0.029311625
permutation_label_invariant,7,579,0.029988218
permutation_label_invariant,7,580,0.03331499
permutation_label_invariant,7,581,0.16907303
permutation_label_invariant,7,582,0.086784184
permutation_label_invariant,7,583,0.014582127
permutation_label_invariant,7,584,0.027410362
permutation_label_invariant,7,585,0.015561949
permutation_label_invariant,7,586,0.009844607
permutation_label_invariant,7,587,0.021783879
permutation_label_invariant,7,588,0.012067322
permutation_label_invariant,7,589,0.032519534
permutation_label_invariant,7,590,0.025429696
permutation_label_invariant,7,591,0.018383265
permutation_label_invariant,7,592,0.003414235
permutation_label_invariant,7,593,0.0708106
permutation_label_invariant,7,594,0.009662035
permutation_label_invariant,7,595,0.046804473
permutation_label_invariant,7,596,0.013130596
permutation_label_invariant,7,597,0.029959127
permutation_label_invariant,7,598,0.019200224
permutation_label_invariant,7,599,0.014089577
permutation_label_invariant,7,600,0.07960246
permutation_label_invariant,7,601,0.027676601
permutation_label_invariant,7,602,0.0049761334
permutation_label_invariant,7,603,0.035651922
permutation_label_invariant,7,604,0.104548454
permutation_label_invariant,7,605,0.021427318
permutation_label_invariant,7,606,0.028464088
permutation_label_invariant,7,607,0.010417272
permutation_label_invariant,7,608,0.030039597
permutation_label_invariant,7,609,0.009497821
permutation_label_invariant,7,610,0.043624748
permutation_label_invariant,7,611,0.027392257
permutation_label_invariant,7,612,0.028361756
permutation_label_invariant,7,613,0.008094711
permutation_label_invariant,7,614,0.0018019823
permutation_label_invariant,7,615,0.1305178
permutation_label_invariant,7,616,0.009031779
permutation_label_invariant,7,617,0.013004877
permutation_label_invariant,7,618,0.022974815
permutation_label_invariant,7,619,0.050669864
permutation_label_invariant,7,620,0.019880958
permutation_label_invariant,7,621,0.03070394
permutation_label_invariant,7,622,0.019489018
permutation_label_invariant,7,623,0.008537803
permutation_label_invariant,7,624,0.0044036624
permutation_label_invariant,7,625,0.056743972
permutation_label_invariant,7,626,0.009761524
permutation_label_invariant,7,627,0.012758931
permutation_label_invariant,7,628,0.12093267
permutation_label_invariant,7,629,0.16321823
permutation_label_invariant,7,630,0.017568756
permutation_label_invariant,7,631,0.024816386
permutation_label_invariant,7,632,0.015876608
permutation_label_invariant,7,633,0.027437653
permutation_label_invariant,7,634,0.034798034
permutation_label_invariant,7,635,0.005637721
permutation_label_invariant,7,636,0.011248185
permutation_label_invariant,7,637,0.012866916
permutation_label_invariant,7,638,0.022616755
permutation_label_invariant,7,639,0.00678988
permutation_label_invariant,7,640,0.014129542
permutation_label_invariant,7,641,0.036377765
permutation_label_invariant,7,642,0.01870422
permutation_label_invariant,7,643,0.008331306
permutation_label_invariant,7,644,0.008411957
permutation_label_invariant,7,645,0.008858676
permutation_label_invariant,7,646,0.005797863
permutation_label_invariant,7,647,0.040431257
permutation_label_invariant,7,648,0.004784085
permutation_label_invariant,7,649,0.065440066
permutation_label_invariant,7,650,0.03382469
permutation_label_invariant,7,651,0.15321182
permutation_label_invariant,7,652,0.03314816
permutation_label_invariant,7,653,0.015801782
permutation_label_invariant,7,654,0.11774531
permutation_label_invariant,7,655,0.017308783
permutation_label_invariant,7,656,0.013260743
permutation_label_invariant,7,657,0.0028730007
permutation_label_invariant,7,658,0.11395505
permutation_label_invariant,7,659,0.038812928
permutation_label_invariant,7,660,0.016714334
permutation_label_invariant,7,661,0.029479805
permutation_label_invariant,7,662,0.04437498
permutation_label_invariant,7,663,0.103099614
permutation_label_invariant,7,664,0.0062418296
permutation_label_invariant,7,665,0.028918192
permutation_label_invariant,7,666,0.011140221
permutation_label_invariant,7,667,0.013492638
permutation_label_invariant,7,668,0.009805301
permutation_label_invariant,7,669,0.028454203
permutation_label_invariant,7,670,0.012861056
permutation_label_invariant,7,671,0.22276857
permutation_label_invariant,7,672,0.1296897
permutation_label_invariant,7,673,0.017979832
permutation_label_invariant,7,674,0.009757083
permutation_label_invariant,7,675,0.01851772
permutation_label_invariant,7,676,0.008480513
permutation_label_invariant,7,677,0.034283876
permutation_label_invariant,7,678,0.012853307
permutation_label_invariant,7,679,0.006577292
permutation_label_invariant,7,680,0.009481996
permutation_label_invariant,7,681,0.032857932
permutation_label_invariant,7,682,0.029809922
permutation_label_invariant,7,683,0.010949986
permutation_label_invariant,7,684,0.0267147
permutation_label_invariant,7,685,0.01202225
permutation_label_invariant,7,686,0.00492359
permutation_label_invariant,7,687,0.10384457
permutation_label_invariant,7,688,0.007818399
permutation_label_invariant,7,689,0.008868666
permutation_label_invariant,7,690,0.014308539
permutation_label_invariant,7,691,0.040784676
permutation_label_invariant,7,692,0.029257443
permutation_label_invariant,7,693,0.03224078
permutation_label_invariant,7,694,0.02051431
permutation_label_invariant,7,695,0.044289604
permutation_label_invariant,7,696,0.03145628
permutation_label_invariant,7,697,0.032669738
permutation_label_invariant,7,698,0.004650626
permutation_label_invariant,7,699,0.03904555
permutation_label_invariant,7,700,0.00023431296
permutation_label_invariant,7,701,0.012144554
permutation_label_invariant,7,702,0.10096798
permutation_label_invariant,7,703,0.015073812
permutation_label_invariant,7,704,0.13019392
permutation_label_invariant,7,705,0.018971201
permutation_label_invariant,7,706,0.10003849
permutation_label_invariant,7,707,0.022424038
permutation_label_invariant,7,708,0.026827957
permutation_label_invariant,7,709,0.009607392
permutation_label_invariant,7,710,0.034060992
permutation_label_invariant,7,711,0.028933931
permutation_label_invariant,7,712,0.0036516904
permutation_label_invariant,7,713,0.034773193
permutation_label_invariant,7,714,0.08741458
permutation_label_invariant,7,715,0.010332506
permutation_label_invariant,7,716,0.029276289
permutation_label_invariant,7,717,0.0167125
permutation_label_invariant,7,718,0.0057368786
permutation_label_invariant,7,719,0.112517476
permutation_label_invariant,7,720,0.0038935333
permutation_label_invariant,7,721,0.0040053437
permutation_label_invariant,7,722,0.005398695
permutation_label_invariant,7,723,0.022577072
permutation_label_invariant,7,724,0.0051085707
permutation_label_invariant,7,725,0.010065342
permutation_label_invariant,7,726,0.021514975
permutation_label_invariant,7,727,0.023600027
permutation_label_invariant,7,728,0.022885121
permutation_label_invariant,7,729,0.012665883
permutation_label_invariant,7,730,0.031557642
permutation_label_invariant,7,731,0.26745152
permutation_label_invariant,7,732,0.036807053
permutation_label_invariant,7,733,0.006057157
permutation_label_invariant,7,734,0.008628162
permutation_label_invariant,7,735,0.028031863
permutation_label_invariant,7,736,0.023581734
permutation_label_invariant,7,737,0.053743698
permutation_label_invariant,7,738,0.027724016
permutation_label_invariant,7,739,0.0029698242
permutation_label_invariant,7,740,0.0043920223
permutation_label_invariant,7,741,0.023222635
permutation_label_invariant,7,742,0.04616215
permutation_label_invariant,7,743,0.041356906
permutation_label_invariant,7,744,0.018010814
permutation_label_invariant,7,745,0.11605041
permutation_label_invariant,7,746,0.031339347
permutation_label_invariant,7,747,0.03810152
permutation_label_invariant,7,748,0.056475434
permutation_label_invariant,7,749,0.013478968
permutation_label_invariant,7,750,0.26617625
permutation_label_invariant,7,751,0.00840241
permutation_label_invariant,7,752,0.002727658
permutation_label_invariant,7,753,0.019722257
permutation_label_invariant,7,754,0.006431042
permutation_label_invariant,7,755,0.0039899116
permutation_label_invariant,7,756,0.024790926
permutation_label_invariant,7,757,0.020091265
permutation_label_invariant,7,758,0.028484266
permutation_label_invariant,7,759,0.02499914
permutation_label_invariant,7,760,0.010438304
permutation_label_invariant,7,761,0.124211855
permutation_label_invariant,7,762,0.04735997
permutation_label_invariant,7,763,0.01729184
permutation_label_invariant,7,764,0.057098612
permutation_label_invariant,7,765,0.023721948
permutation_label_invariant,7,766,0.051018555
permutation_label_invariant,7,767,0.0059176777
permutation_label_invariant,7,768,0.016566347
permutation_label_invariant,7,769,0.05070772
permutation_label_invariant,7,770,0.022040622
permutation_label_invariant,7,771,0.11633499
permutation_label_invariant,7,772,0.07330693
permutation_label_invariant,7,773,0.18542199
permutation_label_invariant,7,774,0.00847472
permutation_label_invariant,7,775,0.024991825
permutation_label_invariant,7,776,0.021428294
permutation_label_invariant,7,777,0.033289973
permutation_label_invariant,7,778,0.025744293
permutation_label_invariant,7,779,0.008588758
permutation_label_invariant,7,780,0.01483492
permutation_label_invariant,7,781,0.012564836
permutation_label_invariant,7,782,0.0019175212
permutation_label_invariant,7,783,0.047937322
permutation_label_invariant,7,784,0.021652441
permutation_label_invariant,7,785,0.037144132
permutation_label_invariant,7,786,0.028516961
permutation_label_invariant,7,787,0.006245029
permutation_label_invariant,7,788,0.021475172
permutation_label_invariant,7,789,0.009029305
permutation_label_invariant,7,790,0.018082304
permutation_label_invariant,7,791,0.011906059
permutation_label_invariant,7,792,0.1597417
permutation_label_invariant,7,793,0.026198283
permutation_label_invariant,7,794,0.0045949887
permutation_label_invariant,7,795,0.018200282
permutation_label_invariant,7,796,0.016740106
permutation_label_invariant,7,797,0.028464608
permutation_label_invariant,7,798,0.046960376
permutation_label_invariant,7,799,0.006956889
permutation_label_invariant,7,800,0.0037502798
permutation_label_invariant,7,801,0.011042055
permutation_label_invariant,7,802,0.015781907
permutation_label_invariant,7,803,0.013320183
permutation_label_invariant,7,804,0.007421765
permutation_label_invariant,7,805,0.06505379
permutation_label_invariant,7,806,0.06457702
permutation_label_invariant,7,807,0.011451827
permutation_label_invariant,7,808,0.011365438
permutation_label_invariant,7,809,0.008790316
permutation_label_invariant,7,810,0.051638283
permutation_label_invariant,7,811,0.003313757
permutation_label_invariant,7,812,0.010733414
permutation_label_invariant,7,813,0.020669024
permutation_label_invariant,7,814,0.15155287
permutation_label_invariant,7,815,0.017042762
permutation_label_invariant,7,816,0.0031392965
permutation_label_invariant,7,817,0.08365887
permutation_label_invariant,7,818,0.27872872
permutation_label_invariant,7,819,0.32595384
permutation_label_invariant,7,820,0.01428881
permutation_label_invariant,7,821,0.024770759
permutation_label_invariant,7,822,0.046383563
permutation_label_invariant,7,823,0.014305383
permutation_label_invariant,7,824,0.048355978
permutation_label_invariant,7,825,0.021751497
permutation_label_invariant,7,826,0.091963395
permutation_label_invariant,7,827,0.024676194
permutation_label_invariant,7,828,0.024410238
permutation_label_invariant,7,829,0.015575445
permutation_label_invariant,7,830,0.060500305
permutation_label_invariant,7,831,0.04811863
permutation_label_invariant,7,832,0.0054291575
permutation_label_invariant,7,833,0.009331598
permutation_label_invariant,7,834,0.0076929126
permutation_label_invariant,7,835,0.01663227
permutation_label_invariant,7,836,0.06277134
permutation_label_invariant,7,837,0.00936253
permutation_label_invariant,7,838,0.014482157
permutation_label_invariant,7,839,0.0197343
permutation_label_invariant,7,840,0.0070240377
permutation_label_invariant,7,841,0.03140994
permutation_label_invariant,7,842,0.0069940626
permutation_label_invariant,7,843,0.009056787
permutation_label_invariant,7,844,0.057264537
permutation_label_invariant,7,845,0.0821013
permutation_label_invariant,7,846,0.0050380975
permutation_label_invariant,7,847,0.041108415
permutation_label_invariant,7,848,0.013621198
permutation_label_invariant,7,849,0.015679922
permutation_label_invariant,7,850,0.018313598
permutation_label_invariant,7,851,0.06512104
permutation_label_invariant,7,852,0.025960261
permutation_label_invariant,7,853,0.030152142
permutation_random,0,0,0.03442869
permutation_random,0,1,0.28561485
permutation_random,0,2,0.027664106
permutation_random,0,3,0.030470282
permutation_random,0,4,0.026716188
permutation_random,0,5,0.25499386
permutation_random,0,6,0.056253247
permutation_random,0,7,0.0064872997
permutation_random,0,8,0.0075637624
permutation_random,0,9,0.10978292
permutation_random,0,10,0.009521477
permutation_random,0,11,0.003648399
permutation_random,0,12,0.018431745
permutation_random,0,13,0.006015462
permutation_random,0,14,0.015685659
permutation_random,0,15,0.039531916
permutation_random,0,16,0.011846593
permutation_random,0,17,0.34805652
permutation_random,0,18,0.01583193
permutation_random,0,19,0.013221744
permutation_random,0,20,0.02521498
permutation_random,0,21,0.0045546303
permutation_random,0,22,0.016017327
permutation_random,0,23,0.026236018
permutation_random,0,24,0.001547311
permutation_random,0,25,0.01107965
permutation_random,0,26,0.045911565
permutation_random,0,27,0.015509739
permutation_random,0,28,0.038337193
permutation_random,0,29,0.3599988
permutation_random,0,30,0.11833382
permutation_random,0,31,0.3635205
permutation_random,0,32,0.011372309
permutation_random,0,33,0.0048881182
permutation_random,0,34,0.004911958
permutation_random,0,35,0.01673384
permutation_random,0,36,0.09381366
permutation_random,0,37,0.026222965
permutation_random,0,38,0.042288247
permutation_random,0,39,0.0871552
permutation_random,0,40,0.0031947847
permutation_random,0,41,0.015630428
permutation_random,0,42,0.35005695
permutation_random,0,43,0.040522065
permutation_random,0,44,0.03240771
permutation_random,0,45,0.0049145864
permutation_random,0,46,0.0061799465
permutation_random,0,47,0.0056008883
permutation_random,0,48,0.027611952
permutation_random,0,49,0.01501295
permutation_random,0,50,0.006616691
permutation_random,0,51,0.030160096
permutation_random,0,52,0.050444532
permutation_random,0,53,0.0075397347
permutation_random,0,54,0.013761129
permutation_random,0,55,0.010080652
permutation_random,0,56,0.100271
permutation_random,0,57,0.016164962
permutation_random,0,58,0.017209677
permutation_random,0,59,0.014967252
permutation_random,0,60,0.006863589
permutation_random,0,61,0.0116599295
permutation_random,0,62,0.027496543
permutation_random,0,63,0.04002078
permutation_random,0,64,0.35024887
permutation_random,0,65,0.015968768
permutation_random,0,66,0.01558948
permutation_random,0,67,0.008882273
permutation_random,0,68,0.03674323
permutation_random,0,69,0.026194457
permutation_random,0,70,0.073246226
permutation_random,0,71,0.008336368
permutation_random,0,72,0.102517046
permutation_random,0,73,0.03019381
permutation_random,0,74,0.034722805
permutation_random,0,75,0.020762794
permutation_random,0,76,0.06309385
permutation_random,0,77,0.019831993
permutation_random,0,78,0.007388407
permutation_random,0,79,0.004251669
permutation_random,0,80,0.01875473
permutation_random,0,81,0.006132057
permutation_random,0,82,0.049996477
permutation_random,0,83,0.07578662
permutation_random,0,84,0.06358771
permutation_random,0,85,0.0018810199
permutation_random,0,86,0.22355226
permutation_random,0,87,0.007844075
permutation_random,0,88,0.019834744
permutation_random,0,89,0.023501176
permutation_random,0,90,0.023177339
permutation_random,0,91,0.027257454
permutation_random,0,92,0.012460193
permutation_random,0,93,0.007592102
permutation_random,0,94,0.01210834
permutation_random,0,95,0.076543026
permutation_random,0,96,0.08265687
permutation_random,0,97,0.18816046
permutation_random,0,98,0.037335183
permutation_random,0,99,0.022443842
permutation_random,0,100,0.011212725
permutation_random,0,101,0.014383857
permutation_random,0,102,0.019389814
permutation_random,0,103,0.02017783
permutation_random,0,104,0.022574805
permutation_random,0,105,0.12795791
permutation_random,0,106,0.040078364
permutation_random,0,107,0.020583484
permutation_random,0,108,0.017574415
permutation_random,0,109,0.022127362
permutation_random,0,110,0.023638312
permutation_random,0,111,0.009353531
permutation_random,0,112,0.0065375306
permutation_random,0,113,0.022440081
permutation_random,0,114,0.00799457
permutation_random,0,115,0.016182972
permutation_random,0,116,0.07400134
permutation_random,0,117,0.010597108
permutation_random,0,118,0.018020274
permutation_random,0,119,0.12079085
permutation_random,0,120,0.03128448
permutation_random,0,121,0.041019566
permutation_random,0,122,0.019579832
permutation_random,0,123,0.011811644
permutation_random,0,124,0.01955765
permutation_random,0,125,0.019511089
permutation_random,0,126,0.010467346
permutation_random,0,127,0.033776246
permutation_random,0,128,0.25896505
permutation_random,0,129,0.030989312
permutation_random,0,130,0.10187501
permutation_random,0,131,0.025149595
permutation_random,0,132,0.100753665
permutation_random,0,133,0.07174973
permutation_random,0,134,0.014762089
permutation_random,0,135,0.010261035
permutation_random,0,136,0.012961275
permutation_random,0,137,0.012089366
permutation_random,0,138,0.010939283
permutation_random,0,139,0.014869473
permutation_random,0,140,0.030556114
permutation_random,0,141,0.02517419
permutation_random,0,142,0.008236431
permutation_random,0,143,0.010399509
permutation_random,0,144,0.05207801
permutation_random,0,145,0.0041978434
permutation_random,0,146,0.005819679
permutation_random,0,147,0.019669652
permutation_random,0,148,0.029440869
permutation_random,0,149,0.03629623
permutation_random,0,150,0.017662104
permutation_random,0,151,0.005703203
permutation_random,0,152,0.028130006
permutation_random,0,153,0.018281858
permutation_random,0,154,0.059775613
permutation_random,0,155,0.03724735
permutation_random,0,156,0.07532247
permutation_random,0,157,0.029584445
permutation_random,0,158,0.023679852
permutation_random,0,159,0.06911549
permutation_random,0,160,0.012309695
permutation_random,0,161,0.024773173
permutation_random,0,162,0.0044586696
permutation_random,0,163,0.015964083
permutation_random,0,164,0.023149606
permutation_random,0,165,0.0033224842
permutation_random,0,166,0.024162006
permutation_random,0,167,0.005094915
permutation_random,0,168,0.106494784
permutation_random,0,169,0.021470103
permutation_random,0,170,0.020592444
permutation_random,0,171,0.042606495
permutation_random,0,172,0.05503884
permutation_random,0,173,0.0019537413
permutation_random,0,174,0.023876768
permutation_random,0,175,0.01960009
permutation_random,0,176,0.011179805
permutation_random,0,177,0.0035459579
permutation_random,0,178,0.23310286
permutation_random,0,179,0.06197459
permutation_random,0,180,0.0039991196
permutation_random,0,181,0.0023206389
permutation_random,0,182,0.01838015
permutation_random,0,183,0.06752654
permutation_random,0,184,0.012583117
permutation_random,0,185,0.02517933
permutation_random,0,186,0.031518098
permutation_random,0,187,0.33973563
permutation_random,0,188,0.009816451
permutation_random,0,189,0.018469555
permutation_random,0,190,0.018395785
permutation_random,0,191,0.005844686
permutation_random,0,192,0.0028300195
permutation_random,0,193,0.0062410156
permutation_random,0,194,0.026563628
permutation_random,0,195,0.0058297375
permutation_random,0,196,0.1621868
permutation_random,0,197,0.03965962
permutation_random,0,198,0.021730391
permutation_random,0,199,0.0030811098
permutation_random,0,200,0.0060142134
permutation_random,0,201,0.015788719
permutation_random,0,202,0.0042015677
permutation_random,0,203,0.0017133642
permutation_random,0,204,0.09276935
permutation_random,0,205,0.020236837
permutation_random,0,206,0.026955798
permutation_random,0,207,0.09894635
permutation_random,0,208,0.010502018
permutation_random,0,209,0.14719552
permutation_random,0,210,0.26432708
permutation_random,0,211,0.021739308
permutation_random,0,212,0.10207724
permutation_random,0,213,0.012126149
permutation_random,0,214,0.027023882
permutation_random,0,215,0.027488397
permutation_random,0,216,0.09542243
permutation_random,0,217,0.016835768
permutation_random,0,218,0.005985604
permutation_random,0,219,0.1367387
permutation_random,0,220,0.018104685
permutation_random,0,221,0.010850482
permutation_random,0,222,0.01044543
permutation_random,0,223,0.0063087973
permutation_random,0,224,0.024459485
permutation_random,0,225,0.18836576
permutation_random,0,226,0.020948956
permutation_random,0,227,0.028330935
permutation_random,0,228,0.022475962
permutation_random,0,229,0.010262825
permutation_random,0,230,0.012818561
permutation_random,0,231,0.008817719
permutation_random,0,232,0.007403748
permutation_random,0,233,0.019290425
permutation_random,0,234,0.013334143
permutation_random,0,235,0.003918656
permutation_random,0,236,0.06290204
permutation_random,0,237,0.00317699
permutation_random,0,238,0.025445454
permutation_random,0,239,0.07238157
permutation_random,0,240,0.008705642
permutation_random,0,241,0.03691998
permutation_random,0,242,0.08837335
permutation_random,0,243,0.023806667
permutation_random,0,244,0.049005844
permutation_random,0,245,0.03415993
permutation_random,0,246,0.020567287
permutation_random,0,247,0.025946958
permutation_random,0,248,0.05424011
permutation_random,0,249,0.024644185
permutation_random,0,250,0.030443551
permutation_random,0,251,0.010831917
permutation_random,0,252,0.008946121
permutation_random,0,253,0.009145879
permutation_random,0,254,0.022568688
permutation_random,0,255,0.01587632
permutation_random,0,256,0.014104397
permutation_random,0,257,0.024319738
permutation_random,0,258,0.016110271
permutation_random,0,259,0.011777323
permutation_random,0,260,0.022770662
permutation_random,0,261,0.032072037
permutation_random,0,262,0.0993513
permutation_random,0,263,0.026635293
permutation_random,0,264,0.008806353
permutation_random,0,265,0.010059772
permutation_random,0,266,0.027791115
permutation_random,0,267,0.011532472
permutation_random,0,268,0.14894451
permutation_random,0,269,0.07852122
permutation_random,0,270,0.039063063
permutation_random,0,271,0.02645425
permutation_random,0,272,0.0324272
permutation_random,0,273,0.011418233
permutation_random,0,274,0.030642323
permutation_random,0,275,0.11566049
permutation_random,0,276,0.035739128
permutation_random,0,277,0.015622103
permutation_random,0,278,0.004961918
permutation_random,0,279,0.0658766
permutation_random,0,280,0.036807083
permutation_random,0,281,0.066853374
permutation_random,0,282,0.11310654
permutation_random,0,283,0.014746085
permutation_random,0,284,0.011700882
permutation_random,0,285,0.026502792
permutation_random,0,286,0.07777265
permutation_random,0,287,0.08794179
permutation_random,0,288,0.036383055
permutation_random,0,289,0.018091392
permutation_random,0,290,0.0029884363
permutation_random,0,291,0.17287108
permutation_random,0,292,0.03803242
permutation_random,0,293,0.019303732
permutation_random,0,294,0.017095499
permutation_random,0,295,0.12526308
permutation_random,0,296,0.017001836
permutation_random,0,297,0.017616415
permutation_random,0,298,0.10003521
permutation_random,0,299,0.0072634565
permutation_random,0,300,0.003554264
permutation_random,0,301,0.008866467
permutation_random,0,302,0.12373403
permutation_random,0,303,0.023141675
permutation_random,0,304,0.06566752
permutation_random,0,305,0.087699674
permutation_random,0,306,0.06281928
permutation_random,0,307,0.109784156
permutation_random,0,308,0.038678076
permutation_random,0,309,0.015005536
permutation_random,0,310,0.046786096
permutation_random,0,311,0.018487813
permutation_random,0,312,0.007283779
permutation_random,0,313,0.06428495
permutation_random,0,314,0.03148606
permutation_random,0,315,0.008478802
permutation_random,0,316,0.0028684684
permutation_random,0,317,0.0073830006
permutation_random,0,318,0.034879126
permutation_random,0,319,0.11280458
permutation_random,0,320,0.07128637
permutation_random,0,321,0.049412426
permutation_random,0,322,0.01885612
permutation_random,0,323,0.007815115
permutation_random,0,324,0.011744637
permutation_random,0,325,0.018815706
permutation_random,0,326,0.036739632
permutation_random,0,327,0.01570823
permutation_random,0,328,0.006865656
permutation_random,0,329,0.012147449
permutation_random,0,330,0.011770975
permutation_random,0,331,0.022240745
permutation_random,0,332,0.015494499
permutation_random,0,333,0.044581383
permutation_random,0,334,0.008428426
permutation_random,0,335,0.16004026
permutation_random,0,336,0.02501585
permutation_random,0,337,0.009259157
permutation_random,0,338,0.017159337
permutation_random,0,339,0.0055539995
permutation_random,0,340,0.02581854
permutation_random,0,341,0.21878728
permutation_random,0,342,0.0052606883
permutation_random,0,343,0.009398825
permutation_random,0,344,0.021936722
permutation_random,0,345,0.20533726
permutation_random,0,346,0.028027538
permutation_random,0,347,0.005040646
permutation_random,0,348,0.0035670842
permutation_random,0,349,0.02840643
permutation_random,0,350,0.030214813
permutation_random,0,351,0.050230168
permutation_random,0,352,0.04098369
permutation_random,0,353,0.01784818
permutation_random,0,354,0.07428777
permutation_random,0,355,0.02881722
permutation_random,0,356,0.029479532
permutation_random,0,357,0.015677717
permutation_random,0,358,0.013679024
permutation_random,0,359,0.0019324196
permutation_random,0,360,0.00821358
permutation_random,0,361,0.06042038
permutation_random,0,362,0.006645571
permutation_random,0,363,0.02221419
permutation_random,0,364,0.046907265
permutation_random,0,365,0.0046127615
permutation_random,0,366,0.003221726
permutation_random,0,367,0.0068200957
permutation_random,0,368,0.024244398
permutation_random,0,369,0.027604602
permutation_random,0,370,0.05763425
permutation_random,0,371,0.01935779
permutation_random,0,372,0.008433714
permutation_random,0,373,0.009950323
permutation_random,0,374,0.011242386
permutation_random,0,375,0.006525158
permutation_random,0,376,0.0061254892
permutation_random,0,377,0.023857735
permutation_random,0,378,0.042788144
permutation_random,0,379,0.11264935
permutation_random,0,380,0.10050319
permutation_random,0,381,0.086217314
permutation_random,0,382,0.010485774
permutation_random,0,383,0.022977805
permutation_random,0,384,0.026137546
permutation_random,0,385,0.015030288
permutation_random,0,386,0.010864709
permutation_random,0,387,0.010246844
permutation_random,0,388,0.14599736
permutation_random,0,389,0.01440097
permutation_random,0,390,0.022179598
permutation_random,0,391,0.013401423
permutation_random,0,392,0.02496611
permutation_random,0,393,0.04620293
permutation_random,0,394,0.021361694
permutation_random,0,395,0.16125843
permutation_random,0,396,0.03614757
permutation_random,0,397,0.00883261
permutation_random,0,398,0.09150756
permutation_random,0,399,0.030120246
permutation_random,0,400,0.029421631
permutation_random,0,401,0.0655412
permutation_random,0,402,0.0061048204
permutation_random,0,403,0.043056544
permutation_random,0,404,0.026993202
permutation_random,0,405,0.004793171
permutation_random,0,406,0.015913976
permutation_random,0,407,0.012324236
permutation_random,0,408,0.026408538
permutation_random,0,409,0.055622317
permutation_random,0,410,0.009301629
permutation_random,0,411,0.009935148
permutation_random,0,412,0.011777697
permutation_random,0,413,0.0074231634
permutation_random,0,414,0.009934761
permutation_random,0,415,0.015509788
permutation_random,0,416,0.017286323
permutation_random,0,417,0.006182579
permutation_random,0,418,0.37121415
permutation_random,0,419,0.01389496
permutation_random,0,420,0.013133875
permutation_random,0,421,0.0040570344
permutation_random,0,422,0.026924137
permutation_random,0,423,0.009961436
permutation_random,0,424,0.004730576
permutation_random,0,425,0.045340158
permutation_random,0,426,0.033708572
permutation_random,0,427,0.004840485
permutation_random,0,428,0.023962067
permutation_random,0,429,0.0066701625
permutation_random,0,430,0.023970637
permutation_random,0,431,0.041914508
permutation_random,0,432,0.018823283
permutation_random,0,433,0.090804845
permutation_random,0,434,0.0031270825
permutation_random,0,435,0.0044014803
permutation_random,0,436,0.016704008
permutation_random,0,437,0.015166513
permutation_random,0,438,0.44456288
permutation_random,0,439,0.0064635705
permutation_random,0,440,0.021258058
permutation_random,0,441,0.10179523
permutation_random,0,442,0.023428954
permutation_random,0,443,0.026457103
permutation_random,0,444,0.02558461
permutation_random,0,445,0.012971272
permutation_random,0,446,0.023603365
permutation_random,0,447,0.063713565
permutation_random,0,448,0.008044185
permutation_random,0,449,0.016292468
permutation_random,0,450,0.005243943
permutation_random,0,451,0.11721648
permutation_random,0,452,0.023798708
permutation_random,0,453,0.022771217
permutation_random,0,454,0.008164428
permutation_random,0,455,0.05022809
permutation_random,0,456,0.01422792
permutation_random,0,457,0.011212179
permutation_random,0,458,0.01557124
permutation_random,0,459,0.023397926
permutation_random,0,460,0.011430062
permutation_random,0,461,0.0071124127
permutation_random,0,462,0.019152656
permutation_random,0,463,0.026941216
permutation_random,0,464,0.020512367
permutation_random,0,465,0.16976152
permutation_random,0,466,0.059891894
permutation_random,0,467,0.00861972
permutation_random,0,468,0.0039200615
permutation_random,0,469,0.013987801
permutation_random,0,470,0.01378708
permutation_random,0,471,0.035288155
permutation_random,0,472,0.015556844
permutation_random,0,473,0.084529504
permutation_random,0,474,0.022687951
permutation_random,0,475,0.014291834
permutation_random,0,476,0.018309614
permutation_random,0,477,0.0094068665
permutation_random,0,478,0.019269146
permutation_random,0,479,0.0067750276
permutation_random,0,480,0.021660395
permutation_random,0,481,0.018835863
permutation_random,0,482,0.046103008
permutation_random,0,483,0.0232342
permutation_random,0,484,0.033992257
permutation_random,0,485,0.08636984
permutation_random,0,486,0.04040182
permutation_random,0,487,0.019265357
permutation_random,0,488,0.008169835
permutation_random,0,489,0.0077463817
permutation_random,0,490,0.008752894
permutation_random,0,491,0.0072256266
permutation_random,0,492,0.10798523
permutation_random,0,493,0.015670115
permutation_random,0,494,0.004719325
permutation_random,0,495,0.015018601
permutation_random,0,496,0.08603637
permutation_random,0,497,0.014940234
permutation_random,0,498,0.0020796407
permutation_random,0,499,0.0023056008
permutation_random,0,500,0.011291832
permutation_random,0,501,0.1219037
permutation_random,0,502,0.13179187
permutation_random,0,503,0.12387608
permutation_random,0,504,0.052051507
permutation_random,0,505,0.05937176
permutation_random,0,506,0.010093512
permutation_random,0,507,0.016215544
permutation_random,0,508,0.03196242
permutation_random,0,509,0.0041023428
permutation_random,0,510,0.03795704
permutation_random,0,511,0.015776198
permutation_random,0,512,0.03610942
permutation_random,0,513,0.010869959
permutation_random,0,514,0.006367222
permutation_random,0,515,0.009355328
permutation_random,0,516,0.0126267
permutation_random,0,517,0.014943232
permutation_random,0,518,0.011964209
permutation_random,0,519,0.019857604
permutation_random,0,520,0.015674477
permutation_random,0,521,0.028494805
permutation_random,0,522,0.111080006
permutation_random,0,523,0.027678847
permutation_random,0,524,0.014361592
permutation_random,0,525,0.018264996
permutation_random,0,526,0.07011218
permutation_random,0,527,0.0180479
permutation_random,0,528,0.0070657637
permutation_random,0,529,0.0038225434
permutation_random,0,530,0.019747518
permutation_random,0,531,0.011269493
permutation_random,0,532,0.019044943
permutation_random,0,533,0.024193496
permutation_random,0,534,0.023639977
permutation_random,0,535,0.02257676
permutation_random,0,536,0.006859346
permutation_random,0,537,0.19669521
permutation_random,0,538,0.0066933976
permutation_random,0,539,0.026035387
permutation_random,0,540,0.018100422
permutation_random,0,541,0.07400599
permutation_random,0,542,0.0066191913
permutation_random,0,543,0.015219854
permutation_random,0,544,0.008172184
permutation_random,0,545,0.042383768
permutation_random,0,546,0.0067639025
permutation_random,0,547,0.016669776
permutation_random,0,548,0.018092904
permutation_random,0,549,0.015329514
permutation_random,0,550,0.02287753
permutation_random,0,551,0.00786881
permutation_random,0,552,0.022076022
permutation_random,0,553,0.017163187
permutation_random,0,554,0.023801595
permutation_random,0,555,0.014128871
permutation_random,0,556,0.027823914
permutation_random,0,557,0.017565541
permutation_random,0,558,0.025887648
permutation_random,0,559,0.031224027
permutation_random,0,560,0.014948549
permutation_random,0,561,0.02806208
permutation_random,0,562,0.10546319
permutation_random,0,563,0.011536785
permutation_random,0,564,0.023032652
permutation_random,0,565,0.013478615
permutation_random,0,566,0.013591014
permutation_random,0,567,0.015508439
permutation_random,0,568,0.01908711
permutation_random,0,569,0.0045008156
permutation_random,0,570,0.16409183
permutation_random,0,571,0.0050034923
permutation_random,0,572,0.023215512
permutation_random,0,573,0.1675628
permutation_random,0,574,0.076820195
permutation_random,0,575,0.023264509
permutation_random,0,576,0.026640497
permutation_random,0,577,0.003309032
permutation_random,0,578,0.038450006
permutation_random,0,579,0.01596854
permutation_random,0,580,0.050907575
permutation_random,0,581,0.0063996064
permutation_random,0,582,0.022025645
permutation_random,0,583,0.011307394
permutation_random,0,584,0.015398838
permutation_random,0,585,0.028599767
permutation_random,0,586,0.047979314
permutation_random,0,587,0.012409616
permutation_random,0,588,0.014730318
permutation_random,0,589,0.005951132
permutation_random,0,590,0.016417345
permutation_random,0,591,0.008266333
permutation_random,0,592,0.017239796
permutation_random,0,593,0.35851347
permutation_random,0,594,0.2723391
permutation_random,0,595,0.07103672
permutation_random,0,596,0.10141172
permutation_random,0,597,0.019336656
permutation_random,0,598,0.024000335
permutation_random,0,599,0.20392531
permutation_random,0,600,0.02066838
permutation_random,0,601,0.0033107603
permutation_random,0,602,0.010178456
permutation_random,0,603,0.115655884
permutation_random,0,604,0.007994508
permutation_random,0,605,0.0100673055
permutation_random,0,606,0.029034365
permutation_random,0,607,0.19890118
permutation_random,0,608,0.03598378
permutation_random,0,609,0.01640803
permutation_random,0,610,0.013971666
permutation_random,0,611,0.062217668
permutation_random,0,612,0.025707878
permutation_random,0,613,0.029729411
permutation_random,0,614,0.015634503
permutation_random,0,615,0.054324348
permutation_random,0,616,0.007047097
permutation_random,0,617,0.0026307746
permutation_random,0,618,0.005017096
permutation_random,0,619,0.0216128
permutation_random,0,620,0.0032458212
permutation_random,0,621,0.017994808
permutation_random,0,622,0.055965792
permutation_random,0,623,0.03091526
permutation_random,0,624,0.059021223
permutation_random,0,625,0.022508569
permutation_random,0,626,0.011561329
permutation_random,0,627,0.011006864
permutation_random,0,628,0.17466083
permutation_random,0,629,0.0095170345
permutation_random,0,630,0.022084773
permutation_random,0,631,0.016895194
permutation_random,0,632,0.02125101
permutation_random,0,633,0.02191962
permutation_random,0,634,0.009651117
permutation_random,0,635,0.002120948
permutation_random,0,636,0.019945532
permutation_random,0,637,0.007907134
permutation_random,0,638,0.0107100345
permutation_random,0,639,0.029771933
permutation_random,0,640,0.0199004
permutation_random,0,641,0.029904706
permutation_random,0,642,0.014369032
permutation_random,0,643,0.012039728
permutation_random,0,644,0.04766441
permutation_random,0,645,0.019449223
permutation_random,0,646,0.025690839
permutation_random,0,647,0.017001586
permutation_random,0,648,0.03338233
permutation_random,0,649,0.017520359
permutation_random,0,650,0.11504258
permutation_random,0,651,0.026410576
permutation_random,0,652,0.18843313
permutation_random,0,653,0.045667883
permutation_random,0,654,0.012714345
permutation_random,0,655,0.031851985
permutation_random,0,656,0.03069419
permutation_random,0,657,0.03947554
permutation_random,0,658,0.22618029
permutation_random,0,659,0.0050025187
permutation_random,0,660,0.017832039
permutation_random,0,661,0.006616706
permutation_random,0,662,0.009841466
permutation_random,0,663,0.016322818
permutation_random,0,664,0.017326294
permutation_random,0,665,0.0089285495
permutation_random,0,666,0.054656155
permutation_random,0,667,0.00954414
permutation_random,0,668,0.006158529
permutation_random,0,669,0.028046208
permutation_random,0,670,0.10032947
permutation_random,0,671,0.057897348
permutation_random,0,672,0.025262428
permutation_random,0,673,0.018108735
permutation_random,0,674,0.008994876
permutation_random,0,675,0.008195766
permutation_random,0,676,0.015179857
permutation_random,0,677,0.007338082
permutation_random,0,678,0.0017453813
permutation_random,0,679,0.09021639
permutation_random,0,680,0.013797727
permutation_random,0,681,0.030519433
permutation_random,0,682,0.011922248
permutation_random,0,683,0.09798579
permutation_random,0,684,0.080925114
permutation_random,0,685,0.0053887237
permutation_random,0,686,0.011969055
permutation_random,0,687,0.01726351
permutation_random,0,688,0.08052331
permutation_random,0,689,0.040067554
permutation_random,0,690,0.008484732
permutation_random,0,691,0.018057218
permutation_random,0,692,0.020539977
permutation_random,0,693,0.26501736
permutation_random,0,694,0.011849176
permutation_random,0,695,0.019261857
permutation_random,0,696,0.024046414
permutation_random,0,697,0.0030098117
permutation_random,0,698,0.04186128
permutation_random,0,699,0.029777117
permutation_random,0,700,0.0721895
permutation_random,0,701,0.024796942
permutation_random,0,702,0.11029461
permutation_random,0,703,0.09459195
permutation_random,0,704,0.05139695
permutation_random,0,705,0.07116765
permutation_random,0,706,0.023083046
permutation_random,0,707,0.081348546
permutation_random,0,708,0.019645173
permutation_random,0,709,0.2811901
permutation_random,0,710,0.27176872
permutation_random,0,711,0.07198574
permutation_random,0,712,0.018087413
permutation_random,0,713,0.017261801
permutation_random,0,714,0.12513663
permutation_random,0,715,0.02982797
permutation_random,0,716,0.022902299
permutation_random,0,717,0.10490849
permutation_random,0,718,0.0044853655
permutation_random,0,719,0.005657128
permutation_random,0,720,0.024386764
permutation_random,0,721,0.0546669
permutation_random,0,722,0.045016084
permutation_random,0,723,0.034501113
permutation_random,0,724,0.0044824034
permutation_random,0,725,0.0033696997
permutation_random,0,726,0.13049129
permutation_random,0,727,0.031943865
permutation_random,0,728,0.017188394
permutation_random,0,729,0.024075128
permutation_random,0,730,0.012241092
permutation_random,0,731,0.015763246
permutation_random,0,732,0.035516486
permutation_random,0,733,0.019630762
permutation_random,0,734,0.0235832
permutation_random,0,735,0.041146804
permutation_random,0,736,0.09700375
permutation_random,0,737,0.012413187
permutation_random,0,738,0.0021855012
permutation_random,0,739,0.026353458
permutation_random,0,740,0.0112403305
permutation_random,0,741,0.10590822
permutation_random,0,742,0.018065244
permutation_random,0,743,0.014297953
permutation_random,0,744,0.04190182
permutation_random,0,745,0.0128192995
permutation_random,0,746,0.24838668
permutation_random,0,747,0.04042642
permutation_random,0,748,0.012878906
permutation_random,0,749,0.017333992
permutation_random,0,750,0.2685522
permutation_random,0,751,0.01197226
permutation_random,0,752,0.19669557
permutation_random,0,753,0.012804514
permutation_random,0,754,0.008810582
permutation_random,0,755,0.010929414
permutation_random,0,756,0.043621898
permutation_random,0,757,0.0009919629
permutation_random,0,758,0.005148874
permutation_random,0,759,0.03953962
permutation_random,0,760,0.012716245
permutation_random,0,761,0.010187657
permutation_random,0,762,0.110808685
permutation_random,0,763,0.022964627
permutation_random,0,764,0.01233573
permutation_random,0,765,0.1066327
permutation_random,0,766,0.028993635
permutation_random,0,767,0.04224715
permutation_random,0,768,0.027207144
permutation_random,0,769,0.006695167
permutation_random,0,770,0.280194
permutation_random,0,771,0.011110762
permutation_random,0,772,0.012803073
permutation_random,0,773,0.016813248
permutation_random,0,774,0.0042125145
permutation_random,0,775,0.03421737
permutation_random,0,776,0.010361376
permutation_random,0,777,0.024730274
permutation_random,0,778,0.009527112
permutation_random,0,779,0.015270071
permutation_random,0,780,0.018724483
permutation_random,0,781,0.12809676
permutation_random,0,782,0.008685151
permutation_random,0,783,0.022045841
permutation_random,0,784,0.10300361
permutation_random,0,785,0.027265666
permutation_random,0,786,0.0732111
permutation_random,0,787,0.019104052
permutation_random,0,788,0.0018954489
permutation_random,0,789,0.049995784
permutation_random,0,790,0.030539807
permutation_random,0,791,0.026632568
permutation_random,0,792,0.02418371
permutation_random,0,793,0.007944645
permutation_random,0,794,0.04558408
permutation_random,0,795,0.0044073896
permutation_random,0,796,0.004031049
permutation_random,0,797,0.01504229
permutation_random,0,798,0.0050501395
permutation_random,0,799,0.018230945
permutation_random,0,800,0.0072368262
permutation_random,0,801,0.04693156
permutation_random,0,802,0.015021057
permutation_random,0,803,0.11283738
permutation_random,0,804,0.008867456
permutation_random,0,805,0.09409818
permutation_random,0,806,0.005055782
permutation_random,0,807,0.0087079
permutation_random,0,808,0.027129868
permutation_random,0,809,0.016258657
permutation_random,0,810,0.025050774
permutation_random,0,811,0.0142529
permutation_random,0,812,0.033406563
permutation_random,0,813,0.013098786
permutation_random,0,814,0.014225309
permutation_random,0,815,0.015225513
permutation_random,0,816,0.017794061
permutation_random,0,817,0.023178656
permutation_random,0,818,0.05791249
permutation_random,0,819,0.11313294
permutation_random,0,820,0.027270246
permutation_random,0,821,0.0232523
permutation_random,0,822,0.049931638
permutation_random,0,823,0.10805425
permutation_random,0,824,0.0142057715
permutation_random,0,825,0.049265563
permutation_random,0,826,0.048736967
permutation_random,0,827,0.016997077
permutation_random,0,828,0.014256332
permutation_random,0,829,0.01815668
permutation_random,0,830,0.017715957
permutation_random,0,831,0.024255473
permutation_random,0,832,0.105871506
permutation_random,0,833,0.0040536234
permutation_random,0,834,0.002213597
permutation_random,0,835,0.020194706
permutation_random,0,836,0.30255347
permutation_random,0,837,0.025835276
permutation_random,0,838,0.007607831
permutation_random,0,839,0.013264288
permutation_random,0,840,0.0555109
permutation_random,0,841,0.019792149
permutation_random,0,842,0.046323918
permutation_random,0,843,0.011942884
permutation_random,0,844,0.06963456
permutation_random,0,845,0.24867515
permutation_random,0,846,0.015814172
permutation_random,0,847,0.022959309
permutation_random,0,848,0.04033277
permutation_random,0,849,0.014625835
permutation_random,0,850,0.0053769853
permutation_random,0,851,0.06774077
permutation_random,0,852,0.011122616
permutation_random,0,853,0.01605594
permutation_random,1,0,0.006706955
permutation_random,1,1,0.012248104
permutation_random,1,2,0.026400626
permutation_random,1,3,0.033995356
permutation_random,1,4,0.024626175
permutation_random,1,5,0.025596425
permutation_random,1,6,0.039325185
permutation_random,1,7,0.014971983
permutation_random,1,8,0.061290953
permutation_random,1,9,0.01526501
permutation_random,1,10,0.007946093
permutation_random,1,11,0.021970922
permutation_random,1,12,0.06154014
permutation_random,1,13,0.0046973834
permutation_random,1,14,0.008889251
permutation_random,1,15,0.004713952
permutation_random,1,16,0.002777661
permutation_random,1,17,0.04273123
permutation_random,1,18,0.35145625
permutation_random,1,19,0.039584644
permutation_random,1,20,0.070599996
permutation_random,1,21,0.010939595
permutation_random,1,22,0.02865773
permutation_random,1,23,0.044479776
permutation_random,1,24,0.09411058
permutation_random,1,25,0.0176033
permutation_random,1,26,0.007558842
permutation_random,1,27,0.0172539
permutation_random,1,28,0.250522
permutation_random,1,29,0.021911405
permutation_random,1,30,0.0053654304
permutation_random,1,31,0.003492251
permutation_random,1,32,0.030572653
permutation_random,1,33,0.0051008062
permutation_random,1,34,0.007362499
permutation_random,1,35,0.026404412
permutation_random,1,36,0.022863898
permutation_random,1,37,0.00023608422
permutation_random,1,38,0.009111648
permutation_random,1,39,0.024584623
permutation_random,1,40,0.026036639
permutation_random,1,41,0.014567703
permutation_random,1,42,0.3512336
permutation_random,1,43,0.007994373
permutation_random,1,44,0.13717228
permutation_random,1,45,0.012966862
permutation_random,1,46,0.009821211
permutation_random,1,47,0.016840072
permutation_random,1,48,0.0050034802
permutation_random,1,49,0.004568615
permutation_random,1,50,0.074666165
permutation_random,1,51,0.017132608
permutation_random,1,52,0.05320939
permutation_random,1,53,0.009569483
permutation_random,1,54,0.004475212
permutation_random,1,55,0.056034535
permutation_random,1,56,0.017516857
permutation_random,1,57,0.019414108
permutation_random,1,58,0.050673246
permutation_random,1,59,0.27452955
permutation_random,1,60,0.02173511
permutation_random,1,61,0.007813661
permutation_random,1,62,0.06395679
permutation_random,1,63,0.01729429
permutation_random,1,64,0.012216458
permutation_random,1,65,0.011333203
permutation_random,1,66,0.0068862513
permutation_random,1,67,0.0071605304
permutation_random,1,68,0.026481487
permutation_random,1,69,0.006302181
permutation_random,1,70,0.042269625
permutation_random,1,71,0.03255424
permutation_random,1,72,0.018166691
permutation_random,1,73,0.018942183
permutation_random,1,74,0.011123577
permutation_random,1,75,0.009257346
permutation_random,1,76,0.1018891
permutation_random,1,77,0.007080841
permutation_random,1,78,0.0013290159
permutation_random,1,79,0.026897088
permutation_random,1,80,0.005480611
permutation_random,1,81,0.012049798
permutation_random,1,82,0.003581323
permutation_random,1,83,0.036109384
permutation_random,1,84,0.015587984
permutation_random,1,85,0.0034039442
permutation_random,1,86,0.0067450833
permutation_random,1,87,0.0167442
permutation_random,1,88,0.22524789
permutation_random,1,89,0.023182224
permutation_random,1,90,0.016130816
permutation_random,1,91,0.02051678
permutation_random,1,92,0.007669197
permutation_random,1,93,0.020877475
permutation_random,1,94,0.016755242
permutation_random,1,95,0.044873048
permutation_random,1,96,0.014845811
permutation_random,1,97,0.0927569
permutation_random,1,98,0.12633902
permutation_random,1,99,0.002250429
permutation_random,1,100,0.016485909
permutation_random,1,101,0.0095264325
permutation_random,1,102,0.016501289
permutation_random,1,103,0.057522975
permutation_random,1,104,0.047539104
permutation_random,1,105,0.004689801
permutation_random,1,106,0.033068553
permutation_random,1,107,0.015886847
permutation_random,1,108,0.013968788
permutation_random,1,109,0.0058514136
permutation_random,1,110,0.023258768
permutation_random,1,111,0.02295266
permutation_random,1,112,0.0628409
permutation_random,1,113,0.027263356
permutation_random,1,114,0.10970676
permutation_random,1,115,0.033585615
permutation_random,1,116,0.004333807
permutation_random,1,117,0.014214032
permutation_random,1,118,0.007573463
permutation_random,1,119,0.027363272
permutation_random,1,120,0.0078165475
permutation_random,1,121,0.01591982
permutation_random,1,122,0.015054422
permutation_random,1,123,0.017740589
permutation_random,1,124,0.024970658
permutation_random,1,125,0.052552864
permutation_random,1,126,0.0076740696
permutation_random,1,127,0.020086203
permutation_random,1,128,0.04145044
permutation_random,1,129,0.010502855
permutation_random,1,130,0.060582496
permutation_random,1,131,0.031107586
permutation_random,1,132,0.023655236
permutation_random,1,133,0.009314613
permutation_random,1,134,0.013061322
permutation_random,1,135,0.044438265
permutation_random,1,136,0.032917537
permutation_random,1,137,0.015618775
permutation_random,1,138,0.03560917
permutation_random,1,139,0.032771297
permutation_random,1,140,0.038225945
permutation_random,1,141,0.014078356
permutation_random,1,142,0.014536997
permutation_random,1,143,0.0032177395
permutation_random,1,144,0.08644554
permutation_random,1,145,0.008146275
permutation_random,1,146,0.011232857
permutation_random,1,147,0.12182988
permutation_random,1,148,0.010472093
permutation_random,1,149,0.055748686
permutation_random,1,150,0.032130994
permutation_random,1,151,0.015294878
permutation_random,1,152,0.0033557042
permutation_random,1,153,0.002044677
permutation_random,1,154,0.033935912
permutation_random,1,155,0.00918952
permutation_random,1,156,0.11953913
permutation_random,1,157,0.008976723
permutation_random,1,158,0.0162762
permutation_random,1,159,0.013129208
permutation_random,1,160,0.02660835
permutation_random,1,161,0.0097442055
permutation_random,1,162,0.0071383906
permutation_random,1,163,0.033774868
permutation_random,1,164,0.04170849
permutation_random,1,165,0.012835719
permutation_random,1,166,0.0031936767
permutation_random,1,167,0.2693757
permutation_random,1,168,0.30040467
permutation_random,1,169,0.06642847
permutation_random,1,170,0.043956883
permutation_random,1,171,0.09455942
permutation_random,1,172,0.0094301095
permutation_random,1,173,0.0063400185
permutation_random,1,174,0.010218415
permutation_random,1,175,0.015231608
permutation_random,1,176,0.0077249967
permutation_random,1,177,0.01954503
permutation_random,1,178,0.057313412
permutation_random,1,179,0.011296961
permutation_random,1,180,0.023419745
permutation_random,1,181,0.019583955
permutation_random,1,182,0.028419606
permutation_random,1,183,0.0990661
permutation_random,1,184,0.015701521
permutation_random,1,185,0.038933642
permutation_random,1,186,0.033378195
permutation_random,1,187,0.01820645
permutation_random,1,188,0.27821648
permutation_random,1,189,0.04657269
permutation_random,1,190,0.010406796
permutation_random,1,191,0.09213607
permutation_random,1,192,0.03601056
permutation_random,1,193,0.0323656
permutation_random,1,194,0.01731095
permutation_random,1,195,0.115072586
permutation_random,1,196,0.0010893353
permutation_random,1,197,0.009667135
permutation_random,1,198,0.07996064
permutation_random,1,199,0.010316417
permutation_random,1,200,0.009787306
permutation_random,1,201,0.007255008
permutation_random,1,202,0.01577006
permutation_random,1,203,0.12132829
permutation_random,1,204,0.014739383
permutation_random,1,205,0.0038281172
permutation_random,1,206,0.010724333
permutation_random,1,207,0.032876134
permutation_random,1,208,0.0052218586
permutation_random,1,209,0.044504352
permutation_random,1,210,0.007874769
permutation_random,1,211,0.0061088074
permutation_random,1,212,0.01776747
permutation_random,1,213,0.091070846
permutation_random,1,214,0.0122543
permutation_random,1,215,0.017935388
permutation_random,1,216,0.013547868
permutation_random,1,217,0.017422063
permutation_random,1,218,0.010413722
permutation_random,1,219,0.020754322
permutation_random,1,220,0.016402818
permutation_random,1,221,0.110936075
permutation_random,1,222,0.024425836
permutation_random,1,223,0.008423799
permutation_random,1,224,0.010371074
permutation_random,1,225,0.0054722866
permutation_random,1,226,0.005287256
permutation_random,1,227,0.019753393
permutation_random,1,228,0.05385787
permutation_random,1,229,0.015091406
permutation_random,1,230,0.09200409
permutation_random,1,231,0.01340913
permutation_random,1,232,0.037299387
permutation_random,1,233,0.008108472
permutation_random,1,234,0.012605278
permutation_random,1,235,0.014455455
permutation_random,1,236,0.010452283
permutation_random,1,237,0.006613058
permutation_random,1,238,0.06104131
permutation_random,1,239,0.03870289
permutation_random,1,240,0.09698884
permutation_random,1,241,0.17483379
permutation_random,1,242,0.0067407815
permutation_random,1,243,0.0054023163
permutation_random,1,244,0.0108301435
permutation_random,1,245,0.041963227
permutation_random,1,246,0.05824918
permutation_random,1,247,0.037653036
permutation_random,1,248,0.11803339
permutation_random,1,249,0.01937455
permutation_random,1,250,0.045730703
permutation_random,1,251,0.0900953
permutation_random,1,252,0.022981584
permutation_random,1,253,0.13512841
permutation_random,1,254,0.03131099
permutation_random,1,255,0.008663118
permutation_random,1,256,0.08860499
permutation_random,1,257,0.016962461
permutation_random,1,258,0.026564693
permutation_random,1,259,0.014315328
permutation_random,1,260,0.12198405
permutation_random,1,261,0.116431944
permutation_random,1,262,0.058245055
permutation_random,1,263,0.0055920673
permutation_random,1,264,0.013581919
permutation_random,1,265,0.036286745
permutation_random,1,266,0.02002757
permutation_random,1,267,0.02097245
permutation_random,1,268,0.013030002
permutation_random,1,269,0.12975267
permutation_random,1,270,0.049385935
permutation_random,1,271,0.022617275
permutation_random,1,272,0.01957136
permutation_random,1,273,0.008799065
permutation_random,1,274,0.019258443
permutation_random,1,275,0.024699494
permutation_random,1,276,0.12104519
permutation_random,1,277,0.008833617
permutation_random,1,278,0.0055126203
permutation_random,1,279,0.029694384
permutation_random,1,280,0.054591127
permutation_random,1,281,0.05364856
permutation_random,1,282,0.016054535
permutation_random,1,283,0.01752273
permutation_random,1,284,0.01718262
permutation_random,1,285,0.005324699
permutation_random,1,286,0.01660243
permutation_random,1,287,0.08484226
permutation_random,1,288,0.054090343
permutation_random,1,289,0.047566716
permutation_random,1,290,0.01846614
permutation_random,1,291,0.017445441
permutation_random,1,292,0.004696902
permutation_random,1,293,0.009402668
permutation_random,1,294,0.012760534
permutation_random,1,295,0.019280188
permutation_random,1,296,0.014906369
permutation_random,1,297,0.009198898
permutation_random,1,298,0.025749868
permutation_random,1,299,0.0028967215
permutation_random,1,300,0.03137107
permutation_random,1,301,0.002232955
permutation_random,1,302,0.016229048
permutation_random,1,303,0.029104551
permutation_random,1,304,0.004017097
permutation_random,1,305,0.025605476
permutation_random,1,306,0.15067418
permutation_random,1,307,0.096698284
permutation_random,1,308,0.016643114
permutation_random,1,309,0.091646716
permutation_random,1,310,0.0041010557
permutation_random,1,311,0.005272283
permutation_random,1,312,0.033917308
permutation_random,1,313,0.042028904
permutation_random,1,314,0.0318369
permutation_random,1,315,0.09486365
permutation_random,1,316,0.010202192
permutation_random,1,317,0.0025910651
permutation_random,1,318,0.007754894
permutation_random,1,319,0.013278258
permutation_random,1,320,0.013479282
permutation_random,1,321,0.04371117
permutation_random,1,322,0.026055276
permutation_random,1,323,0.090689756
permutation_random,1,324,0.029430036
permutation_random,1,325,0.029935952
permutation_random,1,326,0.010069885
permutation_random,1,327,0.0046516373
permutation_random,1,328,0.032395694
permutation_random,1,329,0.055648033
permutation_random,1,330,0.0064425734
permutation_random,1,331,0.0149364695
permutation_random,1,332,0.011309985
permutation_random,1,333,0.020707892
permutation_random,1,334,0.025272748
permutation_random,1,335,0.0026087617
permutation_random,1,336,0.01453314
permutation_random,1,337,0.0034581516
permutation_random,1,338,0.006256082
permutation_random,1,339,0.07251791
permutation_random,1,340,0.015292917
permutation_random,1,341,0.0033963697
permutation_random,1,342,0.065321386
permutation_random,1,343,0.007612822
permutation_random,1,344,0.025158595
permutation_random,1,345,0.016218487
permutation_random,1,346,0.01783632
permutation_random,1,347,0.01727446
permutation_random,1,348,0.020754255
permutation_random,1,349,0.04628425
permutation_random,1,350,0.017551402
permutation_random,1,351,0.020790784
permutation_random,1,352,0.022081459
permutation_random,1,353,0.016847005
permutation_random,1,354,0.007806879
permutation_random,1,355,0.03632913
permutation_random,1,356,0.015741022
permutation_random,1,357,0.039629843
permutation_random,1,358,0.010778556
permutation_random,1,359,0.011968674
permutation_random,1,360,0.02455024
permutation_random,1,361,0.029738527
permutation_random,1,362,0.018807609
permutation_random,1,363,0.061216075
permutation_random,1,364,0.0017143788
permutation_random,1,365,0.030007742
permutation_random,1,366,0.021367673
permutation_random,1,367,0.009972103
permutation_random,1,368,0.11165218
permutation_random,1,369,0.007237855
permutation_random,1,370,0.017025186
permutation_random,1,371,0.008033981
permutation_random,1,372,0.008460865
permutation_random,1,373,0.011730522
permutation_random,1,374,0.018775918
permutation_random,1,375,0.029058084
permutation_random,1,376,0.003225759
permutation_random,1,377,0.030436391
permutation_random,1,378,0.010930572
permutation_random,1,379,0.07342748
permutation_random,1,380,0.013634916
permutation_random,1,381,0.0100764595
permutation_random,1,382,0.034077987
permutation_random,1,383,0.004182444
permutation_random,1,384,0.006134349
permutation_random,1,385,0.024409873
permutation_random,1,386,0.019560676
permutation_random,1,387,0.09969364
permutation_random,1,388,0.007192998
permutation_random,1,389,0.01725297
permutation_random,1,390,0.0045716846
permutation_random,1,391,0.10376429
permutation_random,1,392,0.019899227
permutation_random,1,393,0.07232961
permutation_random,1,394,0.07614326
permutation_random,1,395,0.48451218
permutation_random,1,396,0.018195635
permutation_random,1,397,0.004919124
permutation_random,1,398,0.015251131
permutation_random,1,399,0.090219036
permutation_random,1,400,0.26321268
permutation_random,1,401,0.019380972
permutation_random,1,402,0.009121633
permutation_random,1,403,0.031241344
permutation_random,1,404,0.008967921
permutation_random,1,405,0.057396397
permutation_random,1,406,0.00680169
permutation_random,1,407,0.06539144
permutation_random,1,408,0.037785493
permutation_random,1,409,0.015959702
permutation_random,1,410,0.014835099
permutation_random,1,411,0.03211238
permutation_random,1,412,0.106806196
permutation_random,1,413,0.08129516
permutation_random,1,414,0.019782068
permutation_random,1,415,0.020431263
permutation_random,1,416,0.061486714
permutation_random,1,417,0.019042142
permutation_random,1,418,0.017473131
permutation_random,1,419,0.10425932
permutation_random,1,420,0.052521016
permutation_random,1,421,0.0057445033
permutation_random,1,422,0.028639464
permutation_random,1,423,0.04689966
permutation_random,1,424,0.04518433
permutation_random,1,425,0.028432092
permutation_random,1,426,0.005757612
permutation_random,1,427,0.22613567
permutation_random,1,428,0.014073037
permutation_random,1,429,0.06919576
permutation_random,1,430,0.0499299
permutation_random,1,431,0.040146597
permutation_random,1,432,0.023008551
permutation_random,1,433,0.11544892
permutation_random,1,434,0.0066257557
permutation_random,1,435,0.0145142265
permutation_random,1,436,0.05622684
permutation_random,1,437,0.034746155
permutation_random,1,438,0.006286286
permutation_random,1,439,0.029593183
permutation_random,1,440,0.007506718
permutation_random,1,441,0.031700872
permutation_random,1,442,0.021623177
permutation_random,1,443,0.002977047
permutation_random,1,444,0.0069591803
permutation_random,1,445,0.00896973
permutation_random,1,446,0.01776484
permutation_random,1,447,0.08870852
permutation_random,1,448,0.0052621937
permutation_random,1,449,0.027524488
permutation_random,1,450,0.20068142
permutation_random,1,451,0.0073394096
permutation_random,1,452,0.011976524
permutation_random,1,453,0.016188975
permutation_random,1,454,0.035543524
permutation_random,1,455,0.106146306
permutation_random,1,456,0.011561172
permutation_random,1,457,0.20049581
permutation_random,1,458,0.01333261
permutation_random,1,459,0.029261854
permutation_random,1,460,0.019882161
permutation_random,1,461,0.03787998
permutation_random,1,462,0.015072997
permutation_random,1,463,0.026954692
permutation_random,1,464,0.030171905
permutation_random,1,465,0.007497763
permutation_random,1,466,0.001338482
permutation_random,1,467,0.07378312
permutation_random,1,468,0.013857651
permutation_random,1,469,0.012189191
permutation_random,1,470,0.014929706
permutation_random,1,471,0.012364564
permutation_random,1,472,0.004307309
permutation_random,1,473,0.012839731
permutation_random,1,474,0.011113383
permutation_random,1,475,0.028458595
permutation_random,1,476,0.0048549455
permutation_random,1,477,0.057630427
permutation_random,1,478,0.06506461
permutation_random,1,479,0.077989385
permutation_random,1,480,0.07553061
permutation_random,1,481,0.033687696
permutation_random,1,482,0.029020663
permutation_random,1,483,0.004805068
permutation_random,1,484,0.019190017
permutation_random,1,485,0.011958539
permutation_random,1,486,0.016492672
permutation_random,1,487,0.023290273
permutation_random,1,488,0.039283052
permutation_random,1,489,0.0061519733
permutation_random,1,490,0.024684377
permutation_random,1,491,0.009899321
permutation_random,1,492,0.01249465
permutation_random,1,493,0.041206043
permutation_random,1,494,0.008304997
permutation_random,1,495,0.010111234
permutation_random,1,496,0.11600914
permutation_random,1,497,0.02227438
permutation_random,1,498,0.015437567
permutation_random,1,499,0.022070881
permutation_random,1,500,0.0886416
permutation_random,1,501,0.020631727
permutation_random,1,502,0.01481523
permutation_random,1,503,0.015874565
permutation_random,1,504,0.0532877
permutation_random,1,505,0.019063137
permutation_random,1,506,0.0912458
permutation_random,1,507,0.041541524
permutation_random,1,508,0.017282953
permutation_random,1,509,0.17474025
permutation_random,1,510,0.030579202
permutation_random,1,511,0.013039486
permutation_random,1,512,0.13030747
permutation_random,1,513,0.020023938
permutation_random,1,514,0.014493641
permutation_random,1,515,0.017783213
permutation_random,1,516,0.029618394
permutation_random,1,517,0.03714338
permutation_random,1,518,0.031816356
permutation_random,1,519,0.030420326
permutation_random,1,520,0.01554388
permutation_random,1,521,0.029548645
permutation_random,1,522,0.016969327
permutation_random,1,523,0.06842385
permutation_random,1,524,0.033341542
permutation_random,1,525,0.005142048
permutation_random,1,526,0.022344299
permutation_random,1,527,0.017891187
permutation_random,1,528,0.09242647
permutation_random,1,529,0.012637693
permutation_random,1,530,0.029436145
permutation_random,1,531,0.017823355
permutation_random,1,532,0.016279947
permutation_random,1,533,0.009412066
permutation_random,1,534,0.016602127
permutation_random,1,535,0.01921761
permutation_random,1,536,0.13450196
permutation_random,1,537,0.00074870023
permutation_random,1,538,0.0064240117
permutation_random,1,539,0.11496483
permutation_random,1,540,0.024830803
permutation_random,1,541,0.01595917
permutation_random,1,542,0.0065971958
permutation_random,1,543,0.0045042587
permutation_random,1,544,0.007940825
permutation_random,1,545,0.012034727
permutation_random,1,546,0.0134357875
permutation_random,1,547,0.014699737
permutation_random,1,548,0.06301026
permutation_random,1,549,0.013618475
permutation_random,1,550,0.015865967
permutation_random,1,551,0.012649534
permutation_random,1,552,0.019588338
permutation_random,1,553,0.06965916
permutation_random,1,554,0.023309857
permutation_random,1,555,0.0034019179
permutation_random,1,556,0.01895727
permutation_random,1,557,0.013144283
permutation_random,1,558,0.04807876
permutation_random,1,559,0.23157053
permutation_random,1,560,0.011575007
permutation_random,1,561,0.017473266
permutation_random,1,562,0.019062907
permutation_random,1,563,0.03414086
permutation_random,1,564,0.041608695
permutation_random,1,565,0.02351876
permutation_random,1,566,0.008984191
permutation_random,1,567,0.1303252
permutation_random,1,568,0.0078291055
permutation_random,1,569,0.017013986
permutation_random,1,570,0.013599893
permutation_random,1,571,0.019010756
permutation_random,1,572,0.055726424
permutation_random,1,573,0.032942377
permutation_random,1,574,0.08183189
permutation_random,1,575,0.0056050043
permutation_random,1,576,0.010938674
permutation_random,1,577,0.0075842785
permutation_random,1,578,0.018101964
permutation_random,1,579,0.013168817
permutation_random,1,580,0.12181559
permutation_random,1,581,0.05229256
permutation_random,1,582,0.01134711
permutation_random,1,583,0.0052688355
permutation_random,1,584,0.019756164
permutation_random,1,585,0.016062377
permutation_random,1,586,0.028287705
permutation_random,1,587,0.014281645
permutation_random,1,588,0.018541675
permutation_random,1,589,0.052386247
permutation_random,1,590,0.07456246
permutation_random,1,591,0.007477202
permutation_random,1,592,0.010214629
permutation_random,1,593,0.032108895
permutation_random,1,594,0.026847111
permutation_random,1,595,0.016518213
permutation_random,1,596,0.015780224
permutation_random,1,597,0.0073957387
permutation_random,1,598,0.015552264
permutation_random,1,599,0.010715203
permutation_random,1,600,0.1327896
permutation_random,1,601,0.026267108
permutation_random,1,602,0.023973674
permutation_random,1,603,0.0017290779
permutation_random,1,604,0.09261514
permutation_random,1,605,0.0057381336
permutation_random,1,606,0.01703357
permutation_random,1,607,0.028689813
permutation_random,1,608,0.006762321
permutation_random,1,609,0.006501746
permutation_random,1,610,0.008830443
permutation_random,1,611,0.03129675
permutation_random,1,612,0.037100337
permutation_random,1,613,0.05966761
permutation_random,1,614,0.2494606
permutation_random,1,615,0.022992466
permutation_random,1,616,0.10383747
permutation_random,1,617,0.018485025
permutation_random,1,618,0.07651824
permutation_random,1,619,0.046078652
permutation_random,1,620,0.029648002
permutation_random,1,621,0.02124843
permutation_random,1,622,0.04066982
permutation_random,1,623,0.01237311
permutation_random,1,624,0.016234733
permutation_random,1,625,0.037226282
permutation_random,1,626,0.00940235
permutation_random,1,627,0.033138324
permutation_random,1,628,0.016826486
permutation_random,1,629,0.040046044
permutation_random,1,630,0.013341915
permutation_random,1,631,0.007493948
permutation_random,1,632,0.02065901
permutation_random,1,633,0.036640223
permutation_random,1,634,0.01933138
permutation_random,1,635,0.03622956
permutation_random,1,636,0.015921015
permutation_random,1,637,0.005338492
permutation_random,1,638,0.027063012
permutation_random,1,639,0.037757576
permutation_random,1,640,0.013213032
permutation_random,1,641,0.0072673233
permutation_random,1,642,0.027130516
permutation_random,1,643,0.107468955
permutation_random,1,644,0.028025044
permutation_random,1,645,0.0012558447
permutation_random,1,646,0.015680913
permutation_random,1,647,0.008093329
permutation_random,1,648,0.018389484
permutation_random,1,649,0.06768498
permutation_random,1,650,0.031324282
permutation_random,1,651,0.08645696
permutation_random,1,652,0.039852273
permutation_random,1,653,0.016800221
permutation_random,1,654,0.0072906297
permutation_random,1,655,0.012888617
permutation_random,1,656,0.06979513
permutation_random,1,657,0.031709984
permutation_random,1,658,0.01723785
permutation_random,1,659,0.05480034
permutation_random,1,660,0.012605321
permutation_random,1,661,0.032936454
permutation_random,1,662,0.016801348
permutation_random,1,663,0.010367168
permutation_random,1,664,0.009719834
permutation_random,1,665,0.043851975
permutation_random,1,666,0.03658286
permutation_random,1,667,0.07920662
permutation_random,1,668,0.004897697
permutation_random,1,669,0.1332796
permutation_random,1,670,0.016989041
permutation_random,1,671,0.0067736576
permutation_random,1,672,0.012301287
permutation_random,1,673,0.008281907
permutation_random,1,674,0.017959757
permutation_random,1,675,0.016108584
permutation_random,1,676,0.014131475
permutation_random,1,677,0.006584976
permutation_random,1,678,0.024064912
permutation_random,1,679,0.014097458
permutation_random,1,680,0.007870206
permutation_random,1,681,0.053929977
permutation_random,1,682,0.012198713
permutation_random,1,683,0.0034312366
permutation_random,1,684,0.021214357
permutation_random,1,685,0.0040320945
permutation_random,1,686,0.045927726
permutation_random,1,687,0.011127241
permutation_random,1,688,0.08910454
permutation_random,1,689,0.020899983
permutation_random,1,690,0.0077599837
permutation_random,1,691,0.033196695
permutation_random,1,692,0.037608597
permutation_random,1,693,0.009452628
permutation_random,1,694,0.04844213
permutation_random,1,695,0.007815176
permutation_random,1,696,0.004298988
permutation_random,1,697,0.008740822
permutation_random,1,698,0.0122918505
permutation_random,1,699,0.050622165
permutation_random,1,700,0.04539564
permutation_random,1,701,0.17603889
permutation_random,1,702,0.034603816
permutation_random,1,703,0.0017615283
permutation_random,1,704,0.013097694
permutation_random,1,705,0.07301573
permutation_random,1,706,0.022078726
permutation_random,1,707,0.019821657
permutation_random,1,708,0.032026306
permutation_random,1,709,0.014918721
permutation_random,1,710,0.024972966
permutation_random,1,711,0.087294064
permutation_random,1,712,0.020497529
permutation_random,1,713,0.034102622
permutation_random,1,714,0.040690646
permutation_random,1,715,0.17831634
permutation_random,1,716,0.01104705
permutation_random,1,717,0.121681765
permutation_random,1,718,0.015775863
permutation_random,1,719,0.0054011727
permutation_random,1,720,0.0029407917
permutation_random,1,721,0.047473572
permutation_random,1,722,0.016444484
permutation_random,1,723,0.0076056747
permutation_random,1,724,0.14469583
permutation_random,1,725,0.019694064
permutation_random,1,726,0.014325507
permutation_random,1,727,0.0018695021
permutation_random,1,728,0.119010076
permutation_random,1,729,0.010942472
permutation_random,1,730,0.024368484
permutation_random,1,731,0.10416954
permutation_random,1,732,0.040268086
permutation_random,1,733,0.014095522
permutation_random,1,734,0.066947155
permutation_random,1,735,0.07211044
permutation_random,1,736,0.23568493
permutation_random,1,737,0.12495464
permutation_random,1,738,0.0505953
permutation_random,1,739,0.029571237
permutation_random,1,740,0.025466722
permutation_random,1,741,0.08891546
permutation_random,1,742,0.081790335
permutation_random,1,743,0.042028546
permutation_random,1,744,0.012733503
permutation_random,1,745,0.04959756
permutation_random,1,746,0.018993406
permutation_random,1,747,0.01510803
permutation_random,1,748,0.011494238
permutation_random,1,749,0.09726845
permutation_random,1,750,0.023121957
permutation_random,1,751,0.009374465
permutation_random,1,752,0.006736243
permutation_random,1,753,0.006649163
permutation_random,1,754,0.022397915
permutation_random,1,755,0.034025
permutation_random,1,756,0.008037887
permutation_random,1,757,0.020647103
permutation_random,1,758,0.012612633
permutation_random,1,759,0.029235058
permutation_random,1,760,0.028073063
permutation_random,1,761,0.0047744606
permutation_random,1,762,0.0043927254
permutation_random,1,763,0.02403487
permutation_random,1,764,0.020961048
permutation_random,1,765,0.005886488
permutation_random,1,766,0.020534344
permutation_random,1,767,0.013093848
permutation_random,1,768,0.055568866
permutation_random,1,769,0.014858796
permutation_random,1,770,0.046364136
permutation_random,1,771,0.011804145
permutation_random,1,772,0.032520574
permutation_random,1,773,0.038752116
permutation_random,1,774,0.02919513
permutation_random,1,775,0.015106732
permutation_random,1,776,0.013315877
permutation_random,1,777,0.022248292
permutation_random,1,778,0.0024009976
permutation_random,1,779,0.22763589
permutation_random,1,780,0.0056182095
permutation_random,1,781,0.004876321
permutation_random,1,782,0.098602556
permutation_random,1,783,0.011760971
permutation_random,1,784,0.014972205
permutation_random,1,785,0.040046655
permutation_random,1,786,0.038602937
permutation_random,1,787,0.012078276
permutation_random,1,788,0.03301206
permutation_random,1,789,0.007917338
permutation_random,1,790,0.015685888
permutation_random,1,791,0.017555496
permutation_random,1,792,0.0054193744
permutation_random,1,793,0.033503644
permutation_random,1,794,0.023072299
permutation_random,1,795,0.13679273
permutation_random,1,796,0.0054819533
permutation_random,1,797,0.13276517
permutation_random,1,798,0.021724407
permutation_random,1,799,0.008699389
permutation_random,1,800,0.17009696
permutation_random,1,801,0.004490515
permutation_random,1,802,0.009495998
permutation_random,1,803,0.0076481905
permutation_random,1,804,0.07235794
permutation_random,1,805,0.009512899
permutation_random,1,806,0.081037685
permutation_random,1,807,0.033735953
permutation_random,1,808,0.015744654
permutation_random,1,809,0.037639327
permutation_random,1,810,0.008589687
permutation_random,1,811,0.010235864
permutation_random,1,812,0.016074575
permutation_random,1,813,0.0057699233
permutation_random,1,814,0.034243457
permutation_random,1,815,0.0049658604
permutation_random,1,816,0.0050531486
permutation_random,1,817,0.08182214
permutation_random,1,818,0.017414577
permutation_random,1,819,0.019731138
permutation_random,1,820,0.026165988
permutation_random,1,821,0.06746133
permutation_random,1,822,0.03291424
permutation_random,1,823,0.017502306
permutation_random,1,824,0.04660771
permutation_random,1,825,0.008533105
permutation_random,1,826,0.030070683
permutation_random,1,827,0.010127027
permutation_random,1,828,0.01998958
permutation_random,1,829,0.009763164
permutation_random,1,830,0.012714805
permutation_random,1,831,0.013069069
permutation_random,1,832,0.11458394
permutation_random,1,833,0.018357448
permutation_random,1,834,0.20773262
permutation_random,1,835,0.129033
permutation_random,1,836,0.099255875
permutation_random,1,837,0.09996809
permutation_random,1,838,0.027024953
permutation_random,1,839,0.01831152
permutation_random,1,840,0.030746583
permutation_random,1,841,0.01690875
permutation_random,1,842,0.022536535
permutation_random,1,843,0.046058074
permutation_random,1,844,0.041093834
permutation_random,1,845,0.16931826
permutation_random,1,846,0.03738916
permutation_random,1,847,0.066167876
permutation_random,1,848,0.08040381
permutation_random,1,849,0.39293557
permutation_random,1,850,0.06840698
permutation_random,1,851,0.03947884
permutation_random,1,852,0.18724109
permutation_random,1,853,0.009672353
permutation_random,2,0,0.109393075
permutation_random,2,1,0.07510103
permutation_random,2,2,0.04054636
permutation_random,2,3,0.10833284
permutation_random,2,4,0.10719741
permutation_random,2,5,0.030237189
permutation_random,2,6,0.0071311165
permutation_random,2,7,0.012113266
permutation_random,2,8,0.30184755
permutation_random,2,9,0.029213216
permutation_random,2,10,0.050286286
permutation_random,2,11,0.09031059
permutation_random,2,12,0.10081617
permutation_random,2,13,0.016146831
permutation_random,2,14,0.10470102
permutation_random,2,15,0.009606271
permutation_random,2,16,0.03381553
permutation_random,2,17,0.060924117
permutation_random,2,18,0.0074568945
permutation_random,2,19,0.024604406
permutation_random,2,20,0.036734737
permutation_random,2,21,0.11207154
permutation_random,2,22,0.0290301
permutation_random,2,23,0.10467179
permutation_random,2,24,0.026368503
permutation_random,2,25,0.009686001
permutation_random,2,26,0.13840067
permutation_random,2,27,0.018759077
permutation_random,2,28,0.008646176
permutation_random,2,29,0.005432564
permutation_random,2,30,0.01013078
permutation_random,2,31,0.06874566
permutation_random,2,32,0.043999895
permutation_random,2,33,0.093786895
permutation_random,2,34,0.030195177
permutation_random,2,35,0.0011018559
permutation_random,2,36,0.010438698
permutation_random,2,37,0.029637976
permutation_random,2,38,0.021207303
permutation_random,2,39,0.016962469
permutation_random,2,40,0.01630482
permutation_random,2,41,0.08396275
permutation_random,2,42,0.062046118
permutation_random,2,43,0.010363239
permutation_random,2,44,0.018299062
permutation_random,2,45,0.057487097
permutation_random,2,46,0.0055492884
permutation_random,2,47,0.017788142
permutation_random,2,48,0.023875197
permutation_random,2,49,0.024451224
permutation_random,2,50,0.0262173
permutation_random,2,51,0.007657984
permutation_random,2,52,0.04150734
permutation_random,2,53,0.045311376
permutation_random,2,54,0.0935172
permutation_random,2,55,0.23842478
permutation_random,2,56,0.0072460608
permutation_random,2,57,0.0029223072
permutation_random,2,58,0.020231547
permutation_random,2,59,0.051740624
permutation_random,2,60,0.018588768
permutation_random,2,61,0.008356338
permutation_random,2,62,0.015666397
permutation_random,2,63,0.07886922
permutation_random,2,64,0.011906983
permutation_random,2,65,0.011307972
permutation_random,2,66,0.0042994292
permutation_random,2,67,0.012549912
permutation_random,2,68,0.00770706
permutation_random,2,69,0.09480423
permutation_random,2,70,0.008937866
permutation_random,2,71,0.007272685
permutation_random,2,72,0.035108108
permutation_random,2,73,0.021328151
permutation_random,2,74,0.03853333
permutation_random,2,75,0.009200192
permutation_random,2,76,0.014657267
permutation_random,2,77,0.13366851
permutation_random,2,78,0.048729867
permutation_random,2,79,0.0050085788
permutation_random,2,80,0.01632959
permutation_random,2,81,0.049441785
permutation_random,2,82,0.023206295
permutation_random,2,83,0.0043849573
permutation_random,2,84,0.0044310777
permutation_random,2,85,0.06178794
permutation_random,2,86,0.022425469
permutation_random,2,87,0.017148476
permutation_random,2,88,0.010678887
permutation_random,2,89,0.0132691115
permutation_random,2,90,0.014127335
permutation_random,2,91,0.03357723
permutation_random,2,92,0.0074707577
permutation_random,2,93,0.014750382
permutation_random,2,94,0.054400533
permutation_random,2,95,0.04609727
permutation_random,2,96,0.013164915
permutation_random,2,97,0.03178057
permutation_random,2,98,0.10547123
permutation_random,2,99,0.1967453
permutation_random,2,100,0.0058857547
permutation_random,2,101,0.06639604
permutation_random,2,102,0.0031351093
permutation_random,2,103,0.01953565
permutation_random,2,104,0.020347051
permutation_random,2,105,0.022604441
permutation_random,2,106,0.026154429
permutation_random,2,107,0.010130288
permutation_random,2,108,0.015055667
permutation_random,2,109,0.020742973
permutation_random,2,110,0.01813324
permutation_random,2,111,0.027273921
permutation_random,2,112,0.031872198
permutation_random,2,113,0.00957546
permutation_random,2,114,0.040406987
permutation_random,2,115,0.019548208
permutation_random,2,116,0.03782436
permutation_random,2,117,0.012790432
permutation_random,2,118,0.017322607
permutation_random,2,119,0.024099909
permutation_random,2,120,0.0068735033
permutation_random,2,121,0.0031246317
permutation_random,2,122,0.018980168
permutation_random,2,123,0.018089999
permutation_random,2,124,0.10797336
permutation_random,2,125,0.010023365
permutation_random,2,126,0.025188014
permutation_random,2,127,0.012895854
permutation_random,2,128,0.023207473
permutation_random,2,129,0.01578974
permutation_random,2,130,0.007821138
permutation_random,2,131,0.033219535
permutation_random,2,132,0.06719965
permutation_random,2,133,0.015923213
permutation_random,2,134,0.008714696
permutation_random,2,135,0.040747665
permutation_random,2,136,0.00706055
permutation_random,2,137,0.0116365235
permutation_random,2,138,0.14394355
permutation_random,2,139,0.012104605
permutation_random,2,140,0.007473597
permutation_random,2,141,0.061369076
permutation_random,2,142,0.016908823
permutation_random,2,143,0.02002775
permutation_random,2,144,0.007079897
permutation_random,2,145,0.015672734
permutation_random,2,146,0.024442444
permutation_random,2,147,0.02801232
permutation_random,2,148,0.021790998
permutation_random,2,149,0.01415381
permutation_random,2,150,0.21056756
permutation_random,2,151,0.01098609
permutation_random,2,152,0.0036292013
permutation_random,2,153,0.031970926
permutation_random,2,154,0.147073
permutation_random,2,155,0.0051721567
permutation_random,2,156,0.018634837
permutation_random,2,157,0.004467561
permutation_random,2,158,0.0036743875
permutation_random,2,159,0.0199279
permutation_random,2,160,0.14649843
permutation_random,2,161,0.040481456
permutation_random,2,162,0.007583208
permutation_random,2,163,0.010987543
permutation_random,2,164,0.014149692
permutation_random,2,165,0.0051548886
permutation_random,2,166,0.012401286
permutation_random,2,167,0.0941596
permutation_random,2,168,0.01380536
permutation_random,2,169,0.026774637
permutation_random,2,170,0.011108942
permutation_random,2,171,0.015814243
permutation_random,2,172,0.12672642
permutation_random,2,173,0.03322717
permutation_random,2,174,0.0503526
permutation_random,2,175,0.056935377
permutation_random,2,176,0.016633805
permutation_random,2,177,0.028089993
permutation_random,2,178,0.06652109
permutation_random,2,179,0.012205178
permutation_random,2,180,0.120680735
permutation_random,2,181,0.116912395
permutation_random,2,182,0.010462491
permutation_random,2,183,0.004913612
permutation_random,2,184,0.010958213
permutation_random,2,185,0.008507784
permutation_random,2,186,0.020823866
permutation_random,2,187,0.027275741
permutation_random,2,188,0.02443799
permutation_random,2,189,0.05412525
permutation_random,2,190,0.010682194
permutation_random,2,191,0.10060388
permutation_random,2,192,0.011985098
permutation_random,2,193,0.025794681
permutation_random,2,194,0.039568912
permutation_random,2,195,0.010217139
permutation_random,2,196,0.04502076
permutation_random,2,197,0.015797693
permutation_random,2,198,0.031104712
permutation_random,2,199,0.021124847
permutation_random,2,200,0.027762327
permutation_random,2,201,0.004006856
permutation_random,2,202,0.017017536
permutation_random,2,203,0.12994114
permutation_random,2,204,0.02315789
permutation_random,2,205,0.022489486
permutation_random,2,206,0.0108015
permutation_random,2,207,0.01375599
permutation_random,2,208,0.0069771716
permutation_random,2,209,0.03132549
permutation_random,2,210,0.03377614
permutation_random,2,211,0.027140323
permutation_random,2,212,0.027622253
permutation_random,2,213,0.025533203
permutation_random,2,214,0.11083006
permutation_random,2,215,0.0062185563
permutation_random,2,216,0.012119307
permutation_random,2,217,0.18928319
permutation_random,2,218,0.050458923
permutation_random,2,219,0.00902375
permutation_random,2,220,0.00924602
permutation_random,2,221,0.035109874
permutation_random,2,222,0.0372376
permutation_random,2,223,0.0144237485
permutation_random,2,224,0.017765392
permutation_random,2,225,0.011586504
permutation_random,2,226,0.022330847
permutation_random,2,227,0.10448924
permutation_random,2,228,0.015671508
permutation_random,2,229,0.0849825
permutation_random,2,230,0.01881748
permutation_random,2,231,0.023783451
permutation_random,2,232,0.017955083
permutation_random,2,233,0.026871799
permutation_random,2,234,0.009418767
permutation_random,2,235,0.023106426
permutation_random,2,236,0.010248753
permutation_random,2,237,0.030745544
permutation_random,2,238,0.0074071605
permutation_random,2,239,0.03565605
permutation_random,2,240,0.018591234
permutation_random,2,241,0.03232807
permutation_random,2,242,0.09635352
permutation_random,2,243,0.011697169
permutation_random,2,244,0.010099561
permutation_random,2,245,0.0064673377
permutation_random,2,246,0.020887613
permutation_random,2,247,0.015701286
permutation_random,2,248,0.012297646
permutation_random,2,249,0.059374884
permutation_random,2,250,0.04809468
permutation_random,2,251,0.04000767
permutation_random,2,252,0.00843062
permutation_random,2,253,0.23106132
permutation_random,2,254,0.011085101
permutation_random,2,255,0.005423829
permutation_random,2,256,0.0102155255
permutation_random,2,257,0.030847773
permutation_random,2,258,0.041737586
permutation_random,2,259,0.007441518
permutation_random,2,260,0.04155571
permutation_random,2,261,0.04851547
permutation_random,2,262,0.01098335
permutation_random,2,263,0.00421948
permutation_random,2,264,0.00670875
permutation_random,2,265,0.009213826
permutation_random,2,266,0.04047962
permutation_random,2,267,0.015205352
permutation_random,2,268,0.024477407
permutation_random,2,269,0.011926399
permutation_random,2,270,0.037657693
permutation_random,2,271,0.003581657
permutation_random,2,272,0.015067568
permutation_random,2,273,0.0036805072
permutation_random,2,274,0.01050419
permutation_random,2,275,0.12118326
permutation_random,2,276,0.041338883
permutation_random,2,277,0.008895104
permutation_random,2,278,0.00894776
permutation_random,2,279,0.010376133
permutation_random,2,280,0.033502363
permutation_random,2,281,0.022579946
permutation_random,2,282,0.017093759
permutation_random,2,283,0.004451175
permutation_random,2,284,0.021662187
permutation_random,2,285,0.011168161
permutation_random,2,286,0.106295094
permutation_random,2,287,0.013367085
permutation_random,2,288,0.020906955
permutation_random,2,289,0.031769533
permutation_random,2,290,0.03028217
permutation_random,2,291,0.17308092
permutation_random,2,292,0.018542843
permutation_random,2,293,0.025153339
permutation_random,2,294,0.024763286
permutation_random,2,295,0.019712355
permutation_random,2,296,0.026806846
permutation_random,2,297,0.004686172
permutation_random,2,298,0.012020802
permutation_random,2,299,0.007430773
permutation_random,2,300,0.04889352
permutation_random,2,301,0.014788494
permutation_random,2,302,0.02286274
permutation_random,2,303,0.01580482
permutation_random,2,304,0.0966943
permutation_random,2,305,0.022135982
permutation_random,2,306,0.023752846
permutation_random,2,307,0.01390736
permutation_random,2,308,0.07185385
permutation_random,2,309,0.012006301
permutation_random,2,310,0.0056021386
permutation_random,2,311,0.039295003
permutation_random,2,312,0.015658444
permutation_random,2,313,0.013269847
permutation_random,2,314,0.016641375
permutation_random,2,315,0.0018435731
permutation_random,2,316,0.021744447
permutation_random,2,317,0.009656368
permutation_random,2,318,0.022605328
permutation_random,2,319,0.050529175
permutation_random,2,320,0.070501566
permutation_random,2,321,0.009584432
permutation_random,2,322,0.009562133
permutation_random,2,323,0.024694586
permutation_random,2,324,0.08351149
permutation_random,2,325,0.008459366
permutation_random,2,326,0.024078459
permutation_random,2,327,0.011995971
permutation_random,2,328,0.059727415
permutation_random,2,329,0.0095057925
permutation_random,2,330,0.0046260534
permutation_random,2,331,0.010668037
permutation_random,2,332,0.040559493
permutation_random,2,333,0.015312003
permutation_random,2,334,0.028879255
permutation_random,2,335,0.01569989
permutation_random,2,336,0.003441126
permutation_random,2,337,0.013768639
permutation_random,2,338,0.1441782
permutation_random,2,339,0.01534102
permutation_random,2,340,0.027122594
permutation_random,2,341,0.013508551
permutation_random,2,342,0.023437364
permutation_random,2,343,0.00765603
permutation_random,2,344,0.0019126048
permutation_random,2,345,0.05674196
permutation_random,2,346,0.08202173
permutation_random,2,347,0.06299849
permutation_random,2,348,0.0073800287
permutation_random,2,349,0.06662865
permutation_random,2,350,0.017898476
permutation_random,2,351,0.00758128
permutation_random,2,352,0.017457392
permutation_random,2,353,0.015707672
permutation_random,2,354,0.0035295081
permutation_random,2,355,0.02597148
permutation_random,2,356,0.013088823
permutation_random,2,357,0.025020901
permutation_random,2,358,0.011498883
permutation_random,2,359,0.018662848
permutation_random,2,360,0.01518256
permutation_random,2,361,0.0041814907
permutation_random,2,362,0.029637245
permutation_random,2,363,0.015478281
permutation_random,2,364,0.05657787
permutation_random,2,365,0.011452234
permutation_random,2,366,0.010489626
permutation_random,2,367,0.045897525
permutation_random,2,368,0.016053922
permutation_random,2,369,0.029517349
permutation_random,2,370,0.07347315
permutation_random,2,371,0.010451687
permutation_random,2,372,0.01803023
permutation_random,2,373,0.011530455
permutation_random,2,374,0.023872513
permutation_random,2,375,0.09093591
permutation_random,2,376,0.020939583
permutation_random,2,377,0.006313292
permutation_random,2,378,0.12962455
permutation_random,2,379,0.008405194
permutation_random,2,380,0.0074527636
permutation_random,2,381,0.0070039025
permutation_random,2,382,0.017582884
permutation_random,2,383,0.01302346
permutation_random,2,384,0.006017018
permutation_random,2,385,0.044167146
permutation_random,2,386,0.00958403
permutation_random,2,387,0.024860263
permutation_random,2,388,0.09534554
permutation_random,2,389,0.032845255
permutation_random,2,390,0.013341393
permutation_random,2,391,0.019942276
permutation_random,2,392,0.00855772
permutation_random,2,393,0.032133207
permutation_random,2,394,0.02838503
permutation_random,2,395,0.033556297
permutation_random,2,396,0.004080857
permutation_random,2,397,0.0063879234
permutation_random,2,398,0.08013651
permutation_random,2,399,0.11294323
permutation_random,2,400,0.025112174
permutation_random,2,401,0.0651895
permutation_random,2,402,0.11292708
permutation_random,2,403,0.0077060265
permutation_random,2,404,0.013498587
permutation_random,2,405,0.099047616
permutation_random,2,406,0.011512218
permutation_random,2,407,0.055346448
permutation_random,2,408,0.034019865
permutation_random,2,409,0.07660523
permutation_random,2,410,0.02388147
permutation_random,2,411,0.016055306
permutation_random,2,412,0.039536737
permutation_random,2,413,0.012154356
permutation_random,2,414,0.005793454
permutation_random,2,415,0.07960169
permutation_random,2,416,0.08590579
permutation_random,2,417,0.012195171
permutation_random,2,418,0.0016277458
permutation_random,2,419,0.0069654724
permutation_random,2,420,0.012827536
permutation_random,2,421,0.16941962
permutation_random,2,422,0.006287119
permutation_random,2,423,0.02293785
permutation_random,2,424,0.085314095
permutation_random,2,425,0.0076912316
permutation_random,2,426,0.027383845
permutation_random,2,427,0.010807823
permutation_random,2,428,0.05514847
permutation_random,2,429,0.05055321
permutation_random,2,430,0.10896373
permutation_random,2,431,0.031178843
permutation_random,2,432,0.011785166
permutation_random,2,433,0.011153169
permutation_random,2,434,0.011648639
permutation_random,2,435,0.010980291
permutation_random,2,436,0.081591725
permutation_random,2,437,0.014627052
permutation_random,2,438,0.020547679
permutation_random,2,439,0.013949908
permutation_random,2,440,0.04908202
permutation_random,2,441,0.02057583
permutation_random,2,442,0.020625683
permutation_random,2,443,0.016558748
permutation_random,2,444,0.013909245
permutation_random,2,445,0.0076237465
permutation_random,2,446,0.087903745
permutation_random,2,447,0.106891245
permutation_random,2,448,0.064993694
permutation_random,2,449,0.20510828
permutation_random,2,450,0.028971765
permutation_random,2,451,0.017000435
permutation_random,2,452,0.022124019
permutation_random,2,453,0.006619517
permutation_random,2,454,0.043826338
permutation_random,2,455,0.07737008
permutation_random,2,456,0.007575776
permutation_random,2,457,0.030671835
permutation_random,2,458,0.021340633
permutation_random,2,459,0.033436522
permutation_random,2,460,0.020496422
permutation_random,2,461,0.01076168
permutation_random,2,462,0.103394315
permutation_random,2,463,0.013913248
permutation_random,2,464,0.019008584
permutation_random,2,465,0.020748805
permutation_random,2,466,0.02190925
permutation_random,2,467,0.12418352
permutation_random,2,468,0.0091614295
permutation_random,2,469,0.016142245
permutation_random,2,470,0.07145175
permutation_random,2,471,0.024398783
permutation_random,2,472,0.020050315
permutation_random,2,473,0.013217522
permutation_random,2,474,0.007846538
permutation_random,2,475,0.1209015
permutation_random,2,476,0.017362827
permutation_random,2,477,0.0867131
permutation_random,2,478,0.0039510718
permutation_random,2,479,0.11830995
permutation_random,2,480,0.00628686
permutation_random,2,481,0.007389753
permutation_random,2,482,0.007934039
permutation_random,2,483,0.027712647
permutation_random,2,484,0.028716251
permutation_random,2,485,0.0075499313
permutation_random,2,486,0.0097634075
permutation_random,2,487,0.01625247
permutation_random,2,488,0.0071915584
permutation_random,2,489,0.04276837
permutation_random,2,490,0.0026905087
permutation_random,2,491,0.014014116
permutation_random,2,492,0.021865921
permutation_random,2,493,0.044876378
permutation_random,2,494,0.0077624237
permutation_random,2,495,0.0017274714
permutation_random,2,496,0.05317784
permutation_random,2,497,0.0059281886
permutation_random,2,498,0.004221319
permutation_random,2,499,0.11736235
permutation_random,2,500,0.02847829
permutation_random,2,501,0.0011896826
permutation_random,2,502,0.12972778
permutation_random,2,503,0.009682393
permutation_random,2,504,0.020923786
permutation_random,2,505,0.03168825
permutation_random,2,506,0.04516879
permutation_random,2,507,0.013723012
permutation_random,2,508,0.021307454
permutation_random,2,509,0.055085775
permutation_random,2,510,0.0132475905
permutation_random,2,511,0.026781935
permutation_random,2,512,0.25542808
permutation_random,2,513,0.033535764
permutation_random,2,514,0.010586677
permutation_random,2,515,0.008801222
permutation_random,2,516,0.011227245
permutation_random,2,517,0.109306075
permutation_random,2,518,0.012987083
permutation_random,2,519,0.098710075
permutation_random,2,520,0.0070241727
permutation_random,2,521,0.004523786
permutation_random,2,522,0.009494042
permutation_random,2,523,0.003641276
permutation_random,2,524,0.021522313
permutation_random,2,525,0.00578415
permutation_random,2,526,0.013337802
permutation_random,2,527,0.02114259
permutation_random,2,528,0.10629415
permutation_random,2,529,0.010546765
permutation_random,2,530,0.013410715
permutation_random,2,531,0.08296804
permutation_random,2,532,0.006957558
permutation_random,2,533,0.012186576
permutation_random,2,534,0.007944415
permutation_random,2,535,0.031557187
permutation_random,2,536,0.029350761
permutation_random,2,537,0.01904155
permutation_random,2,538,0.010050821
permutation_random,2,539,0.014097664
permutation_random,2,540,0.009933871
permutation_random,2,541,0.011335114
permutation_random,2,542,0.024086133
permutation_random,2,543,0.013933575
permutation_random,2,544,0.13393399
permutation_random,2,545,0.0124872215
permutation_random,2,546,0.012796831
permutation_random,2,547,0.01169224
permutation_random,2,548,0.06373922
permutation_random,2,549,0.04876256
permutation_random,2,550,0.005429785
permutation_random,2,551,0.1032979
permutation_random,2,552,0.021305978
permutation_random,2,553,0.030842043
permutation_random,2,554,0.012829202
permutation_random,2,555,0.17945354
permutation_random,2,556,0.011269485
permutation_random,2,557,0.006223208
permutation_random,2,558,0.075373694
permutation_random,2,559,0.05750801
permutation_random,2,560,0.012283822
permutation_random,2,561,0.017730333
permutation_random,2,562,0.010342188
permutation_random,2,563,0.011609452
permutation_random,2,564,0.017519113
permutation_random,2,565,0.0028235842
permutation_random,2,566,0.015637718
permutation_random,2,567,0.022663204
permutation_random,2,568,0.031528514
permutation_random,2,569,0.02500731
permutation_random,2,570,0.00078220386
permutation_random,2,571,0.12602495
permutation_random,2,572,0.021132927
permutation_random,2,573,0.014295697
permutation_random,2,574,0.0075111575
permutation_random,2,575,0.0088242255
permutation_random,2,576,0.013854411
permutation_random,2,577,0.023425054
permutation_random,2,578,0.026913851
permutation_random,2,579,0.022397563
permutation_random,2,580,0.016928483
permutation_random,2,581,0.0060768966
permutation_random,2,582,0.009292338
permutation_random,2,583,0.0022028293
permutation_random,2,584,0.0532644
permutation_random,2,585,0.010837924
permutation_random,2,586,0.01854764
permutation_random,2,587,0.017117761
permutation_random,2,588,0.008866878
permutation_random,2,589,0.003736178
permutation_random,2,590,0.020214897
permutation_random,2,591,0.022908438
permutation_random,2,592,0.006225543
permutation_random,2,593,0.034693733
permutation_random,2,594,0.01753042
permutation_random,2,595,0.017413221
permutation_random,2,596,0.03370347
permutation_random,2,597,0.010366096
permutation_random,2,598,0.019162465
permutation_random,2,599,0.03148268
permutation_random,2,600,0.022171423
permutation_random,2,601,0.00802272
permutation_random,2,602,0.05704046
permutation_random,2,603,0.015114803
permutation_random,2,604,0.027501957
permutation_random,2,605,0.0050123227
permutation_random,2,606,0.025975894
permutation_random,2,607,0.05483166
permutation_random,2,608,0.019204792
permutation_random,2,609,0.046203524
permutation_random,2,610,0.12543985
permutation_random,2,611,0.036109827
permutation_random,2,612,0.028059395
permutation_random,2,613,0.04650764
permutation_random,2,614,0.045866117
permutation_random,2,615,0.017457165
permutation_random,2,616,0.044778727
permutation_random,2,617,0.09345202
permutation_random,2,618,0.2232517
permutation_random,2,619,0.004640609
permutation_random,2,620,0.0128311515
permutation_random,2,621,0.025407795
permutation_random,2,622,0.04784172
permutation_random,2,623,0.019372739
permutation_random,2,624,0.016318336
permutation_random,2,625,0.015943952
permutation_random,2,626,0.03141047
permutation_random,2,627,0.027306823
permutation_random,2,628,0.0060337656
permutation_random,2,629,0.07396603
permutation_random,2,630,0.032671824
permutation_random,2,631,0.09466231
permutation_random,2,632,0.024850914
permutation_random,2,633,0.01302595
permutation_random,2,634,0.03619676
permutation_random,2,635,0.0227406
permutation_random,2,636,0.019706251
permutation_random,2,637,0.022514353
permutation_random,2,638,0.013867985
permutation_random,2,639,0.018987298
permutation_random,2,640,0.014034388
permutation_random,2,641,0.07738207
permutation_random,2,642,0.017865159
permutation_random,2,643,0.004366479
permutation_random,2,644,0.02167946
permutation_random,2,645,0.014501657
permutation_random,2,646,0.13588715
permutation_random,2,647,0.012123841
permutation_random,2,648,0.0065983166
permutation_random,2,649,0.02301799
permutation_random,2,650,0.13928011
permutation_random,2,651,0.15234956
permutation_random,2,652,0.008337611
permutation_random,2,653,0.012357547
permutation_random,2,654,0.03619444
permutation_random,2,655,0.15230203
permutation_random,2,656,0.059000008
permutation_random,2,657,0.024198249
permutation_random,2,658,0.010757416
permutation_random,2,659,0.009343823
permutation_random,2,660,0.02487846
permutation_random,2,661,0.02682537
permutation_random,2,662,0.048806984
permutation_random,2,663,0.05059317
permutation_random,2,664,0.023439847
permutation_random,2,665,0.01873817
permutation_random,2,666,0.032238245
permutation_random,2,667,0.012017963
permutation_random,2,668,0.008058496
permutation_random,2,669,0.0068196016
permutation_random,2,670,0.016236363
permutation_random,2,671,0.013894603
permutation_random,2,672,0.021694895
permutation_random,2,673,0.023126204
permutation_random,2,674,0.092348695
permutation_random,2,675,0.012695437
permutation_random,2,676,0.0475042
permutation_random,2,677,0.038767852
permutation_random,2,678,0.014646238
permutation_random,2,679,0.011353964
permutation_random,2,680,0.023842141
permutation_random,2,681,0.012373538
permutation_random,2,682,0.0144215245
permutation_random,2,683,0.09776874
permutation_random,2,684,0.046180494
permutation_random,2,685,0.019796446
permutation_random,2,686,0.061419204
permutation_random,2,687,0.010525912
permutation_random,2,688,0.012117114
permutation_random,2,689,0.16338335
permutation_random,2,690,0.031640317
permutation_random,2,691,0.28381956
permutation_random,2,692,0.01928257
permutation_random,2,693,0.013915173
permutation_random,2,694,0.034459375
permutation_random,2,695,0.058843568
permutation_random,2,696,0.012022373
permutation_random,2,697,0.003920165
permutation_random,2,698,0.0025704629
permutation_random,2,699,0.011109553
permutation_random,2,700,0.05275826
permutation_random,2,701,0.030016951
permutation_random,2,702,0.0077058086
permutation_random,2,703,0.0033939055
permutation_random,2,704,0.026051924
permutation_random,2,705,0.005674308
permutation_random,2,706,0.008315735
permutation_random,2,707,0.012173536
permutation_random,2,708,0.027843313
permutation_random,2,709,0.022692416
permutation_random,2,710,0.0151116
permutation_random,2,711,0.003542573
permutation_random,2,712,0.03806789
permutation_random,2,713,0.020291314
permutation_random,2,714,0.08935168
permutation_random,2,715,0.015622746
permutation_random,2,716,0.007590754
permutation_random,2,717,0.024364442
permutation_random,2,718,0.030653562
permutation_random,2,719,0.0154148415
permutation_random,2,720,0.017501948
permutation_random,2,721,0.12955895
permutation_random,2,722,0.011838691
permutation_random,2,723,0.015082472
permutation_random,2,724,0.19846252
permutation_random,2,725,0.12106559
permutation_random,2,726,0.014145528
permutation_random,2,727,0.026753852
permutation_random,2,728,0.0016845325
permutation_random,2,729,0.029633708
permutation_random,2,730,0.30819237
permutation_random,2,731,0.08536886
permutation_random,2,732,0.026567452
permutation_random,2,733,0.050101615
permutation_random,2,734,0.018276982
permutation_random,2,735,0.23083779
permutation_random,2,736,0.03302072
permutation_random,2,737,0.018509168
permutation_random,2,738,0.015470295
permutation_random,2,739,0.020790862
permutation_random,2,740,0.017796626
permutation_random,2,741,0.04203616
permutation_random,2,742,0.01113178
permutation_random,2,743,0.045827746
permutation_random,2,744,0.0155655695
permutation_random,2,745,0.07148574
permutation_random,2,746,0.0129482355
permutation_random,2,747,0.00555792
permutation_random,2,748,0.04274534
permutation_random,2,749,0.013866297
permutation_random,2,750,0.028167693
permutation_random,2,751,0.03819308
permutation_random,2,752,0.01074161
permutation_random,2,753,0.04393243
permutation_random,2,754,0.0061482973
permutation_random,2,755,0.016331688
permutation_random,2,756,0.115045354
permutation_random,2,757,0.032247253
permutation_random,2,758,0.009535297
permutation_random,2,759,0.013188355
permutation_random,2,760,0.025781345
permutation_random,2,761,0.00883998
permutation_random,2,762,0.005585458
permutation_random,2,763,0.025667183
permutation_random,2,764,0.07135649
permutation_random,2,765,0.028334454
permutation_random,2,766,0.019597072
permutation_random,2,767,0.31415135
permutation_random,2,768,0.13372034
permutation_random,2,769,0.045914084
permutation_random,2,770,0.009017211
permutation_random,2,771,0.012286882
permutation_random,2,772,0.004923156
permutation_random,2,773,0.014478762
permutation_random,2,774,0.040070496
permutation_random,2,775,0.00556939
permutation_random,2,776,0.13823918
permutation_random,2,777,0.012901768
permutation_random,2,778,0.084753074
permutation_random,2,779,0.023888769
permutation_random,2,780,0.24340603
permutation_random,2,781,0.11534191
permutation_random,2,782,0.027849223
permutation_random,2,783,0.117347844
permutation_random,2,784,0.01054915
permutation_random,2,785,0.024134547
permutation_random,2,786,0.08187668
permutation_random,2,787,0.27493402
permutation_random,2,788,0.01921195
permutation_random,2,789,0.008775801
permutation_random,2,790,0.013176201
permutation_random,2,791,0.026862817
permutation_random,2,792,0.009848559
permutation_random,2,793,0.016449515
permutation_random,2,794,0.011075241
permutation_random,2,795,0.014644015
permutation_random,2,796,0.02342524
permutation_random,2,797,0.0061100363
permutation_random,2,798,0.027444597
permutation_random,2,799,0.12232893
permutation_random,2,800,0.038632907
permutation_random,2,801,0.004271506
permutation_random,2,802,0.023638297
permutation_random,2,803,0.01590377
permutation_random,2,804,0.11872022
permutation_random,2,805,0.024664873
permutation_random,2,806,0.007478565
permutation_random,2,807,0.0068780985
permutation_random,2,808,0.015159618
permutation_random,2,809,0.121398136
permutation_random,2,810,0.0038294513
permutation_random,2,811,0.01949934
permutation_random,2,812,0.09986453
permutation_random,2,813,0.009280069
permutation_random,2,814,0.016797356
permutation_random,2,815,0.0063041053
permutation_random,2,816,0.018396176
permutation_random,2,817,0.0043708263
permutation_random,2,818,0.031550962
permutation_random,2,819,0.018507492
permutation_random,2,820,0.011114362
permutation_random,2,821,0.04479596
permutation_random,2,822,0.061482035
permutation_random,2,823,0.26022238
permutation_random,2,824,0.012719073
permutation_random,2,825,0.1569772
permutation_random,2,826,0.013658453
permutation_random,2,827,0.053279854
permutation_random,2,828,0.03127267
permutation_random,2,829,0.019756064
permutation_random,2,830,0.023999516
permutation_random,2,831,0.03411299
permutation_random,2,832,0.3383665
permutation_random,2,833,0.036473628
permutation_random,2,834,0.02030143
permutation_random,2,835,0.007998753
permutation_random,2,836,0.101796284
permutation_random,2,837,0.036566857
permutation_random,2,838,0.014030722
permutation_random,2,839,0.015981153
permutation_random,2,840,0.02495768
permutation_random,2,841,0.0063825883
permutation_random,2,842,0.017459318
permutation_random,2,843,0.020205753
permutation_random,2,844,0.016880453
permutation_random,2,845,0.022512028
permutation_random,2,846,0.011109772
permutation_random,2,847,0.051987834
permutation_random,2,848,0.08247669
permutation_random,2,849,0.1436644
permutation_random,2,850,0.0638859
permutation_random,2,851,0.014580553
permutation_random,2,852,0.1002737
permutation_random,2,853,0.010038146
permutation_random,3,0,0.054927
permutation_random,3,1,0.06481054
permutation_random,3,2,0.009640434
permutation_random,3,3,0.020278938
permutation_random,3,4,0.015912972
permutation_random,3,5,0.01753838
permutation_random,3,6,0.057443384
permutation_random,3,7,0.0139747895
permutation_random,3,8,0.0026550388
permutation_random,3,9,0.17161946
permutation_random,3,10,0.0682286
permutation_random,3,11,0.034486506
permutation_random,3,12,0.0060292305
permutation_random,3,13,0.020376466
permutation_random,3,14,0.027969338
permutation_random,3,15,0.0115439985
permutation_random,3,16,0.0051324544
permutation_random,3,17,0.004367211
permutation_random,3,18,0.024561808
permutation_random,3,19,0.008929723
permutation_random,3,20,0.016845461
permutation_random,3,21,0.009827193
permutation_random,3,22,0.06234639
permutation_random,3,23,0.12724507
permutation_random,3,24,0.044852015
permutation_random,3,25,0.0413396
permutation_random,3,26,0.0283824
permutation_random,3,27,0.014649103
permutation_random,3,28,0.008646176
permutation_random,3,29,0.007842975
permutation_random,3,30,0.0099712685
permutation_random,3,31,0.11473539
permutation_random,3,32,0.0026362087
permutation_random,3,33,0.024599206
permutation_random,3,34,0.018030658
permutation_random,3,35,0.011028921
permutation_random,3,36,0.02259168
permutation_random,3,37,0.009830024
permutation_random,3,38,0.029802224
permutation_random,3,39,0.0054405625
permutation_random,3,40,0.014487164
permutation_random,3,41,0.012831384
permutation_random,3,42,0.06278235
permutation_random,3,43,0.009268226
permutation_random,3,44,0.013179712
permutation_random,3,45,0.014069807
permutation_random,3,46,0.0064584296
permutation_random,3,47,0.009051079
permutation_random,3,48,0.074274674
permutation_random,3,49,0.00571415
permutation_random,3,50,0.027609996
permutation_random,3,51,0.00647882
permutation_random,3,52,0.022631306
permutation_random,3,53,0.013276156
permutation_random,3,54,0.012370894
permutation_random,3,55,0.11743212
permutation_random,3,56,0.010523235
permutation_random,3,57,0.23068708
permutation_random,3,58,0.011627264
permutation_random,3,59,0.04004986
permutation_random,3,60,0.027814638
permutation_random,3,61,0.018241063
permutation_random,3,62,0.013800361
permutation_random,3,63,0.007451936
permutation_random,3,64,0.0037605944
permutation_random,3,65,0.018178895
permutation_random,3,66,0.0067097433
permutation_random,3,67,0.053721312
permutation_random,3,68,0.0074590007
permutation_random,3,69,0.055190343
permutation_random,3,70,0.008829345
permutation_random,3,71,0.0029231443
permutation_random,3,72,0.018328434
permutation_random,3,73,0.041385032
permutation_random,3,74,0.1105432
permutation_random,3,75,0.040192507
permutation_random,3,76,0.011744094
permutation_random,3,77,0.009100477
permutation_random,3,78,0.063996166
permutation_random,3,79,0.008018821
permutation_random,3,80,0.012965572
permutation_random,3,81,0.009175586
permutation_random,3,82,0.020384973
permutation_random,3,83,0.013195246
permutation_random,3,84,0.0024071394
permutation_random,3,85,0.01640426
permutation_random,3,86,0.01835483
permutation_random,3,87,0.011249587
permutation_random,3,88,0.024512846
permutation_random,3,89,0.056668017
permutation_random,3,90,0.030738406
permutation_random,3,91,0.027257431
permutation_random,3,92,0.025095236
permutation_random,3,93,0.0054944204
permutation_random,3,94,0.027819682
permutation_random,3,95,0.015900964
permutation_random,3,96,0.016466094
permutation_random,3,97,0.01102669
permutation_random,3,98,0.014823077
permutation_random,3,99,0.0054217856
permutation_random,3,100,0.009933731
permutation_random,3,101,0.009015479
permutation_random,3,102,0.010730784
permutation_random,3,103,0.014425517
permutation_random,3,104,0.027784117
permutation_random,3,105,0.118200965
permutation_random,3,106,0.003848297
permutation_random,3,107,0.018362453
permutation_random,3,108,0.014377476
permutation_random,3,109,0.021054018
permutation_random,3,110,0.008231034
permutation_random,3,111,0.002279431
permutation_random,3,112,0.002916283
permutation_random,3,113,0.023289375
permutation_random,3,114,0.044166602
permutation_random,3,115,0.1295177
permutation_random,3,116,0.009786922
permutation_random,3,117,0.10772339
permutation_random,3,118,0.020032782
permutation_random,3,119,0.01900722
permutation_random,3,120,0.11435441
permutation_random,3,121,0.01765507
permutation_random,3,122,0.0044362266
permutation_random,3,123,0.015286268
permutation_random,3,124,0.035047848
permutation_random,3,125,0.0067856107
permutation_random,3,126,0.01823511
permutation_random,3,127,0.02388355
permutation_random,3,128,0.0129561545
permutation_random,3,129,0.017261095
permutation_random,3,130,0.11309628
permutation_random,3,131,0.028713737
permutation_random,3,132,0.00936134
permutation_random,3,133,0.019063976
permutation_random,3,134,0.01551101
permutation_random,3,135,0.010705305
permutation_random,3,136,0.023685176
permutation_random,3,137,0.005253918
permutation_random,3,138,0.024916004
permutation_random,3,139,0.0106079765
permutation_random,3,140,0.0065435856
permutation_random,3,141,0.1904748
permutation_random,3,142,0.013493946
permutation_random,3,143,0.013640987
permutation_random,3,144,0.055055924
permutation_random,3,145,0.06510004
permutation_random,3,146,0.057007495
permutation_random,3,147,0.02529419
permutation_random,3,148,0.049715642
permutation_random,3,149,0.017280124
permutation_random,3,150,0.033322927
permutation_random,3,151,0.005139658
permutation_random,3,152,0.0045849984
permutation_random,3,153,0.030467857
permutation_random,3,154,0.015887266
permutation_random,3,155,0.0035388449
permutation_random,3,156,0.22833987
permutation_random,3,157,0.08849701
permutation_random,3,158,0.028704304
permutation_random,3,159,0.029725201
permutation_random,3,160,0.014840655
permutation_random,3,161,0.0138388565
permutation_random,3,162,0.018702995
permutation_random,3,163,0.012760047
permutation_random,3,164,0.0059779966
permutation_random,3,165,0.01831077
permutation_random,3,166,0.032669794
permutation_random,3,167,0.025427183
permutation_random,3,168,0.034191508
permutation_random,3,169,0.009923298
permutation_random,3,170,0.10030088
permutation_random,3,171,0.0051855845
permutation_random,3,172,0.0046803085
permutation_random,3,173,0.015272879
permutation_random,3,174,0.025959443
permutation_random,3,175,0.005761828
permutation_random,3,176,0.043949395
permutation_random,3,177,0.027955452
permutation_random,3,178,0.16372937
permutation_random,3,179,0.022854308
permutation_random,3,180,0.018548997
permutation_random,3,181,0.018513033
permutation_random,3,182,0.025764223
permutation_random,3,183,0.03696289
permutation_random,3,184,0.012931164
permutation_random,3,185,0.047841568
permutation_random,3,186,0.13460764
permutation_random,3,187,0.014318543
permutation_random,3,188,0.003190476
permutation_random,3,189,0.17340277
permutation_random,3,190,0.010868659
permutation_random,3,191,0.020052345
permutation_random,3,192,0.0122908745
permutation_random,3,193,0.045879535
permutation_random,3,194,0.057332814
permutation_random,3,195,0.0133920815
permutation_random,3,196,0.053729128
permutation_random,3,197,0.013247079
permutation_random,3,198,0.007947398
permutation_random,3,199,0.013031778
permutation_random,3,200,0.022435885
permutation_random,3,201,0.0031355552
permutation_random,3,202,0.012188403
permutation_random,3,203,0.12704578
permutation_random,3,204,0.0064543765
permutation_random,3,205,0.014984943
permutation_random,3,206,0.007973043
permutation_random,3,207,0.054999914
permutation_random,3,208,0.018916516
permutation_random,3,209,0.047843702
permutation_random,3,210,0.017979639
permutation_random,3,211,0.018269243
permutation_random,3,212,0.014308117
permutation_random,3,213,0.006613276
permutation_random,3,214,0.037067868
permutation_random,3,215,0.06812489
permutation_random,3,216,0.04189006
permutation_random,3,217,0.008358446
permutation_random,3,218,0.002165109
permutation_random,3,219,0.0281512
permutation_random,3,220,0.0149631165
permutation_random,3,221,0.013152109
permutation_random,3,222,0.0034620394
permutation_random,3,223,0.006442338
permutation_random,3,224,0.0041373954
permutation_random,3,225,0.010922483
permutation_random,3,226,0.1517336
permutation_random,3,227,0.019630872
permutation_random,3,228,0.011176754
permutation_random,3,229,0.030240674
permutation_random,3,230,0.008520023
permutation_random,3,231,0.0062790085
permutation_random,3,232,0.013316807
permutation_random,3,233,0.11390828
permutation_random,3,234,0.0051776785
permutation_random,3,235,0.024720974
permutation_random,3,236,0.009321065
permutation_random,3,237,0.0032473893
permutation_random,3,238,0.01196699
permutation_random,3,239,0.022903807
permutation_random,3,240,0.09782474
permutation_random,3,241,0.08562869
permutation_random,3,242,0.005272396
permutation_random,3,243,0.028524458
permutation_random,3,244,0.006378419
permutation_random,3,245,0.032929976
permutation_random,3,246,0.0105165765
permutation_random,3,247,0.0021826723
permutation_random,3,248,0.008053502
permutation_random,3,249,0.010972666
permutation_random,3,250,0.015587235
permutation_random,3,251,0.0054053236
permutation_random,3,252,0.026248462
permutation_random,3,253,0.021811975
permutation_random,3,254,0.032330558
permutation_random,3,255,0.021701407
permutation_random,3,256,0.0246003
permutation_random,3,257,0.098456934
permutation_random,3,258,0.013930971
permutation_random,3,259,0.11978227
permutation_random,3,260,0.019641036
permutation_random,3,261,0.013127381
permutation_random,3,262,0.016925346
permutation_random,3,263,0.00705256
permutation_random,3,264,0.019946318
permutation_random,3,265,0.014507687
permutation_random,3,266,0.027808327
permutation_random,3,267,0.046340887
permutation_random,3,268,0.22641245
permutation_random,3,269,0.01654486
permutation_random,3,270,0.009661499
permutation_random,3,271,0.0059423517
permutation_random,3,272,0.0067477897
permutation_random,3,273,0.019748542
permutation_random,3,274,0.032887995
permutation_random,3,275,0.006387304
permutation_random,3,276,0.033571973
permutation_random,3,277,0.01610569
permutation_random,3,278,0.11922388
permutation_random,3,279,0.019017698
permutation_random,3,280,0.005244197
permutation_random,3,281,0.009415312
permutation_random,3,282,0.032830052
permutation_random,3,283,0.115085185
permutation_random,3,284,0.01393084
permutation_random,3,285,0.023973737
permutation_random,3,286,0.014749141
permutation_random,3,287,0.012218487
permutation_random,3,288,0.121753916
permutation_random,3,289,0.031574484
permutation_random,3,290,0.008090075
permutation_random,3,291,0.009425069
permutation_random,3,292,0.011732727
permutation_random,3,293,0.00837921
permutation_random,3,294,0.0040455367
permutation_random,3,295,0.010896034
permutation_random,3,296,0.010749219
permutation_random,3,297,0.009106165
permutation_random,3,298,0.009681543
permutation_random,3,299,0.03968401
permutation_random,3,300,0.14131382
permutation_random,3,301,0.019227356
permutation_random,3,302,0.01009265
permutation_random,3,303,0.010827257
permutation_random,3,304,0.022490114
permutation_random,3,305,0.011280916
permutation_random,3,306,0.08661301
permutation_random,3,307,0.23392484
permutation_random,3,308,0.004808833
permutation_random,3,309,0.007333152
permutation_random,3,310,0.042509332
permutation_random,3,311,0.036303304
permutation_random,3,312,0.027226022
permutation_random,3,313,0.0068973987
permutation_random,3,314,0.013928684
permutation_random,3,315,0.0152930645
permutation_random,3,316,0.014999724
permutation_random,3,317,0.22965705
permutation_random,3,318,0.0334085
permutation_random,3,319,0.011857427
permutation_random,3,320,0.03441648
permutation_random,3,321,0.0069314013
permutation_random,3,322,0.007927563
permutation_random,3,323,0.009234857
permutation_random,3,324,0.0045813276
permutation_random,3,325,0.13451135
permutation_random,3,326,0.025397178
permutation_random,3,327,0.0680503
permutation_random,3,328,0.054261584
permutation_random,3,329,0.013881123
permutation_random,3,330,0.016271858
permutation_random,3,331,0.013544412
permutation_random,3,332,0.08190504
permutation_random,3,333,0.031156585
permutation_random,3,334,0.01133775
permutation_random,3,335,0.017925976
permutation_random,3,336,0.019728104
permutation_random,3,337,0.033520743
permutation_random,3,338,0.007910943
permutation_random,3,339,0.023780221
permutation_random,3,340,0.012091861
permutation_random,3,341,0.021243228
permutation_random,3,342,0.004427746
permutation_random,3,343,0.014108343
permutation_random,3,344,0.0823323
permutation_random,3,345,0.021695346
permutation_random,3,346,0.016387586
permutation_random,3,347,0.012161266
permutation_random,3,348,0.042249467
permutation_random,3,349,0.025068022
permutation_random,3,350,0.0025231428
permutation_random,3,351,0.02307772
permutation_random,3,352,0.04373824
permutation_random,3,353,0.04033221
permutation_random,3,354,0.02917388
permutation_random,3,355,0.09168078
permutation_random,3,356,0.088069946
permutation_random,3,357,0.017549925
permutation_random,3,358,0.032678124
permutation_random,3,359,0.03009297
permutation_random,3,360,0.023983609
permutation_random,3,361,0.0065917945
permutation_random,3,362,0.011691163
permutation_random,3,363,0.0048025283
permutation_random,3,364,0.03298032
permutation_random,3,365,0.016637709
permutation_random,3,366,0.006548916
permutation_random,3,367,0.02477526
permutation_random,3,368,0.007823989
permutation_random,3,369,0.027602218
permutation_random,3,370,0.025704931
permutation_random,3,371,0.07494682
permutation_random,3,372,0.0017843115
permutation_random,3,373,0.0045459103
permutation_random,3,374,0.36029518
permutation_random,3,375,0.03797131
permutation_random,3,376,0.09470835
permutation_random,3,377,0.007810875
permutation_random,3,378,0.03805507
permutation_random,3,379,0.016737327
permutation_random,3,380,0.096897334
permutation_random,3,381,0.03416685
permutation_random,3,382,0.018379943
permutation_random,3,383,0.04041648
permutation_random,3,384,0.016370652
permutation_random,3,385,0.21531425
permutation_random,3,386,0.015035659
permutation_random,3,387,0.025251014
permutation_random,3,388,0.05421485
permutation_random,3,389,0.017318388
permutation_random,3,390,0.006884264
permutation_random,3,391,0.021047732
permutation_random,3,392,0.03787096
permutation_random,3,393,0.01709047
permutation_random,3,394,0.0059719207
permutation_random,3,395,0.044015437
permutation_random,3,396,0.33381146
permutation_random,3,397,0.026799306
permutation_random,3,398,0.0056261686
permutation_random,3,399,0.020768821
permutation_random,3,400,0.025566481
permutation_random,3,401,0.050148204
permutation_random,3,402,0.12083321
permutation_random,3,403,0.0141187245
permutation_random,3,404,0.04045352
permutation_random,3,405,0.18494649
permutation_random,3,406,0.03703927
permutation_random,3,407,0.013434467
permutation_random,3,408,0.013336026
permutation_random,3,409,0.037611365
permutation_random,3,410,0.015786156
permutation_random,3,411,0.014712721
permutation_random,3,412,0.016347084
permutation_random,3,413,0.007895406
permutation_random,3,414,0.12615867
permutation_random,3,415,0.013718481
permutation_random,3,416,0.007426385
permutation_random,3,417,0.031827696
permutation_random,3,418,0.008590773
permutation_random,3,419,0.0069373064
permutation_random,3,420,0.022256896
permutation_random,3,421,0.016119588
permutation_random,3,422,0.019054249
permutation_random,3,423,0.009502787
permutation_random,3,424,0.055249207
permutation_random,3,425,0.018639361
permutation_random,3,426,0.062189512
permutation_random,3,427,0.03291719
permutation_random,3,428,0.03972255
permutation_random,3,429,0.0031682353
permutation_random,3,430,0.018299054
permutation_random,3,431,0.018581035
permutation_random,3,432,0.017024377
permutation_random,3,433,0.098529086
permutation_random,3,434,0.0077069756
permutation_random,3,435,0.029397422
permutation_random,3,436,0.017787326
permutation_random,3,437,0.0066191396
permutation_random,3,438,0.067778036
permutation_random,3,439,0.01426546
permutation_random,3,440,0.04855906
permutation_random,3,441,0.016082052
permutation_random,3,442,0.007762839
permutation_random,3,443,0.013863309
permutation_random,3,444,0.00432198
permutation_random,3,445,0.041203305
permutation_random,3,446,0.034887742
permutation_random,3,447,0.18079878
permutation_random,3,448,0.02317625
permutation_random,3,449,0.027845312
permutation_random,3,450,0.07653622
permutation_random,3,451,0.020231027
permutation_random,3,452,0.0048792055
permutation_random,3,453,0.034158252
permutation_random,3,454,0.020084662
permutation_random,3,455,0.012883814
permutation_random,3,456,0.017803788
permutation_random,3,457,0.015684599
permutation_random,3,458,0.0365858
permutation_random,3,459,0.012753799
permutation_random,3,460,0.0072396803
permutation_random,3,461,0.10481766
permutation_random,3,462,0.021842161
permutation_random,3,463,0.33815062
permutation_random,3,464,0.0082184505
permutation_random,3,465,0.0050424235
permutation_random,3,466,0.05376832
permutation_random,3,467,0.01777048
permutation_random,3,468,0.016502962
permutation_random,3,469,0.04884368
permutation_random,3,470,0.011013041
permutation_random,3,471,0.061097622
permutation_random,3,472,0.008945877
permutation_random,3,473,0.08892758
permutation_random,3,474,0.016492402
permutation_random,3,475,0.03073026
permutation_random,3,476,0.013839809
permutation_random,3,477,0.00391123
permutation_random,3,478,0.104830585
permutation_random,3,479,0.021498907
permutation_random,3,480,0.008959746
permutation_random,3,481,0.009946779
permutation_random,3,482,0.012478581
permutation_random,3,483,0.017042372
permutation_random,3,484,0.008817893
permutation_random,3,485,0.0397566
permutation_random,3,486,0.012049666
permutation_random,3,487,0.01565371
permutation_random,3,488,0.0132459365
permutation_random,3,489,0.024148395
permutation_random,3,490,0.011471092
permutation_random,3,491,0.024191054
permutation_random,3,492,0.027149526
permutation_random,3,493,0.025866527
permutation_random,3,494,0.0067387177
permutation_random,3,495,0.031797267
permutation_random,3,496,0.029228818
permutation_random,3,497,0.012472806
permutation_random,3,498,0.1432248
permutation_random,3,499,0.0056142104
permutation_random,3,500,0.0846254
permutation_random,3,501,0.020306917
permutation_random,3,502,0.007701758
permutation_random,3,503,0.013998879
permutation_random,3,504,0.017473325
permutation_random,3,505,0.033503413
permutation_random,3,506,0.04690092
permutation_random,3,507,0.033031464
permutation_random,3,508,0.014222389
permutation_random,3,509,0.044708557
permutation_random,3,510,0.0345356
permutation_random,3,511,0.0104916245
permutation_random,3,512,0.0029449775
permutation_random,3,513,0.0142243635
permutation_random,3,514,0.19432685
permutation_random,3,515,0.06914884
permutation_random,3,516,0.011520999
permutation_random,3,517,0.025982669
permutation_random,3,518,0.0085579
permutation_random,3,519,0.0817118
permutation_random,3,520,0.010986358
permutation_random,3,521,0.109914124
permutation_random,3,522,0.113828816
permutation_random,3,523,0.016331516
permutation_random,3,524,0.008752791
permutation_random,3,525,0.12708879
permutation_random,3,526,0.013672954
permutation_random,3,527,0.01571349
permutation_random,3,528,0.33430475
permutation_random,3,529,0.030951142
permutation_random,3,530,0.16780677
permutation_random,3,531,0.04781937
permutation_random,3,532,0.009245765
permutation_random,3,533,0.24179676
permutation_random,3,534,0.018676586
permutation_random,3,535,0.02112189
permutation_random,3,536,0.008223501
permutation_random,3,537,0.066358775
permutation_random,3,538,0.009149131
permutation_random,3,539,0.0058920183
permutation_random,3,540,0.025322545
permutation_random,3,541,0.05086455
permutation_random,3,542,0.112024255
permutation_random,3,543,0.009502703
permutation_random,3,544,0.007994156
permutation_random,3,545,0.009073872
permutation_random,3,546,0.14022076
permutation_random,3,547,0.13317452
permutation_random,3,548,0.017620021
permutation_random,3,549,0.007403652
permutation_random,3,550,0.12580545
permutation_random,3,551,0.025060754
permutation_random,3,552,0.016618852
permutation_random,3,553,0.013679882
permutation_random,3,554,0.0030944175
permutation_random,3,555,0.023696944
permutation_random,3,556,0.011377841
permutation_random,3,557,0.010208908
permutation_random,3,558,0.01728531
permutation_random,3,559,0.016718514
permutation_random,3,560,0.011325376
permutation_random,3,561,0.010738792
permutation_random,3,562,0.006860741
permutation_random,3,563,0.027662873
permutation_random,3,564,0.016694402
permutation_random,3,565,0.015009586
permutation_random,3,566,0.079711676
permutation_random,3,567,0.028998908
permutation_random,3,568,0.021565247
permutation_random,3,569,0.03628537
permutation_random,3,570,0.061195515
permutation_random,3,571,0.032500617
permutation_random,3,572,0.015840355
permutation_random,3,573,0.017066032
permutation_random,3,574,0.018049408
permutation_random,3,575,0.010564221
permutation_random,3,576,0.016789146
permutation_random,3,577,0.042032868
permutation_random,3,578,0.038612254
permutation_random,3,579,0.026159052
permutation_random,3,580,0.04788579
permutation_random,3,581,0.024479771
permutation_random,3,582,0.07413685
permutation_random,3,583,0.075525954
permutation_random,3,584,0.008013469
permutation_random,3,585,0.003884221
permutation_random,3,586,0.018033585
permutation_random,3,587,0.023996659
permutation_random,3,588,0.0063649463
permutation_random,3,589,0.013013724
permutation_random,3,590,0.01725916
permutation_random,3,591,0.01153429
permutation_random,3,592,0.014131216
permutation_random,3,593,0.040625572
permutation_random,3,594,0.019767769
permutation_random,3,595,0.017209345
permutation_random,3,596,0.006777376
permutation_random,3,597,0.02261721
permutation_random,3,598,0.003651582
permutation_random,3,599,0.108315475
permutation_random,3,600,0.0067967614
permutation_random,3,601,0.075224504
permutation_random,3,602,0.02749931
permutation_random,3,603,0.020599952
permutation_random,3,604,0.07592747
permutation_random,3,605,0.013214494
permutation_random,3,606,0.020837417
permutation_random,3,607,0.047132146
permutation_random,3,608,0.13811809
permutation_random,3,609,0.03440308
permutation_random,3,610,0.108400464
permutation_random,3,611,0.07110836
permutation_random,3,612,0.012977496
permutation_random,3,613,0.0474229
permutation_random,3,614,0.05194099
permutation_random,3,615,0.020428922
permutation_random,3,616,0.025387304
permutation_random,3,617,0.033545718
permutation_random,3,618,0.008446291
permutation_random,3,619,0.0056003937
permutation_random,3,620,0.027679596
permutation_random,3,621,0.012635161
permutation_random,3,622,0.020553248
permutation_random,3,623,0.12153777
permutation_random,3,624,0.008281341
permutation_random,3,625,0.0057493323
permutation_random,3,626,0.044949837
permutation_random,3,627,0.23769629
permutation_random,3,628,0.025338668
permutation_random,3,629,0.06407452
permutation_random,3,630,0.026497316
permutation_random,3,631,0.02618108
permutation_random,3,632,0.019207306
permutation_random,3,633,0.0785805
permutation_random,3,634,0.029634323
permutation_random,3,635,0.027250191
permutation_random,3,636,0.03200327
permutation_random,3,637,0.012565611
permutation_random,3,638,0.032716267
permutation_random,3,639,0.007136096
permutation_random,3,640,0.0050830585
permutation_random,3,641,0.00882989
permutation_random,3,642,0.021687467
permutation_random,3,643,0.02513805
permutation_random,3,644,0.015248707
permutation_random,3,645,0.058817632
permutation_random,3,646,0.0051784003
permutation_random,3,647,0.028776158
permutation_random,3,648,0.011626461
permutation_random,3,649,0.0054185763
permutation_random,3,650,0.012720829
permutation_random,3,651,0.0035221223
permutation_random,3,652,0.011825172
permutation_random,3,653,0.03436635
permutation_random,3,654,0.09201708
permutation_random,3,655,0.011109794
permutation_random,3,656,0.014533234
permutation_random,3,657,0.0020848967
permutation_random,3,658,0.0141057335
permutation_random,3,659,0.15489036
permutation_random,3,660,0.0074457726
permutation_random,3,661,0.012714875
permutation_random,3,662,0.0069253366
permutation_random,3,663,0.02401236
permutation_random,3,664,0.025690738
permutation_random,3,665,0.036436655
permutation_random,3,666,0.12106778
permutation_random,3,667,0.03674784
permutation_random,3,668,0.16398084
permutation_random,3,669,0.01654446
permutation_random,3,670,0.019048138
permutation_random,3,671,0.02057831
permutation_random,3,672,0.030666774
permutation_random,3,673,0.33663505
permutation_random,3,674,0.044429265
permutation_random,3,675,0.014761293
permutation_random,3,676,0.024715303
permutation_random,3,677,0.026903387
permutation_random,3,678,0.10962478
permutation_random,3,679,0.023127828
permutation_random,3,680,0.0049114022
permutation_random,3,681,0.07107198
permutation_random,3,682,0.011830673
permutation_random,3,683,0.0262379
permutation_random,3,684,0.01573209
permutation_random,3,685,0.05510472
permutation_random,3,686,0.03311976
permutation_random,3,687,0.122714326
permutation_random,3,688,0.006221507
permutation_random,3,689,0.010280052
permutation_random,3,690,0.012280746
permutation_random,3,691,0.043449894
permutation_random,3,692,0.011350426
permutation_random,3,693,0.01329395
permutation_random,3,694,0.0028662928
permutation_random,3,695,0.005490236
permutation_random,3,696,0.022755802
permutation_random,3,697,0.053022347
permutation_random,3,698,0.02003336
permutation_random,3,699,0.012383288
permutation_random,3,700,0.003210294
permutation_random,3,701,0.043696806
permutation_random,3,702,0.04954611
permutation_random,3,703,0.014067543
permutation_random,3,704,0.03821674
permutation_random,3,705,0.0050570667
permutation_random,3,706,0.035972703
permutation_random,3,707,0.012582453
permutation_random,3,708,0.026907744
permutation_random,3,709,0.007090746
permutation_random,3,710,0.012252115
permutation_random,3,711,0.006975868
permutation_random,3,712,0.008764442
permutation_random,3,713,0.05254581
permutation_random,3,714,0.017619286
permutation_random,3,715,0.01948666
permutation_random,3,716,0.020616345
permutation_random,3,717,0.0113035645
permutation_random,3,718,0.015032053
permutation_random,3,719,0.018251479
permutation_random,3,720,0.010529382
permutation_random,3,721,0.008756519
permutation_random,3,722,0.03212835
permutation_random,3,723,0.13478176
permutation_random,3,724,0.008582478
permutation_random,3,725,0.094111234
permutation_random,3,726,0.020959938
permutation_random,3,727,0.022743762
permutation_random,3,728,0.031467486
permutation_random,3,729,0.0580606
permutation_random,3,730,0.010316696
permutation_random,3,731,0.031224051
permutation_random,3,732,0.018887697
permutation_random,3,733,0.010079144
permutation_random,3,734,0.022858048
permutation_random,3,735,0.019083017
permutation_random,3,736,0.016357208
permutation_random,3,737,0.060202833
permutation_random,3,738,0.2003497
permutation_random,3,739,0.11756081
permutation_random,3,740,0.02678305
permutation_random,3,741,0.0020700367
permutation_random,3,742,0.01148762
permutation_random,3,743,0.016460719
permutation_random,3,744,0.035577882
permutation_random,3,745,0.018707978
permutation_random,3,746,0.025186555
permutation_random,3,747,0.0053497623
permutation_random,3,748,0.016249312
permutation_random,3,749,0.01928598
permutation_random,3,750,0.03668633
permutation_random,3,751,0.003260224
permutation_random,3,752,0.006422579
permutation_random,3,753,0.02989296
permutation_random,3,754,0.0026107244
permutation_random,3,755,0.007819983
permutation_random,3,756,0.09788565
permutation_random,3,757,0.013568396
permutation_random,3,758,0.025784176
permutation_random,3,759,0.010680512
permutation_random,3,760,0.04295835
permutation_random,3,761,0.028450612
permutation_random,3,762,0.028903168
permutation_random,3,763,0.0031403746
permutation_random,3,764,0.029600047
permutation_random,3,765,0.016880978
permutation_random,3,766,0.086549506
permutation_random,3,767,0.010449678
permutation_random,3,768,0.025075277
permutation_random,3,769,0.004911616
permutation_random,3,770,0.031971574
permutation_random,3,771,0.0049544647
permutation_random,3,772,0.010160493
permutation_random,3,773,0.028281357
permutation_random,3,774,0.090820625
permutation_random,3,775,0.011513425
permutation_random,3,776,0.023906546
permutation_random,3,777,0.24213567
permutation_random,3,778,0.04155327
permutation_random,3,779,0.232198
permutation_random,3,780,0.016654685
permutation_random,3,781,0.017964913
permutation_random,3,782,0.011667222
permutation_random,3,783,0.037141353
permutation_random,3,784,0.017482825
permutation_random,3,785,0.05814937
permutation_random,3,786,0.07222125
permutation_random,3,787,0.01866575
permutation_random,3,788,0.019600991
permutation_random,3,789,0.03194703
permutation_random,3,790,0.030171761
permutation_random,3,791,0.014829546
permutation_random,3,792,0.05954882
permutation_random,3,793,0.01689015
permutation_random,3,794,0.081545465
permutation_random,3,795,0.008325547
permutation_random,3,796,0.043853506
permutation_random,3,797,0.014023085
permutation_random,3,798,0.006723946
permutation_random,3,799,0.0075676017
permutation_random,3,800,0.027101673
permutation_random,3,801,0.010684986
permutation_random,3,802,0.0234835
permutation_random,3,803,0.0630745
permutation_random,3,804,0.034503832
permutation_random,3,805,0.1597964
permutation_random,3,806,0.057924937
permutation_random,3,807,0.054793917
permutation_random,3,808,0.04897616
permutation_random,3,809,0.030563865
permutation_random,3,810,0.03532088
permutation_random,3,811,0.011257112
permutation_random,3,812,0.010109066
permutation_random,3,813,0.008312866
permutation_random,3,814,0.023882333
permutation_random,3,815,0.0038309987
permutation_random,3,816,0.031766266
permutation_random,3,817,0.10018299
permutation_random,3,818,0.018952966
permutation_random,3,819,0.03730416
permutation_random,3,820,0.015590074
permutation_random,3,821,0.06764105
permutation_random,3,822,0.15652335
permutation_random,3,823,0.012130583
permutation_random,3,824,0.02243036
permutation_random,3,825,0.011091385
permutation_random,3,826,0.006780712
permutation_random,3,827,0.01481812
permutation_random,3,828,0.066858135
permutation_random,3,829,0.033675916
permutation_random,3,830,0.027162336
permutation_random,3,831,0.032013148
permutation_random,3,832,0.01961044
permutation_random,3,833,0.013814376
permutation_random,3,834,0.149762
permutation_random,3,835,0.026985664
permutation_random,3,836,0.08487305
permutation_random,3,837,0.03294963
permutation_random,3,838,0.005952675
permutation_random,3,839,0.0159088
permutation_random,3,840,0.007137942
permutation_random,3,841,0.010434611
permutation_random,3,842,0.04584335
permutation_random,3,843,0.020769503
permutation_random,3,844,0.07052173
permutation_random,3,845,0.15788403
permutation_random,3,846,0.1013398
permutation_random,3,847,0.029257547
permutation_random,3,848,0.00678238
permutation_random,3,849,0.010449709
permutation_random,3,850,0.029977567
permutation_random,3,851,0.03657586
permutation_random,3,852,0.07006393
permutation_random,3,853,0.06792553
permutation_random,4,0,0.0035540336
permutation_random,4,1,0.10779695
permutation_random,4,2,0.019857505
permutation_random,4,3,0.005804266
permutation_random,4,4,0.027233653
permutation_random,4,5,0.017268434
permutation_random,4,6,0.008675134
permutation_random,4,7,0.019355068
permutation_random,4,8,0.09999163
permutation_random,4,9,0.27734843
permutation_random,4,10,0.032720312
permutation_random,4,11,0.003607662
permutation_random,4,12,0.13204554
permutation_random,4,13,0.013791423
permutation_random,4,14,0.021519326
permutation_random,4,15,0.07215831
permutation_random,4,16,0.06075435
permutation_random,4,17,0.021192387
permutation_random,4,18,0.02238484
permutation_random,4,19,0.008212591
permutation_random,4,20,0.05191777
permutation_random,4,21,0.03389995
permutation_random,4,22,0.024057385
permutation_random,4,23,0.0060992315
permutation_random,4,24,0.008871679
permutation_random,4,25,0.024494974
permutation_random,4,26,0.027439985
permutation_random,4,27,0.01695103
permutation_random,4,28,0.08346167
permutation_random,4,29,0.009919101
permutation_random,4,30,0.014285863
permutation_random,4,31,0.00088099577
permutation_random,4,32,0.090757035
permutation_random,4,33,0.05907706
permutation_random,4,34,0.014424697
permutation_random,4,35,0.03366509
permutation_random,4,36,0.007953309
permutation_random,4,37,0.0131962765
permutation_random,4,38,0.030565236
permutation_random,4,39,0.0034847206
permutation_random,4,40,0.023562234
permutation_random,4,41,0.010609884
permutation_random,4,42,0.030355403
permutation_random,4,43,0.039560474
permutation_random,4,44,0.0038951437
permutation_random,4,45,0.0039527537
permutation_random,4,46,0.024151566
permutation_random,4,47,0.3016466
permutation_random,4,48,0.30774507
permutation_random,4,49,0.015860565
permutation_random,4,50,0.013825659
permutation_random,4,51,0.10091583
permutation_random,4,52,0.03156866
permutation_random,4,53,0.011358344
permutation_random,4,54,0.006585554
permutation_random,4,55,0.011646825
permutation_random,4,56,0.012461798
permutation_random,4,57,0.018463278
permutation_random,4,58,0.016931329
permutation_random,4,59,0.014799554
permutation_random,4,60,0.023711722
permutation_random,4,61,0.019036448
permutation_random,4,62,0.031631835
permutation_random,4,63,0.06644124
permutation_random,4,64,0.011096326
permutation_random,4,65,0.022596821
permutation_random,4,66,0.04498123
permutation_random,4,67,0.005317048
permutation_random,4,68,0.10754751
permutation_random,4,69,0.043829564
permutation_random,4,70,0.05693052
permutation_random,4,71,0.33890498
permutation_random,4,72,0.02343949
permutation_random,4,73,0.016419321
permutation_random,4,74,0.01818657
permutation_random,4,75,0.04673424
permutation_random,4,76,0.005194911
permutation_random,4,77,0.017148733
permutation_random,4,78,0.017261826
permutation_random,4,79,0.015199881
permutation_random,4,80,0.0047501544
permutation_random,4,81,0.05314743
permutation_random,4,82,0.0055322144
permutation_random,4,83,0.013537362
permutation_random,4,84,0.007354506
permutation_random,4,85,0.0059880195
permutation_random,4,86,0.025086341
permutation_random,4,87,0.0043060197
permutation_random,4,88,0.015984982
permutation_random,4,89,0.006005602
permutation_random,4,90,0.011374803
permutation_random,4,91,0.026552754
permutation_random,4,92,0.015028281
permutation_random,4,93,0.006540726
permutation_random,4,94,0.0042680716
permutation_random,4,95,0.040397592
permutation_random,4,96,0.059811
permutation_random,4,97,0.017063541
permutation_random,4,98,0.039671212
permutation_random,4,99,0.009032628
permutation_random,4,100,0.2230817
permutation_random,4,101,0.0068296585
permutation_random,4,102,0.05158487
permutation_random,4,103,0.02485687
permutation_random,4,104,0.008119924
permutation_random,4,105,0.027266648
permutation_random,4,106,0.032149762
permutation_random,4,107,0.015939938
permutation_random,4,108,0.08693324
permutation_random,4,109,0.25583202
permutation_random,4,110,0.01017677
permutation_random,4,111,0.016241783
permutation_random,4,112,0.011864925
permutation_random,4,113,0.014518245
permutation_random,4,114,0.012563154
permutation_random,4,115,0.055954225
permutation_random,4,116,0.0077728657
permutation_random,4,117,0.02601466
permutation_random,4,118,0.029219344
permutation_random,4,119,0.008388259
permutation_random,4,120,0.014662313
permutation_random,4,121,0.043063506
permutation_random,4,122,0.017776823
permutation_random,4,123,0.025528628
permutation_random,4,124,0.00613206
permutation_random,4,125,0.017433893
permutation_random,4,126,0.08090246
permutation_random,4,127,0.037073426
permutation_random,4,128,0.021598272
permutation_random,4,129,0.016210876
permutation_random,4,130,0.009357525
permutation_random,4,131,0.118389785
permutation_random,4,132,0.0063847685
permutation_random,4,133,0.15183133
permutation_random,4,134,0.047697645
permutation_random,4,135,0.0036495915
permutation_random,4,136,0.052468833
permutation_random,4,137,0.004817838
permutation_random,4,138,0.009946635
permutation_random,4,139,0.009568766
permutation_random,4,140,0.009127197
permutation_random,4,141,0.023098018
permutation_random,4,142,0.09018963
permutation_random,4,143,0.037418947
permutation_random,4,144,0.027426304
permutation_random,4,145,0.13260555
permutation_random,4,146,0.055041566
permutation_random,4,147,0.022130447
permutation_random,4,148,0.034562036
permutation_random,4,149,0.021258183
permutation_random,4,150,0.034866154
permutation_random,4,151,0.011796634
permutation_random,4,152,0.121794015
permutation_random,4,153,0.008347233
permutation_random,4,154,0.055719137
permutation_random,4,155,0.03822878
permutation_random,4,156,0.033393227
permutation_random,4,157,0.02396131
permutation_random,4,158,0.019776028
permutation_random,4,159,0.01759906
permutation_random,4,160,0.024476256
permutation_random,4,161,0.02317433
permutation_random,4,162,0.013341948
permutation_random,4,163,0.031400025
permutation_random,4,164,0.004307847
permutation_random,4,165,0.006366454
permutation_random,4,166,0.053689715
permutation_random,4,167,0.014326895
permutation_random,4,168,0.009988415
permutation_random,4,169,0.011100475
permutation_random,4,170,0.005288554
permutation_random,4,171,0.031248266
permutation_random,4,172,0.017903505
permutation_random,4,173,0.018311044
permutation_random,4,174,0.0038861453
permutation_random,4,175,0.0039318604
permutation_random,4,176,0.024630688
permutation_random,4,177,0.0026204335
permutation_random,4,178,0.02106148
permutation_random,4,179,0.016761737
permutation_random,4,180,0.009270385
permutation_random,4,181,0.041562244
permutation_random,4,182,0.010277566
permutation_random,4,183,0.028256923
permutation_random,4,184,0.09146498
permutation_random,4,185,0.010438001
permutation_random,4,186,0.031985383
permutation_random,4,187,0.05558918
permutation_random,4,188,0.032147214
permutation_random,4,189,0.012636996
permutation_random,4,190,0.01415135
permutation_random,4,191,0.017507292
permutation_random,4,192,0.041430496
permutation_random,4,193,0.019234572
permutation_random,4,194,0.016382279
permutation_random,4,195,0.01759936
permutation_random,4,196,0.044177823
permutation_random,4,197,0.015585244
permutation_random,4,198,0.016404822
permutation_random,4,199,0.020156782
permutation_random,4,200,0.012217196
permutation_random,4,201,0.03443693
permutation_random,4,202,0.11542037
permutation_random,4,203,0.015448766
permutation_random,4,204,0.008987665
permutation_random,4,205,0.015116038
permutation_random,4,206,0.012470533
permutation_random,4,207,0.0052396934
permutation_random,4,208,0.019339085
permutation_random,4,209,0.032123663
permutation_random,4,210,0.003697423
permutation_random,4,211,0.0074662035
permutation_random,4,212,0.032664858
permutation_random,4,213,0.01445299
permutation_random,4,214,0.016752606
permutation_random,4,215,0.027982466
permutation_random,4,216,0.11055617
permutation_random,4,217,0.015791174
permutation_random,4,218,0.01324123
permutation_random,4,219,0.013398143
permutation_random,4,220,0.05868403
permutation_random,4,221,0.011595234
permutation_random,4,222,0.009390827
permutation_random,4,223,0.13651013
permutation_random,4,224,0.106923304
permutation_random,4,225,0.019678717
permutation_random,4,226,0.0054602213
permutation_random,4,227,0.013512389
permutation_random,4,228,0.048441358
permutation_random,4,229,0.027992573
permutation_random,4,230,0.009584691
permutation_random,4,231,0.011496056
permutation_random,4,232,0.017350027
permutation_random,4,233,0.008916271
permutation_random,4,234,0.02338012
permutation_random,4,235,0.0140544055
permutation_random,4,236,0.018918142
permutation_random,4,237,0.05019801
permutation_random,4,238,0.024162553
permutation_random,4,239,0.0068835467
permutation_random,4,240,0.0034196274
permutation_random,4,241,0.012306732
permutation_random,4,242,0.0124404235
permutation_random,4,243,0.14408797
permutation_random,4,244,0.047667474
permutation_random,4,245,0.0130566815
permutation_random,4,246,0.014184782
permutation_random,4,247,0.018327344
permutation_random,4,248,0.018055776
permutation_random,4,249,0.0051648696
permutation_random,4,250,0.0042645996
permutation_random,4,251,0.0037388173
permutation_random,4,252,0.010976518
permutation_random,4,253,0.007832131
permutation_random,4,254,0.028688766
permutation_random,4,255,0.011157551
permutation_random,4,256,0.0031724428
permutation_random,4,257,0.06805627
permutation_random,4,258,0.029105382
permutation_random,4,259,0.22773474
permutation_random,4,260,0.015274869
permutation_random,4,261,0.013429027
permutation_random,4,262,0.004860025
permutation_random,4,263,0.02592944
permutation_random,4,264,0.007937161
permutation_random,4,265,0.010299929
permutation_random,4,266,0.021578712
permutation_random,4,267,0.027643494
permutation_random,4,268,0.04885514
permutation_random,4,269,0.08423184
permutation_random,4,270,0.02245804
permutation_random,4,271,0.024598785
permutation_random,4,272,0.123315215
permutation_random,4,273,0.0139311
permutation_random,4,274,0.03903446
permutation_random,4,275,0.041717805
permutation_random,4,276,0.014896098
permutation_random,4,277,0.045621745
permutation_random,4,278,0.044499177
permutation_random,4,279,0.029299337
permutation_random,4,280,0.022141324
permutation_random,4,281,0.024510868
permutation_random,4,282,0.034439642
permutation_random,4,283,0.017257303
permutation_random,4,284,0.02198584
permutation_random,4,285,0.00749081
permutation_random,4,286,0.068980895
permutation_random,4,287,0.0045618196
permutation_random,4,288,0.0067608072
permutation_random,4,289,0.022203889
permutation_random,4,290,0.010909866
permutation_random,4,291,0.021594545
permutation_random,4,292,0.06513221
permutation_random,4,293,0.24304569
permutation_random,4,294,0.032580588
permutation_random,4,295,0.012205555
permutation_random,4,296,0.00791631
permutation_random,4,297,0.008051993
permutation_random,4,298,0.013342202
permutation_random,4,299,0.049523342
permutation_random,4,300,0.014901182
permutation_random,4,301,0.04688046
permutation_random,4,302,0.009132784
permutation_random,4,303,0.007951449
permutation_random,4,304,0.03650226
permutation_random,4,305,0.03736148
permutation_random,4,306,0.04247232
permutation_random,4,307,0.11740461
permutation_random,4,308,0.014408198
permutation_random,4,309,0.01712839
permutation_random,4,310,0.008822585
permutation_random,4,311,0.037130207
permutation_random,4,312,0.026209613
permutation_random,4,313,0.02136277
permutation_random,4,314,0.008032312
permutation_random,4,315,0.017589292
permutation_random,4,316,0.070559055
permutation_random,4,317,0.01955986
permutation_random,4,318,0.021308051
permutation_random,4,319,0.008750543
permutation_random,4,320,0.0088690445
permutation_random,4,321,0.0041026087
permutation_random,4,322,0.018265676
permutation_random,4,323,0.030472754
permutation_random,4,324,0.04685663
permutation_random,4,325,0.123051286
permutation_random,4,326,0.01981566
permutation_random,4,327,0.03468404
permutation_random,4,328,0.031977773
permutation_random,4,329,0.04419751
permutation_random,4,330,0.034163803
permutation_random,4,331,0.021563258
permutation_random,4,332,0.0064386902
permutation_random,4,333,0.02180153
permutation_random,4,334,0.015201746
permutation_random,4,335,0.016954776
permutation_random,4,336,0.009595455
permutation_random,4,337,0.020015765
permutation_random,4,338,0.021379199
permutation_random,4,339,0.013715337
permutation_random,4,340,0.0141014615
permutation_random,4,341,0.026593802
permutation_random,4,342,0.0072028283
permutation_random,4,343,0.032227535
permutation_random,4,344,0.015151499
permutation_random,4,345,0.0035202298
permutation_random,4,346,0.0073275026
permutation_random,4,347,0.0070765577
permutation_random,4,348,0.05869081
permutation_random,4,349,0.07263509
permutation_random,4,350,0.017156333
permutation_random,4,351,0.014162045
permutation_random,4,352,0.012974529
permutation_random,4,353,0.020024844
permutation_random,4,354,0.024140496
permutation_random,4,355,0.03053662
permutation_random,4,356,0.14316216
permutation_random,4,357,0.016943121
permutation_random,4,358,0.02391232
permutation_random,4,359,0.0809439
permutation_random,4,360,0.049704954
permutation_random,4,361,0.011989178
permutation_random,4,362,0.024590375
permutation_random,4,363,0.010191033
permutation_random,4,364,0.031657223
permutation_random,4,365,0.001186198
permutation_random,4,366,0.011676407
permutation_random,4,367,0.022531684
permutation_random,4,368,0.011358393
permutation_random,4,369,0.009564932
permutation_random,4,370,0.0034439
permutation_random,4,371,0.020636817
permutation_random,4,372,0.04143753
permutation_random,4,373,0.050380003
permutation_random,4,374,0.054406196
permutation_random,4,375,0.0068238196
permutation_random,4,376,0.10018808
permutation_random,4,377,0.018549776
permutation_random,4,378,0.030648956
permutation_random,4,379,0.008495491
permutation_random,4,380,0.023158755
permutation_random,4,381,0.023348799
permutation_random,4,382,0.015708832
permutation_random,4,383,0.010760421
permutation_random,4,384,0.040485818
permutation_random,4,385,0.018217944
permutation_random,4,386,0.022601634
permutation_random,4,387,0.01032544
permutation_random,4,388,0.0112260785
permutation_random,4,389,0.015956406
permutation_random,4,390,0.052353673
permutation_random,4,391,0.016599637
permutation_random,4,392,0.055952955
permutation_random,4,393,0.01992432
permutation_random,4,394,0.010238304
permutation_random,4,395,0.0024981662
permutation_random,4,396,0.020604337
permutation_random,4,397,0.057554275
permutation_random,4,398,0.020344613
permutation_random,4,399,0.009971108
permutation_random,4,400,0.0068260385
permutation_random,4,401,0.029057652
permutation_random,4,402,0.038148828
permutation_random,4,403,0.03532447
permutation_random,4,404,0.058718644
permutation_random,4,405,0.042933896
permutation_random,4,406,0.23108605
permutation_random,4,407,0.08996183
permutation_random,4,408,0.011953842
permutation_random,4,409,0.077097006
permutation_random,4,410,0.010084989
permutation_random,4,411,0.010271909
permutation_random,4,412,0.025585322
permutation_random,4,413,0.14224158
permutation_random,4,414,0.0076002013
permutation_random,4,415,0.03865288
permutation_random,4,416,0.007740112
permutation_random,4,417,0.013394911
permutation_random,4,418,0.009827946
permutation_random,4,419,0.0074881334
permutation_random,4,420,0.025709394
permutation_random,4,421,0.017690346
permutation_random,4,422,0.012471575
permutation_random,4,423,0.0052522495
permutation_random,4,424,0.035330605
permutation_random,4,425,0.048476465
permutation_random,4,426,0.08958048
permutation_random,4,427,0.05808872
permutation_random,4,428,0.004412802
permutation_random,4,429,0.0643027
permutation_random,4,430,0.008564813
permutation_random,4,431,0.005130428
permutation_random,4,432,0.005758673
permutation_random,4,433,0.010811753
permutation_random,4,434,0.0027134272
permutation_random,4,435,0.13645719
permutation_random,4,436,0.03327462
permutation_random,4,437,0.18298604
permutation_random,4,438,0.013974794
permutation_random,4,439,0.008503297
permutation_random,4,440,0.03206852
permutation_random,4,441,0.10731317
permutation_random,4,442,0.01710302
permutation_random,4,443,0.005311344
permutation_random,4,444,0.0068442496
permutation_random,4,445,0.034137633
permutation_random,4,446,0.0623578
permutation_random,4,447,0.0060091536
permutation_random,4,448,0.058877878
permutation_random,4,449,0.019909069
permutation_random,4,450,0.0060800305
permutation_random,4,451,0.03101279
permutation_random,4,452,0.005508178
permutation_random,4,453,0.06173557
permutation_random,4,454,0.019680187
permutation_random,4,455,0.013144625
permutation_random,4,456,0.018599734
permutation_random,4,457,0.007694695
permutation_random,4,458,0.08626132
permutation_random,4,459,0.028612306
permutation_random,4,460,0.017676834
permutation_random,4,461,0.0027367566
permutation_random,4,462,0.01438106
permutation_random,4,463,0.33981064
permutation_random,4,464,0.014271984
permutation_random,4,465,0.03246598
permutation_random,4,466,0.0037539308
permutation_random,4,467,0.2541733
permutation_random,4,468,0.07597275
permutation_random,4,469,0.019313145
permutation_random,4,470,0.019349642
permutation_random,4,471,0.024857137
permutation_random,4,472,0.105622314
permutation_random,4,473,0.004772407
permutation_random,4,474,0.02584497
permutation_random,4,475,0.012925772
permutation_random,4,476,0.012864819
permutation_random,4,477,0.00620791
permutation_random,4,478,0.010346189
permutation_random,4,479,0.009451574
permutation_random,4,480,0.0029332205
permutation_random,4,481,0.006299372
permutation_random,4,482,0.012360541
permutation_random,4,483,0.022438616
permutation_random,4,484,0.010646919
permutation_random,4,485,0.36150366
permutation_random,4,486,0.007824201
permutation_random,4,487,0.06956121
permutation_random,4,488,0.10214053
permutation_random,4,489,0.075022325
permutation_random,4,490,0.012273761
permutation_random,4,491,0.020093435
permutation_random,4,492,0.021326166
permutation_random,4,493,0.041471872
permutation_random,4,494,0.079155385
permutation_random,4,495,0.008511492
permutation_random,4,496,0.008258648
permutation_random,4,497,0.014736878
permutation_random,4,498,0.006247852
permutation_random,4,499,0.100146115
permutation_random,4,500,0.01948851
permutation_random,4,501,0.05472966
permutation_random,4,502,0.026183289
permutation_random,4,503,0.024951156
permutation_random,4,504,0.005145043
permutation_random,4,505,0.08522351
permutation_random,4,506,0.05070526
permutation_random,4,507,0.008369232
permutation_random,4,508,0.05377348
permutation_random,4,509,0.18522058
permutation_random,4,510,0.02297803
permutation_random,4,511,0.027174111
permutation_random,4,512,0.02609236
permutation_random,4,513,0.046092898
permutation_random,4,514,0.012576176
permutation_random,4,515,0.040985413
permutation_random,4,516,0.02028371
permutation_random,4,517,0.02458044
permutation_random,4,518,0.008837579
permutation_random,4,519,0.041356742
permutation_random,4,520,0.06839921
permutation_random,4,521,0.019561613
permutation_random,4,522,0.12847964
permutation_random,4,523,0.027406257
permutation_random,4,524,0.003764744
permutation_random,4,525,0.018113885
permutation_random,4,526,0.025449079
permutation_random,4,527,0.016198356
permutation_random,4,528,0.013377889
permutation_random,4,529,0.012174209
permutation_random,4,530,0.14009729
permutation_random,4,531,0.018323578
permutation_random,4,532,0.005353184
permutation_random,4,533,0.14081594
permutation_random,4,534,0.040985987
permutation_random,4,535,0.043026626
permutation_random,4,536,0.01393402
permutation_random,4,537,0.029168181
permutation_random,4,538,0.08984232
permutation_random,4,539,0.011850418
permutation_random,4,540,0.0052123917
permutation_random,4,541,0.041352928
permutation_random,4,542,0.029455438
permutation_random,4,543,0.02860669
permutation_random,4,544,0.036441736
permutation_random,4,545,0.00563807
permutation_random,4,546,0.022184294
permutation_random,4,547,0.005126929
permutation_random,4,548,0.19182032
permutation_random,4,549,0.048926964
permutation_random,4,550,0.023618344
permutation_random,4,551,0.0020831854
permutation_random,4,552,0.002944482
permutation_random,4,553,0.016136482
permutation_random,4,554,0.116884
permutation_random,4,555,0.0056104893
permutation_random,4,556,0.018001903
permutation_random,4,557,0.03769941
permutation_random,4,558,0.101164654
permutation_random,4,559,0.02682497
permutation_random,4,560,0.12125792
permutation_random,4,561,0.03580642
permutation_random,4,562,0.12712945
permutation_random,4,563,0.013018629
permutation_random,4,564,0.02590517
permutation_random,4,565,0.09259842
permutation_random,4,566,0.014313415
permutation_random,4,567,0.014061741
permutation_random,4,568,0.09053226
permutation_random,4,569,0.015481105
permutation_random,4,570,0.02763086
permutation_random,4,571,0.02625915
permutation_random,4,572,0.0106346235
permutation_random,4,573,0.040817373
permutation_random,4,574,0.18065035
permutation_random,4,575,0.022182638
permutation_random,4,576,0.015775386
permutation_random,4,577,0.052371867
permutation_random,4,578,0.045768987
permutation_random,4,579,0.008037254
permutation_random,4,580,0.025739362
permutation_random,4,581,0.0022267082
permutation_random,4,582,0.01406003
permutation_random,4,583,0.003948402
permutation_random,4,584,0.01078837
permutation_random,4,585,0.025236927
permutation_random,4,586,0.008772364
permutation_random,4,587,0.048130132
permutation_random,4,588,0.0654964
permutation_random,4,589,0.037578233
permutation_random,4,590,0.029933494
permutation_random,4,591,0.016799022
permutation_random,4,592,0.012535333
permutation_random,4,593,0.01828471
permutation_random,4,594,0.020657366
permutation_random,4,595,0.013521012
permutation_random,4,596,0.032811172
permutation_random,4,597,0.010669261
permutation_random,4,598,0.0061504315
permutation_random,4,599,0.09239074
permutation_random,4,600,0.0364822
permutation_random,4,601,0.06403682
permutation_random,4,602,0.22635579
permutation_random,4,603,0.0075237276
permutation_random,4,604,0.021789668
permutation_random,4,605,0.034010377
permutation_random,4,606,0.07488288
permutation_random,4,607,0.017644802
permutation_random,4,608,0.0026596878
permutation_random,4,609,0.004648028
permutation_random,4,610,0.016088746
permutation_random,4,611,0.0068029086
permutation_random,4,612,0.026441053
permutation_random,4,613,0.014431829
permutation_random,4,614,0.049978662
permutation_random,4,615,0.005598303
permutation_random,4,616,0.029076159
permutation_random,4,617,0.0056306534
permutation_random,4,618,0.014423799
permutation_random,4,619,0.02780213
permutation_random,4,620,0.0169734
permutation_random,4,621,0.028921224
permutation_random,4,622,0.01013613
permutation_random,4,623,0.058069564
permutation_random,4,624,0.0147842495
permutation_random,4,625,0.0045995917
permutation_random,4,626,0.08275533
permutation_random,4,627,0.021317212
permutation_random,4,628,0.034554645
permutation_random,4,629,0.053847365
permutation_random,4,630,0.03422264
permutation_random,4,631,0.0079325875
permutation_random,4,632,0.00528115
permutation_random,4,633,0.018684462
permutation_random,4,634,0.0136621585
permutation_random,4,635,0.018059822
permutation_random,4,636,0.047803026
permutation_random,4,637,0.021202493
permutation_random,4,638,0.0114418715
permutation_random,4,639,0.027365372
permutation_random,4,640,0.03306959
permutation_random,4,641,0.0124420095
permutation_random,4,642,0.029470786
permutation_random,4,643,0.0039634593
permutation_random,4,644,0.0019880491
permutation_random,4,645,0.015687363
permutation_random,4,646,0.0060919253
permutation_random,4,647,0.042056393
permutation_random,4,648,0.013765138
permutation_random,4,649,0.013220018
permutation_random,4,650,0.0052534784
permutation_random,4,651,0.010575011
permutation_random,4,652,0.03177486
permutation_random,4,653,0.0038335687
permutation_random,4,654,0.018173188
permutation_random,4,655,0.013672818
permutation_random,4,656,0.10364579
permutation_random,4,657,0.1018526
permutation_random,4,658,0.0043471633
permutation_random,4,659,0.0034088953
permutation_random,4,660,0.009390107
permutation_random,4,661,0.09924574
permutation_random,4,662,0.015738629
permutation_random,4,663,0.005025667
permutation_random,4,664,0.008420767
permutation_random,4,665,0.028722616
permutation_random,4,666,0.03179626
permutation_random,4,667,0.09451178
permutation_random,4,668,0.020346176
permutation_random,4,669,0.02053535
permutation_random,4,670,0.083463736
permutation_random,4,671,0.017253313
permutation_random,4,672,0.0069752783
permutation_random,4,673,0.0043770615
permutation_random,4,674,0.012414174
permutation_random,4,675,0.041918144
permutation_random,4,676,0.078837186
permutation_random,4,677,0.0025916274
permutation_random,4,678,0.09258166
permutation_random,4,679,0.009167589
permutation_random,4,680,0.011174428
permutation_random,4,681,0.022851322
permutation_random,4,682,0.010804044
permutation_random,4,683,0.08924505
permutation_random,4,684,0.0067077996
permutation_random,4,685,0.028049678
permutation_random,4,686,0.0109836925
permutation_random,4,687,0.0151848635
permutation_random,4,688,0.010151992
permutation_random,4,689,0.017923616
permutation_random,4,690,0.05196037
permutation_random,4,691,0.28274983
permutation_random,4,692,0.03060857
permutation_random,4,693,0.03459928
permutation_random,4,694,0.012517992
permutation_random,4,695,0.13774548
permutation_random,4,696,0.111049056
permutation_random,4,697,0.0065772915
permutation_random,4,698,0.0023710977
permutation_random,4,699,0.020106003
permutation_random,4,700,0.05156284
permutation_random,4,701,0.11716172
permutation_random,4,702,0.03458765
permutation_random,4,703,0.013519959
permutation_random,4,704,0.0069063865
permutation_random,4,705,0.031801723
permutation_random,4,706,0.010816014
permutation_random,4,707,0.022629682
permutation_random,4,708,0.1670385
permutation_random,4,709,0.007136737
permutation_random,4,710,0.0057048397
permutation_random,4,711,0.007891751
permutation_random,4,712,0.09093333
permutation_random,4,713,0.018024884
permutation_random,4,714,0.0052085035
permutation_random,4,715,0.013247611
permutation_random,4,716,0.017650593
permutation_random,4,717,0.011635309
permutation_random,4,718,0.02381654
permutation_random,4,719,0.01823672
permutation_random,4,720,0.0064041764
permutation_random,4,721,0.02866661
permutation_random,4,722,0.01662751
permutation_random,4,723,0.002477536
permutation_random,4,724,0.026392369
permutation_random,4,725,0.02073441
permutation_random,4,726,0.022426825
permutation_random,4,727,0.011633266
permutation_random,4,728,0.020926898
permutation_random,4,729,0.0059963
permutation_random,4,730,0.028355995
permutation_random,4,731,0.27123594
permutation_random,4,732,0.13843176
permutation_random,4,733,0.0262095
permutation_random,4,734,0.034944627
permutation_random,4,735,0.011821697
permutation_random,4,736,0.009788659
permutation_random,4,737,0.06285624
permutation_random,4,738,0.0025683646
permutation_random,4,739,0.009549063
permutation_random,4,740,0.021173252
permutation_random,4,741,0.031967655
permutation_random,4,742,0.026449732
permutation_random,4,743,0.02046568
permutation_random,4,744,0.009064837
permutation_random,4,745,0.01196562
permutation_random,4,746,0.00616192
permutation_random,4,747,0.049163777
permutation_random,4,748,0.008129765
permutation_random,4,749,0.030258171
permutation_random,4,750,0.0067561474
permutation_random,4,751,0.0041391742
permutation_random,4,752,0.052024856
permutation_random,4,753,0.021070875
permutation_random,4,754,0.041494105
permutation_random,4,755,0.15083085
permutation_random,4,756,0.0064951912
permutation_random,4,757,0.14940345
permutation_random,4,758,0.030207507
permutation_random,4,759,0.027072886
permutation_random,4,760,0.04841225
permutation_random,4,761,0.0073432657
permutation_random,4,762,0.014699637
permutation_random,4,763,0.016649583
permutation_random,4,764,0.048326798
permutation_random,4,765,0.03902142
permutation_random,4,766,0.020352524
permutation_random,4,767,0.0024324837
permutation_random,4,768,0.114073396
permutation_random,4,769,0.051872477
permutation_random,4,770,0.016322182
permutation_random,4,771,0.0072254115
permutation_random,4,772,0.018178968
permutation_random,4,773,0.046121627
permutation_random,4,774,0.017783089
permutation_random,4,775,0.09584003
permutation_random,4,776,0.027495837
permutation_random,4,777,0.005494964
permutation_random,4,778,0.018812045
permutation_random,4,779,0.02970502
permutation_random,4,780,0.0105740875
permutation_random,4,781,0.0060735918
permutation_random,4,782,0.005070446
permutation_random,4,783,0.0105314385
permutation_random,4,784,0.014891325
permutation_random,4,785,0.018216241
permutation_random,4,786,0.009274953
permutation_random,4,787,0.12033254
permutation_random,4,788,0.0070878137
permutation_random,4,789,0.039461374
permutation_random,4,790,0.003529802
permutation_random,4,791,0.0043440266
permutation_random,4,792,0.18780187
permutation_random,4,793,0.009910035
permutation_random,4,794,0.015956428
permutation_random,4,795,0.01537914
permutation_random,4,796,0.010102203
permutation_random,4,797,0.0263815
permutation_random,4,798,0.030557476
permutation_random,4,799,0.12828045
permutation_random,4,800,0.0026742176
permutation_random,4,801,0.02845665
permutation_random,4,802,0.041222367
permutation_random,4,803,0.06920169
permutation_random,4,804,0.11920751
permutation_random,4,805,0.0039122375
permutation_random,4,806,0.05216474
permutation_random,4,807,0.005982179
permutation_random,4,808,0.021021938
permutation_random,4,809,0.017545335
permutation_random,4,810,0.08353692
permutation_random,4,811,0.017430265
permutation_random,4,812,0.028939106
permutation_random,4,813,0.066807054
permutation_random,4,814,0.024920393
permutation_random,4,815,0.053407274
permutation_random,4,816,0.030466834
permutation_random,4,817,0.024722384
permutation_random,4,818,0.016395435
permutation_random,4,819,0.023544628
permutation_random,4,820,0.0065160254
permutation_random,4,821,0.01266738
permutation_random,4,822,0.06550397
permutation_random,4,823,0.012640873
permutation_random,4,824,0.0040892847
permutation_random,4,825,0.0069554164
permutation_random,4,826,0.06471151
permutation_random,4,827,0.024947686
permutation_random,4,828,0.020051006
permutation_random,4,829,0.087667145
permutation_random,4,830,0.1682472
permutation_random,4,831,0.025399769
permutation_random,4,832,0.018783018
permutation_random,4,833,0.008774526
permutation_random,4,834,0.010071717
permutation_random,4,835,0.118946016
permutation_random,4,836,0.050861683
permutation_random,4,837,0.10254046
permutation_random,4,838,0.018916026
permutation_random,4,839,0.019248396
permutation_random,4,840,0.011914709
permutation_random,4,841,0.035294194
permutation_random,4,842,0.03321041
permutation_random,4,843,0.0097675035
permutation_random,4,844,0.069460995
permutation_random,4,845,0.23997825
permutation_random,4,846,0.004323098
permutation_random,4,847,0.045342177
permutation_random,4,848,0.07934722
permutation_random,4,849,0.06827442
permutation_random,4,850,0.010729387
permutation_random,4,851,0.15253016
permutation_random,4,852,0.031564094
permutation_random,4,853,0.2283861
permutation_random,5,0,0.046891082
permutation_random,5,1,0.01775543
permutation_random,5,2,0.005306687
permutation_random,5,3,0.011949853
permutation_random,5,4,0.021925824
permutation_random,5,5,0.03111965
permutation_random,5,6,0.007521215
permutation_random,5,7,0.019639798
permutation_random,5,8,0.04751552
permutation_random,5,9,0.28010237
permutation_random,5,10,0.30843827
permutation_random,5,11,0.063820615
permutation_random,5,12,0.023254637
permutation_random,5,13,0.0063099107
permutation_random,5,14,0.011374457
permutation_random,5,15,0.049128335
permutation_random,5,16,0.006083705
permutation_random,5,17,0.023287725
permutation_random,5,18,0.019998526
permutation_random,5,19,0.007048281
permutation_random,5,20,0.017802622
permutation_random,5,21,0.015767233
permutation_random,5,22,0.007993497
permutation_random,5,23,0.012684066
permutation_random,5,24,0.0073097954
permutation_random,5,25,0.06434236
permutation_random,5,26,0.0015609929
permutation_random,5,27,0.09629069
permutation_random,5,28,0.011213768
permutation_random,5,29,0.016465226
permutation_random,5,30,0.03138226
permutation_random,5,31,0.008990483
permutation_random,5,32,0.03941757
permutation_random,5,33,0.024142183
permutation_random,5,34,0.029952468
permutation_random,5,35,0.02232476
permutation_random,5,36,0.35528463
permutation_random,5,37,0.011978485
permutation_random,5,38,0.008178127
permutation_random,5,39,0.13291211
permutation_random,5,40,0.040590428
permutation_random,5,41,0.012161284
permutation_random,5,42,0.09195644
permutation_random,5,43,0.04730839
permutation_random,5,44,0.04777886
permutation_random,5,45,0.032660857
permutation_random,5,46,0.030410826
permutation_random,5,47,0.026243715
permutation_random,5,48,0.0360016
permutation_random,5,49,0.025863383
permutation_random,5,50,0.014452696
permutation_random,5,51,0.011717234
permutation_random,5,52,0.011561919
permutation_random,5,53,0.014714977
permutation_random,5,54,0.04156878
permutation_random,5,55,0.018870108
permutation_random,5,56,0.011012725
permutation_random,5,57,0.008474072
permutation_random,5,58,0.020693798
permutation_random,5,59,0.019807303
permutation_random,5,60,0.041831613
permutation_random,5,61,0.016773183
permutation_random,5,62,0.046896376
permutation_random,5,63,0.09780806
permutation_random,5,64,0.026029706
permutation_random,5,65,0.021794833
permutation_random,5,66,0.015916266
permutation_random,5,67,0.31433925
permutation_random,5,68,0.0043419427
permutation_random,5,69,0.009995591
permutation_random,5,70,0.042070366
permutation_random,5,71,0.017707255
permutation_random,5,72,0.03243658
permutation_random,5,73,0.04161834
permutation_random,5,74,0.006538988
permutation_random,5,75,0.01867158
permutation_random,5,76,0.013561353
permutation_random,5,77,0.0045793364
permutation_random,5,78,0.019954575
permutation_random,5,79,0.0025762434
permutation_random,5,80,0.0018037055
permutation_random,5,81,0.032545753
permutation_random,5,82,0.015210762
permutation_random,5,83,0.022706218
permutation_random,5,84,0.04919479
permutation_random,5,85,0.014794243
permutation_random,5,86,0.018605057
permutation_random,5,87,0.02725852
permutation_random,5,88,0.010436902
permutation_random,5,89,0.024859976
permutation_random,5,90,0.03466938
permutation_random,5,91,0.017548233
permutation_random,5,92,0.0043169074
permutation_random,5,93,0.23744026
permutation_random,5,94,0.007329494
permutation_random,5,95,0.008283208
permutation_random,5,96,0.014564063
permutation_random,5,97,0.014048359
permutation_random,5,98,0.007987287
permutation_random,5,99,0.13192151
permutation_random,5,100,0.019520964
permutation_random,5,101,0.015033474
permutation_random,5,102,0.0076338393
permutation_random,5,103,0.0026932843
permutation_random,5,104,0.3149628
permutation_random,5,105,0.016026188
permutation_random,5,106,0.0044144653
permutation_random,5,107,0.019398483
permutation_random,5,108,0.015834428
permutation_random,5,109,0.005615756
permutation_random,5,110,0.005080866
permutation_random,5,111,0.017442267
permutation_random,5,112,0.010106951
permutation_random,5,113,0.028032962
permutation_random,5,114,0.004230595
permutation_random,5,115,0.04021366
permutation_random,5,116,0.012285236
permutation_random,5,117,0.014643155
permutation_random,5,118,0.010619348
permutation_random,5,119,0.009686042
permutation_random,5,120,0.005672559
permutation_random,5,121,0.21227235
permutation_random,5,122,0.0056013367
permutation_random,5,123,0.013260337
permutation_random,5,124,0.006499364
permutation_random,5,125,0.0059287143
permutation_random,5,126,0.0068508424
permutation_random,5,127,0.005021083
permutation_random,5,128,0.037786942
permutation_random,5,129,0.0232414
permutation_random,5,130,0.008558066
permutation_random,5,131,0.01482838
permutation_random,5,132,0.06439468
permutation_random,5,133,0.009297145
permutation_random,5,134,0.018400121
permutation_random,5,135,0.03691993
permutation_random,5,136,0.011398539
permutation_random,5,137,0.042771555
permutation_random,5,138,0.013131026
permutation_random,5,139,0.018948419
permutation_random,5,140,0.049133778
permutation_random,5,141,0.033889584
permutation_random,5,142,0.01476882
permutation_random,5,143,0.039174832
permutation_random,5,144,0.026534386
permutation_random,5,145,0.014650747
permutation_random,5,146,0.012636347
permutation_random,5,147,0.03068667
permutation_random,5,148,0.005228589
permutation_random,5,149,0.023023093
permutation_random,5,150,0.0120247165
permutation_random,5,151,0.01110304
permutation_random,5,152,0.110752925
permutation_random,5,153,0.02344077
permutation_random,5,154,0.04803001
permutation_random,5,155,0.029365174
permutation_random,5,156,0.009792813
permutation_random,5,157,0.009210458
permutation_random,5,158,0.0018085601
permutation_random,5,159,0.01759906
permutation_random,5,160,0.12047837
permutation_random,5,161,0.022565724
permutation_random,5,162,0.021435287
permutation_random,5,163,0.003924499
permutation_random,5,164,0.03145129
permutation_random,5,165,0.007103813
permutation_random,5,166,0.07813272
permutation_random,5,167,0.028133728
permutation_random,5,168,0.013241973
permutation_random,5,169,0.12620121
permutation_random,5,170,0.08650844
permutation_random,5,171,0.093756184
permutation_random,5,172,0.019465555
permutation_random,5,173,0.0072757015
permutation_random,5,174,0.021243341
permutation_random,5,175,0.0038501057
permutation_random,5,176,0.019623907
permutation_random,5,177,0.044538993
permutation_random,5,178,0.0067480383
permutation_random,5,179,0.0060353857
permutation_random,5,180,0.021952804
permutation_random,5,181,0.026608419
permutation_random,5,182,0.00845623
permutation_random,5,183,0.15998557
permutation_random,5,184,0.015679287
permutation_random,5,185,0.008470778
permutation_random,5,186,0.029112509
permutation_random,5,187,0.11282091
permutation_random,5,188,0.010209819
permutation_random,5,189,0.013274903
permutation_random,5,190,0.029072613
permutation_random,5,191,0.0114068985
permutation_random,5,192,0.007393972
permutation_random,5,193,0.09852357
permutation_random,5,194,0.0034635358
permutation_random,5,195,0.010038476
permutation_random,5,196,0.03529777
permutation_random,5,197,0.03649772
permutation_random,5,198,0.0069792466
permutation_random,5,199,0.009261466
permutation_random,5,200,0.019426612
permutation_random,5,201,0.010167633
permutation_random,5,202,0.0062511796
permutation_random,5,203,0.0060374504
permutation_random,5,204,0.013046003
permutation_random,5,205,0.0073473486
permutation_random,5,206,0.030728078
permutation_random,5,207,0.029574763
permutation_random,5,208,0.0116438335
permutation_random,5,209,0.0103453295
permutation_random,5,210,0.015607117
permutation_random,5,211,0.01281628
permutation_random,5,212,0.005552645
permutation_random,5,213,0.10327182
permutation_random,5,214,0.011686256
permutation_random,5,215,0.010197014
permutation_random,5,216,0.09545073
permutation_random,5,217,0.024262791
permutation_random,5,218,0.055885144
permutation_random,5,219,0.04759556
permutation_random,5,220,0.038057078
permutation_random,5,221,0.002302307
permutation_random,5,222,0.0055286433
permutation_random,5,223,0.0063203312
permutation_random,5,224,0.10125385
permutation_random,5,225,0.015947789
permutation_random,5,226,0.03702243
permutation_random,5,227,0.007285158
permutation_random,5,228,0.0097775515
permutation_random,5,229,0.014376093
permutation_random,5,230,0.013950666
permutation_random,5,231,0.018126244
permutation_random,5,232,0.022250894
permutation_random,5,233,0.006262743
permutation_random,5,234,0.021677699
permutation_random,5,235,0.009512618
permutation_random,5,236,0.042485245
permutation_random,5,237,0.014635564
permutation_random,5,238,0.009332618
permutation_random,5,239,0.026676359
permutation_random,5,240,0.047787417
permutation_random,5,241,0.032771632
permutation_random,5,242,0.0132316165
permutation_random,5,243,0.03755576
permutation_random,5,244,0.009287831
permutation_random,5,245,0.0200814
permutation_random,5,246,0.013202362
permutation_random,5,247,0.017905606
permutation_random,5,248,0.046310704
permutation_random,5,249,0.022479268
permutation_random,5,250,0.021559857
permutation_random,5,251,0.08299138
permutation_random,5,252,0.0061086332
permutation_random,5,253,0.09473392
permutation_random,5,254,0.015007173
permutation_random,5,255,0.028104559
permutation_random,5,256,0.017530764
permutation_random,5,257,0.117466144
permutation_random,5,258,0.022433104
permutation_random,5,259,0.027319228
permutation_random,5,260,0.022877695
permutation_random,5,261,0.012836531
permutation_random,5,262,0.011285387
permutation_random,5,263,0.020277955
permutation_random,5,264,0.008773682
permutation_random,5,265,0.032171965
permutation_random,5,266,0.017065763
permutation_random,5,267,0.0068139015
permutation_random,5,268,0.011258173
permutation_random,5,269,0.01749572
permutation_random,5,270,0.012232287
permutation_random,5,271,0.0011376183
permutation_random,5,272,0.124181375
permutation_random,5,273,0.023007013
permutation_random,5,274,0.0095989285
permutation_random,5,275,0.099164635
permutation_random,5,276,0.043890968
permutation_random,5,277,0.09072075
permutation_random,5,278,0.03262789
permutation_random,5,279,0.013064632
permutation_random,5,280,0.01771744
permutation_random,5,281,0.0040614894
permutation_random,5,282,0.016048664
permutation_random,5,283,0.07644311
permutation_random,5,284,0.009269069
permutation_random,5,285,0.060955964
permutation_random,5,286,0.023600172
permutation_random,5,287,0.009112113
permutation_random,5,288,0.006741018
permutation_random,5,289,0.02893738
permutation_random,5,290,0.01850969
permutation_random,5,291,0.022336014
permutation_random,5,292,0.005795272
permutation_random,5,293,0.08901111
permutation_random,5,294,0.0015721188
permutation_random,5,295,0.015238876
permutation_random,5,296,0.10132156
permutation_random,5,297,0.02473484
permutation_random,5,298,0.023991993
permutation_random,5,299,0.022046724
permutation_random,5,300,0.0062502557
permutation_random,5,301,0.025936881
permutation_random,5,302,0.012228404
permutation_random,5,303,0.0058320984
permutation_random,5,304,0.016043281
permutation_random,5,305,0.012868479
permutation_random,5,306,0.034076013
permutation_random,5,307,0.012785818
permutation_random,5,308,0.0032692018
permutation_random,5,309,0.016573507
permutation_random,5,310,0.035803065
permutation_random,5,311,0.010222259
permutation_random,5,312,0.006760803
permutation_random,5,313,0.0079920115
permutation_random,5,314,0.009189421
permutation_random,5,315,0.0055438075
permutation_random,5,316,0.011235454
permutation_random,5,317,0.036303498
permutation_random,5,318,0.025987323
permutation_random,5,319,0.01350246
permutation_random,5,320,0.061413735
permutation_random,5,321,0.077207744
permutation_random,5,322,0.014417088
permutation_random,5,323,0.059987187
permutation_random,5,324,0.064922065
permutation_random,5,325,0.025603108
permutation_random,5,326,0.03507225
permutation_random,5,327,0.006624489
permutation_random,5,328,0.021915719
permutation_random,5,329,0.015337797
permutation_random,5,330,0.054590046
permutation_random,5,331,0.08124572
permutation_random,5,332,0.04195702
permutation_random,5,333,0.001638667
permutation_random,5,334,0.008633162
permutation_random,5,335,0.007060537
permutation_random,5,336,0.03857603
permutation_random,5,337,0.025193954
permutation_random,5,338,0.009868631
permutation_random,5,339,0.013513953
permutation_random,5,340,0.0045804274
permutation_random,5,341,0.024768267
permutation_random,5,342,0.09210129
permutation_random,5,343,0.07951462
permutation_random,5,344,0.011912113
permutation_random,5,345,0.070479006
permutation_random,5,346,0.022999054
permutation_random,5,347,0.019781988
permutation_random,5,348,0.023406785
permutation_random,5,349,0.021891689
permutation_random,5,350,0.015931172
permutation_random,5,351,0.009263533
permutation_random,5,352,0.035509855
permutation_random,5,353,0.0379605
permutation_random,5,354,0.024675928
permutation_random,5,355,0.042463306
permutation_random,5,356,0.004624423
permutation_random,5,357,0.011538589
permutation_random,5,358,0.15842348
permutation_random,5,359,0.14426516
permutation_random,5,360,0.0051784427
permutation_random,5,361,0.001964399
permutation_random,5,362,0.010025982
permutation_random,5,363,0.019549597
permutation_random,5,364,0.012448706
permutation_random,5,365,0.097251475
permutation_random,5,366,0.018862454
permutation_random,5,367,0.026586298
permutation_random,5,368,0.034141038
permutation_random,5,369,0.011343055
permutation_random,5,370,0.09387087
permutation_random,5,371,0.07691726
permutation_random,5,372,0.010282276
permutation_random,5,373,0.07914517
permutation_random,5,374,0.041345652
permutation_random,5,375,0.0037932987
permutation_random,5,376,0.061830737
permutation_random,5,377,0.010947762
permutation_random,5,378,0.015466276
permutation_random,5,379,0.012440722
permutation_random,5,380,0.030230537
permutation_random,5,381,0.046179578
permutation_random,5,382,0.003969411
permutation_random,5,383,0.0019751936
permutation_random,5,384,0.004165201
permutation_random,5,385,0.00198336
permutation_random,5,386,0.008066652
permutation_random,5,387,0.011110321
permutation_random,5,388,0.009606983
permutation_random,5,389,0.007073294
permutation_random,5,390,0.017446764
permutation_random,5,391,0.009159245
permutation_random,5,392,0.049806386
permutation_random,5,393,0.07952736
permutation_random,5,394,0.0048720464
permutation_random,5,395,0.009934306
permutation_random,5,396,0.005226495
permutation_random,5,397,0.016136765
permutation_random,5,398,0.01956721
permutation_random,5,399,0.03614717
permutation_random,5,400,0.009563772
permutation_random,5,401,0.00031646353
permutation_random,5,402,0.0107514355
permutation_random,5,403,0.007640541
permutation_random,5,404,0.006893377
permutation_random,5,405,0.031950593
permutation_random,5,406,0.03103406
permutation_random,5,407,0.002731286
permutation_random,5,408,0.01297949
permutation_random,5,409,0.02202094
permutation_random,5,410,0.010388138
permutation_random,5,411,0.016952883
permutation_random,5,412,0.020381581
permutation_random,5,413,0.0323616
permutation_random,5,414,0.022966346
permutation_random,5,415,0.003586545
permutation_random,5,416,0.03554957
permutation_random,5,417,0.017086793
permutation_random,5,418,0.0041112383
permutation_random,5,419,0.032701254
permutation_random,5,420,0.040110786
permutation_random,5,421,0.0044549005
permutation_random,5,422,0.012612394
permutation_random,5,423,0.0026112346
permutation_random,5,424,0.036135294
permutation_random,5,425,0.014834778
permutation_random,5,426,0.00437367
permutation_random,5,427,0.022964332
permutation_random,5,428,0.015195146
permutation_random,5,429,0.03761778
permutation_random,5,430,0.006777145
permutation_random,5,431,0.031434193
permutation_random,5,432,0.012457142
permutation_random,5,433,0.012339607
permutation_random,5,434,0.011001278
permutation_random,5,435,0.009484904
permutation_random,5,436,0.0470413
permutation_random,5,437,0.18745747
permutation_random,5,438,0.005059139
permutation_random,5,439,0.013320125
permutation_random,5,440,0.044948466
permutation_random,5,441,0.012487479
permutation_random,5,442,0.01696428
permutation_random,5,443,0.009664449
permutation_random,5,444,0.04320358
permutation_random,5,445,0.13241029
permutation_random,5,446,0.015481511
permutation_random,5,447,0.013487069
permutation_random,5,448,0.03513125
permutation_random,5,449,0.050864432
permutation_random,5,450,0.031507067
permutation_random,5,451,0.077200696
permutation_random,5,452,0.0130331535
permutation_random,5,453,0.03323426
permutation_random,5,454,0.0076987147
permutation_random,5,455,0.011638999
permutation_random,5,456,0.025186956
permutation_random,5,457,0.004032062
permutation_random,5,458,0.007008005
permutation_random,5,459,0.01756086
permutation_random,5,460,0.0028254013
permutation_random,5,461,0.055212088
permutation_random,5,462,0.01844687
permutation_random,5,463,0.041989107
permutation_random,5,464,0.006823987
permutation_random,5,465,0.0076959394
permutation_random,5,466,0.009014081
permutation_random,5,467,0.026380815
permutation_random,5,468,0.09127636
permutation_random,5,469,0.010972951
permutation_random,5,470,0.008834094
permutation_random,5,471,0.039374232
permutation_random,5,472,0.026792873
permutation_random,5,473,0.044634648
permutation_random,5,474,0.0025879242
permutation_random,5,475,0.004158247
permutation_random,5,476,0.13009441
permutation_random,5,477,0.09285879
permutation_random,5,478,0.004839667
permutation_random,5,479,0.022933196
permutation_random,5,480,0.04500729
permutation_random,5,481,0.023128558
permutation_random,5,482,0.007906366
permutation_random,5,483,0.016413055
permutation_random,5,484,0.053966697
permutation_random,5,485,0.047885045
permutation_random,5,486,0.10635897
permutation_random,5,487,0.01663575
permutation_random,5,488,0.012048313
permutation_random,5,489,0.009548403
permutation_random,5,490,0.028471347
permutation_random,5,491,0.018032424
permutation_random,5,492,0.024081957
permutation_random,5,493,0.0040434483
permutation_random,5,494,0.0098881535
permutation_random,5,495,0.010457039
permutation_random,5,496,0.08879046
permutation_random,5,497,0.029574253
permutation_random,5,498,0.077907994
permutation_random,5,499,0.06275165
permutation_random,5,500,0.014455485
permutation_random,5,501,0.011627699
permutation_random,5,502,0.018277764
permutation_random,5,503,0.0145282205
permutation_random,5,504,0.01160599
permutation_random,5,505,0.23992881
permutation_random,5,506,0.018816687
permutation_random,5,507,0.005190855
permutation_random,5,508,0.0076100617
permutation_random,5,509,0.01801131
permutation_random,5,510,0.0062528052
permutation_random,5,511,0.03880721
permutation_random,5,512,0.08929381
permutation_random,5,513,0.034678128
permutation_random,5,514,0.037526783
permutation_random,5,515,0.011947254
permutation_random,5,516,0.00656253
permutation_random,5,517,0.015608538
permutation_random,5,518,0.007804267
permutation_random,5,519,0.006772739
permutation_random,5,520,0.014876634
permutation_random,5,521,0.005346559
permutation_random,5,522,0.0031565982
permutation_random,5,523,0.02697415
permutation_random,5,524,0.03142787
permutation_random,5,525,0.0043306025
permutation_random,5,526,0.0086548645
permutation_random,5,527,0.023350745
permutation_random,5,528,0.008636049
permutation_random,5,529,0.011923519
permutation_random,5,530,0.005858225
permutation_random,5,531,0.009228544
permutation_random,5,532,0.014969466
permutation_random,5,533,0.014363445
permutation_random,5,534,0.02474317
permutation_random,5,535,0.08478164
permutation_random,5,536,0.08119602
permutation_random,5,537,0.008802478
permutation_random,5,538,0.056878977
permutation_random,5,539,0.03184268
permutation_random,5,540,0.0072807865
permutation_random,5,541,0.011369085
permutation_random,5,542,0.10120168
permutation_random,5,543,0.012411258
permutation_random,5,544,0.020291727
permutation_random,5,545,0.011059084
permutation_random,5,546,0.025684876
permutation_random,5,547,0.08130005
permutation_random,5,548,0.06424979
permutation_random,5,549,0.029697176
permutation_random,5,550,0.01750144
permutation_random,5,551,0.00721636
permutation_random,5,552,0.020345775
permutation_random,5,553,0.015058337
permutation_random,5,554,0.0048985276
permutation_random,5,555,0.016302887
permutation_random,5,556,0.009035064
permutation_random,5,557,0.09797502
permutation_random,5,558,0.027404033
permutation_random,5,559,0.031047186
permutation_random,5,560,0.018197408
permutation_random,5,561,0.022750147
permutation_random,5,562,0.038607575
permutation_random,5,563,0.016051956
permutation_random,5,564,0.0003085658
permutation_random,5,565,0.05403504
permutation_random,5,566,0.032305975
permutation_random,5,567,0.036011145
permutation_random,5,568,0.033299826
permutation_random,5,569,0.016093485
permutation_random,5,570,0.028445717
permutation_random,5,571,0.03369753
permutation_random,5,572,0.03508311
permutation_random,5,573,0.00429866
permutation_random,5,574,0.040584374
permutation_random,5,575,0.027158204
permutation_random,5,576,0.14444198
permutation_random,5,577,0.09959124
permutation_random,5,578,0.0073963823
permutation_random,5,579,0.020747546
permutation_random,5,580,0.06309259
permutation_random,5,581,0.03150315
permutation_random,5,582,0.02530121
permutation_random,5,583,0.036307953
permutation_random,5,584,0.078806
permutation_random,5,585,0.021400046
permutation_random,5,586,0.027038608
permutation_random,5,587,0.0027081848
permutation_random,5,588,0.012521804
permutation_random,5,589,0.03347166
permutation_random,5,590,0.019943193
permutation_random,5,591,0.22626044
permutation_random,5,592,0.0073384205
permutation_random,5,593,0.019362133
permutation_random,5,594,0.0294283
permutation_random,5,595,0.009357612
permutation_random,5,596,0.038662598
permutation_random,5,597,0.01600922
permutation_random,5,598,0.0380842
permutation_random,5,599,0.013532785
permutation_random,5,600,0.008744424
permutation_random,5,601,0.05853715
permutation_random,5,602,0.014675154
permutation_random,5,603,0.035890542
permutation_random,5,604,0.127327
permutation_random,5,605,0.007973952
permutation_random,5,606,0.009383953
permutation_random,5,607,0.009768428
permutation_random,5,608,0.10204079
permutation_random,5,609,0.05511569
permutation_random,5,610,0.01710029
permutation_random,5,611,0.0749682
permutation_random,5,612,0.010554084
permutation_random,5,613,0.005659074
permutation_random,5,614,0.046423756
permutation_random,5,615,0.30325592
permutation_random,5,616,0.031605482
permutation_random,5,617,0.31235224
permutation_random,5,618,0.013335582
permutation_random,5,619,0.010596961
permutation_random,5,620,0.016880604
permutation_random,5,621,0.022385199
permutation_random,5,622,0.010975348
permutation_random,5,623,0.011471798
permutation_random,5,624,0.005543542
permutation_random,5,625,0.003174435
permutation_random,5,626,0.013544478
permutation_random,5,627,0.01470146
permutation_random,5,628,0.02162855
permutation_random,5,629,0.016605694
permutation_random,5,630,0.030926391
permutation_random,5,631,0.0061493088
permutation_random,5,632,0.102152646
permutation_random,5,633,0.019437857
permutation_random,5,634,0.014701696
permutation_random,5,635,0.017662369
permutation_random,5,636,0.006413296
permutation_random,5,637,0.005007464
permutation_random,5,638,0.015989836
permutation_random,5,639,0.009620031
permutation_random,5,640,0.0060971635
permutation_random,5,641,0.009108767
permutation_random,5,642,0.07165182
permutation_random,5,643,0.0048330994
permutation_random,5,644,0.020722702
permutation_random,5,645,0.01374363
permutation_random,5,646,0.008898355
permutation_random,5,647,0.016471919
permutation_random,5,648,0.03246153
permutation_random,5,649,0.021224486
permutation_random,5,650,0.0464996
permutation_random,5,651,0.039066836
permutation_random,5,652,0.032834686
permutation_random,5,653,0.025092369
permutation_random,5,654,0.007136681
permutation_random,5,655,0.017197002
permutation_random,5,656,0.005549422
permutation_random,5,657,0.012520615
permutation_random,5,658,0.034865834
permutation_random,5,659,0.037611786
permutation_random,5,660,0.016949933
permutation_random,5,661,0.0120626725
permutation_random,5,662,0.006974127
permutation_random,5,663,0.1096575
permutation_random,5,664,0.0043902714
permutation_random,5,665,0.018316757
permutation_random,5,666,0.009619228
permutation_random,5,667,0.049722277
permutation_random,5,668,0.0040153167
permutation_random,5,669,0.025593592
permutation_random,5,670,0.0003576961
permutation_random,5,671,0.032337453
permutation_random,5,672,0.054931633
permutation_random,5,673,0.025371345
permutation_random,5,674,0.014071533
permutation_random,5,675,0.007605152
permutation_random,5,676,0.06070357
permutation_random,5,677,0.023773242
permutation_random,5,678,0.021136839
permutation_random,5,679,0.024175165
permutation_random,5,680,0.011328299
permutation_random,5,681,0.04906123
permutation_random,5,682,0.018860878
permutation_random,5,683,0.011194099
permutation_random,5,684,0.020403583
permutation_random,5,685,0.058686744
permutation_random,5,686,0.016003331
permutation_random,5,687,0.038884
permutation_random,5,688,0.0081893485
permutation_random,5,689,0.028069388
permutation_random,5,690,0.024324063
permutation_random,5,691,0.013448496
permutation_random,5,692,0.00728769
permutation_random,5,693,0.035957064
permutation_random,5,694,0.005668291
permutation_random,5,695,0.24958774
permutation_random,5,696,0.007822221
permutation_random,5,697,0.00961166
permutation_random,5,698,0.007924505
permutation_random,5,699,0.01671797
permutation_random,5,700,0.01701794
permutation_random,5,701,0.037541576
permutation_random,5,702,0.016995016
permutation_random,5,703,0.03354211
permutation_random,5,704,0.043646988
permutation_random,5,705,0.006841621
permutation_random,5,706,0.021119142
permutation_random,5,707,0.013857009
permutation_random,5,708,0.053599652
permutation_random,5,709,0.017011654
permutation_random,5,710,0.011846188
permutation_random,5,711,0.013413009
permutation_random,5,712,0.02180244
permutation_random,5,713,0.0061421553
permutation_random,5,714,0.004815858
permutation_random,5,715,0.077863276
permutation_random,5,716,0.018299438
permutation_random,5,717,0.007353771
permutation_random,5,718,0.013201668
permutation_random,5,719,0.16154411
permutation_random,5,720,0.014710536
permutation_random,5,721,0.014383987
permutation_random,5,722,0.12569368
permutation_random,5,723,0.01674452
permutation_random,5,724,0.12705669
permutation_random,5,725,0.012849021
permutation_random,5,726,0.025792614
permutation_random,5,727,0.017391678
permutation_random,5,728,0.0057228953
permutation_random,5,729,0.008940764
permutation_random,5,730,0.02292579
permutation_random,5,731,0.031006364
permutation_random,5,732,0.15913515
permutation_random,5,733,0.108605295
permutation_random,5,734,0.015386613
permutation_random,5,735,0.01125358
permutation_random,5,736,0.12861198
permutation_random,5,737,0.014631148
permutation_random,5,738,0.012291189
permutation_random,5,739,0.01969437
permutation_random,5,740,0.011378011
permutation_random,5,741,0.019308778
permutation_random,5,742,0.008061867
permutation_random,5,743,0.022544265
permutation_random,5,744,0.05535861
permutation_random,5,745,0.009295864
permutation_random,5,746,0.015925027
permutation_random,5,747,0.04618542
permutation_random,5,748,0.009138433
permutation_random,5,749,0.005833624
permutation_random,5,750,0.004003384
permutation_random,5,751,0.004928541
permutation_random,5,752,0.039189614
permutation_random,5,753,0.007805768
permutation_random,5,754,0.041494105
permutation_random,5,755,0.010002023
permutation_random,5,756,0.0275768
permutation_random,5,757,0.030369263
permutation_random,5,758,0.015532892
permutation_random,5,759,0.010015658
permutation_random,5,760,0.018785723
permutation_random,5,761,0.027105018
permutation_random,5,762,0.03324419
permutation_random,5,763,0.0144787505
permutation_random,5,764,0.011018224
permutation_random,5,765,0.009681802
permutation_random,5,766,0.1050065
permutation_random,5,767,0.011904967
permutation_random,5,768,0.07917084
permutation_random,5,769,0.01856459
permutation_random,5,770,0.015749749
permutation_random,5,771,0.10597777
permutation_random,5,772,0.031965896
permutation_random,5,773,0.03603141
permutation_random,5,774,0.025067834
permutation_random,5,775,0.004091819
permutation_random,5,776,0.016359664
permutation_random,5,777,0.024451787
permutation_random,5,778,0.042638563
permutation_random,5,779,0.043321744
permutation_random,5,780,0.003528992
permutation_random,5,781,0.06644538
permutation_random,5,782,0.024963822
permutation_random,5,783,0.074388236
permutation_random,5,784,0.014856628
permutation_random,5,785,0.0055689304
permutation_random,5,786,0.10212979
permutation_random,5,787,0.030603556
permutation_random,5,788,0.023782548
permutation_random,5,789,0.005601921
permutation_random,5,790,0.14147572
permutation_random,5,791,0.0033531787
permutation_random,5,792,0.014256429
permutation_random,5,793,0.1512931
permutation_random,5,794,0.016680146
permutation_random,5,795,0.02085352
permutation_random,5,796,0.016364004
permutation_random,5,797,0.08286682
permutation_random,5,798,0.027364546
permutation_random,5,799,0.019155793
permutation_random,5,800,0.022776447
permutation_random,5,801,0.21871474
permutation_random,5,802,0.014547184
permutation_random,5,803,0.1124624
permutation_random,5,804,0.013591206
permutation_random,5,805,0.005473219
permutation_random,5,806,0.04431805
permutation_random,5,807,0.016655492
permutation_random,5,808,0.023856897
permutation_random,5,809,0.00852755
permutation_random,5,810,0.027942108
permutation_random,5,811,0.005425943
permutation_random,5,812,0.03787391
permutation_random,5,813,0.012881511
permutation_random,5,814,0.011443675
permutation_random,5,815,0.016276604
permutation_random,5,816,0.039439574
permutation_random,5,817,0.0068772384
permutation_random,5,818,0.019181453
permutation_random,5,819,0.05641582
permutation_random,5,820,0.005696955
permutation_random,5,821,0.18630302
permutation_random,5,822,0.002189349
permutation_random,5,823,0.006604485
permutation_random,5,824,0.042072386
permutation_random,5,825,0.022186425
permutation_random,5,826,0.021756165
permutation_random,5,827,0.011114204
permutation_random,5,828,0.008273271
permutation_random,5,829,0.15708521
permutation_random,5,830,0.026251977
permutation_random,5,831,0.0042622276
permutation_random,5,832,0.01015478
permutation_random,5,833,0.019531604
permutation_random,5,834,0.022904491
permutation_random,5,835,0.17875361
permutation_random,5,836,0.02054914
permutation_random,5,837,0.02104951
permutation_random,5,838,0.006167956
permutation_random,5,839,0.03624633
permutation_random,5,840,0.00877762
permutation_random,5,841,0.04744777
permutation_random,5,842,0.007585738
permutation_random,5,843,0.0315978
permutation_random,5,844,0.031900603
permutation_random,5,845,0.15508491
permutation_random,5,846,0.071613386
permutation_random,5,847,0.06469134
permutation_random,5,848,0.074705236
permutation_random,5,849,0.033359274
permutation_random,5,850,0.0052319737
permutation_random,5,851,0.30015934
permutation_random,5,852,0.037546437
permutation_random,5,853,0.10572657
permutation_random,6,0,0.0134424195
permutation_random,6,1,0.033546895
permutation_random,6,2,0.016673414
permutation_random,6,3,0.023939863
permutation_random,6,4,0.0038188933
permutation_random,6,5,0.00783715
permutation_random,6,6,0.006898002
permutation_random,6,7,0.045796502
permutation_random,6,8,0.0005741889
permutation_random,6,9,0.07214418
permutation_random,6,10,0.015795562
permutation_random,6,11,0.10453992
permutation_random,6,12,0.014564647
permutation_random,6,13,0.0082893865
permutation_random,6,14,0.0057234154
permutation_random,6,15,0.047374554
permutation_random,6,16,0.01984505
permutation_random,6,17,0.039425455
permutation_random,6,18,0.35466942
permutation_random,6,19,0.026444234
permutation_random,6,20,0.029909672
permutation_random,6,21,0.040828325
permutation_random,6,22,0.026132518
permutation_random,6,23,0.02743785
permutation_random,6,24,0.0033634587
permutation_random,6,25,0.049656548
permutation_random,6,26,0.015594764
permutation_random,6,27,0.009911144
permutation_random,6,28,0.064830944
permutation_random,6,29,0.07139281
permutation_random,6,30,0.015956711
permutation_random,6,31,0.020994172
permutation_random,6,32,0.006246752
permutation_random,6,33,0.03479898
permutation_random,6,34,0.02862762
permutation_random,6,35,0.006324227
permutation_random,6,36,0.015368104
permutation_random,6,37,0.3477053
permutation_random,6,38,0.027192358
permutation_random,6,39,0.052011177
permutation_random,6,40,0.012984201
permutation_random,6,41,0.027064964
permutation_random,6,42,0.03766915
permutation_random,6,43,0.039296083
permutation_random,6,44,0.13518874
permutation_random,6,45,0.06364653
permutation_random,6,46,0.034677282
permutation_random,6,47,0.060858622
permutation_random,6,48,0.04722855
permutation_random,6,49,0.0059086997
permutation_random,6,50,0.0050747157
permutation_random,6,51,0.016070604
permutation_random,6,52,0.0054060933
permutation_random,6,53,0.018642483
permutation_random,6,54,0.051025216
permutation_random,6,55,0.006805803
permutation_random,6,56,0.013118062
permutation_random,6,57,0.02769658
permutation_random,6,58,0.058286034
permutation_random,6,59,0.00658397
permutation_random,6,60,0.011255683
permutation_random,6,61,0.457223
permutation_random,6,62,0.020993575
permutation_random,6,63,0.009670491
permutation_random,6,64,0.113254875
permutation_random,6,65,0.013858759
permutation_random,6,66,0.023111548
permutation_random,6,67,0.010261694
permutation_random,6,68,0.019072074
permutation_random,6,69,0.007463729
permutation_random,6,70,0.007846661
permutation_random,6,71,0.106070295
permutation_random,6,72,0.049133357
permutation_random,6,73,0.05067938
permutation_random,6,74,0.021919997
permutation_random,6,75,0.0013865998
permutation_random,6,76,0.013836607
permutation_random,6,77,0.00750721
permutation_random,6,78,0.14040765
permutation_random,6,79,0.009289091
permutation_random,6,80,0.011640454
permutation_random,6,81,0.038112286
permutation_random,6,82,0.015842102
permutation_random,6,83,0.0083283
permutation_random,6,84,0.06631605
permutation_random,6,85,0.014794243
permutation_random,6,86,0.013963218
permutation_random,6,87,0.015899125
permutation_random,6,88,0.032767102
permutation_random,6,89,0.027582824
permutation_random,6,90,0.0397595
permutation_random,6,91,0.058586255
permutation_random,6,92,0.01818048
permutation_random,6,93,0.018668389
permutation_random,6,94,0.02985215
permutation_random,6,95,0.010122424
permutation_random,6,96,0.020338977
permutation_random,6,97,0.008749219
permutation_random,6,98,0.0024741124
permutation_random,6,99,0.040856883
permutation_random,6,100,0.0040460597
permutation_random,6,101,0.011774022
permutation_random,6,102,0.06285859
permutation_random,6,103,0.013476719
permutation_random,6,104,0.017055023
permutation_random,6,105,0.020690318
permutation_random,6,106,0.042073015
permutation_random,6,107,0.008212538
permutation_random,6,108,0.014803476
permutation_random,6,109,0.026580973
permutation_random,6,110,0.022258341
permutation_random,6,111,0.022394447
permutation_random,6,112,0.0048742425
permutation_random,6,113,0.01828016
permutation_random,6,114,0.009762776
permutation_random,6,115,0.023313057
permutation_random,6,116,0.022860128
permutation_random,6,117,0.0952536
permutation_random,6,118,0.008261111
permutation_random,6,119,0.01335484
permutation_random,6,120,0.023205914
permutation_random,6,121,0.021287067
permutation_random,6,122,0.03911502
permutation_random,6,123,0.027525399
permutation_random,6,124,0.019671595
permutation_random,6,125,0.019122193
permutation_random,6,126,0.009166929
permutation_random,6,127,0.083937325
permutation_random,6,128,0.02328318
permutation_random,6,129,0.101892665
permutation_random,6,130,0.017831216
permutation_random,6,131,0.019599091
permutation_random,6,132,0.027006246
permutation_random,6,133,0.028085912
permutation_random,6,134,0.012093637
permutation_random,6,135,0.012282882
permutation_random,6,136,0.015654191
permutation_random,6,137,0.026362184
permutation_random,6,138,0.14666797
permutation_random,6,139,0.01605993
permutation_random,6,140,0.09891409
permutation_random,6,141,0.01780162
permutation_random,6,142,0.009852518
permutation_random,6,143,0.18891174
permutation_random,6,144,0.011310691
permutation_random,6,145,0.011774614
permutation_random,6,146,0.026654162
permutation_random,6,147,0.0141301025
permutation_random,6,148,0.0068251123
permutation_random,6,149,0.12650111
permutation_random,6,150,0.015117721
permutation_random,6,151,0.0074211927
permutation_random,6,152,0.0180724
permutation_random,6,153,0.01053172
permutation_random,6,154,0.05123177
permutation_random,6,155,0.013378231
permutation_random,6,156,0.02168585
permutation_random,6,157,0.12824243
permutation_random,6,158,0.05531422
permutation_random,6,159,0.012831088
permutation_random,6,160,0.0053196666
permutation_random,6,161,0.026713913
permutation_random,6,162,0.018834561
permutation_random,6,163,0.008132806
permutation_random,6,164,0.07736175
permutation_random,6,165,0.027388748
permutation_random,6,166,0.015226524
permutation_random,6,167,0.012362006
permutation_random,6,168,0.022431705
permutation_random,6,169,0.013675031
permutation_random,6,170,0.026879182
permutation_random,6,171,0.025637943
permutation_random,6,172,0.0036721695
permutation_random,6,173,0.056513906
permutation_random,6,174,0.007488139
permutation_random,6,175,0.025814574
permutation_random,6,176,0.005854836
permutation_random,6,177,0.2170878
permutation_random,6,178,0.016441807
permutation_random,6,179,0.014976441
permutation_random,6,180,0.07663658
permutation_random,6,181,0.015214739
permutation_random,6,182,0.021332677
permutation_random,6,183,0.08688732
permutation_random,6,184,0.008491181
permutation_random,6,185,0.1568597
permutation_random,6,186,0.04208586
permutation_random,6,187,0.006786488
permutation_random,6,188,0.019070605
permutation_random,6,189,0.011406259
permutation_random,6,190,0.08024511
permutation_random,6,191,0.01018674
permutation_random,6,192,0.019025408
permutation_random,6,193,0.025252502
permutation_random,6,194,0.0022535007
permutation_random,6,195,0.012527309
permutation_random,6,196,0.022599343
permutation_random,6,197,0.010740664
permutation_random,6,198,0.024406236
permutation_random,6,199,0.0315497
permutation_random,6,200,0.008007163
permutation_random,6,201,0.018834502
permutation_random,6,202,0.044953085
permutation_random,6,203,0.25150138
permutation_random,6,204,0.0029182446
permutation_random,6,205,0.0031162202
permutation_random,6,206,0.023506185
permutation_random,6,207,0.0047933036
permutation_random,6,208,0.00638392
permutation_random,6,209,0.019839114
permutation_random,6,210,0.017093757
permutation_random,6,211,0.02268285
permutation_random,6,212,0.0029523831
permutation_random,6,213,0.026771326
permutation_random,6,214,0.003940372
permutation_random,6,215,0.0072235093
permutation_random,6,216,0.012510341
permutation_random,6,217,0.02136822
permutation_random,6,218,0.036453653
permutation_random,6,219,0.00986148
permutation_random,6,220,0.016724253
permutation_random,6,221,0.037993867
permutation_random,6,222,0.010593265
permutation_random,6,223,0.028747503
permutation_random,6,224,0.053370547
permutation_random,6,225,0.042134218
permutation_random,6,226,0.052524272
permutation_random,6,227,0.031931352
permutation_random,6,228,0.12067417
permutation_random,6,229,0.002265071
permutation_random,6,230,0.0111554265
permutation_random,6,231,0.005388865
permutation_random,6,232,0.0035852853
permutation_random,6,233,0.13341013
permutation_random,6,234,0.004687997
permutation_random,6,235,0.07489329
permutation_random,6,236,0.022359943
permutation_random,6,237,0.09424622
permutation_random,6,238,0.028849224
permutation_random,6,239,0.017913803
permutation_random,6,240,0.0175392
permutation_random,6,241,0.04740451
permutation_random,6,242,0.028899835
permutation_random,6,243,0.032782417
permutation_random,6,244,0.019890193
permutation_random,6,245,0.01164843
permutation_random,6,246,0.018970408
permutation_random,6,247,0.012964159
permutation_random,6,248,0.021812186
permutation_random,6,249,0.008343708
permutation_random,6,250,0.0121194925
permutation_random,6,251,0.020298507
permutation_random,6,252,0.009788306
permutation_random,6,253,0.00574061
permutation_random,6,254,0.004016091
permutation_random,6,255,0.020888358
permutation_random,6,256,0.013700292
permutation_random,6,257,0.02528517
permutation_random,6,258,0.0023216368
permutation_random,6,259,0.025900342
permutation_random,6,260,0.051522873
permutation_random,6,261,0.01259928
permutation_random,6,262,0.12002566
permutation_random,6,263,0.106561184
permutation_random,6,264,0.025623605
permutation_random,6,265,0.016174017
permutation_random,6,266,0.018332135
permutation_random,6,267,0.004807216
permutation_random,6,268,0.024608083
permutation_random,6,269,0.006501646
permutation_random,6,270,0.0049662315
permutation_random,6,271,0.04997535
permutation_random,6,272,0.0069325394
permutation_random,6,273,0.007980261
permutation_random,6,274,0.029415697
permutation_random,6,275,0.07521809
permutation_random,6,276,0.0149533395
permutation_random,6,277,0.010629407
permutation_random,6,278,0.049143884
permutation_random,6,279,0.012588534
permutation_random,6,280,0.008671941
permutation_random,6,281,0.016570494
permutation_random,6,282,0.035366245
permutation_random,6,283,0.0150600895
permutation_random,6,284,0.018455576
permutation_random,6,285,0.0017435865
permutation_random,6,286,0.008642144
permutation_random,6,287,0.027863376
permutation_random,6,288,0.062083274
permutation_random,6,289,0.060999975
permutation_random,6,290,0.022440553
permutation_random,6,291,0.020863181
permutation_random,6,292,0.0089769475
permutation_random,6,293,0.025131155
permutation_random,6,294,0.090218805
permutation_random,6,295,0.032755576
permutation_random,6,296,0.024452657
permutation_random,6,297,0.0798237
permutation_random,6,298,0.0061525153
permutation_random,6,299,0.056569934
permutation_random,6,300,0.016927047
permutation_random,6,301,0.007790222
permutation_random,6,302,0.0162426
permutation_random,6,303,0.044160876
permutation_random,6,304,0.029356109
permutation_random,6,305,0.1093944
permutation_random,6,306,0.019202992
permutation_random,6,307,0.033548854
permutation_random,6,308,0.021040052
permutation_random,6,309,0.01633568
permutation_random,6,310,0.015111182
permutation_random,6,311,0.01189352
permutation_random,6,312,0.0026528994
permutation_random,6,313,0.0564392
permutation_random,6,314,0.098230205
permutation_random,6,315,0.035085876
permutation_random,6,316,0.0069774166
permutation_random,6,317,0.034486778
permutation_random,6,318,0.056578446
permutation_random,6,319,0.012158398
permutation_random,6,320,0.013315817
permutation_random,6,321,0.019751035
permutation_random,6,322,0.0012431737
permutation_random,6,323,0.03252807
permutation_random,6,324,0.0957569
permutation_random,6,325,0.014091816
permutation_random,6,326,0.233699
permutation_random,6,327,0.038234014
permutation_random,6,328,0.009873337
permutation_random,6,329,0.0028678062
permutation_random,6,330,0.039684765
permutation_random,6,331,0.031409644
permutation_random,6,332,0.016889844
permutation_random,6,333,0.014705527
permutation_random,6,334,0.004191488
permutation_random,6,335,0.035316344
permutation_random,6,336,0.028576799
permutation_random,6,337,0.014497072
permutation_random,6,338,0.03312928
permutation_random,6,339,0.0017673217
permutation_random,6,340,0.11936398
permutation_random,6,341,0.045764856
permutation_random,6,342,0.013546463
permutation_random,6,343,0.018870221
permutation_random,6,344,0.017896954
permutation_random,6,345,0.021180492
permutation_random,6,346,0.033087954
permutation_random,6,347,0.028820992
permutation_random,6,348,0.065194696
permutation_random,6,349,0.035820846
permutation_random,6,350,0.027237479
permutation_random,6,351,0.024640474
permutation_random,6,352,0.057849534
permutation_random,6,353,0.041782517
permutation_random,6,354,0.016954914
permutation_random,6,355,0.03400355
permutation_random,6,356,0.008375054
permutation_random,6,357,0.15590714
permutation_random,6,358,0.005375172
permutation_random,6,359,0.15429932
permutation_random,6,360,0.0070447596
permutation_random,6,361,0.02381448
permutation_random,6,362,0.005351181
permutation_random,6,363,0.024922267
permutation_random,6,364,0.010621974
permutation_random,6,365,0.0015735428
permutation_random,6,366,0.009367121
permutation_random,6,367,0.009052087
permutation_random,6,368,0.0145587325
permutation_random,6,369,0.013970809
permutation_random,6,370,0.035048187
permutation_random,6,371,0.024723127
permutation_random,6,372,0.019924706
permutation_random,6,373,0.051075444
permutation_random,6,374,0.016375886
permutation_random,6,375,0.2022878
permutation_random,6,376,0.011003689
permutation_random,6,377,0.094293624
permutation_random,6,378,0.07898328
permutation_random,6,379,0.006773199
permutation_random,6,380,0.06436549
permutation_random,6,381,0.01375904
permutation_random,6,382,0.014933968
permutation_random,6,383,0.064966545
permutation_random,6,384,0.21040028
permutation_random,6,385,0.018933516
permutation_random,6,386,0.020265734
permutation_random,6,387,0.028144937
permutation_random,6,388,0.01237305
permutation_random,6,389,0.00784366
permutation_random,6,390,0.01698103
permutation_random,6,391,0.031828765
permutation_random,6,392,0.02931783
permutation_random,6,393,0.016213495
permutation_random,6,394,0.021351483
permutation_random,6,395,0.004629481
permutation_random,6,396,0.017687378
permutation_random,6,397,0.01857304
permutation_random,6,398,0.015338706
permutation_random,6,399,0.018729381
permutation_random,6,400,0.013339026
permutation_random,6,401,0.009433197
permutation_random,6,402,0.024477685
permutation_random,6,403,0.036749408
permutation_random,6,404,0.033793405
permutation_random,6,405,0.19806315
permutation_random,6,406,0.022584168
permutation_random,6,407,0.013623612
permutation_random,6,408,0.08761793
permutation_random,6,409,0.006167941
permutation_random,6,410,0.04090058
permutation_random,6,411,0.0030189988
permutation_random,6,412,0.0053855395
permutation_random,6,413,0.01758585
permutation_random,6,414,0.20018312
permutation_random,6,415,0.012837979
permutation_random,6,416,0.05864036
permutation_random,6,417,0.025533577
permutation_random,6,418,0.026975704
permutation_random,6,419,0.20670444
permutation_random,6,420,0.010908784
permutation_random,6,421,0.011547846
permutation_random,6,422,0.036648285
permutation_random,6,423,0.007444645
permutation_random,6,424,0.0037746306
permutation_random,6,425,0.046851523
permutation_random,6,426,0.07948151
permutation_random,6,427,0.027236087
permutation_random,6,428,0.021726253
permutation_random,6,429,0.011976608
permutation_random,6,430,0.034514565
permutation_random,6,431,0.0019645428
permutation_random,6,432,0.0012908415
permutation_random,6,433,0.020667858
permutation_random,6,434,0.013816146
permutation_random,6,435,0.006995074
permutation_random,6,436,0.016162151
permutation_random,6,437,0.033757508
permutation_random,6,438,0.037146736
permutation_random,6,439,0.00782156
permutation_random,6,440,0.05329554
permutation_random,6,441,0.026333528
permutation_random,6,442,0.012060544
permutation_random,6,443,0.046784442
permutation_random,6,444,0.006552905
permutation_random,6,445,0.047523275
permutation_random,6,446,0.012260251
permutation_random,6,447,0.014153112
permutation_random,6,448,0.042510062
permutation_random,6,449,0.024121922
permutation_random,6,450,0.10985196
permutation_random,6,451,0.019870326
permutation_random,6,452,0.039657217
permutation_random,6,453,0.049214058
permutation_random,6,454,0.10442139
permutation_random,6,455,0.011439347
permutation_random,6,456,0.024532255
permutation_random,6,457,0.21561596
permutation_random,6,458,0.017449314
permutation_random,6,459,0.0070525995
permutation_random,6,460,0.011706204
permutation_random,6,461,0.0630551
permutation_random,6,462,0.09119426
permutation_random,6,463,0.0076304683
permutation_random,6,464,0.029084144
permutation_random,6,465,0.06907827
permutation_random,6,466,0.04626248
permutation_random,6,467,0.0035878322
permutation_random,6,468,0.022527339
permutation_random,6,469,0.008696357
permutation_random,6,470,0.041086778
permutation_random,6,471,0.04823828
permutation_random,6,472,0.08393243
permutation_random,6,473,0.025040502
permutation_random,6,474,0.0125354845
permutation_random,6,475,0.061156392
permutation_random,6,476,0.0056578894
permutation_random,6,477,0.03417789
permutation_random,6,478,0.024734188
permutation_random,6,479,0.049200796
permutation_random,6,480,0.008865612
permutation_random,6,481,0.012300873
permutation_random,6,482,0.0152869625
permutation_random,6,483,0.029728986
permutation_random,6,484,0.0052872947
permutation_random,6,485,0.0020019535
permutation_random,6,486,0.026999354
permutation_random,6,487,0.0101281265
permutation_random,6,488,0.027398674
permutation_random,6,489,0.008106135
permutation_random,6,490,0.021698762
permutation_random,6,491,0.0072262255
permutation_random,6,492,0.0124934595
permutation_random,6,493,0.026531614
permutation_random,6,494,0.08047022
permutation_random,6,495,0.006163218
permutation_random,6,496,0.030262345
permutation_random,6,497,0.0058832592
permutation_random,6,498,0.018036593
permutation_random,6,499,0.023650212
permutation_random,6,500,0.008230339
permutation_random,6,501,0.20462288
permutation_random,6,502,0.018354528
permutation_random,6,503,0.011136657
permutation_random,6,504,0.014834363
permutation_random,6,505,0.0030906175
permutation_random,6,506,0.030329198
permutation_random,6,507,0.3840569
permutation_random,6,508,0.016611464
permutation_random,6,509,0.01801273
permutation_random,6,510,0.058083568
permutation_random,6,511,0.058232985
permutation_random,6,512,0.0038767355
permutation_random,6,513,0.047667824
permutation_random,6,514,0.013354635
permutation_random,6,515,0.011231306
permutation_random,6,516,0.008107394
permutation_random,6,517,0.0042987308
permutation_random,6,518,0.0057473383
permutation_random,6,519,0.025278764
permutation_random,6,520,0.019013029
permutation_random,6,521,0.029313833
permutation_random,6,522,0.10782122
permutation_random,6,523,0.011651631
permutation_random,6,524,0.033322357
permutation_random,6,525,0.0068630744
permutation_random,6,526,0.018847134
permutation_random,6,527,0.0055983393
permutation_random,6,528,0.043096244
permutation_random,6,529,0.12063685
permutation_random,6,530,0.15762322
permutation_random,6,531,0.016163854
permutation_random,6,532,0.08255835
permutation_random,6,533,0.024360418
permutation_random,6,534,0.0043093427
permutation_random,6,535,0.007919915
permutation_random,6,536,0.024923116
permutation_random,6,537,0.057210434
permutation_random,6,538,0.21830818
permutation_random,6,539,0.028027773
permutation_random,6,540,0.005180683
permutation_random,6,541,0.007515441
permutation_random,6,542,0.007277463
permutation_random,6,543,0.020005297
permutation_random,6,544,0.008901246
permutation_random,6,545,0.019929595
permutation_random,6,546,0.018856183
permutation_random,6,547,0.008952482
permutation_random,6,548,0.05638543
permutation_random,6,549,0.013969101
permutation_random,6,550,0.007964634
permutation_random,6,551,0.045241416
permutation_random,6,552,0.01684958
permutation_random,6,553,0.08111418
permutation_random,6,554,0.011255327
permutation_random,6,555,0.0042431583
permutation_random,6,556,0.01671192
permutation_random,6,557,0.017845428
permutation_random,6,558,0.029119417
permutation_random,6,559,0.0049216608
permutation_random,6,560,0.019621506
permutation_random,6,561,0.059987944
permutation_random,6,562,0.011178092
permutation_random,6,563,0.030292971
permutation_random,6,564,0.01097312
permutation_random,6,565,0.023845147
permutation_random,6,566,0.0079752505
permutation_random,6,567,0.013717815
permutation_random,6,568,0.018342681
permutation_random,6,569,0.06954908
permutation_random,6,570,0.00085085677
permutation_random,6,571,0.01929767
permutation_random,6,572,0.041684087
permutation_random,6,573,0.020996997
permutation_random,6,574,0.16656205
permutation_random,6,575,0.024816012
permutation_random,6,576,0.024648037
permutation_random,6,577,0.10822041
permutation_random,6,578,0.13348594
permutation_random,6,579,0.028173119
permutation_random,6,580,0.051988687
permutation_random,6,581,0.024044542
permutation_random,6,582,0.013397644
permutation_random,6,583,0.010127369
permutation_random,6,584,0.025881097
permutation_random,6,585,0.005966656
permutation_random,6,586,0.0065832688
permutation_random,6,587,0.008548254
permutation_random,6,588,0.006531256
permutation_random,6,589,0.011207867
permutation_random,6,590,0.011207124
permutation_random,6,591,0.007951427
permutation_random,6,592,0.02420742
permutation_random,6,593,0.006908667
permutation_random,6,594,0.012304839
permutation_random,6,595,0.025808696
permutation_random,6,596,0.0032509652
permutation_random,6,597,0.16259052
permutation_random,6,598,0.013630424
permutation_random,6,599,0.0154937655
permutation_random,6,600,0.013960574
permutation_random,6,601,0.031585447
permutation_random,6,602,0.009410063
permutation_random,6,603,0.011565043
permutation_random,6,604,0.006452888
permutation_random,6,605,0.02217677
permutation_random,6,606,0.004550591
permutation_random,6,607,0.020478567
permutation_random,6,608,0.046184864
permutation_random,6,609,0.062877886
permutation_random,6,610,0.017755982
permutation_random,6,611,0.008985302
permutation_random,6,612,0.045725547
permutation_random,6,613,0.0017867377
permutation_random,6,614,0.007963522
permutation_random,6,615,0.12921059
permutation_random,6,616,0.016139094
permutation_random,6,617,0.03617753
permutation_random,6,618,0.07083069
permutation_random,6,619,0.08996847
permutation_random,6,620,0.025210973
permutation_random,6,621,0.023285305
permutation_random,6,622,0.039025676
permutation_random,6,623,0.014150264
permutation_random,6,624,0.005892642
permutation_random,6,625,0.016214155
permutation_random,6,626,0.05327639
permutation_random,6,627,0.025341403
permutation_random,6,628,0.01138562
permutation_random,6,629,0.03664439
permutation_random,6,630,0.029636728
permutation_random,6,631,0.09182799
permutation_random,6,632,0.00803226
permutation_random,6,633,0.0030852684
permutation_random,6,634,0.013231557
permutation_random,6,635,0.06634156
permutation_random,6,636,0.0385631
permutation_random,6,637,0.027973244
permutation_random,6,638,0.032406915
permutation_random,6,639,0.007460349
permutation_random,6,640,0.10902452
permutation_random,6,641,0.018540092
permutation_random,6,642,0.018605728
permutation_random,6,643,0.010352945
permutation_random,6,644,0.029860325
permutation_random,6,645,0.08510856
permutation_random,6,646,0.007056081
permutation_random,6,647,0.009785185
permutation_random,6,648,0.007456188
permutation_random,6,649,0.01736553
permutation_random,6,650,0.02679771
permutation_random,6,651,0.026662473
permutation_random,6,652,0.019447327
permutation_random,6,653,0.033834323
permutation_random,6,654,0.019701174
permutation_random,6,655,0.1505485
permutation_random,6,656,0.007434328
permutation_random,6,657,0.009432957
permutation_random,6,658,0.00983521
permutation_random,6,659,0.032989968
permutation_random,6,660,0.022814766
permutation_random,6,661,0.024270438
permutation_random,6,662,0.21187077
permutation_random,6,663,0.010466538
permutation_random,6,664,0.023891456
permutation_random,6,665,0.026034279
permutation_random,6,666,0.008418603
permutation_random,6,667,0.05237105
permutation_random,6,668,0.022712013
permutation_random,6,669,0.0261694
permutation_random,6,670,0.0135808345
permutation_random,6,671,0.019469425
permutation_random,6,672,0.042727157
permutation_random,6,673,0.020599041
permutation_random,6,674,0.028952897
permutation_random,6,675,0.045895815
permutation_random,6,676,0.059295375
permutation_random,6,677,0.0048217606
permutation_random,6,678,0.08210562
permutation_random,6,679,0.032657534
permutation_random,6,680,0.019225102
permutation_random,6,681,0.01318858
permutation_random,6,682,0.028215922
permutation_random,6,683,0.008128168
permutation_random,6,684,0.027851572
permutation_random,6,685,0.008755358
permutation_random,6,686,0.009138483
permutation_random,6,687,0.0058452506
permutation_random,6,688,0.00976737
permutation_random,6,689,0.037937313
permutation_random,6,690,0.042506795
permutation_random,6,691,0.050889455
permutation_random,6,692,0.04107488
permutation_random,6,693,0.015721682
permutation_random,6,694,0.003054371
permutation_random,6,695,0.0044819377
permutation_random,6,696,0.002244982
permutation_random,6,697,0.0018150476
permutation_random,6,698,0.01635873
permutation_random,6,699,0.01119097
permutation_random,6,700,0.024278427
permutation_random,6,701,0.0558535
permutation_random,6,702,0.007165874
permutation_random,6,703,0.011201555
permutation_random,6,704,0.015963519
permutation_random,6,705,0.039574124
permutation_random,6,706,0.02809126
permutation_random,6,707,0.022616185
permutation_random,6,708,0.04618332
permutation_random,6,709,0.013847058
permutation_random,6,710,0.059085377
permutation_random,6,711,0.025914056
permutation_random,6,712,0.004021963
permutation_random,6,713,0.029132675
permutation_random,6,714,0.029277679
permutation_random,6,715,0.011180854
permutation_random,6,716,0.009377133
permutation_random,6,717,0.011340044
permutation_random,6,718,0.070182465
permutation_random,6,719,0.020148942
permutation_random,6,720,0.017782118
permutation_random,6,721,0.011157464
permutation_random,6,722,0.017072331
permutation_random,6,723,0.031274986
permutation_random,6,724,0.008615904
permutation_random,6,725,0.012112561
permutation_random,6,726,0.033047125
permutation_random,6,727,0.038882874
permutation_random,6,728,0.033374816
permutation_random,6,729,0.011840968
permutation_random,6,730,0.031359676
permutation_random,6,731,0.050213758
permutation_random,6,732,0.012963239
permutation_random,6,733,0.033360165
permutation_random,6,734,0.07240116
permutation_random,6,735,0.021583097
permutation_random,6,736,0.00631648
permutation_random,6,737,0.010965316
permutation_random,6,738,0.0034054383
permutation_random,6,739,0.055996764
permutation_random,6,740,0.0060131103
permutation_random,6,741,0.047877662
permutation_random,6,742,0.07718013
permutation_random,6,743,0.018662121
permutation_random,6,744,0.023254767
permutation_random,6,745,0.004431342
permutation_random,6,746,0.02995288
permutation_random,6,747,0.021659039
permutation_random,6,748,0.011540153
permutation_random,6,749,0.016769774
permutation_random,6,750,0.023690082
permutation_random,6,751,0.013849813
permutation_random,6,752,0.17813149
permutation_random,6,753,0.008807907
permutation_random,6,754,0.014336454
permutation_random,6,755,0.008036774
permutation_random,6,756,0.0056700814
permutation_random,6,757,0.006248941
permutation_random,6,758,0.014930917
permutation_random,6,759,0.039466072
permutation_random,6,760,0.024300512
permutation_random,6,761,0.0013821791
permutation_random,6,762,0.042786837
permutation_random,6,763,0.024432234
permutation_random,6,764,0.013938576
permutation_random,6,765,0.037529137
permutation_random,6,766,0.054793335
permutation_random,6,767,0.01441946
permutation_random,6,768,0.0995876
permutation_random,6,769,0.07199961
permutation_random,6,770,0.031758618
permutation_random,6,771,0.10853954
permutation_random,6,772,0.012528989
permutation_random,6,773,0.030044613
permutation_random,6,774,0.014081804
permutation_random,6,775,0.027018003
permutation_random,6,776,0.021368701
permutation_random,6,777,0.07753895
permutation_random,6,778,0.020133097
permutation_random,6,779,0.039127413
permutation_random,6,780,0.054679696
permutation_random,6,781,0.023892721
permutation_random,6,782,0.01892622
permutation_random,6,783,0.016529098
permutation_random,6,784,0.019279126
permutation_random,6,785,0.0007903322
permutation_random,6,786,0.017488347
permutation_random,6,787,0.04951618
permutation_random,6,788,0.012698786
permutation_random,6,789,0.037358463
permutation_random,6,790,0.015904956
permutation_random,6,791,0.02782241
permutation_random,6,792,0.059735153
permutation_random,6,793,0.018189061
permutation_random,6,794,0.0068532764
permutation_random,6,795,0.014939724
permutation_random,6,796,0.0046194363
permutation_random,6,797,0.020482114
permutation_random,6,798,0.036532238
permutation_random,6,799,0.032551005
permutation_random,6,800,0.057723843
permutation_random,6,801,0.040765073
permutation_random,6,802,0.08297334
permutation_random,6,803,0.016382428
permutation_random,6,804,0.007586226
permutation_random,6,805,0.016547617
permutation_random,6,806,0.024807002
permutation_random,6,807,0.0036564535
permutation_random,6,808,0.015526841
permutation_random,6,809,0.029971547
permutation_random,6,810,0.080744
permutation_random,6,811,0.07806316
permutation_random,6,812,0.014159119
permutation_random,6,813,0.025520453
permutation_random,6,814,0.009344213
permutation_random,6,815,0.058242492
permutation_random,6,816,0.0055853226
permutation_random,6,817,0.027634496
permutation_random,6,818,0.032894198
permutation_random,6,819,0.0059796367
permutation_random,6,820,0.009096613
permutation_random,6,821,0.13413547
permutation_random,6,822,0.015299045
permutation_random,6,823,0.088773064
permutation_random,6,824,0.005101053
permutation_random,6,825,0.05249571
permutation_random,6,826,0.021372855
permutation_random,6,827,0.010119529
permutation_random,6,828,0.00371841
permutation_random,6,829,0.0342871
permutation_random,6,830,0.0040954156
permutation_random,6,831,0.007221471
permutation_random,6,832,0.012684175
permutation_random,6,833,0.011542946
permutation_random,6,834,0.09652108
permutation_random,6,835,0.022258706
permutation_random,6,836,0.113484085
permutation_random,6,837,0.052264813
permutation_random,6,838,0.030606087
permutation_random,6,839,0.32383108
permutation_random,6,840,0.043338127
permutation_random,6,841,0.041764352
permutation_random,6,842,0.09794034
permutation_random,6,843,0.017312462
permutation_random,6,844,0.004759475
permutation_random,6,845,0.15508491
permutation_random,6,846,0.107522294
permutation_random,6,847,0.3996874
permutation_random,6,848,0.005224442
permutation_random,6,849,0.062227674
permutation_random,6,850,0.0052590705
permutation_random,6,851,0.0052103065
permutation_random,6,852,0.1420643
permutation_random,6,853,0.008328266
permutation_random,7,0,0.0122983325
permutation_random,7,1,0.00561109
permutation_random,7,2,0.07109989
permutation_random,7,3,0.013409641
permutation_random,7,4,0.08406755
permutation_random,7,5,0.02175403
permutation_random,7,6,0.009744665
permutation_random,7,7,0.028298989
permutation_random,7,8,0.08974588
permutation_random,7,9,0.06445442
permutation_random,7,10,0.026857864
permutation_random,7,11,0.007633568
permutation_random,7,12,0.01715446
permutation_random,7,13,0.007978067
permutation_random,7,14,0.018204756
permutation_random,7,15,0.011649329
permutation_random,7,16,0.011036027
permutation_random,7,17,0.35453033
permutation_random,7,18,0.012207261
permutation_random,7,19,0.0174953
permutation_random,7,20,0.01874264
permutation_random,7,21,0.0069649736
permutation_random,7,22,0.030611247
permutation_random,7,23,0.006097495
permutation_random,7,24,0.02294149
permutation_random,7,25,0.010464055
permutation_random,7,26,0.047703125
permutation_random,7,27,0.1367448
permutation_random,7,28,0.089998394
permutation_random,7,29,0.029810108
permutation_random,7,30,0.082506254
permutation_random,7,31,0.0060660155
permutation_random,7,32,0.006350167
permutation_random,7,33,0.0012823548
permutation_random,7,34,0.0036190867
permutation_random,7,35,0.0064845905
permutation_random,7,36,0.018621866
permutation_random,7,37,0.0070512267
permutation_random,7,38,0.032804836
permutation_random,7,39,0.012706566
permutation_random,7,40,0.041143574
permutation_random,7,41,0.0018438144
permutation_random,7,42,0.009452118
permutation_random,7,43,0.054854542
permutation_random,7,44,0.20997304
permutation_random,7,45,0.051296733
permutation_random,7,46,0.025395386
permutation_random,7,47,0.11418457
permutation_random,7,48,0.03996221
permutation_random,7,49,0.007834872
permutation_random,7,50,0.007452133
permutation_random,7,51,0.007999507
permutation_random,7,52,0.013052812
permutation_random,7,53,0.019275896
permutation_random,7,54,0.020727042
permutation_random,7,55,0.018584622
permutation_random,7,56,0.025206164
permutation_random,7,57,0.024642728
permutation_random,7,58,0.010583309
permutation_random,7,59,0.050798558
permutation_random,7,60,0.0413486
permutation_random,7,61,0.0040945876
permutation_random,7,62,0.010742944
permutation_random,7,63,0.009507917
permutation_random,7,64,0.017133035
permutation_random,7,65,0.0065531656
permutation_random,7,66,0.025626078
permutation_random,7,67,0.034564927
permutation_random,7,68,0.019082442
permutation_random,7,69,0.09531128
permutation_random,7,70,0.03336923
permutation_random,7,71,0.018137358
permutation_random,7,72,0.023994131
permutation_random,7,73,0.019529343
permutation_random,7,74,0.011650977
permutation_random,7,75,0.00538384
permutation_random,7,76,0.049091138
permutation_random,7,77,0.0025911718
permutation_random,7,78,0.044496194
permutation_random,7,79,0.03203174
permutation_random,7,80,0.010812697
permutation_random,7,81,0.007959182
permutation_random,7,82,0.040193617
permutation_random,7,83,0.008964993
permutation_random,7,84,0.022654656
permutation_random,7,85,0.04104927
permutation_random,7,86,0.0895575
permutation_random,7,87,0.0030430974
permutation_random,7,88,0.021853883
permutation_random,7,89,0.07715303
permutation_random,7,90,0.021347001
permutation_random,7,91,0.0131629165
permutation_random,7,92,0.025596522
permutation_random,7,93,0.008553291
permutation_random,7,94,0.004297069
permutation_random,7,95,0.07776783
permutation_random,7,96,0.07586565
permutation_random,7,97,0.016970675
permutation_random,7,98,0.008241103
permutation_random,7,99,0.028885566
permutation_random,7,100,0.02520654
permutation_random,7,101,0.018027736
permutation_random,7,102,0.02606272
permutation_random,7,103,0.095395185
permutation_random,7,104,0.004373001
permutation_random,7,105,0.058952324
permutation_random,7,106,0.017691484
permutation_random,7,107,0.016499843
permutation_random,7,108,0.014887298
permutation_random,7,109,0.014283642
permutation_random,7,110,0.019832084
permutation_random,7,111,0.15909596
permutation_random,7,112,0.07177274
permutation_random,7,113,0.01159144
permutation_random,7,114,0.029876899
permutation_random,7,115,0.008897468
permutation_random,7,116,0.05866776
permutation_random,7,117,0.018344067
permutation_random,7,118,0.07915114
permutation_random,7,119,0.027200129
permutation_random,7,120,0.032684565
permutation_random,7,121,0.009363489
permutation_random,7,122,0.022919169
permutation_random,7,123,0.013304489
permutation_random,7,124,0.068293154
permutation_random,7,125,0.033694863
permutation_random,7,126,0.020578329
permutation_random,7,127,0.07650172
permutation_random,7,128,0.016402252
permutation_random,7,129,0.013541654
permutation_random,7,130,0.016736634
permutation_random,7,131,0.031565983
permutation_random,7,132,0.033955786
permutation_random,7,133,0.005249169
permutation_random,7,134,0.0356429
permutation_random,7,135,0.018432036
permutation_random,7,136,0.01767763
permutation_random,7,137,0.019513087
permutation_random,7,138,0.012577101
permutation_random,7,139,0.103318825
permutation_random,7,140,0.0010457197
permutation_random,7,141,0.10577054
permutation_random,7,142,0.020981753
permutation_random,7,143,0.008214111
permutation_random,7,144,0.030399155
permutation_random,7,145,0.0039691823
permutation_random,7,146,0.01540013
permutation_random,7,147,0.041150782
permutation_random,7,148,0.020403739
permutation_random,7,149,0.008785154
permutation_random,7,150,0.015183747
permutation_random,7,151,0.01893267
permutation_random,7,152,0.021502469
permutation_random,7,153,0.018973656
permutation_random,7,154,0.024083614
permutation_random,7,155,0.010268782
permutation_random,7,156,0.046111785
permutation_random,7,157,0.0205989
permutation_random,7,158,0.025430303
permutation_random,7,159,0.067061156
permutation_random,7,160,0.048262894
permutation_random,7,161,0.024135076
permutation_random,7,162,0.09449563
permutation_random,7,163,0.014730267
permutation_random,7,164,0.0029516052
permutation_random,7,165,0.0040473235
permutation_random,7,166,0.010118309
permutation_random,7,167,0.081425905
permutation_random,7,168,0.02860671
permutation_random,7,169,0.0050638467
permutation_random,7,170,0.0853146
permutation_random,7,171,0.018652648
permutation_random,7,172,0.020440936
permutation_random,7,173,0.021406788
permutation_random,7,174,0.01891271
permutation_random,7,175,0.007875501
permutation_random,7,176,0.030803889
permutation_random,7,177,0.014648048
permutation_random,7,178,0.014596356
permutation_random,7,179,0.040052548
permutation_random,7,180,0.059717357
permutation_random,7,181,0.014486663
permutation_random,7,182,0.12289998
permutation_random,7,183,0.09301602
permutation_random,7,184,0.03516703
permutation_random,7,185,0.017430553
permutation_random,7,186,0.021391377
permutation_random,7,187,0.031331256
permutation_random,7,188,0.019546317
permutation_random,7,189,0.018628005
permutation_random,7,190,0.0107036345
permutation_random,7,191,0.019106511
permutation_random,7,192,0.006478388
permutation_random,7,193,0.031328887
permutation_random,7,194,0.010094865
permutation_random,7,195,0.0034428816
permutation_random,7,196,0.009736074
permutation_random,7,197,0.0101075275
permutation_random,7,198,0.023905914
permutation_random,7,199,0.09185761
permutation_random,7,200,0.017415423
permutation_random,7,201,0.017569073
permutation_random,7,202,0.016300151
permutation_random,7,203,0.03280819
permutation_random,7,204,0.0018861789
permutation_random,7,205,0.005824119
permutation_random,7,206,0.26481706
permutation_random,7,207,0.41754347
permutation_random,7,208,0.02243318
permutation_random,7,209,0.031334937
permutation_random,7,210,0.13882537
permutation_random,7,211,0.020289682
permutation_random,7,212,0.02848766
permutation_random,7,213,0.009772944
permutation_random,7,214,0.018741757
permutation_random,7,215,0.06962197
permutation_random,7,216,0.015307711
permutation_random,7,217,0.033960804
permutation_random,7,218,0.070702665
permutation_random,7,219,0.19984064
permutation_random,7,220,0.006758768
permutation_random,7,221,0.035573844
permutation_random,7,222,0.03255271
permutation_random,7,223,0.04755708
permutation_random,7,224,0.01927933
permutation_random,7,225,0.017773518
permutation_random,7,226,0.012408607
permutation_random,7,227,0.003498876
permutation_random,7,228,0.00079886796
permutation_random,7,229,0.015099022
permutation_random,7,230,0.02063987
permutation_random,7,231,0.0089605395
permutation_random,7,232,0.0030793627
permutation_random,7,233,0.02127309
permutation_random,7,234,0.049466617
permutation_random,7,235,0.012565761
permutation_random,7,236,0.027050745
permutation_random,7,237,0.012058688
permutation_random,7,238,0.038305085
permutation_random,7,239,0.0059523005
permutation_random,7,240,0.004108214
permutation_random,7,241,0.0528352
permutation_random,7,242,0.12680802
permutation_random,7,243,0.005063314
permutation_random,7,244,0.04657817
permutation_random,7,245,0.065802254
permutation_random,7,246,0.03903854
permutation_random,7,247,0.0040526986
permutation_random,7,248,0.020076042
permutation_random,7,249,0.028658323
permutation_random,7,250,0.011342911
permutation_random,7,251,0.08374901
permutation_random,7,252,0.04226862
permutation_random,7,253,0.01610653
permutation_random,7,254,0.0017461485
permutation_random,7,255,0.023912627
permutation_random,7,256,0.012510344
permutation_random,7,257,0.004255483
permutation_random,7,258,0.008787211
permutation_random,7,259,0.030007377
permutation_random,7,260,0.012358173
permutation_random,7,261,0.030508112
permutation_random,7,262,0.009794416
permutation_random,7,263,0.035508156
permutation_random,7,264,0.020609094
permutation_random,7,265,0.004743904
permutation_random,7,266,0.04769192
permutation_random,7,267,0.025120597
permutation_random,7,268,0.023453457
permutation_random,7,269,0.081076026
permutation_random,7,270,0.029489744
permutation_random,7,271,0.017176567
permutation_random,7,272,0.013841444
permutation_random,7,273,0.004649181
permutation_random,7,274,0.031955816
permutation_random,7,275,0.010029122
permutation_random,7,276,0.06502307
permutation_random,7,277,0.01710082
permutation_random,7,278,0.014358779
permutation_random,7,279,0.005683267
permutation_random,7,280,0.101458065
permutation_random,7,281,0.003596568
permutation_random,7,282,0.025979975
permutation_random,7,283,0.026184462
permutation_random,7,284,0.007982058
permutation_random,7,285,0.039233156
permutation_random,7,286,0.120452285
permutation_random,7,287,0.008770879
permutation_random,7,288,0.009742622
permutation_random,7,289,0.022059618
permutation_random,7,290,0.026912104
permutation_random,7,291,0.009015877
permutation_random,7,292,0.011434324
permutation_random,7,293,0.009960583
permutation_random,7,294,0.022464622
permutation_random,7,295,0.025334612
permutation_random,7,296,0.017407723
permutation_random,7,297,0.033466805
permutation_random,7,298,0.0033626952
permutation_random,7,299,0.0114645725
permutation_random,7,300,0.011520261
permutation_random,7,301,0.04725477
permutation_random,7,302,0.020900775
permutation_random,7,303,0.041543003
permutation_random,7,304,0.025799803
permutation_random,7,305,0.004749754
permutation_random,7,306,0.031003855
permutation_random,7,307,0.00083466485
permutation_random,7,308,0.019465536
permutation_random,7,309,0.35913974
permutation_random,7,310,0.032639842
permutation_random,7,311,0.13149889
permutation_random,7,312,0.033247128
permutation_random,7,313,0.026955042
permutation_random,7,314,0.0023041053
permutation_random,7,315,0.0066195317
permutation_random,7,316,0.015156784
permutation_random,7,317,0.010459201
permutation_random,7,318,0.015812984
permutation_random,7,319,0.009484458
permutation_random,7,320,0.010283502
permutation_random,7,321,0.0071490337
permutation_random,7,322,0.020162636
permutation_random,7,323,0.0040455144
permutation_random,7,324,0.018753195
permutation_random,7,325,0.023459053
permutation_random,7,326,0.011364021
permutation_random,7,327,0.012732587
permutation_random,7,328,0.016719772
permutation_random,7,329,0.0015800651
permutation_random,7,330,0.021136243
permutation_random,7,331,0.01850108
permutation_random,7,332,0.01996766
permutation_random,7,333,0.021128312
permutation_random,7,334,0.009096523
permutation_random,7,335,0.0044729533
permutation_random,7,336,0.017406791
permutation_random,7,337,0.023316901
permutation_random,7,338,0.015619259
permutation_random,7,339,0.04048843
permutation_random,7,340,0.023260321
permutation_random,7,341,0.016034808
permutation_random,7,342,0.006524577
permutation_random,7,343,0.016484808
permutation_random,7,344,0.017213712
permutation_random,7,345,0.02168069
permutation_random,7,346,0.027157716
permutation_random,7,347,0.011445042
permutation_random,7,348,0.017185433
permutation_random,7,349,0.043981537
permutation_random,7,350,0.015554793
permutation_random,7,351,0.04274128
permutation_random,7,352,0.0065253833
permutation_random,7,353,0.011563513
permutation_random,7,354,0.01659912
permutation_random,7,355,0.027128607
permutation_random,7,356,0.022086255
permutation_random,7,357,0.014222899
permutation_random,7,358,0.017201757
permutation_random,7,359,0.0026997088
permutation_random,7,360,0.0038274147
permutation_random,7,361,0.025536291
permutation_random,7,362,0.0036010724
permutation_random,7,363,0.0114819165
permutation_random,7,364,0.03127864
permutation_random,7,365,0.0014443469
permutation_random,7,366,0.012273342
permutation_random,7,367,0.02026774
permutation_random,7,368,0.025304362
permutation_random,7,369,0.0152577385
permutation_random,7,370,0.010354436
permutation_random,7,371,0.0145249
permutation_random,7,372,0.009373965
permutation_random,7,373,0.015739486
permutation_random,7,374,0.02169338
permutation_random,7,375,0.01863259
permutation_random,7,376,0.0072320295
permutation_random,7,377,0.03281865
permutation_random,7,378,0.0008698477
permutation_random,7,379,0.022460785
permutation_random,7,380,0.012265891
permutation_random,7,381,0.016380507
permutation_random,7,382,0.008764062
permutation_random,7,383,0.015330737
permutation_random,7,384,0.025344178
permutation_random,7,385,0.011592811
permutation_random,7,386,0.024651695
permutation_random,7,387,0.021443594
permutation_random,7,388,0.005348809
permutation_random,7,389,0.09134026
permutation_random,7,390,0.024114797
permutation_random,7,391,0.11410728
permutation_random,7,392,0.01036634
permutation_random,7,393,0.044693954
permutation_random,7,394,0.042458933
permutation_random,7,395,0.00506589
permutation_random,7,396,0.009544548
permutation_random,7,397,0.009573465
permutation_random,7,398,0.1534768
permutation_random,7,399,0.00933386
permutation_random,7,400,0.08000567
permutation_random,7,401,0.10769368
permutation_random,7,402,0.021772673
permutation_random,7,403,0.09993543
permutation_random,7,404,0.0057313526
permutation_random,7,405,0.050502077
permutation_random,7,406,0.012044396
permutation_random,7,407,0.039743014
permutation_random,7,408,0.016874406
permutation_random,7,409,0.028283032
permutation_random,7,410,0.011402037
permutation_random,7,411,0.02164876
permutation_random,7,412,0.21527463
permutation_random,7,413,0.088334456
permutation_random,7,414,0.018376306
permutation_random,7,415,0.015262097
permutation_random,7,416,0.03222943
permutation_random,7,417,0.001929692
permutation_random,7,418,0.01836484
permutation_random,7,419,0.01868105
permutation_random,7,420,0.0085569145
permutation_random,7,421,0.059090048
permutation_random,7,422,0.0030726676
permutation_random,7,423,0.012644736
permutation_random,7,424,0.01222839
permutation_random,7,425,0.023377663
permutation_random,7,426,0.011815327
permutation_random,7,427,0.016280102
permutation_random,7,428,0.0070461957
permutation_random,7,429,0.064954616
permutation_random,7,430,0.11685637
permutation_random,7,431,0.029843463
permutation_random,7,432,0.09547013
permutation_random,7,433,0.007995028
permutation_random,7,434,0.0138686355
permutation_random,7,435,0.010313984
permutation_random,7,436,0.024375144
permutation_random,7,437,0.07941564
permutation_random,7,438,0.01196452
permutation_random,7,439,0.017471157
permutation_random,7,440,0.025764305
permutation_random,7,441,0.10231505
permutation_random,7,442,0.0059223645
permutation_random,7,443,0.013740933
permutation_random,7,444,0.1014754
permutation_random,7,445,0.029588133
permutation_random,7,446,0.025462981
permutation_random,7,447,0.0085886065
permutation_random,7,448,0.009455689
permutation_random,7,449,0.0154621005
permutation_random,7,450,0.018631674
permutation_random,7,451,0.12316696
permutation_random,7,452,0.03701768
permutation_random,7,453,0.023954079
permutation_random,7,454,0.007594537
permutation_random,7,455,0.042578917
permutation_random,7,456,0.011079975
permutation_random,7,457,0.016094824
permutation_random,7,458,0.009132724
permutation_random,7,459,0.025149513
permutation_random,7,460,0.019405881
permutation_random,7,461,0.008431312
permutation_random,7,462,0.03205965
permutation_random,7,463,0.024846544
permutation_random,7,464,0.0037317902
permutation_random,7,465,0.05110085
permutation_random,7,466,0.010337586
permutation_random,7,467,0.010423912
permutation_random,7,468,0.03512474
permutation_random,7,469,0.02807857
permutation_random,7,470,0.099480405
permutation_random,7,471,0.007666259
permutation_random,7,472,0.012551221
permutation_random,7,473,0.050305083
permutation_random,7,474,0.008798019
permutation_random,7,475,0.047597796
permutation_random,7,476,0.012225324
permutation_random,7,477,0.018599465
permutation_random,7,478,0.0033835408
permutation_random,7,479,0.058671664
permutation_random,7,480,0.007896776
permutation_random,7,481,0.004728214
permutation_random,7,482,0.013985045
permutation_random,7,483,0.025842514
permutation_random,7,484,0.01591054
permutation_random,7,485,0.009691572
permutation_random,7,486,0.03495287
permutation_random,7,487,0.027881159
permutation_random,7,488,0.015438047
permutation_random,7,489,0.01926497
permutation_random,7,490,0.010014312
permutation_random,7,491,0.01291327
permutation_random,7,492,0.009402841
permutation_random,7,493,0.0096981
permutation_random,7,494,0.006223273
permutation_random,7,495,0.005920496
permutation_random,7,496,0.023837093
permutation_random,7,497,0.0060743825
permutation_random,7,498,0.06457231
permutation_random,7,499,0.029967347
permutation_random,7,500,0.03617982
permutation_random,7,501,0.027725276
permutation_random,7,502,0.029435284
permutation_random,7,503,0.012267974
permutation_random,7,504,0.013924175
permutation_random,7,505,0.03132768
permutation_random,7,506,0.0050046425
permutation_random,7,507,0.0041774595
permutation_random,7,508,0.0109925065
permutation_random,7,509,0.0055455
permutation_random,7,510,0.038393874
permutation_random,7,511,0.0021647736
permutation_random,7,512,0.03211616
permutation_random,7,513,0.010859765
permutation_random,7,514,0.009933991
permutation_random,7,515,0.016165428
permutation_random,7,516,0.011983244
permutation_random,7,517,0.10064844
permutation_random,7,518,0.020361234
permutation_random,7,519,0.0030177303
permutation_random,7,520,0.014800286
permutation_random,7,521,0.0111253075
permutation_random,7,522,0.03209172
permutation_random,7,523,0.0077091507
permutation_random,7,524,0.002300495
permutation_random,7,525,0.030224867
permutation_random,7,526,0.016843338
permutation_random,7,527,0.054057874
permutation_random,7,528,0.023580026
permutation_random,7,529,0.0077847107
permutation_random,7,530,0.010266919
permutation_random,7,531,0.018004272
permutation_random,7,532,0.013432046
permutation_random,7,533,0.009933399
permutation_random,7,534,0.003679862
permutation_random,7,535,0.03879574
permutation_random,7,536,0.0035476987
permutation_random,7,537,0.016082484
permutation_random,7,538,0.08006629
permutation_random,7,539,0.09754049
permutation_random,7,540,0.005773237
permutation_random,7,541,0.04311014
permutation_random,7,542,0.0099224225
permutation_random,7,543,0.016564896
permutation_random,7,544,0.006069991
permutation_random,7,545,0.008218665
permutation_random,7,546,0.0061930213
permutation_random,7,547,0.0081733
permutation_random,7,548,0.010249348
permutation_random,7,549,0.03594411
permutation_random,7,550,0.042695753
permutation_random,7,551,0.029503508
permutation_random,7,552,0.0113895135
permutation_random,7,553,0.010944576
permutation_random,7,554,0.021383395
permutation_random,7,555,0.012570279
permutation_random,7,556,0.01425767
permutation_random,7,557,0.03318561
permutation_random,7,558,0.04313191
permutation_random,7,559,0.05591636
permutation_random,7,560,0.053415887
permutation_random,7,561,0.021587124
permutation_random,7,562,0.020361591
permutation_random,7,563,0.051803928
permutation_random,7,564,0.0045183105
permutation_random,7,565,0.009075916
permutation_random,7,566,0.010622319
permutation_random,7,567,0.12145144
permutation_random,7,568,0.14331171
permutation_random,7,569,0.0072308863
permutation_random,7,570,0.038986597
permutation_random,7,571,0.002451568
permutation_random,7,572,0.023044653
permutation_random,7,573,0.0072477316
permutation_random,7,574,0.005804252
permutation_random,7,575,0.013844066
permutation_random,7,576,0.2517233
permutation_random,7,577,0.028864656
permutation_random,7,578,0.029311625
permutation_random,7,579,0.029988218
permutation_random,7,580,0.03331499
permutation_random,7,581,0.011500318
permutation_random,7,582,0.21993811
permutation_random,7,583,0.013736015
permutation_random,7,584,0.027410362
permutation_random,7,585,0.015561949
permutation_random,7,586,0.009844607
permutation_random,7,587,0.021783879
permutation_random,7,588,0.012067322
permutation_random,7,589,0.056675278
permutation_random,7,590,0.025429696
permutation_random,7,591,0.018383265
permutation_random,7,592,0.003414235
permutation_random,7,593,0.0708106
permutation_random,7,594,0.009662035
permutation_random,7,595,0.046804473
permutation_random,7,596,0.013130596
permutation_random,7,597,0.029959127
permutation_random,7,598,0.019200224
permutation_random,7,599,0.014089577
permutation_random,7,600,0.016675584
permutation_random,7,601,0.027676601
permutation_random,7,602,0.0049761334
permutation_random,7,603,0.035651922
permutation_random,7,604,0.104548454
permutation_random,7,605,0.021427318
permutation_random,7,606,0.028464088
permutation_random,7,607,0.010417272
permutation_random,7,608,0.010217336
permutation_random,7,609,0.009497821
permutation_random,7,610,0.043624748
permutation_random,7,611,0.027392257
permutation_random,7,612,0.028361756
permutation_random,7,613,0.008094711
permutation_random,7,614,0.0018019823
permutation_random,7,615,0.1305178
permutation_random,7,616,0.009031779
permutation_random,7,617,0.013004877
permutation_random,7,618,0.022974815
permutation_random,7,619,0.050669864
permutation_random,7,620,0.007059463
permutation_random,7,621,0.03070394
permutation_random,7,622,0.019489018
permutation_random,7,623,0.07754524
permutation_random,7,624,0.09143593
permutation_random,7,625,0.056743972
permutation_random,7,626,0.009761524
permutation_random,7,627,0.012758931
permutation_random,7,628,0.12093267
permutation_random,7,629,0.015281543
permutation_random,7,630,0.017568756
permutation_random,7,631,0.024816386
permutation_random,7,632,0.015876608
permutation_random,7,633,0.027437653
permutation_random,7,634,0.08480991
permutation_random,7,635,0.005637721
permutation_random,7,636,0.011248185
permutation_random,7,637,0.012866916
permutation_random,7,638,0.022616755
permutation_random,7,639,0.00678988
permutation_random,7,640,0.014129542
permutation_random,7,641,0.0029895497
permutation_random,7,642,0.01870422
permutation_random,7,643,0.008331306
permutation_random,7,644,0.008411957
permutation_random,7,645,0.008858676
permutation_random,7,646,0.005797863
permutation_random,7,647,0.040431257
permutation_random,7,648,0.004784085
permutation_random,7,649,0.065440066
permutation_random,7,650,0.03382469
permutation_random,7,651,0.15321182
permutation_random,7,652,0.03365396
permutation_random,7,653,0.015801782
permutation_random,7,654,0.11774531
permutation_random,7,655,0.017308783
permutation_random,7,656,0.09251168
permutation_random,7,657,0.0028730007
permutation_random,7,658,0.11395505
permutation_random,7,659,0.015488609
permutation_random,7,660,0.016714334
permutation_random,7,661,0.029479805
permutation_random,7,662,0.04437498
permutation_random,7,663,0.033076793
permutation_random,7,664,0.0062418296
permutation_random,7,665,0.028918192
permutation_random,7,666,0.011140221
permutation_random,7,667,0.013492638
permutation_random,7,668,0.009805301
permutation_random,7,669,0.028454203
permutation_random,7,670,0.012861056
permutation_random,7,671,0.22276857
permutation_random,7,672,0.1296897
permutation_random,7,673,0.016795047
permutation_random,7,674,0.009757083
permutation_random,7,675,0.014739089
permutation_random,7,676,0.008480513
permutation_random,7,677,0.034283876
permutation_random,7,678,0.012853307
permutation_random,7,679,0.006577292
permutation_random,7,680,0.009481996
permutation_random,7,681,0.032857932
permutation_random,7,682,0.029809922
permutation_random,7,683,0.010949986
permutation_random,7,684,0.0267147
permutation_random,7,685,0.01202225
permutation_random,7,686,0.00492359
permutation_random,7,687,0.10384457
permutation_random,7,688,0.007818399
permutation_random,7,689,0.008868666
permutation_random,7,690,0.014308539
permutation_random,7,691,0.040784676
permutation_random,7,692,0.029257443
permutation_random,7,693,0.03224078
permutation_random,7,694,0.02051431
permutation_random,7,695,0.044289604
permutation_random,7,696,0.03145628
permutation_random,7,697,0.032669738
permutation_random,7,698,0.016183741
permutation_random,7,699,0.03904555
permutation_random,7,700,0.00023431296
permutation_random,7,701,0.022786252
permutation_random,7,702,0.10096798
permutation_random,7,703,0.015073812
permutation_random,7,704,0.13019392
permutation_random,7,705,0.018971201
permutation_random,7,706,0.10003849
permutation_random,7,707,0.022424038
permutation_random,7,708,0.026827957
permutation_random,7,709,0.009607392
permutation_random,7,710,0.034060992
permutation_random,7,711,0.028933931
permutation_random,7,712,0.0036516904
permutation_random,7,713,0.034773193
permutation_random,7,714,0.08741458
permutation_random,7,715,0.010332506
permutation_random,7,716,0.029276289
permutation_random,7,717,0.0043235016
permutation_random,7,718,0.0057368786
permutation_random,7,719,0.112517476
permutation_random,7,720,0.0038935333
permutation_random,7,721,0.0040053437
permutation_random,7,722,0.005398695
permutation_random,7,723,0.022577072
permutation_random,7,724,0.0051085707
permutation_random,7,725,0.010065342
permutation_random,7,726,0.021514975
permutation_random,7,727,0.023600027
permutation_random,7,728,0.009764009
permutation_random,7,729,0.012665883
permutation_random,7,730,0.031557642
permutation_random,7,731,0.26745152
permutation_random,7,732,0.036807053
permutation_random,7,733,0.02273569
permutation_random,7,734,0.008628162
permutation_random,7,735,0.028031863
permutation_random,7,736,0.023581734
permutation_random,7,737,0.053743698
permutation_random,7,738,0.027724016
permutation_random,7,739,0.0029698242
permutation_random,7,740,0.035389982
permutation_random,7,741,0.023222635
permutation_random,7,742,0.04616215
permutation_random,7,743,0.041356906
permutation_random,7,744,0.018010814
permutation_random,7,745,0.11605041
permutation_random,7,746,0.031339347
permutation_random,7,747,0.053941503
permutation_random,7,748,0.056475434
permutation_random,7,749,0.013478968
permutation_random,7,750,0.26617625
permutation_random,7,751,0.00840241
permutation_random,7,752,0.02615707
permutation_random,7,753,0.010638936
permutation_random,7,754,0.04176642
permutation_random,7,755,0.0039899116
permutation_random,7,756,0.024790926
permutation_random,7,757,0.27260756
permutation_random,7,758,0.028484266
permutation_random,7,759,0.02499914
permutation_random,7,760,0.010438304
permutation_random,7,761,0.124211855
permutation_random,7,762,0.010282678
permutation_random,7,763,0.0268183
permutation_random,7,764,0.057098612
permutation_random,7,765,0.023721948
permutation_random,7,766,0.051018555
permutation_random,7,767,0.0059176777
permutation_random,7,768,0.016566347
permutation_random,7,769,0.05070772
permutation_random,7,770,0.022040622
permutation_random,7,771,0.11633499
permutation_random,7,772,0.07330693
permutation_random,7,773,0.023768311
permutation_random,7,774,0.00847472
permutation_random,7,775,0.023780137
permutation_random,7,776,0.007913509
permutation_random,7,777,0.033289973
permutation_random,7,778,0.025744293
permutation_random,7,779,0.008588758
permutation_random,7,780,0.02774583
permutation_random,7,781,0.011689573
permutation_random,7,782,0.08863692
permutation_random,7,783,0.047937322
permutation_random,7,784,0.021652441
permutation_random,7,785,0.037144132
permutation_random,7,786,0.009636681
permutation_random,7,787,0.006245029
permutation_random,7,788,0.021475172
permutation_random,7,789,0.009029305
permutation_random,7,790,0.018082304
permutation_random,7,791,0.011906059
permutation_random,7,792,0.1597417
permutation_random,7,793,0.026198283
permutation_random,7,794,0.006873505
permutation_random,7,795,0.018200282
permutation_random,7,796,0.016740106
permutation_random,7,797,0.25149894
permutation_random,7,798,0.046960376
permutation_random,7,799,0.006956889
permutation_random,7,800,0.0037502798
permutation_random,7,801,0.011042055
permutation_random,7,802,0.015781907
permutation_random,7,803,0.013320183
permutation_random,7,804,0.007421765
permutation_random,7,805,0.06505379
permutation_random,7,806,0.06457702
permutation_random,7,807,0.011451827
permutation_random,7,808,0.011365438
permutation_random,7,809,0.008790316
permutation_random,7,810,0.051638283
permutation_random,7,811,0.003313757
permutation_random,7,812,0.010733414
permutation_random,7,813,0.09968878
permutation_random,7,814,0.15155287
permutation_random,7,815,0.019446451
permutation_random,7,816,0.0031392965
permutation_random,7,817,0.08365887
permutation_random,7,818,0.27872872
permutation_random,7,819,0.01876859
permutation_random,7,820,0.01428881
permutation_random,7,821,0.024770759
permutation_random,7,822,0.046383563
permutation_random,7,823,0.014305383
permutation_random,7,824,0.048355978
permutation_random,7,825,0.021751497
permutation_random,7,826,0.091963395
permutation_random,7,827,0.024676194
permutation_random,7,828,0.024410238
permutation_random,7,829,0.011229283
permutation_random,7,830,0.060500305
permutation_random,7,831,0.04811863
permutation_random,7,832,0.0054291575
permutation_random,7,833,0.009331598
permutation_random,7,834,0.0076929126
permutation_random,7,835,0.01663227
permutation_random,7,836,0.06277134
permutation_random,7,837,0.00936253
permutation_random,7,838,0.014482157
permutation_random,7,839,0.0197343
permutation_random,7,840,0.0070240377
permutation_random,7,841,0.03140994
permutation_random,7,842,0.0069940626
permutation_random,7,843,0.009056787
permutation_random,7,844,0.057264537
permutation_random,7,845,0.0821013
permutation_random,7,846,0.22076909
permutation_random,7,847,0.041108415
permutation_random,7,848,0.013621198
permutation_random,7,849,0.015679922
permutation_random,7,850,0.018313598
permutation_random,7,851,0.06512104
permutation_random,7,852,0.025960261
permutation_random,7,853,0.030152142
