campaign,variant,repetition,class_index,prior,estimator
kidney-architecture-predictive__cfg_529dc0e4494b,0006,0,2,0.3499538004398346,-1.1831945180892944
kidney-architecture-predictive__cfg_529dc0e4494b,0006,0,4,0.3715018033981323,-1.3394187688827515
kidney-architecture-predictive__cfg_529dc0e4494b,0006,0,5,0.34038686752319336,-1.132717251777649
kidney-architecture-predictive__cfg_529dc0e4494b,0006,0,7,0.31155186891555786,-1.0148640871047974
kidney-architecture-predictive__cfg_529dc0e4494b,0006,0,9,0.0348702073097229,-0.010956492274999619
kidney-architecture-predictive__cfg_529dc0e4494b,0006,0,10,0.19397668540477753,-0.22697961330413818
kidney-architecture-predictive__cfg_529dc0e4494b,0006,0,11,0.19960957765579224,-0.24865001440048218
kidney-architecture-predictive__cfg_529dc0e4494b,0006,0,12,0.03527255356311798,-0.011774953454732895
kidney-architecture-predictive__cfg_529dc0e4494b,0006,0,14,0.00022352696396410465,9.882928861770779e-05
kidney-architecture-predictive__cfg_529dc0e4494b,0006,0,15,0.019759783521294594,0.013349981978535652
kidney-architecture-predictive__cfg_529dc0e4494b,0006,0,17,0.19057908654212952,-0.1688847839832306
kidney-architecture-predictive__cfg_529dc0e4494b,0006,0,22,0.01198104489594698,0.0041523040272295475
kidney-architecture-predictive__cfg_529dc0e4494b,0006,0,24,0.013188090175390244,0.004692476242780685
kidney-architecture-predictive__cfg_529dc0e4494b,0006,0,29,0.0005364646785892546,8.768708357820287e-05
kidney-architecture-predictive__cfg_529dc0e4494b,0006,0,32,0.2130211889743805,-0.09407156705856323
kidney-architecture-predictive__cfg_529dc0e4494b,0006,0,33,0.0368819460272789,-0.014012560248374939
kidney-architecture-predictive__cfg_529dc0e4494b,0006,0,34,0.0009388132020831108,0.00010760378063423559
kidney-architecture-predictive__cfg_529dc0e4494b,0006,0,36,0.05896640941500664,0.043632928282022476
kidney-architecture-predictive__cfg_529dc0e4494b,0006,0,43,0.00599052244797349,0.0013038452016189694
kidney-architecture-predictive__cfg_529dc0e4494b,0006,0,55,0.00022352696396410465,7.707064651185647e-05
kidney-architecture-predictive__cfg_529dc0e4494b,0006,0,57,0.016540994867682457,0.004668536130338907
kidney-architecture-predictive__cfg_529dc0e4494b,0006,0,58,9.999999747378752e-05,6.433177622966468e-05
kidney-architecture-predictive__cfg_529dc0e4494b,0006,0,62,0.0004917593323625624,0.00010679123806767166
kidney-architecture-predictive__cfg_529dc0e4494b,0006,0,64,0.000670580891892314,8.90856608748436e-05
kidney-architecture-predictive__cfg_529dc0e4494b,0006,0,67,0.25187018513679504,-0.679290771484375
kidney-architecture-predictive__cfg_529dc0e4494b,0006,0,72,0.0004023485234938562,9.069700172403827e-05
kidney-architecture-predictive__cfg_529dc0e4494b,0006,0,74,0.0003576431190595031,8.851455640979111e-05
kidney-architecture-predictive__cfg_529dc0e4494b,0006,0,77,0.00022352696396410465,8.598734711995348e-05
kidney-architecture-predictive__cfg_529dc0e4494b,0006,0,82,0.3668077290058136,-1.3199127912521362
kidney-architecture-predictive__cfg_529dc0e4494b,0006,0,87,9.999999747378752e-05,8.856746717356145e-05
kidney-architecture-predictive__cfg_529dc0e4494b,0006,0,88,0.0004023485234938562,7.78692847234197e-05
kidney-architecture-predictive__cfg_529dc0e4494b,0006,0,95,0.0004023485234938562,6.652929732808843e-05
kidney-architecture-predictive__cfg_529dc0e4494b,0006,0,97,0.0368819460272789,-0.016092944890260696
kidney-architecture-predictive__cfg_529dc0e4494b,0006,0,98,0.00022352696396410465,6.107859371695668e-05
kidney-architecture-predictive__cfg_529dc0e4494b,0006,0,105,0.03522785007953644,-0.0116482675075531
kidney-architecture-predictive__cfg_529dc0e4494b,0006,0,106,0.006079932674765587,0.00125727872364223
kidney-architecture-predictive__cfg_529dc0e4494b,0006,0,107,0.005677584558725357,-0.00023880344815552235
kidney-architecture-predictive__cfg_529dc0e4494b,0006,0,110,0.001341161783784628,0.00014629877114202827
kidney-architecture-predictive__cfg_529dc0e4494b,0006,0,113,0.34119153022766113,-1.08429753780365
kidney-architecture-predictive__cfg_529dc0e4494b,0006,0,119,0.0002682323392946273,8.43115194584243e-05
kidney-architecture-predictive__cfg_529dc0e4494b,0006,0,121,0.00017882155952975154,0.00010051184654003009
kidney-architecture-predictive__cfg_529dc0e4494b,0006,0,122,0.0004470539279282093,6.880055298097432e-05
kidney-architecture-predictive__cfg_529dc0e4494b,0006,0,124,0.38741692900657654,-1.0830210447311401
kidney-architecture-predictive__cfg_529dc0e4494b,0006,0,126,0.0008941078558564186,0.00012661055370699614
kidney-architecture-predictive__cfg_529dc0e4494b,0006,0,130,0.4158048629760742,-0.8034601211547852
kidney-architecture-predictive__cfg_529dc0e4494b,0006,0,135,0.4206777513027191,-1.1172946691513062
kidney-architecture-predictive__cfg_529dc0e4494b,0006,0,138,0.00017882155952975154,7.668983744224533e-05
kidney-architecture-predictive__cfg_529dc0e4494b,0006,0,140,0.0004470539279282093,7.202586130006239e-05
kidney-architecture-predictive__cfg_529dc0e4494b,0006,0,142,0.46860188245773315,-1.5538828372955322
kidney-architecture-predictive__cfg_529dc0e4494b,0006,0,143,9.999999747378752e-05,6.040461448719725e-05
kidney-architecture-predictive__cfg_529dc0e4494b,0006,0,145,0.0025035019498318434,0.00033103718305937946
kidney-architecture-predictive__cfg_529dc0e4494b,0006,0,148,0.03683724254369736,0.016886698082089424
kidney-architecture-predictive__cfg_529dc0e4494b,0006,0,154,0.0004023485234938562,9.653348388383165e-05
kidney-architecture-predictive__cfg_529dc0e4494b,0006,0,157,0.0002682323392946273,9.588782995706424e-05
kidney-architecture-predictive__cfg_529dc0e4494b,0006,0,173,0.4016779065132141,-1.1669321060180664
kidney-architecture-predictive__cfg_529dc0e4494b,0006,0,175,0.30985307693481445,-1.0354121923446655
kidney-architecture-predictive__cfg_529dc0e4494b,0006,0,177,0.0035764314234256744,0.0005369735299609601
kidney-architecture-predictive__cfg_529dc0e4494b,0006,0,178,0.0004023485234938562,8.559580601286143e-05
kidney-architecture-predictive__cfg_529dc0e4494b,0006,0,179,0.0007152862381190062,0.00011504679423524067
kidney-architecture-predictive__cfg_529dc0e4494b,0006,0,182,0.12817035615444183,0.004083797335624695
kidney-architecture-predictive__cfg_529dc0e4494b,0006,0,184,0.0004470539279282093,8.543862350052223e-05
kidney-architecture-predictive__cfg_529dc0e4494b,0006,0,187,0.00013411616964731365,7.991707389010116e-05
kidney-architecture-predictive__cfg_529dc0e4494b,0006,0,189,0.0004917593323625624,8.050866745179519e-05
kidney-architecture-predictive__cfg_529dc0e4494b,0006,0,192,0.0002682323392946273,6.590474367840216e-05
kidney-architecture-predictive__cfg_529dc0e4494b,0006,0,194,0.29711201786994934,-0.8975156545639038
kidney-architecture-predictive__cfg_529dc0e4494b,0006,0,197,0.3012249171733856,-0.7573009729385376
kidney-architecture-predictive__cfg_529dc0e4494b,0006,0,199,0.3719935417175293,-1.3254822492599487
kidney-architecture-predictive__cfg_529dc0e4494b,0006,0,200,0.000670580891892314,9.150523692369461e-05
kidney-architecture-predictive__cfg_529dc0e4494b,0006,0,207,0.03625607490539551,-0.014403067529201508
kidney-architecture-predictive__cfg_529dc0e4494b,0006,0,214,0.38160520792007446,-0.8886986970901489
kidney-architecture-predictive__cfg_529dc0e4494b,0006,0,218,0.25249606370925903,-0.6853666305541992
kidney-architecture-predictive__cfg_529dc0e4494b,0006,0,219,0.2759663760662079,-0.8641664385795593
kidney-architecture-predictive__cfg_529dc0e4494b,0006,0,231,0.3566149175167084,-1.2451165914535522
kidney-architecture-predictive__cfg_529dc0e4494b,0006,0,232,0.037194885313510895,-0.015200186520814896
kidney-architecture-predictive__cfg_529dc0e4494b,0006,0,233,0.037016063928604126,-0.014695394784212112
kidney-architecture-predictive__cfg_529dc0e4494b,0006,0,237,0.0004470539279282093,6.615065649384633e-05
kidney-architecture-predictive__cfg_529dc0e4494b,0006,0,243,0.04412422329187393,0.02816237509250641
kidney-architecture-predictive__cfg_529dc0e4494b,0006,0,250,0.0003576431190595031,9.474663238506764e-05
kidney-architecture-predictive__cfg_529dc0e4494b,0006,0,251,0.21181413531303406,-0.17986571788787842
kidney-architecture-predictive__cfg_529dc0e4494b,0006,0,255,0.03625607490539551,-0.014026019722223282
kidney-architecture-predictive__cfg_529dc0e4494b,0006,0,256,0.02583971619606018,0.0025637075304985046
kidney-architecture-predictive__cfg_529dc0e4494b,0006,0,261,0.17949214577674866,-0.21697279810905457
kidney-architecture-predictive__cfg_529dc0e4494b,0006,0,263,0.10277768969535828,0.05918542295694351
kidney-architecture-predictive__cfg_529dc0e4494b,0006,0,269,0.205510675907135,-0.1370413899421692
kidney-architecture-predictive__cfg_529dc0e4494b,0006,0,271,0.33050695061683655,-1.0938726663589478
kidney-architecture-predictive__cfg_529dc0e4494b,0006,0,273,0.3394927382469177,-1.054300308227539
kidney-architecture-predictive__cfg_529dc0e4494b,0006,0,291,0.05150061100721359,0.03713658079504967
kidney-architecture-predictive__cfg_529dc0e4494b,0006,0,292,0.12575626373291016,0.05059593915939331
kidney-architecture-predictive__cfg_529dc0e4494b,0006,0,295,0.09786010533571243,0.056636109948158264
kidney-architecture-predictive__cfg_529dc0e4494b,0006,0,298,0.32138705253601074,-1.0796879529953003
kidney-architecture-predictive__cfg_529dc0e4494b,0006,0,309,0.3636336326599121,-1.274198055267334
kidney-architecture-predictive__cfg_529dc0e4494b,0006,0,310,0.07385330647230148,-0.38518261909484863
kidney-architecture-predictive__cfg_529dc0e4494b,0006,0,316,0.36461716890335083,-1.2791098356246948
kidney-architecture-predictive__cfg_529dc0e4494b,0006,0,318,0.37101003527641296,-1.2018464803695679
kidney-architecture-predictive__cfg_529dc0e4494b,0006,0,319,0.3626501262187958,-1.2883343696594238
kidney-architecture-predictive__cfg_529dc0e4494b,0006,0,320,0.30667901039123535,-0.9451215267181396
kidney-architecture-predictive__cfg_529dc0e4494b,0006,0,323,0.3597889840602875,-1.2636981010437012
kidney-architecture-predictive__cfg_529dc0e4494b,0006,0,326,0.3728429675102234,-0.5531283617019653
kidney-architecture-predictive__cfg_529dc0e4494b,0006,0,327,0.016362173482775688,0.006115298252552748
kidney-architecture-predictive__cfg_529dc0e4494b,0006,0,328,0.037373706698417664,0.020233413204550743
kidney-architecture-predictive__cfg_529dc0e4494b,0006,0,330,0.0004470539279282093,9.114385466091335e-05
kidney-architecture-predictive__cfg_529dc0e4494b,0006,0,331,0.128662109375,0.08894329518079758
kidney-architecture-predictive__cfg_529dc0e4494b,0006,0,332,0.006124638486653566,0.0016288295155391097
kidney-architecture-predictive__cfg_529dc0e4494b,0006,0,334,0.17908979952335358,-0.24448147416114807
kidney-architecture-predictive__cfg_529dc0e4494b,0006,0,335,0.3109707236289978,-1.0389405488967896
kidney-architecture-predictive__cfg_529dc0e4494b,0006,0,337,0.029013797640800476,0.017881443724036217
kidney-architecture-predictive__cfg_529dc0e4494b,0006,0,338,0.35518431663513184,-1.148431420326233
kidney-architecture-predictive__cfg_529dc0e4494b,0006,0,339,0.05981581658124924,0.04997503012418747
kidney-architecture-predictive__cfg_529dc0e4494b,0006,0,340,0.421705961227417,-0.8512238264083862
kidney-architecture-predictive__cfg_529dc0e4494b,0006,0,341,0.021235061809420586,-0.025434108451008797
kidney-architecture-predictive__cfg_529dc0e4494b,0006,0,342,0.3590736985206604,-1.261616826057434
kidney-architecture-predictive__cfg_529dc0e4494b,0006,0,343,0.2627335786819458,-0.7702879309654236
kidney-architecture-predictive__cfg_529dc0e4494b,0006,0,344,0.37928053736686707,-1.0234081745147705
kidney-architecture-predictive__cfg_529dc0e4494b,0006,0,347,0.34897029399871826,-0.6488180160522461
kidney-architecture-predictive__cfg_529dc0e4494b,0006,0,350,0.3014484643936157,-0.9524706602096558
kidney-architecture-predictive__cfg_529dc0e4494b,0006,0,353,0.004738771356642246,0.0007707526092417538
kidney-architecture-predictive__cfg_529dc0e4494b,0006,0,354,0.3365868926048279,-1.1234691143035889
kidney-architecture-predictive__cfg_529dc0e4494b,0006,0,356,0.22218579053878784,-0.5348042845726013
kidney-architecture-predictive__cfg_529dc0e4494b,0006,0,357,0.023067982867360115,0.013008222915232182
kidney-architecture-predictive__cfg_529dc0e4494b,0006,0,359,0.2884838879108429,-0.8983052968978882
kidney-architecture-predictive__cfg_529dc0e4494b,0006,0,360,0.0003576431190595031,9.165032679447904e-05
kidney-architecture-predictive__cfg_529dc0e4494b,0006,0,361,0.3362739682197571,-1.122594952583313
kidney-architecture-predictive__cfg_529dc0e4494b,0006,0,362,0.07193097472190857,0.0463138185441494
kidney-architecture-predictive__cfg_529dc0e4494b,0006,0,366,0.28526511788368225,-0.8569045066833496
kidney-architecture-predictive__cfg_529dc0e4494b,0006,0,367,0.2549101412296295,-0.7139489650726318
kidney-architecture-predictive__cfg_529dc0e4494b,0006,0,368,0.3541114032268524,-1.2245292663574219
kidney-architecture-predictive__cfg_529dc0e4494b,0006,0,369,0.007108157034963369,0.002283488865941763
kidney-architecture-predictive__cfg_529dc0e4494b,0006,0,370,0.17712275683879852,-0.14898347854614258
kidney-architecture-predictive__cfg_529dc0e4494b,0006,0,371,0.34821030497550964,-1.2260632514953613
kidney-architecture-predictive__cfg_529dc0e4494b,0006,0,372,0.46162790060043335,-1.3006811141967773
kidney-architecture-predictive__cfg_529dc0e4494b,0006,0,373,0.005141119938343763,0.0009298900840803981
kidney-architecture-predictive__cfg_529dc0e4494b,0006,0,374,0.36059367656707764,-1.2970808744430542
kidney-architecture-predictive__cfg_529dc0e4494b,0006,0,376,0.27033349871635437,-0.7939022779464722
kidney-architecture-predictive__cfg_529dc0e4494b,0006,0,380,0.11846928298473358,0.033235982060432434
kidney-architecture-predictive__cfg_529dc0e4494b,0006,0,384,0.21574822068214417,-0.33775460720062256
kidney-architecture-predictive__cfg_529dc0e4494b,0006,0,387,0.20600244402885437,0.050266414880752563
kidney-architecture-predictive__cfg_529dc0e4494b,0006,0,394,0.4501385986804962,-1.2386467456817627
kidney-architecture-predictive__cfg_529dc0e4494b,0006,0,399,0.271093487739563,-0.8126589059829712
kidney-architecture-predictive__cfg_529dc0e4494b,0006,0,400,0.025347955524921417,0.015297792851924896
kidney-architecture-predictive__cfg_529dc0e4494b,0006,0,401,0.27972161769866943,-0.8831803202629089
kidney-architecture-predictive__cfg_529dc0e4494b,0006,0,402,0.14877954125404358,-0.13052856922149658
kidney-architecture-predictive__cfg_529dc0e4494b,0006,0,403,0.2817333936691284,-0.8416699171066284
kidney-architecture-predictive__cfg_529dc0e4494b,0006,0,404,0.29067444801330566,-0.9215488433837891
kidney-architecture-predictive__cfg_529dc0e4494b,0006,0,408,0.2569218873977661,-0.7055985927581787
kidney-architecture-predictive__cfg_529dc0e4494b,0006,0,409,0.07170744985342026,0.04454385116696358
kidney-architecture-predictive__cfg_529dc0e4494b,0006,0,410,0.31271421909332275,-1.0364465713500977
kidney-architecture-predictive__cfg_529dc0e4494b,0006,0,411,0.34803149104118347,-1.2370587587356567
kidney-architecture-predictive__cfg_529dc0e4494b,0006,0,412,0.0024140910245478153,0.00029649370117112994
kidney-architecture-predictive__cfg_529dc0e4494b,0006,0,413,0.36591362953186035,-1.2527849674224854
kidney-architecture-predictive__cfg_529dc0e4494b,0006,0,414,0.24261614680290222,-0.6149665117263794
kidney-architecture-predictive__cfg_529dc0e4494b,0006,0,417,0.34767383337020874,-1.2064473628997803
kidney-architecture-predictive__cfg_529dc0e4494b,0006,0,418,0.24199028313159943,-0.6315377354621887
kidney-architecture-predictive__cfg_529dc0e4494b,0006,0,419,0.3460644483566284,-1.2190887928009033
kidney-architecture-predictive__cfg_529dc0e4494b,0006,0,422,0.3503114581108093,-1.2125625610351562
kidney-architecture-predictive__cfg_529dc0e4494b,0006,0,426,0.31262481212615967,-1.012019157409668
kidney-architecture-predictive__cfg_529dc0e4494b,0006,0,429,0.0225762240588665,0.01406186819076538
kidney-architecture-predictive__cfg_529dc0e4494b,0006,0,431,0.2787381112575531,-0.8538674116134644
kidney-architecture-predictive__cfg_529dc0e4494b,0006,0,434,0.09048371016979218,-0.042233169078826904
kidney-architecture-predictive__cfg_529dc0e4494b,0006,0,435,0.28347688913345337,-0.8618492484092712
kidney-architecture-predictive__cfg_529dc0e4494b,0006,0,436,0.020251542329788208,0.00989395473152399
kidney-architecture-predictive__cfg_529dc0e4494b,0006,0,437,0.16889697313308716,-0.24878159165382385
kidney-architecture-predictive__cfg_529dc0e4494b,0006,0,438,0.2934461832046509,-0.9470887184143066
kidney-architecture-predictive__cfg_529dc0e4494b,0006,0,439,0.32107412815093994,-1.0385727882385254
kidney-architecture-predictive__cfg_529dc0e4494b,0006,0,440,0.32245999574661255,-0.9795688390731812
kidney-architecture-predictive__cfg_529dc0e4494b,0006,0,441,0.15284773707389832,0.037162840366363525
kidney-architecture-predictive__cfg_529dc0e4494b,0006,0,442,0.3579113483428955,-1.2607074975967407
kidney-architecture-predictive__cfg_529dc0e4494b,0006,0,443,0.36770182847976685,-1.3311994075775146
kidney-architecture-predictive__cfg_529dc0e4494b,0006,0,444,0.04300658777356148,0.031106969341635704
kidney-architecture-predictive__cfg_529dc0e4494b,0006,0,445,0.05579232797026634,0.03269636258482933
kidney-architecture-predictive__cfg_529dc0e4494b,0006,0,446,0.02749381586909294,0.014788519591093063
kidney-architecture-predictive__cfg_529dc0e4494b,0006,0,447,0.4626114070415497,-1.4051527976989746
kidney-architecture-predictive__cfg_529dc0e4494b,0006,0,449,0.2671594023704529,-0.763498842716217
kidney-architecture-predictive__cfg_529dc0e4494b,0006,0,450,0.11171877384185791,0.04800108075141907
kidney-architecture-predictive__cfg_529dc0e4494b,0006,0,451,0.0017435102490708232,0.00018420488049741834
kidney-architecture-predictive__cfg_529dc0e4494b,0006,0,452,0.02338092029094696,0.013043895363807678
kidney-architecture-predictive__cfg_529dc0e4494b,0006,0,453,0.0002682323392946273,8.73297976795584e-05
kidney-architecture-predictive__cfg_529dc0e4494b,0006,0,457,0.3169165253639221,-1.0281821489334106
kidney-architecture-predictive__cfg_529dc0e4494b,0006,0,459,0.28960153460502625,-0.901820719242096
kidney-architecture-predictive__cfg_529dc0e4494b,0006,0,460,0.037194885313510895,0.022511549293994904
kidney-architecture-predictive__cfg_529dc0e4494b,0006,0,461,0.1670193374156952,-0.05661800503730774
kidney-architecture-predictive__cfg_529dc0e4494b,0006,0,463,0.21767055988311768,-0.47930771112442017
kidney-architecture-predictive__cfg_529dc0e4494b,0006,0,464,0.00415760139003396,0.0005933991633355618
kidney-architecture-predictive__cfg_529dc0e4494b,0006,0,465,0.031249068677425385,0.01100815087556839
kidney-architecture-predictive__cfg_529dc0e4494b,0006,0,466,0.015512770973145962,0.00677751237526536
kidney-architecture-predictive__cfg_529dc0e4494b,0006,0,467,0.009343426674604416,0.0026502320542931557
kidney-architecture-predictive__cfg_529dc0e4494b,0006,0,468,0.015736298635601997,0.0047956728376448154
kidney-architecture-predictive__cfg_529dc0e4494b,0006,0,469,0.048058293759822845,0.038314856588840485
kidney-architecture-predictive__cfg_529dc0e4494b,0006,0,470,0.07438977062702179,0.03608854487538338
kidney-architecture-predictive__cfg_529dc0e4494b,0006,0,471,0.23483741283416748,-0.6388731002807617
kidney-architecture-predictive__cfg_529dc0e4494b,0006,0,472,0.005364647135138512,0.0008172146626748145
kidney-architecture-predictive__cfg_529dc0e4494b,0006,0,473,0.22482341527938843,-0.4194285273551941
kidney-architecture-predictive__cfg_529dc0e4494b,0006,0,475,0.306187242269516,-0.9795576930046082
kidney-architecture-predictive__cfg_529dc0e4494b,0006,0,477,0.3631865978240967,-1.3028271198272705
kidney-architecture-predictive__cfg_529dc0e4494b,0006,0,478,0.042559534311294556,0.02868640050292015
kidney-architecture-predictive__cfg_529dc0e4494b,0006,0,479,0.05159002169966698,0.033736780285835266
kidney-architecture-predictive__cfg_529dc0e4494b,0006,0,480,0.275429904460907,-0.8323789238929749
kidney-architecture-predictive__cfg_529dc0e4494b,0006,0,481,0.17716747522354126,-0.22212591767311096
kidney-architecture-predictive__cfg_529dc0e4494b,0006,0,484,0.0075105056166648865,0.0013546196278184652
kidney-architecture-predictive__cfg_529dc0e4494b,0006,0,490,0.03612195700407028,-0.013558994978666306
kidney-architecture-predictive__cfg_529dc0e4494b,0006,0,491,0.3576878309249878,-1.2495763301849365
kidney-architecture-predictive__cfg_529dc0e4494b,0006,0,493,0.3124459981918335,-0.32160770893096924
kidney-architecture-predictive__cfg_529dc0e4494b,0006,0,494,0.35138437151908875,-1.1873382329940796
kidney-architecture-predictive__cfg_529dc0e4494b,0006,0,498,0.030802013352513313,0.01909199357032776
kidney-architecture-predictive__cfg_529dc0e4494b,0006,0,499,0.030802013352513313,0.019170835614204407
kidney-architecture-predictive__cfg_529dc0e4494b,0006,1,2,0.3499538004398346,-1.0333689451217651
kidney-architecture-predictive__cfg_529dc0e4494b,0006,1,4,0.3715018033981323,-1.0441532135009766
kidney-architecture-predictive__cfg_529dc0e4494b,0006,1,5,0.34038686752319336,-1.034677267074585
kidney-architecture-predictive__cfg_529dc0e4494b,0006,1,7,0.31155186891555786,-0.9250000715255737
kidney-architecture-predictive__cfg_529dc0e4494b,0006,1,9,0.0348702073097229,-0.013782978057861328
kidney-architecture-predictive__cfg_529dc0e4494b,0006,1,10,0.19397668540477753,-0.2071494460105896
kidney-architecture-predictive__cfg_529dc0e4494b,0006,1,11,0.19960957765579224,-0.23401206731796265
kidney-architecture-predictive__cfg_529dc0e4494b,0006,1,12,0.03527255356311798,-0.014529787003993988
kidney-architecture-predictive__cfg_529dc0e4494b,0006,1,14,0.00022352696396410465,4.6570381527999416e-05
kidney-architecture-predictive__cfg_529dc0e4494b,0006,1,15,0.019759783521294594,0.009432699531316757
kidney-architecture-predictive__cfg_529dc0e4494b,0006,1,17,0.19057908654212952,-0.18599551916122437
kidney-architecture-predictive__cfg_529dc0e4494b,0006,1,22,0.01198104489594698,0.004545021802186966
kidney-architecture-predictive__cfg_529dc0e4494b,0006,1,24,0.013188090175390244,0.005092408508062363
kidney-architecture-predictive__cfg_529dc0e4494b,0006,1,29,0.0005364646785892546,6.175736780278385e-05
kidney-architecture-predictive__cfg_529dc0e4494b,0006,1,32,0.2130211889743805,-0.11274990439414978
kidney-architecture-predictive__cfg_529dc0e4494b,0006,1,33,0.0368819460272789,-0.019336145371198654
kidney-architecture-predictive__cfg_529dc0e4494b,0006,1,34,0.0009388132020831108,6.136999581940472e-05
kidney-architecture-predictive__cfg_529dc0e4494b,0006,1,36,0.05896640941500664,0.04709039628505707
kidney-architecture-predictive__cfg_529dc0e4494b,0006,1,43,0.00599052244797349,0.0016063026851043105
kidney-architecture-predictive__cfg_529dc0e4494b,0006,1,55,0.00022352696396410465,4.691275898949243e-05
kidney-architecture-predictive__cfg_529dc0e4494b,0006,1,57,0.016540994867682457,0.0050941575318574905
kidney-architecture-predictive__cfg_529dc0e4494b,0006,1,58,9.999999747378752e-05,4.8815523769007996e-05
kidney-architecture-predictive__cfg_529dc0e4494b,0006,1,62,0.0004917593323625624,7.192975317593664e-05
kidney-architecture-predictive__cfg_529dc0e4494b,0006,1,64,0.000670580891892314,6.705534178763628e-05
kidney-architecture-predictive__cfg_529dc0e4494b,0006,1,67,0.25187018513679504,-0.6626163125038147
kidney-architecture-predictive__cfg_529dc0e4494b,0006,1,72,0.0004023485234938562,5.064195647719316e-05
kidney-architecture-predictive__cfg_529dc0e4494b,0006,1,74,0.0003576431190595031,5.733487705583684e-05
kidney-architecture-predictive__cfg_529dc0e4494b,0006,1,77,0.00022352696396410465,4.827736847801134e-05
kidney-architecture-predictive__cfg_529dc0e4494b,0006,1,82,0.3668077290058136,-1.046401023864746
kidney-architecture-predictive__cfg_529dc0e4494b,0006,1,87,9.999999747378752e-05,4.9703237891662866e-05
kidney-architecture-predictive__cfg_529dc0e4494b,0006,1,88,0.0004023485234938562,5.858616350451484e-05
kidney-architecture-predictive__cfg_529dc0e4494b,0006,1,95,0.0004023485234938562,5.790147770312615e-05
kidney-architecture-predictive__cfg_529dc0e4494b,0006,1,97,0.0368819460272789,-0.016297537833452225
kidney-architecture-predictive__cfg_529dc0e4494b,0006,1,98,0.00022352696396410465,5.3526229748968035e-05
kidney-architecture-predictive__cfg_529dc0e4494b,0006,1,105,0.03522785007953644,-0.014417361468076706
kidney-architecture-predictive__cfg_529dc0e4494b,0006,1,106,0.006079932674765587,0.0013983814278617501
kidney-architecture-predictive__cfg_529dc0e4494b,0006,1,107,0.005677584558725357,-0.00015022733714431524
kidney-architecture-predictive__cfg_529dc0e4494b,0006,1,110,0.001341161783784628,0.00010328231292078272
kidney-architecture-predictive__cfg_529dc0e4494b,0006,1,113,0.34119153022766113,-0.9927647113800049
kidney-architecture-predictive__cfg_529dc0e4494b,0006,1,119,0.0002682323392946273,5.4554318921873346e-05
kidney-architecture-predictive__cfg_529dc0e4494b,0006,1,121,0.00017882155952975154,5.0773909606505185e-05
kidney-architecture-predictive__cfg_529dc0e4494b,0006,1,122,0.0004470539279282093,6.427815969800577e-05
kidney-architecture-predictive__cfg_529dc0e4494b,0006,1,124,0.38741692900657654,-0.9051468372344971
kidney-architecture-predictive__cfg_529dc0e4494b,0006,1,126,0.0008941078558564186,7.21981268725358e-05
kidney-architecture-predictive__cfg_529dc0e4494b,0006,1,130,0.4158048629760742,-0.9295645952224731
kidney-architecture-predictive__cfg_529dc0e4494b,0006,1,135,0.4206777513027191,-1.1715024709701538
kidney-architecture-predictive__cfg_529dc0e4494b,0006,1,138,0.00017882155952975154,5.021605466026813e-05
kidney-architecture-predictive__cfg_529dc0e4494b,0006,1,140,0.0004470539279282093,5.378481364459731e-05
kidney-architecture-predictive__cfg_529dc0e4494b,0006,1,142,0.46860188245773315,-1.5629585981369019
kidney-architecture-predictive__cfg_529dc0e4494b,0006,1,143,9.999999747378752e-05,4.3632291635731235e-05
kidney-architecture-predictive__cfg_529dc0e4494b,0006,1,145,0.0025035019498318434,0.0003089769743382931
kidney-architecture-predictive__cfg_529dc0e4494b,0006,1,148,0.03683724254369736,0.01700534112751484
kidney-architecture-predictive__cfg_529dc0e4494b,0006,1,154,0.0004023485234938562,5.6343244068557397e-05
kidney-architecture-predictive__cfg_529dc0e4494b,0006,1,157,0.0002682323392946273,5.890597458346747e-05
kidney-architecture-predictive__cfg_529dc0e4494b,0006,1,173,0.4016779065132141,-1.0206849575042725
kidney-architecture-predictive__cfg_529dc0e4494b,0006,1,175,0.30985307693481445,-0.9479612112045288
kidney-architecture-predictive__cfg_529dc0e4494b,0006,1,177,0.0035764314234256744,0.0005433461628854275
kidney-architecture-predictive__cfg_529dc0e4494b,0006,1,178,0.0004023485234938562,6.83207981637679e-05
kidney-architecture-predictive__cfg_529dc0e4494b,0006,1,179,0.0007152862381190062,6.134368595667183e-05
kidney-architecture-predictive__cfg_529dc0e4494b,0006,1,182,0.12817035615444183,0.008458226919174194
kidney-architecture-predictive__cfg_529dc0e4494b,0006,1,184,0.0004470539279282093,6.288137956289575e-05
kidney-architecture-predictive__cfg_529dc0e4494b,0006,1,187,0.00013411616964731365,5.69129733776208e-05
kidney-architecture-predictive__cfg_529dc0e4494b,0006,1,189,0.0004917593323625624,5.19574896316044e-05
kidney-architecture-predictive__cfg_529dc0e4494b,0006,1,192,0.0002682323392946273,4.650692790164612e-05
kidney-architecture-predictive__cfg_529dc0e4494b,0006,1,194,0.29711201786994934,-0.9013262987136841
kidney-architecture-predictive__cfg_529dc0e4494b,0006,1,197,0.3012249171733856,-0.775169849395752
kidney-architecture-predictive__cfg_529dc0e4494b,0006,1,199,0.3719935417175293,-1.1048799753189087
kidney-architecture-predictive__cfg_529dc0e4494b,0006,1,200,0.000670580891892314,6.298884545685723e-05
kidney-architecture-predictive__cfg_529dc0e4494b,0006,1,207,0.03625607490539551,-0.014734186232089996
kidney-architecture-predictive__cfg_529dc0e4494b,0006,1,214,0.38160520792007446,-0.8722323179244995
kidney-architecture-predictive__cfg_529dc0e4494b,0006,1,218,0.25249606370925903,-0.6699692010879517
kidney-architecture-predictive__cfg_529dc0e4494b,0006,1,219,0.2759663760662079,-0.7743885517120361
kidney-architecture-predictive__cfg_529dc0e4494b,0006,1,231,0.3566149175167084,-0.978459358215332
kidney-architecture-predictive__cfg_529dc0e4494b,0006,1,232,0.037194885313510895,-0.020907171070575714
kidney-architecture-predictive__cfg_529dc0e4494b,0006,1,233,0.037016063928604126,-0.020045511424541473
kidney-architecture-predictive__cfg_529dc0e4494b,0006,1,237,0.0004470539279282093,5.0752907554851845e-05
kidney-architecture-predictive__cfg_529dc0e4494b,0006,1,243,0.04412422329187393,0.028188973665237427
kidney-architecture-predictive__cfg_529dc0e4494b,0006,1,250,0.0003576431190595031,5.505103035829961e-05
kidney-architecture-predictive__cfg_529dc0e4494b,0006,1,251,0.21181413531303406,-0.1749030351638794
kidney-architecture-predictive__cfg_529dc0e4494b,0006,1,255,0.03625607490539551,-0.014659423381090164
kidney-architecture-predictive__cfg_529dc0e4494b,0006,1,256,0.02583971619606018,0.0032585924491286278
kidney-architecture-predictive__cfg_529dc0e4494b,0006,1,261,0.17949214577674866,-0.2135346531867981
kidney-architecture-predictive__cfg_529dc0e4494b,0006,1,263,0.10277768969535828,0.09161362051963806
kidney-architecture-predictive__cfg_529dc0e4494b,0006,1,269,0.205510675907135,-0.13533520698547363
kidney-architecture-predictive__cfg_529dc0e4494b,0006,1,271,0.33050695061683655,-0.9406260251998901
kidney-architecture-predictive__cfg_529dc0e4494b,0006,1,273,0.3394927382469177,-1.002827525138855
kidney-architecture-predictive__cfg_529dc0e4494b,0006,1,291,0.05150061100721359,0.04285665601491928
kidney-architecture-predictive__cfg_529dc0e4494b,0006,1,292,0.12575626373291016,0.07364609837532043
kidney-architecture-predictive__cfg_529dc0e4494b,0006,1,295,0.09786010533571243,0.058539651334285736
kidney-architecture-predictive__cfg_529dc0e4494b,0006,1,298,0.32138705253601074,-0.9255555868148804
kidney-architecture-predictive__cfg_529dc0e4494b,0006,1,309,0.3636336326599121,-1.097825050354004
kidney-architecture-predictive__cfg_529dc0e4494b,0006,1,310,0.07385330647230148,-0.5900410413742065
kidney-architecture-predictive__cfg_529dc0e4494b,0006,1,316,0.36461716890335083,-1.1101137399673462
kidney-architecture-predictive__cfg_529dc0e4494b,0006,1,318,0.37101003527641296,-1.074574589729309
kidney-architecture-predictive__cfg_529dc0e4494b,0006,1,319,0.3626501262187958,-0.9893747568130493
kidney-architecture-predictive__cfg_529dc0e4494b,0006,1,320,0.30667901039123535,-0.9273290634155273
kidney-architecture-predictive__cfg_529dc0e4494b,0006,1,323,0.3597889840602875,-1.1029220819473267
kidney-architecture-predictive__cfg_529dc0e4494b,0006,1,326,0.3728429675102234,-0.5362703800201416
kidney-architecture-predictive__cfg_529dc0e4494b,0006,1,327,0.016362173482775688,0.006434440612792969
kidney-architecture-predictive__cfg_529dc0e4494b,0006,1,328,0.037373706698417664,0.031135786324739456
kidney-architecture-predictive__cfg_529dc0e4494b,0006,1,330,0.0004470539279282093,6.07963083893992e-05
kidney-architecture-predictive__cfg_529dc0e4494b,0006,1,331,0.128662109375,0.0598013661801815
kidney-architecture-predictive__cfg_529dc0e4494b,0006,1,332,0.006124638486653566,0.0018740784144029021
kidney-architecture-predictive__cfg_529dc0e4494b,0006,1,334,0.17908979952335358,-0.2500361204147339
kidney-architecture-predictive__cfg_529dc0e4494b,0006,1,335,0.3109707236289978,-0.9193344116210938
kidney-architecture-predictive__cfg_529dc0e4494b,0006,1,337,0.029013797640800476,0.016300998628139496
kidney-architecture-predictive__cfg_529dc0e4494b,0006,1,338,0.35518431663513184,-0.9739619493484497
kidney-architecture-predictive__cfg_529dc0e4494b,0006,1,339,0.05981581658124924,0.042076416313648224
kidney-architecture-predictive__cfg_529dc0e4494b,0006,1,340,0.421705961227417,-0.795831561088562
kidney-architecture-predictive__cfg_529dc0e4494b,0006,1,341,0.021235061809420586,-0.02552684023976326
kidney-architecture-predictive__cfg_529dc0e4494b,0006,1,342,0.3590736985206604,-0.9444502592086792
kidney-architecture-predictive__cfg_529dc0e4494b,0006,1,343,0.2627335786819458,-0.7374035120010376
kidney-architecture-predictive__cfg_529dc0e4494b,0006,1,344,0.37928053736686707,-0.7539951801300049
kidney-architecture-predictive__cfg_529dc0e4494b,0006,1,347,0.34897029399871826,-0.49995851516723633
kidney-architecture-predictive__cfg_529dc0e4494b,0006,1,350,0.3014484643936157,-0.8847006559371948
kidney-architecture-predictive__cfg_529dc0e4494b,0006,1,353,0.004738771356642246,0.0006460266886278987
kidney-architecture-predictive__cfg_529dc0e4494b,0006,1,354,0.3365868926048279,-0.9809761047363281
kidney-architecture-predictive__cfg_529dc0e4494b,0006,1,356,0.22218579053878784,-0.5141281485557556
kidney-architecture-predictive__cfg_529dc0e4494b,0006,1,357,0.023067982867360115,0.011963307857513428
kidney-architecture-predictive__cfg_529dc0e4494b,0006,1,359,0.2884838879108429,-0.8171068429946899
kidney-architecture-predictive__cfg_529dc0e4494b,0006,1,360,0.0003576431190595031,6.827562174294144e-05
kidney-architecture-predictive__cfg_529dc0e4494b,0006,1,361,0.3362739682197571,-1.0326467752456665
kidney-architecture-predictive__cfg_529dc0e4494b,0006,1,362,0.07193097472190857,0.03282102942466736
kidney-architecture-predictive__cfg_529dc0e4494b,0006,1,366,0.28526511788368225,-0.8147999048233032
kidney-architecture-predictive__cfg_529dc0e4494b,0006,1,367,0.2549101412296295,-0.6945300102233887
kidney-architecture-predictive__cfg_529dc0e4494b,0006,1,368,0.3541114032268524,-0.8962634801864624
kidney-architecture-predictive__cfg_529dc0e4494b,0006,1,369,0.007108157034963369,0.001687387004494667
kidney-architecture-predictive__cfg_529dc0e4494b,0006,1,370,0.17712275683879852,-0.13075938820838928
kidney-architecture-predictive__cfg_529dc0e4494b,0006,1,371,0.34821030497550964,-0.8859753608703613
kidney-architecture-predictive__cfg_529dc0e4494b,0006,1,372,0.46162790060043335,-1.291003942489624
kidney-architecture-predictive__cfg_529dc0e4494b,0006,1,373,0.005141119938343763,0.0012613233411684632
kidney-architecture-predictive__cfg_529dc0e4494b,0006,1,374,0.36059367656707764,-0.9714679718017578
kidney-architecture-predictive__cfg_529dc0e4494b,0006,1,376,0.27033349871635437,-0.7829480171203613
kidney-architecture-predictive__cfg_529dc0e4494b,0006,1,380,0.11846928298473358,0.029549218714237213
kidney-architecture-predictive__cfg_529dc0e4494b,0006,1,384,0.21574822068214417,-0.36993569135665894
kidney-architecture-predictive__cfg_529dc0e4494b,0006,1,387,0.20600244402885437,0.03601568937301636
kidney-architecture-predictive__cfg_529dc0e4494b,0006,1,394,0.4501385986804962,-1.3855884075164795
kidney-architecture-predictive__cfg_529dc0e4494b,0006,1,399,0.271093487739563,-0.7849748730659485
kidney-architecture-predictive__cfg_529dc0e4494b,0006,1,400,0.025347955524921417,0.014531144872307777
kidney-architecture-predictive__cfg_529dc0e4494b,0006,1,401,0.27972161769866943,-0.8009830117225647
kidney-architecture-predictive__cfg_529dc0e4494b,0006,1,402,0.14877954125404358,-0.12608259916305542
kidney-architecture-predictive__cfg_529dc0e4494b,0006,1,403,0.2817333936691284,-0.7663850784301758
kidney-architecture-predictive__cfg_529dc0e4494b,0006,1,404,0.29067444801330566,-0.8988415598869324
kidney-architecture-predictive__cfg_529dc0e4494b,0006,1,408,0.2569218873977661,-0.6989021301269531
kidney-architecture-predictive__cfg_529dc0e4494b,0006,1,409,0.07170744985342026,0.05599753186106682
kidney-architecture-predictive__cfg_529dc0e4494b,0006,1,410,0.31271421909332275,-0.9258725643157959
kidney-architecture-predictive__cfg_529dc0e4494b,0006,1,411,0.34803149104118347,-0.9293844699859619
kidney-architecture-predictive__cfg_529dc0e4494b,0006,1,412,0.0024140910245478153,0.0002527005854062736
kidney-architecture-predictive__cfg_529dc0e4494b,0006,1,413,0.36591362953186035,-0.9908721446990967
kidney-architecture-predictive__cfg_529dc0e4494b,0006,1,414,0.24261614680290222,-0.6227831244468689
kidney-architecture-predictive__cfg_529dc0e4494b,0006,1,417,0.34767383337020874,-0.8863407373428345
kidney-architecture-predictive__cfg_529dc0e4494b,0006,1,418,0.24199028313159943,-0.6070547699928284
kidney-architecture-predictive__cfg_529dc0e4494b,0006,1,419,0.3460644483566284,-0.9748424291610718
kidney-architecture-predictive__cfg_529dc0e4494b,0006,1,422,0.3503114581108093,-1.0467201471328735
kidney-architecture-predictive__cfg_529dc0e4494b,0006,1,426,0.31262481212615967,-1.0017973184585571
kidney-architecture-predictive__cfg_529dc0e4494b,0006,1,429,0.0225762240588665,0.01307917945086956
kidney-architecture-predictive__cfg_529dc0e4494b,0006,1,431,0.2787381112575531,-0.8279845714569092
kidney-architecture-predictive__cfg_529dc0e4494b,0006,1,434,0.09048371016979218,-0.04058736562728882
kidney-architecture-predictive__cfg_529dc0e4494b,0006,1,435,0.28347688913345337,-0.8274639844894409
kidney-architecture-predictive__cfg_529dc0e4494b,0006,1,436,0.020251542329788208,0.008106080815196037
kidney-architecture-predictive__cfg_529dc0e4494b,0006,1,437,0.16889697313308716,-0.24416080117225647
kidney-architecture-predictive__cfg_529dc0e4494b,0006,1,438,0.2934461832046509,-0.8517783880233765
kidney-architecture-predictive__cfg_529dc0e4494b,0006,1,439,0.32107412815093994,-0.9086579084396362
kidney-architecture-predictive__cfg_529dc0e4494b,0006,1,440,0.32245999574661255,-0.9078758955001831
kidney-architecture-predictive__cfg_529dc0e4494b,0006,1,441,0.15284773707389832,0.010910391807556152
kidney-architecture-predictive__cfg_529dc0e4494b,0006,1,442,0.3579113483428955,-1.0140331983566284
kidney-architecture-predictive__cfg_529dc0e4494b,0006,1,443,0.36770182847976685,-1.0553505420684814
kidney-architecture-predictive__cfg_529dc0e4494b,0006,1,444,0.04300658777356148,0.02476232871413231
kidney-architecture-predictive__cfg_529dc0e4494b,0006,1,445,0.05579232797026634,0.03218014910817146
kidney-architecture-predictive__cfg_529dc0e4494b,0006,1,446,0.02749381586909294,0.01746045984327793
kidney-architecture-predictive__cfg_529dc0e4494b,0006,1,447,0.4626114070415497,-1.4947583675384521
kidney-architecture-predictive__cfg_529dc0e4494b,0006,1,449,0.2671594023704529,-0.7464837431907654
kidney-architecture-predictive__cfg_529dc0e4494b,0006,1,450,0.11171877384185791,0.06792015582323074
kidney-architecture-predictive__cfg_529dc0e4494b,0006,1,451,0.0017435102490708232,0.00014450929302256554
kidney-architecture-predictive__cfg_529dc0e4494b,0006,1,452,0.02338092029094696,0.008420761674642563
kidney-architecture-predictive__cfg_529dc0e4494b,0006,1,453,0.0002682323392946273,4.622276173904538e-05
kidney-architecture-predictive__cfg_529dc0e4494b,0006,1,457,0.3169165253639221,-0.8696770668029785
kidney-architecture-predictive__cfg_529dc0e4494b,0006,1,459,0.28960153460502625,-0.8843146562576294
kidney-architecture-predictive__cfg_529dc0e4494b,0006,1,460,0.037194885313510895,0.026677561923861504
kidney-architecture-predictive__cfg_529dc0e4494b,0006,1,461,0.1670193374156952,-0.053544312715530396
kidney-architecture-predictive__cfg_529dc0e4494b,0006,1,463,0.21767055988311768,-0.4758622646331787
kidney-architecture-predictive__cfg_529dc0e4494b,0006,1,464,0.00415760139003396,0.0006617186591029167
kidney-architecture-predictive__cfg_529dc0e4494b,0006,1,465,0.031249068677425385,0.007426036521792412
kidney-architecture-predictive__cfg_529dc0e4494b,0006,1,466,0.015512770973145962,0.006724887061864138
kidney-architecture-predictive__cfg_529dc0e4494b,0006,1,467,0.009343426674604416,0.003314913483336568
kidney-architecture-predictive__cfg_529dc0e4494b,0006,1,468,0.015736298635601997,0.007899540476500988
kidney-architecture-predictive__cfg_529dc0e4494b,0006,1,469,0.048058293759822845,0.02836313098669052
kidney-architecture-predictive__cfg_529dc0e4494b,0006,1,470,0.07438977062702179,0.03151749446988106
kidney-architecture-predictive__cfg_529dc0e4494b,0006,1,471,0.23483741283416748,-0.6176773309707642
kidney-architecture-predictive__cfg_529dc0e4494b,0006,1,472,0.005364647135138512,0.0013700640993192792
kidney-architecture-predictive__cfg_529dc0e4494b,0006,1,473,0.22482341527938843,-0.42527270317077637
kidney-architecture-predictive__cfg_529dc0e4494b,0006,1,475,0.306187242269516,-0.9232915639877319
kidney-architecture-predictive__cfg_529dc0e4494b,0006,1,477,0.3631865978240967,-0.9971804618835449
kidney-architecture-predictive__cfg_529dc0e4494b,0006,1,478,0.042559534311294556,0.02998833730816841
kidney-architecture-predictive__cfg_529dc0e4494b,0006,1,479,0.05159002169966698,0.02970079518854618
kidney-architecture-predictive__cfg_529dc0e4494b,0006,1,480,0.275429904460907,-0.8307806253433228
kidney-architecture-predictive__cfg_529dc0e4494b,0006,1,481,0.17716747522354126,-0.22547653317451477
kidney-architecture-predictive__cfg_529dc0e4494b,0006,1,484,0.0075105056166648865,0.001983964117243886
kidney-architecture-predictive__cfg_529dc0e4494b,0006,1,490,0.03612195700407028,-0.015351515263319016
kidney-architecture-predictive__cfg_529dc0e4494b,0006,1,491,0.3576878309249878,-1.0087580680847168
kidney-architecture-predictive__cfg_529dc0e4494b,0006,1,493,0.3124459981918335,-0.3831667900085449
kidney-architecture-predictive__cfg_529dc0e4494b,0006,1,494,0.35138437151908875,-0.9347835779190063
kidney-architecture-predictive__cfg_529dc0e4494b,0006,1,498,0.030802013352513313,0.009527722373604774
kidney-architecture-predictive__cfg_529dc0e4494b,0006,1,499,0.030802013352513313,0.009220873937010765
kidney-architecture-predictive__cfg_529dc0e4494b,0006,2,2,0.3499538004398346,-1.2278592586517334
kidney-architecture-predictive__cfg_529dc0e4494b,0006,2,4,0.3715018033981323,-1.3785284757614136
kidney-architecture-predictive__cfg_529dc0e4494b,0006,2,5,0.34038686752319336,-1.0926696062088013
kidney-architecture-predictive__cfg_529dc0e4494b,0006,2,7,0.31155186891555786,-1.133590579032898
kidney-architecture-predictive__cfg_529dc0e4494b,0006,2,9,0.0348702073097229,-0.008265620097517967
kidney-architecture-predictive__cfg_529dc0e4494b,0006,2,10,0.19397668540477753,-0.2394307255744934
kidney-architecture-predictive__cfg_529dc0e4494b,0006,2,11,0.19960957765579224,-0.25429731607437134
kidney-architecture-predictive__cfg_529dc0e4494b,0006,2,12,0.03527255356311798,-0.008975984528660774
kidney-architecture-predictive__cfg_529dc0e4494b,0006,2,14,0.00022352696396410465,5.253473500488326e-05
kidney-architecture-predictive__cfg_529dc0e4494b,0006,2,15,0.019759783521294594,0.010070518590509892
kidney-architecture-predictive__cfg_529dc0e4494b,0006,2,17,0.19057908654212952,-0.20022988319396973
kidney-architecture-predictive__cfg_529dc0e4494b,0006,2,22,0.01198104489594698,0.0053189098834991455
kidney-architecture-predictive__cfg_529dc0e4494b,0006,2,24,0.013188090175390244,0.0049712322652339935
kidney-architecture-predictive__cfg_529dc0e4494b,0006,2,29,0.0005364646785892546,6.093620686442591e-05
kidney-architecture-predictive__cfg_529dc0e4494b,0006,2,32,0.2130211889743805,-0.13603752851486206
kidney-architecture-predictive__cfg_529dc0e4494b,0006,2,33,0.0368819460272789,-0.02700519934296608
kidney-architecture-predictive__cfg_529dc0e4494b,0006,2,34,0.0009388132020831108,9.072830289369449e-05
kidney-architecture-predictive__cfg_529dc0e4494b,0006,2,36,0.05896640941500664,0.05729376897215843
kidney-architecture-predictive__cfg_529dc0e4494b,0006,2,43,0.00599052244797349,0.0016207719454541802
kidney-architecture-predictive__cfg_529dc0e4494b,0006,2,55,0.00022352696396410465,5.389819489209913e-05
kidney-architecture-predictive__cfg_529dc0e4494b,0006,2,57,0.016540994867682457,0.00671346252784133
kidney-architecture-predictive__cfg_529dc0e4494b,0006,2,58,9.999999747378752e-05,5.51797857042402e-05
kidney-architecture-predictive__cfg_529dc0e4494b,0006,2,62,0.0004917593323625624,5.876432987861335e-05
kidney-architecture-predictive__cfg_529dc0e4494b,0006,2,64,0.000670580891892314,6.918232975294814e-05
kidney-architecture-predictive__cfg_529dc0e4494b,0006,2,67,0.25187018513679504,-0.7858569622039795
kidney-architecture-predictive__cfg_529dc0e4494b,0006,2,72,0.0004023485234938562,5.373840394895524e-05
kidney-architecture-predictive__cfg_529dc0e4494b,0006,2,74,0.0003576431190595031,5.728558971895836e-05
kidney-architecture-predictive__cfg_529dc0e4494b,0006,2,77,0.00022352696396410465,5.306484308675863e-05
kidney-architecture-predictive__cfg_529dc0e4494b,0006,2,82,0.3668077290058136,-1.1407463550567627
kidney-architecture-predictive__cfg_529dc0e4494b,0006,2,87,9.999999747378752e-05,4.4018081098329276e-05
kidney-architecture-predictive__cfg_529dc0e4494b,0006,2,88,0.0004023485234938562,6.287122232606634e-05
kidney-architecture-predictive__cfg_529dc0e4494b,0006,2,95,0.0004023485234938562,6.798197136959061e-05
kidney-architecture-predictive__cfg_529dc0e4494b,0006,2,97,0.0368819460272789,-0.011059733107686043
kidney-architecture-predictive__cfg_529dc0e4494b,0006,2,98,0.00022352696396410465,6.049854346201755e-05
kidney-architecture-predictive__cfg_529dc0e4494b,0006,2,105,0.03522785007953644,-0.007590249180793762
kidney-architecture-predictive__cfg_529dc0e4494b,0006,2,106,0.006079932674765587,0.0017217168351635337
kidney-architecture-predictive__cfg_529dc0e4494b,0006,2,107,0.005677584558725357,-0.0001785823842510581
kidney-architecture-predictive__cfg_529dc0e4494b,0006,2,110,0.001341161783784628,0.00011404830001993105
kidney-architecture-predictive__cfg_529dc0e4494b,0006,2,113,0.34119153022766113,-1.1674773693084717
kidney-architecture-predictive__cfg_529dc0e4494b,0006,2,119,0.0002682323392946273,4.7320387238869444e-05
kidney-architecture-predictive__cfg_529dc0e4494b,0006,2,121,0.00017882155952975154,6.292963371379301e-05
kidney-architecture-predictive__cfg_529dc0e4494b,0006,2,122,0.0004470539279282093,5.4208871006267145e-05
kidney-architecture-predictive__cfg_529dc0e4494b,0006,2,124,0.38741692900657654,-1.1152193546295166
kidney-architecture-predictive__cfg_529dc0e4494b,0006,2,126,0.0008941078558564186,8.62035303725861e-05
kidney-architecture-predictive__cfg_529dc0e4494b,0006,2,130,0.4158048629760742,-0.9527362585067749
kidney-architecture-predictive__cfg_529dc0e4494b,0006,2,135,0.4206777513027191,-1.3247030973434448
kidney-architecture-predictive__cfg_529dc0e4494b,0006,2,138,0.00017882155952975154,5.356374094844796e-05
kidney-architecture-predictive__cfg_529dc0e4494b,0006,2,140,0.0004470539279282093,5.708359822165221e-05
kidney-architecture-predictive__cfg_529dc0e4494b,0006,2,142,0.46860188245773315,-1.5888214111328125
kidney-architecture-predictive__cfg_529dc0e4494b,0006,2,143,9.999999747378752e-05,4.805389471584931e-05
kidney-architecture-predictive__cfg_529dc0e4494b,0006,2,145,0.0025035019498318434,0.00031233576009981334
kidney-architecture-predictive__cfg_529dc0e4494b,0006,2,148,0.03683724254369736,0.014994841068983078
kidney-architecture-predictive__cfg_529dc0e4494b,0006,2,154,0.0004023485234938562,5.7625744375400245e-05
kidney-architecture-predictive__cfg_529dc0e4494b,0006,2,157,0.0002682323392946273,4.4370659452397376e-05
kidney-architecture-predictive__cfg_529dc0e4494b,0006,2,173,0.4016779065132141,-1.215816855430603
kidney-architecture-predictive__cfg_529dc0e4494b,0006,2,175,0.30985307693481445,-1.0515854358673096
kidney-architecture-predictive__cfg_529dc0e4494b,0006,2,177,0.0035764314234256744,0.0005037637311033905
kidney-architecture-predictive__cfg_529dc0e4494b,0006,2,178,0.0004023485234938562,5.3919051424600184e-05
kidney-architecture-predictive__cfg_529dc0e4494b,0006,2,179,0.0007152862381190062,6.603354995604604e-05
kidney-architecture-predictive__cfg_529dc0e4494b,0006,2,182,0.12817035615444183,-0.008740991353988647
kidney-architecture-predictive__cfg_529dc0e4494b,0006,2,184,0.0004470539279282093,6.536558794323355e-05
kidney-architecture-predictive__cfg_529dc0e4494b,0006,2,187,0.00013411616964731365,4.870260090683587e-05
kidney-architecture-predictive__cfg_529dc0e4494b,0006,2,189,0.0004917593323625624,6.827675679232925e-05
kidney-architecture-predictive__cfg_529dc0e4494b,0006,2,192,0.0002682323392946273,5.6881344789871946e-05
kidney-architecture-predictive__cfg_529dc0e4494b,0006,2,194,0.29711201786994934,-1.0112251043319702
kidney-architecture-predictive__cfg_529dc0e4494b,0006,2,197,0.3012249171733856,-0.8982032537460327
kidney-architecture-predictive__cfg_529dc0e4494b,0006,2,199,0.3719935417175293,-1.2837791442871094
kidney-architecture-predictive__cfg_529dc0e4494b,0006,2,200,0.000670580891892314,6.916521670063958e-05
kidney-architecture-predictive__cfg_529dc0e4494b,0006,2,207,0.03625607490539551,-0.008714459836483002
kidney-architecture-predictive__cfg_529dc0e4494b,0006,2,214,0.38160520792007446,-0.9630715847015381
kidney-architecture-predictive__cfg_529dc0e4494b,0006,2,218,0.25249606370925903,-0.7980948090553284
kidney-architecture-predictive__cfg_529dc0e4494b,0006,2,219,0.2759663760662079,-0.9160195589065552
kidney-architecture-predictive__cfg_529dc0e4494b,0006,2,231,0.3566149175167084,-1.2555408477783203
kidney-architecture-predictive__cfg_529dc0e4494b,0006,2,232,0.037194885313510895,-0.028178799897432327
kidney-architecture-predictive__cfg_529dc0e4494b,0006,2,233,0.037016063928604126,-0.027359191328287125
kidney-architecture-predictive__cfg_529dc0e4494b,0006,2,237,0.0004470539279282093,5.626502024824731e-05
kidney-architecture-predictive__cfg_529dc0e4494b,0006,2,243,0.04412422329187393,0.02972063235938549
kidney-architecture-predictive__cfg_529dc0e4494b,0006,2,250,0.0003576431190595031,5.271661939332262e-05
kidney-architecture-predictive__cfg_529dc0e4494b,0006,2,251,0.21181413531303406,-0.20767974853515625
kidney-architecture-predictive__cfg_529dc0e4494b,0006,2,255,0.03625607490539551,-0.00916711799800396
kidney-architecture-predictive__cfg_529dc0e4494b,0006,2,256,0.02583971619606018,0.0035364143550395966
kidney-architecture-predictive__cfg_529dc0e4494b,0006,2,261,0.17949214577674866,-0.21788844466209412
kidney-architecture-predictive__cfg_529dc0e4494b,0006,2,263,0.10277768969535828,0.056554850190877914
kidney-architecture-predictive__cfg_529dc0e4494b,0006,2,269,0.205510675907135,-0.16502439975738525
kidney-architecture-predictive__cfg_529dc0e4494b,0006,2,271,0.33050695061683655,-1.128945231437683
kidney-architecture-predictive__cfg_529dc0e4494b,0006,2,273,0.3394927382469177,-1.2168059349060059
kidney-architecture-predictive__cfg_529dc0e4494b,0006,2,291,0.05150061100721359,0.03889996185898781
kidney-architecture-predictive__cfg_529dc0e4494b,0006,2,292,0.12575626373291016,0.06633217632770538
kidney-architecture-predictive__cfg_529dc0e4494b,0006,2,295,0.09786010533571243,0.057010166347026825
kidney-architecture-predictive__cfg_529dc0e4494b,0006,2,298,0.32138705253601074,-1.0959059000015259
kidney-architecture-predictive__cfg_529dc0e4494b,0006,2,309,0.3636336326599121,-1.1058512926101685
kidney-architecture-predictive__cfg_529dc0e4494b,0006,2,310,0.07385330647230148,-0.4351327419281006
kidney-architecture-predictive__cfg_529dc0e4494b,0006,2,316,0.36461716890335083,-1.3120505809783936
kidney-architecture-predictive__cfg_529dc0e4494b,0006,2,318,0.37101003527641296,-1.3775516748428345
kidney-architecture-predictive__cfg_529dc0e4494b,0006,2,319,0.3626501262187958,-1.2280617952346802
kidney-architecture-predictive__cfg_529dc0e4494b,0006,2,320,0.30667901039123535,-1.08758544921875
kidney-architecture-predictive__cfg_529dc0e4494b,0006,2,323,0.3597889840602875,-1.2094751596450806
kidney-architecture-predictive__cfg_529dc0e4494b,0006,2,326,0.3728429675102234,-0.5932028293609619
kidney-architecture-predictive__cfg_529dc0e4494b,0006,2,327,0.016362173482775688,0.00706228893250227
kidney-architecture-predictive__cfg_529dc0e4494b,0006,2,328,0.037373706698417664,0.021901194006204605
kidney-architecture-predictive__cfg_529dc0e4494b,0006,2,330,0.0004470539279282093,6.095073331380263e-05
kidney-architecture-predictive__cfg_529dc0e4494b,0006,2,331,0.128662109375,0.05054427683353424
kidney-architecture-predictive__cfg_529dc0e4494b,0006,2,332,0.006124638486653566,0.0017032688483595848
kidney-architecture-predictive__cfg_529dc0e4494b,0006,2,334,0.17908979952335358,-0.2849164605140686
kidney-architecture-predictive__cfg_529dc0e4494b,0006,2,335,0.3109707236289978,-1.0539343357086182
kidney-architecture-predictive__cfg_529dc0e4494b,0006,2,337,0.029013797640800476,0.01718180440366268
kidney-architecture-predictive__cfg_529dc0e4494b,0006,2,338,0.35518431663513184,-1.1234755516052246
kidney-architecture-predictive__cfg_529dc0e4494b,0006,2,339,0.05981581658124924,0.054362501949071884
kidney-architecture-predictive__cfg_529dc0e4494b,0006,2,340,0.421705961227417,-0.8661777973175049
kidney-architecture-predictive__cfg_529dc0e4494b,0006,2,341,0.021235061809420586,-0.025437980890274048
kidney-architecture-predictive__cfg_529dc0e4494b,0006,2,342,0.3590736985206604,-1.24033522605896
kidney-architecture-predictive__cfg_529dc0e4494b,0006,2,343,0.2627335786819458,-0.8722766041755676
kidney-architecture-predictive__cfg_529dc0e4494b,0006,2,344,0.37928053736686707,-0.9247927665710449
kidney-architecture-predictive__cfg_529dc0e4494b,0006,2,347,0.34897029399871826,-0.6371636390686035
kidney-architecture-predictive__cfg_529dc0e4494b,0006,2,350,0.3014484643936157,-1.038047432899475
kidney-architecture-predictive__cfg_529dc0e4494b,0006,2,353,0.004738771356642246,0.0008719679899513721
kidney-architecture-predictive__cfg_529dc0e4494b,0006,2,354,0.3365868926048279,-1.1031464338302612
kidney-architecture-predictive__cfg_529dc0e4494b,0006,2,356,0.22218579053878784,-0.6320939660072327
kidney-architecture-predictive__cfg_529dc0e4494b,0006,2,357,0.023067982867360115,0.011323129758238792
kidney-architecture-predictive__cfg_529dc0e4494b,0006,2,359,0.2884838879108429,-0.9674086570739746
kidney-architecture-predictive__cfg_529dc0e4494b,0006,2,360,0.0003576431190595031,5.981517824693583e-05
kidney-architecture-predictive__cfg_529dc0e4494b,0006,2,361,0.3362739682197571,-1.1435152292251587
kidney-architecture-predictive__cfg_529dc0e4494b,0006,2,362,0.07193097472190857,0.0288921520113945
kidney-architecture-predictive__cfg_529dc0e4494b,0006,2,366,0.28526511788368225,-0.8850839138031006
kidney-architecture-predictive__cfg_529dc0e4494b,0006,2,367,0.2549101412296295,-0.8042200207710266
kidney-architecture-predictive__cfg_529dc0e4494b,0006,2,368,0.3541114032268524,-1.2779217958450317
kidney-architecture-predictive__cfg_529dc0e4494b,0006,2,369,0.007108157034963369,0.0017890615854412317
kidney-architecture-predictive__cfg_529dc0e4494b,0006,2,370,0.17712275683879852,-0.14233464002609253
kidney-architecture-predictive__cfg_529dc0e4494b,0006,2,371,0.34821030497550964,-1.1821695566177368
kidney-architecture-predictive__cfg_529dc0e4494b,0006,2,372,0.46162790060043335,-1.2162771224975586
kidney-architecture-predictive__cfg_529dc0e4494b,0006,2,373,0.005141119938343763,0.001257428084500134
kidney-architecture-predictive__cfg_529dc0e4494b,0006,2,374,0.36059367656707764,-1.2163376808166504
kidney-architecture-predictive__cfg_529dc0e4494b,0006,2,376,0.27033349871635437,-0.910115659236908
kidney-architecture-predictive__cfg_529dc0e4494b,0006,2,380,0.11846928298473358,0.048935696482658386
kidney-architecture-predictive__cfg_529dc0e4494b,0006,2,384,0.21574822068214417,-0.3834713101387024
kidney-architecture-predictive__cfg_529dc0e4494b,0006,2,387,0.20600244402885437,0.05829319357872009
kidney-architecture-predictive__cfg_529dc0e4494b,0006,2,394,0.4501385986804962,-1.2043323516845703
kidney-architecture-predictive__cfg_529dc0e4494b,0006,2,399,0.271093487739563,-0.8991364240646362
kidney-architecture-predictive__cfg_529dc0e4494b,0006,2,400,0.025347955524921417,0.013484771363437176
kidney-architecture-predictive__cfg_529dc0e4494b,0006,2,401,0.27972161769866943,-0.9757528901100159
kidney-architecture-predictive__cfg_529dc0e4494b,0006,2,402,0.14877954125404358,-0.1585751175880432
kidney-architecture-predictive__cfg_529dc0e4494b,0006,2,403,0.2817333936691284,-0.9114832878112793
kidney-architecture-predictive__cfg_529dc0e4494b,0006,2,404,0.29067444801330566,-1.012005090713501
kidney-architecture-predictive__cfg_529dc0e4494b,0006,2,408,0.2569218873977661,-0.8007344007492065
kidney-architecture-predictive__cfg_529dc0e4494b,0006,2,409,0.07170744985342026,0.04590390995144844
kidney-architecture-predictive__cfg_529dc0e4494b,0006,2,410,0.31271421909332275,-1.0551997423171997
kidney-architecture-predictive__cfg_529dc0e4494b,0006,2,411,0.34803149104118347,-1.126798391342163
kidney-architecture-predictive__cfg_529dc0e4494b,0006,2,412,0.0024140910245478153,0.00024555824347771704
kidney-architecture-predictive__cfg_529dc0e4494b,0006,2,413,0.36591362953186035,-1.227867603302002
kidney-architecture-predictive__cfg_529dc0e4494b,0006,2,414,0.24261614680290222,-0.7273948788642883
kidney-architecture-predictive__cfg_529dc0e4494b,0006,2,417,0.34767383337020874,-1.0476139783859253
kidney-architecture-predictive__cfg_529dc0e4494b,0006,2,418,0.24199028313159943,-0.709182620048523
kidney-architecture-predictive__cfg_529dc0e4494b,0006,2,419,0.3460644483566284,-1.1508283615112305
kidney-architecture-predictive__cfg_529dc0e4494b,0006,2,422,0.3503114581108093,-1.0747689008712769
kidney-architecture-predictive__cfg_529dc0e4494b,0006,2,426,0.31262481212615967,-1.0901877880096436
kidney-architecture-predictive__cfg_529dc0e4494b,0006,2,429,0.0225762240588665,0.015980897471308708
kidney-architecture-predictive__cfg_529dc0e4494b,0006,2,431,0.2787381112575531,-0.9703726172447205
kidney-architecture-predictive__cfg_529dc0e4494b,0006,2,434,0.09048371016979218,-0.03739120066165924
kidney-architecture-predictive__cfg_529dc0e4494b,0006,2,435,0.28347688913345337,-0.9839195013046265
kidney-architecture-predictive__cfg_529dc0e4494b,0006,2,436,0.020251542329788208,0.007994168438017368
kidney-architecture-predictive__cfg_529dc0e4494b,0006,2,437,0.16889697313308716,-0.29273056983947754
kidney-architecture-predictive__cfg_529dc0e4494b,0006,2,438,0.2934461832046509,-0.9608945846557617
kidney-architecture-predictive__cfg_529dc0e4494b,0006,2,439,0.32107412815093994,-1.1222139596939087
kidney-architecture-predictive__cfg_529dc0e4494b,0006,2,440,0.32245999574661255,-1.0320219993591309
kidney-architecture-predictive__cfg_529dc0e4494b,0006,2,441,0.15284773707389832,0.014828711748123169
kidney-architecture-predictive__cfg_529dc0e4494b,0006,2,442,0.3579113483428955,-1.1006826162338257
kidney-architecture-predictive__cfg_529dc0e4494b,0006,2,443,0.36770182847976685,-1.2564862966537476
kidney-architecture-predictive__cfg_529dc0e4494b,0006,2,444,0.04300658777356148,0.02759569324553013
kidney-architecture-predictive__cfg_529dc0e4494b,0006,2,445,0.05579232797026634,0.03204316273331642
kidney-architecture-predictive__cfg_529dc0e4494b,0006,2,446,0.02749381586909294,0.018411830067634583
kidney-architecture-predictive__cfg_529dc0e4494b,0006,2,447,0.4626114070415497,-1.27231764793396
kidney-architecture-predictive__cfg_529dc0e4494b,0006,2,449,0.2671594023704529,-0.8706066608428955
kidney-architecture-predictive__cfg_529dc0e4494b,0006,2,450,0.11171877384185791,0.05812903493642807
kidney-architecture-predictive__cfg_529dc0e4494b,0006,2,451,0.0017435102490708232,0.00017047203436959535
kidney-architecture-predictive__cfg_529dc0e4494b,0006,2,452,0.02338092029094696,0.01247599720954895
kidney-architecture-predictive__cfg_529dc0e4494b,0006,2,453,0.0002682323392946273,4.735394031740725e-05
kidney-architecture-predictive__cfg_529dc0e4494b,0006,2,457,0.3169165253639221,-0.9578866958618164
kidney-architecture-predictive__cfg_529dc0e4494b,0006,2,459,0.28960153460502625,-1.0391767024993896
kidney-architecture-predictive__cfg_529dc0e4494b,0006,2,460,0.037194885313510895,0.023336630314588547
kidney-architecture-predictive__cfg_529dc0e4494b,0006,2,461,0.1670193374156952,-0.06924816966056824
kidney-architecture-predictive__cfg_529dc0e4494b,0006,2,463,0.21767055988311768,-0.5694555044174194
kidney-architecture-predictive__cfg_529dc0e4494b,0006,2,464,0.00415760139003396,0.0006575725274160504
kidney-architecture-predictive__cfg_529dc0e4494b,0006,2,465,0.031249068677425385,0.011547963134944439
kidney-architecture-predictive__cfg_529dc0e4494b,0006,2,466,0.015512770973145962,0.0067824418656528
kidney-architecture-predictive__cfg_529dc0e4494b,0006,2,467,0.009343426674604416,0.0033127188216894865
kidney-architecture-predictive__cfg_529dc0e4494b,0006,2,468,0.015736298635601997,0.009050311520695686
kidney-architecture-predictive__cfg_529dc0e4494b,0006,2,469,0.048058293759822845,0.031399134546518326
kidney-architecture-predictive__cfg_529dc0e4494b,0006,2,470,0.07438977062702179,0.03351350501179695
kidney-architecture-predictive__cfg_529dc0e4494b,0006,2,471,0.23483741283416748,-0.7351589798927307
kidney-architecture-predictive__cfg_529dc0e4494b,0006,2,472,0.005364647135138512,0.001403990900143981
kidney-architecture-predictive__cfg_529dc0e4494b,0006,2,473,0.22482341527938843,-0.4477114677429199
kidney-architecture-predictive__cfg_529dc0e4494b,0006,2,475,0.306187242269516,-1.0599539279937744
kidney-architecture-predictive__cfg_529dc0e4494b,0006,2,477,0.3631865978240967,-1.1925392150878906
kidney-architecture-predictive__cfg_529dc0e4494b,0006,2,478,0.042559534311294556,0.022520406171679497
kidney-architecture-predictive__cfg_529dc0e4494b,0006,2,479,0.05159002169966698,0.03180772811174393
kidney-architecture-predictive__cfg_529dc0e4494b,0006,2,480,0.275429904460907,-0.9006295204162598
kidney-architecture-predictive__cfg_529dc0e4494b,0006,2,481,0.17716747522354126,-0.25383442640304565
kidney-architecture-predictive__cfg_529dc0e4494b,0006,2,484,0.0075105056166648865,0.0019474735017865896
kidney-architecture-predictive__cfg_529dc0e4494b,0006,2,490,0.03612195700407028,-0.010243598371744156
kidney-architecture-predictive__cfg_529dc0e4494b,0006,2,491,0.3576878309249878,-1.1948460340499878
kidney-architecture-predictive__cfg_529dc0e4494b,0006,2,493,0.3124459981918335,-0.32305026054382324
kidney-architecture-predictive__cfg_529dc0e4494b,0006,2,494,0.35138437151908875,-1.0776734352111816
kidney-architecture-predictive__cfg_529dc0e4494b,0006,2,498,0.030802013352513313,0.015205138362944126
kidney-architecture-predictive__cfg_529dc0e4494b,0006,2,499,0.030802013352513313,0.014879672788083553
kidney-architecture-predictive__cfg_529dc0e4494b,0006,3,2,0.3499538004398346,-1.1041334867477417
kidney-architecture-predictive__cfg_529dc0e4494b,0006,3,4,0.3715018033981323,-1.2000595331192017
kidney-architecture-predictive__cfg_529dc0e4494b,0006,3,5,0.34038686752319336,-1.0792638063430786
kidney-architecture-predictive__cfg_529dc0e4494b,0006,3,7,0.31155186891555786,-1.060391902923584
kidney-architecture-predictive__cfg_529dc0e4494b,0006,3,9,0.0348702073097229,-0.015397954732179642
kidney-architecture-predictive__cfg_529dc0e4494b,0006,3,10,0.19397668540477753,-0.2402544617652893
kidney-architecture-predictive__cfg_529dc0e4494b,0006,3,11,0.19960957765579224,-0.257668137550354
kidney-architecture-predictive__cfg_529dc0e4494b,0006,3,12,0.03527255356311798,-0.015887849032878876
kidney-architecture-predictive__cfg_529dc0e4494b,0006,3,14,0.00022352696396410465,4.577009895001538e-05
kidney-architecture-predictive__cfg_529dc0e4494b,0006,3,15,0.019759783521294594,0.009956598281860352
kidney-architecture-predictive__cfg_529dc0e4494b,0006,3,17,0.19057908654212952,-0.18985551595687866
kidney-architecture-predictive__cfg_529dc0e4494b,0006,3,22,0.01198104489594698,0.005895906127989292
kidney-architecture-predictive__cfg_529dc0e4494b,0006,3,24,0.013188090175390244,0.005659425165504217
kidney-architecture-predictive__cfg_529dc0e4494b,0006,3,29,0.0005364646785892546,7.710687350481749e-05
kidney-architecture-predictive__cfg_529dc0e4494b,0006,3,32,0.2130211889743805,-0.12453573942184448
kidney-architecture-predictive__cfg_529dc0e4494b,0006,3,33,0.0368819460272789,-0.028295166790485382
kidney-architecture-predictive__cfg_529dc0e4494b,0006,3,34,0.0009388132020831108,9.071058593690395e-05
kidney-architecture-predictive__cfg_529dc0e4494b,0006,3,36,0.05896640941500664,0.0536448135972023
kidney-architecture-predictive__cfg_529dc0e4494b,0006,3,43,0.00599052244797349,0.0016419796738773584
kidney-architecture-predictive__cfg_529dc0e4494b,0006,3,55,0.00022352696396410465,5.458265877678059e-05
kidney-architecture-predictive__cfg_529dc0e4494b,0006,3,57,0.016540994867682457,0.007048019208014011
kidney-architecture-predictive__cfg_529dc0e4494b,0006,3,58,9.999999747378752e-05,5.500399129232392e-05
kidney-architecture-predictive__cfg_529dc0e4494b,0006,3,62,0.0004917593323625624,6.979469617363065e-05
kidney-architecture-predictive__cfg_529dc0e4494b,0006,3,64,0.000670580891892314,8.809943392407149e-05
kidney-architecture-predictive__cfg_529dc0e4494b,0006,3,67,0.25187018513679504,-0.7142596244812012
kidney-architecture-predictive__cfg_529dc0e4494b,0006,3,72,0.0004023485234938562,6.87343199388124e-05
kidney-architecture-predictive__cfg_529dc0e4494b,0006,3,74,0.0003576431190595031,6.178328476380557e-05
kidney-architecture-predictive__cfg_529dc0e4494b,0006,3,77,0.00022352696396410465,6.812978972448036e-05
kidney-architecture-predictive__cfg_529dc0e4494b,0006,3,82,0.3668077290058136,-1.2391107082366943
kidney-architecture-predictive__cfg_529dc0e4494b,0006,3,87,9.999999747378752e-05,6.523863703478128e-05
kidney-architecture-predictive__cfg_529dc0e4494b,0006,3,88,0.0004023485234938562,8.1156991655007e-05
kidney-architecture-predictive__cfg_529dc0e4494b,0006,3,95,0.0004023485234938562,7.270542118931189e-05
kidney-architecture-predictive__cfg_529dc0e4494b,0006,3,97,0.0368819460272789,-0.018744710832834244
kidney-architecture-predictive__cfg_529dc0e4494b,0006,3,98,0.00022352696396410465,6.455519906012341e-05
kidney-architecture-predictive__cfg_529dc0e4494b,0006,3,105,0.03522785007953644,-0.01671232283115387
kidney-architecture-predictive__cfg_529dc0e4494b,0006,3,106,0.006079932674765587,0.001621405128389597
kidney-architecture-predictive__cfg_529dc0e4494b,0006,3,107,0.005677584558725357,-0.0009124091593548656
kidney-architecture-predictive__cfg_529dc0e4494b,0006,3,110,0.001341161783784628,0.0001315330300712958
kidney-architecture-predictive__cfg_529dc0e4494b,0006,3,113,0.34119153022766113,-1.0520408153533936
kidney-architecture-predictive__cfg_529dc0e4494b,0006,3,119,0.0002682323392946273,7.77062596171163e-05
kidney-architecture-predictive__cfg_529dc0e4494b,0006,3,121,0.00017882155952975154,5.682426490238868e-05
kidney-architecture-predictive__cfg_529dc0e4494b,0006,3,122,0.0004470539279282093,7.714997627772391e-05
kidney-architecture-predictive__cfg_529dc0e4494b,0006,3,124,0.38741692900657654,-1.1121522188186646
kidney-architecture-predictive__cfg_529dc0e4494b,0006,3,126,0.0008941078558564186,8.48595445859246e-05
kidney-architecture-predictive__cfg_529dc0e4494b,0006,3,130,0.4158048629760742,-0.9446227550506592
kidney-architecture-predictive__cfg_529dc0e4494b,0006,3,135,0.4206777513027191,-1.3448721170425415
kidney-architecture-predictive__cfg_529dc0e4494b,0006,3,138,0.00017882155952975154,6.18452686467208e-05
kidney-architecture-predictive__cfg_529dc0e4494b,0006,3,140,0.0004470539279282093,8.009880548343062e-05
kidney-architecture-predictive__cfg_529dc0e4494b,0006,3,142,0.46860188245773315,-1.7071986198425293
kidney-architecture-predictive__cfg_529dc0e4494b,0006,3,143,9.999999747378752e-05,6.002723966958001e-05
kidney-architecture-predictive__cfg_529dc0e4494b,0006,3,145,0.0025035019498318434,0.00034831854281947017
kidney-architecture-predictive__cfg_529dc0e4494b,0006,3,148,0.03683724254369736,0.015217151492834091
kidney-architecture-predictive__cfg_529dc0e4494b,0006,3,154,0.0004023485234938562,7.002026541158557e-05
kidney-architecture-predictive__cfg_529dc0e4494b,0006,3,157,0.0002682323392946273,6.53131355647929e-05
kidney-architecture-predictive__cfg_529dc0e4494b,0006,3,173,0.4016779065132141,-1.1744784116744995
kidney-architecture-predictive__cfg_529dc0e4494b,0006,3,175,0.30985307693481445,-0.9865462779998779
kidney-architecture-predictive__cfg_529dc0e4494b,0006,3,177,0.0035764314234256744,0.0005746898823417723
kidney-architecture-predictive__cfg_529dc0e4494b,0006,3,178,0.0004023485234938562,5.4789201385574415e-05
kidney-architecture-predictive__cfg_529dc0e4494b,0006,3,179,0.0007152862381190062,8.419765072176233e-05
kidney-architecture-predictive__cfg_529dc0e4494b,0006,3,182,0.12817035615444183,-0.013214319944381714
kidney-architecture-predictive__cfg_529dc0e4494b,0006,3,184,0.0004470539279282093,7.970458682393655e-05
kidney-architecture-predictive__cfg_529dc0e4494b,0006,3,187,0.00013411616964731365,5.9998004871886224e-05
kidney-architecture-predictive__cfg_529dc0e4494b,0006,3,189,0.0004917593323625624,6.485291669378057e-05
kidney-architecture-predictive__cfg_529dc0e4494b,0006,3,192,0.0002682323392946273,5.909022729611024e-05
kidney-architecture-predictive__cfg_529dc0e4494b,0006,3,194,0.29711201786994934,-0.983159065246582
kidney-architecture-predictive__cfg_529dc0e4494b,0006,3,197,0.3012249171733856,-0.7525005340576172
kidney-architecture-predictive__cfg_529dc0e4494b,0006,3,199,0.3719935417175293,-1.2809332609176636
kidney-architecture-predictive__cfg_529dc0e4494b,0006,3,200,0.000670580891892314,7.473232835764065e-05
kidney-architecture-predictive__cfg_529dc0e4494b,0006,3,207,0.03625607490539551,-0.01746835559606552
kidney-architecture-predictive__cfg_529dc0e4494b,0006,3,214,0.38160520792007446,-1.006680965423584
kidney-architecture-predictive__cfg_529dc0e4494b,0006,3,218,0.25249606370925903,-0.7129124402999878
kidney-architecture-predictive__cfg_529dc0e4494b,0006,3,219,0.2759663760662079,-0.8705548048019409
kidney-architecture-predictive__cfg_529dc0e4494b,0006,3,231,0.3566149175167084,-1.2568402290344238
kidney-architecture-predictive__cfg_529dc0e4494b,0006,3,232,0.037194885313510895,-0.030038323253393173
kidney-architecture-predictive__cfg_529dc0e4494b,0006,3,233,0.037016063928604126,-0.028365544974803925
kidney-architecture-predictive__cfg_529dc0e4494b,0006,3,237,0.0004470539279282093,7.346335769398138e-05
kidney-architecture-predictive__cfg_529dc0e4494b,0006,3,243,0.04412422329187393,0.02796892821788788
kidney-architecture-predictive__cfg_529dc0e4494b,0006,3,250,0.0003576431190595031,6.159945041872561e-05
kidney-architecture-predictive__cfg_529dc0e4494b,0006,3,251,0.21181413531303406,-0.23412859439849854
kidney-architecture-predictive__cfg_529dc0e4494b,0006,3,255,0.03625607490539551,-0.016817808151245117
kidney-architecture-predictive__cfg_529dc0e4494b,0006,3,256,0.02583971619606018,0.0029115863144397736
kidney-architecture-predictive__cfg_529dc0e4494b,0006,3,261,0.17949214577674866,-0.24932250380516052
kidney-architecture-predictive__cfg_529dc0e4494b,0006,3,263,0.10277768969535828,0.06836990267038345
kidney-architecture-predictive__cfg_529dc0e4494b,0006,3,269,0.205510675907135,-0.18933260440826416
kidney-architecture-predictive__cfg_529dc0e4494b,0006,3,271,0.33050695061683655,-1.0784540176391602
kidney-architecture-predictive__cfg_529dc0e4494b,0006,3,273,0.3394927382469177,-1.160077691078186
kidney-architecture-predictive__cfg_529dc0e4494b,0006,3,291,0.05150061100721359,0.035514604300260544
kidney-architecture-predictive__cfg_529dc0e4494b,0006,3,292,0.12575626373291016,0.068987637758255
kidney-architecture-predictive__cfg_529dc0e4494b,0006,3,295,0.09786010533571243,0.05154436081647873
kidney-architecture-predictive__cfg_529dc0e4494b,0006,3,298,0.32138705253601074,-1.1086995601654053
kidney-architecture-predictive__cfg_529dc0e4494b,0006,3,309,0.3636336326599121,-1.1806671619415283
kidney-architecture-predictive__cfg_529dc0e4494b,0006,3,310,0.07385330647230148,-0.44957810640335083
kidney-architecture-predictive__cfg_529dc0e4494b,0006,3,316,0.36461716890335083,-1.1605958938598633
kidney-architecture-predictive__cfg_529dc0e4494b,0006,3,318,0.37101003527641296,-1.1892285346984863
kidney-architecture-predictive__cfg_529dc0e4494b,0006,3,319,0.3626501262187958,-1.1675963401794434
kidney-architecture-predictive__cfg_529dc0e4494b,0006,3,320,0.30667901039123535,-1.0208122730255127
kidney-architecture-predictive__cfg_529dc0e4494b,0006,3,323,0.3597889840602875,-1.1115490198135376
kidney-architecture-predictive__cfg_529dc0e4494b,0006,3,326,0.3728429675102234,-0.48402392864227295
kidney-architecture-predictive__cfg_529dc0e4494b,0006,3,327,0.016362173482775688,0.007396554574370384
kidney-architecture-predictive__cfg_529dc0e4494b,0006,3,328,0.037373706698417664,0.026086416095495224
kidney-architecture-predictive__cfg_529dc0e4494b,0006,3,330,0.0004470539279282093,7.175076461862773e-05
kidney-architecture-predictive__cfg_529dc0e4494b,0006,3,331,0.128662109375,0.048934221267700195
kidney-architecture-predictive__cfg_529dc0e4494b,0006,3,332,0.006124638486653566,0.0017799600027501583
kidney-architecture-predictive__cfg_529dc0e4494b,0006,3,334,0.17908979952335358,-0.2808043956756592
kidney-architecture-predictive__cfg_529dc0e4494b,0006,3,335,0.3109707236289978,-0.9543057680130005
kidney-architecture-predictive__cfg_529dc0e4494b,0006,3,337,0.029013797640800476,0.01782095804810524
kidney-architecture-predictive__cfg_529dc0e4494b,0006,3,338,0.35518431663513184,-1.096445918083191
kidney-architecture-predictive__cfg_529dc0e4494b,0006,3,339,0.05981581658124924,0.05058598890900612
kidney-architecture-predictive__cfg_529dc0e4494b,0006,3,340,0.421705961227417,-0.6614552736282349
kidney-architecture-predictive__cfg_529dc0e4494b,0006,3,341,0.021235061809420586,-0.02703721448779106
kidney-architecture-predictive__cfg_529dc0e4494b,0006,3,342,0.3590736985206604,-1.1585520505905151
kidney-architecture-predictive__cfg_529dc0e4494b,0006,3,343,0.2627335786819458,-0.7761921286582947
kidney-architecture-predictive__cfg_529dc0e4494b,0006,3,344,0.37928053736686707,-0.8366789817810059
kidney-architecture-predictive__cfg_529dc0e4494b,0006,3,347,0.34897029399871826,-0.5888335704803467
kidney-architecture-predictive__cfg_529dc0e4494b,0006,3,350,0.3014484643936157,-1.00459885597229
kidney-architecture-predictive__cfg_529dc0e4494b,0006,3,353,0.004738771356642246,0.000764545809943229
kidney-architecture-predictive__cfg_529dc0e4494b,0006,3,354,0.3365868926048279,-1.0220963954925537
kidney-architecture-predictive__cfg_529dc0e4494b,0006,3,356,0.22218579053878784,-0.5777347683906555
kidney-architecture-predictive__cfg_529dc0e4494b,0006,3,357,0.023067982867360115,0.014069038443267345
kidney-architecture-predictive__cfg_529dc0e4494b,0006,3,359,0.2884838879108429,-0.9225965142250061
kidney-architecture-predictive__cfg_529dc0e4494b,0006,3,360,0.0003576431190595031,6.57942655379884e-05
kidney-architecture-predictive__cfg_529dc0e4494b,0006,3,361,0.3362739682197571,-1.049187183380127
kidney-architecture-predictive__cfg_529dc0e4494b,0006,3,362,0.07193097472190857,0.03939450532197952
kidney-architecture-predictive__cfg_529dc0e4494b,0006,3,366,0.28526511788368225,-0.8669306635856628
kidney-architecture-predictive__cfg_529dc0e4494b,0006,3,367,0.2549101412296295,-0.7354148626327515
kidney-architecture-predictive__cfg_529dc0e4494b,0006,3,368,0.3541114032268524,-1.1466846466064453
kidney-architecture-predictive__cfg_529dc0e4494b,0006,3,369,0.007108157034963369,0.0021116924472153187
kidney-architecture-predictive__cfg_529dc0e4494b,0006,3,370,0.17712275683879852,-0.14562705159187317
kidney-architecture-predictive__cfg_529dc0e4494b,0006,3,371,0.34821030497550964,-1.1311016082763672
kidney-architecture-predictive__cfg_529dc0e4494b,0006,3,372,0.46162790060043335,-1.4554187059402466
kidney-architecture-predictive__cfg_529dc0e4494b,0006,3,373,0.005141119938343763,0.0012912803795188665
kidney-architecture-predictive__cfg_529dc0e4494b,0006,3,374,0.36059367656707764,-1.096165418624878
kidney-architecture-predictive__cfg_529dc0e4494b,0006,3,376,0.27033349871635437,-0.8398416638374329
kidney-architecture-predictive__cfg_529dc0e4494b,0006,3,380,0.11846928298473358,0.025470733642578125
kidney-architecture-predictive__cfg_529dc0e4494b,0006,3,384,0.21574822068214417,-0.35397183895111084
kidney-architecture-predictive__cfg_529dc0e4494b,0006,3,387,0.20600244402885437,0.044410765171051025
kidney-architecture-predictive__cfg_529dc0e4494b,0006,3,394,0.4501385986804962,-1.2683653831481934
kidney-architecture-predictive__cfg_529dc0e4494b,0006,3,399,0.271093487739563,-0.8384515047073364
kidney-architecture-predictive__cfg_529dc0e4494b,0006,3,400,0.025347955524921417,0.015461699105799198
kidney-architecture-predictive__cfg_529dc0e4494b,0006,3,401,0.27972161769866943,-0.8834967017173767
kidney-architecture-predictive__cfg_529dc0e4494b,0006,3,402,0.14877954125404358,-0.16733375191688538
kidney-architecture-predictive__cfg_529dc0e4494b,0006,3,403,0.2817333936691284,-0.9076430797576904
kidney-architecture-predictive__cfg_529dc0e4494b,0006,3,404,0.29067444801330566,-0.947985827922821
kidney-architecture-predictive__cfg_529dc0e4494b,0006,3,408,0.2569218873977661,-0.7386795282363892
kidney-architecture-predictive__cfg_529dc0e4494b,0006,3,409,0.07170744985342026,0.04646025598049164
kidney-architecture-predictive__cfg_529dc0e4494b,0006,3,410,0.31271421909332275,-1.0351444482803345
kidney-architecture-predictive__cfg_529dc0e4494b,0006,3,411,0.34803149104118347,-0.9907790422439575
kidney-architecture-predictive__cfg_529dc0e4494b,0006,3,412,0.0024140910245478153,0.00032563882996328175
kidney-architecture-predictive__cfg_529dc0e4494b,0006,3,413,0.36591362953186035,-1.2178224325180054
kidney-architecture-predictive__cfg_529dc0e4494b,0006,3,414,0.24261614680290222,-0.6513564586639404
kidney-architecture-predictive__cfg_529dc0e4494b,0006,3,417,0.34767383337020874,-1.1065398454666138
kidney-architecture-predictive__cfg_529dc0e4494b,0006,3,418,0.24199028313159943,-0.6134029030799866
kidney-architecture-predictive__cfg_529dc0e4494b,0006,3,419,0.3460644483566284,-1.119634747505188
kidney-architecture-predictive__cfg_529dc0e4494b,0006,3,422,0.3503114581108093,-1.0874428749084473
kidney-architecture-predictive__cfg_529dc0e4494b,0006,3,426,0.31262481212615967,-1.0625245571136475
kidney-architecture-predictive__cfg_529dc0e4494b,0006,3,429,0.0225762240588665,0.014267781749367714
kidney-architecture-predictive__cfg_529dc0e4494b,0006,3,431,0.2787381112575531,-0.8809144496917725
kidney-architecture-predictive__cfg_529dc0e4494b,0006,3,434,0.09048371016979218,-0.04809063673019409
kidney-architecture-predictive__cfg_529dc0e4494b,0006,3,435,0.28347688913345337,-0.8842678666114807
kidney-architecture-predictive__cfg_529dc0e4494b,0006,3,436,0.020251542329788208,0.011332092806696892
kidney-architecture-predictive__cfg_529dc0e4494b,0006,3,437,0.16889697313308716,-0.2818676829338074
kidney-architecture-predictive__cfg_529dc0e4494b,0006,3,438,0.2934461832046509,-0.9480321407318115
kidney-architecture-predictive__cfg_529dc0e4494b,0006,3,439,0.32107412815093994,-1.0695374011993408
kidney-architecture-predictive__cfg_529dc0e4494b,0006,3,440,0.32245999574661255,-1.0135185718536377
kidney-architecture-predictive__cfg_529dc0e4494b,0006,3,441,0.15284773707389832,0.02287718653678894
kidney-architecture-predictive__cfg_529dc0e4494b,0006,3,442,0.3579113483428955,-1.1734192371368408
kidney-architecture-predictive__cfg_529dc0e4494b,0006,3,443,0.36770182847976685,-1.2259764671325684
kidney-architecture-predictive__cfg_529dc0e4494b,0006,3,444,0.04300658777356148,0.028418388217687607
kidney-architecture-predictive__cfg_529dc0e4494b,0006,3,445,0.05579232797026634,0.02904929220676422
kidney-architecture-predictive__cfg_529dc0e4494b,0006,3,446,0.02749381586909294,0.014832396060228348
kidney-architecture-predictive__cfg_529dc0e4494b,0006,3,447,0.4626114070415497,-1.3869582414627075
kidney-architecture-predictive__cfg_529dc0e4494b,0006,3,449,0.2671594023704529,-0.7953370213508606
kidney-architecture-predictive__cfg_529dc0e4494b,0006,3,450,0.11171877384185791,0.06403111666440964
kidney-architecture-predictive__cfg_529dc0e4494b,0006,3,451,0.0017435102490708232,0.00018048519268631935
kidney-architecture-predictive__cfg_529dc0e4494b,0006,3,452,0.02338092029094696,0.012276837602257729
kidney-architecture-predictive__cfg_529dc0e4494b,0006,3,453,0.0002682323392946273,5.783233791589737e-05
kidney-architecture-predictive__cfg_529dc0e4494b,0006,3,457,0.3169165253639221,-0.8882867097854614
kidney-architecture-predictive__cfg_529dc0e4494b,0006,3,459,0.28960153460502625,-0.951826810836792
kidney-architecture-predictive__cfg_529dc0e4494b,0006,3,460,0.037194885313510895,0.02359154261648655
kidney-architecture-predictive__cfg_529dc0e4494b,0006,3,461,0.1670193374156952,-0.08079397678375244
kidney-architecture-predictive__cfg_529dc0e4494b,0006,3,463,0.21767055988311768,-0.5153056979179382
kidney-architecture-predictive__cfg_529dc0e4494b,0006,3,464,0.00415760139003396,0.0007262625731527805
kidney-architecture-predictive__cfg_529dc0e4494b,0006,3,465,0.031249068677425385,0.014498008415102959
kidney-architecture-predictive__cfg_529dc0e4494b,0006,3,466,0.015512770973145962,0.008013171143829823
kidney-architecture-predictive__cfg_529dc0e4494b,0006,3,467,0.009343426674604416,0.0034846430644392967
kidney-architecture-predictive__cfg_529dc0e4494b,0006,3,468,0.015736298635601997,0.007601294666528702
kidney-architecture-predictive__cfg_529dc0e4494b,0006,3,469,0.048058293759822845,0.0310499407351017
kidney-architecture-predictive__cfg_529dc0e4494b,0006,3,470,0.07438977062702179,0.021707795560359955
kidney-architecture-predictive__cfg_529dc0e4494b,0006,3,471,0.23483741283416748,-0.6687124371528625
kidney-architecture-predictive__cfg_529dc0e4494b,0006,3,472,0.005364647135138512,0.0014136901590973139
kidney-architecture-predictive__cfg_529dc0e4494b,0006,3,473,0.22482341527938843,-0.41777026653289795
kidney-architecture-predictive__cfg_529dc0e4494b,0006,3,475,0.306187242269516,-1.0108565092086792
kidney-architecture-predictive__cfg_529dc0e4494b,0006,3,477,0.3631865978240967,-1.1758809089660645
kidney-architecture-predictive__cfg_529dc0e4494b,0006,3,478,0.042559534311294556,0.02690926194190979
kidney-architecture-predictive__cfg_529dc0e4494b,0006,3,479,0.05159002169966698,0.03120381571352482
kidney-architecture-predictive__cfg_529dc0e4494b,0006,3,480,0.275429904460907,-0.8901214003562927
kidney-architecture-predictive__cfg_529dc0e4494b,0006,3,481,0.17716747522354126,-0.25352025032043457
kidney-architecture-predictive__cfg_529dc0e4494b,0006,3,484,0.0075105056166648865,0.0022580286022275686
kidney-architecture-predictive__cfg_529dc0e4494b,0006,3,490,0.03612195700407028,-0.018083658069372177
kidney-architecture-predictive__cfg_529dc0e4494b,0006,3,491,0.3576878309249878,-1.1073077917099
kidney-architecture-predictive__cfg_529dc0e4494b,0006,3,493,0.3124459981918335,-0.3439795970916748
kidney-architecture-predictive__cfg_529dc0e4494b,0006,3,494,0.35138437151908875,-1.0865012407302856
kidney-architecture-predictive__cfg_529dc0e4494b,0006,3,498,0.030802013352513313,0.014496060088276863
kidney-architecture-predictive__cfg_529dc0e4494b,0006,3,499,0.030802013352513313,0.014506501145660877
kidney-architecture-predictive__cfg_529dc0e4494b,0006,4,2,0.3499538004398346,-0.986892819404602
kidney-architecture-predictive__cfg_529dc0e4494b,0006,4,4,0.3715018033981323,-1.06340754032135
kidney-architecture-predictive__cfg_529dc0e4494b,0006,4,5,0.34038686752319336,-0.9068607091903687
kidney-architecture-predictive__cfg_529dc0e4494b,0006,4,7,0.31155186891555786,-0.8736761808395386
kidney-architecture-predictive__cfg_529dc0e4494b,0006,4,9,0.0348702073097229,-0.011002497747540474
kidney-architecture-predictive__cfg_529dc0e4494b,0006,4,10,0.19397668540477753,-0.21904832124710083
kidney-architecture-predictive__cfg_529dc0e4494b,0006,4,11,0.19960957765579224,-0.2425321340560913
kidney-architecture-predictive__cfg_529dc0e4494b,0006,4,12,0.03527255356311798,-0.011560985818505287
kidney-architecture-predictive__cfg_529dc0e4494b,0006,4,14,0.00022352696396410465,6.238372588995844e-05
kidney-architecture-predictive__cfg_529dc0e4494b,0006,4,15,0.019759783521294594,0.009900152683258057
kidney-architecture-predictive__cfg_529dc0e4494b,0006,4,17,0.19057908654212952,-0.18773144483566284
kidney-architecture-predictive__cfg_529dc0e4494b,0006,4,22,0.01198104489594698,0.004877364728599787
kidney-architecture-predictive__cfg_529dc0e4494b,0006,4,24,0.013188090175390244,0.005005788989365101
kidney-architecture-predictive__cfg_529dc0e4494b,0006,4,29,0.0005364646785892546,6.870046490803361e-05
kidney-architecture-predictive__cfg_529dc0e4494b,0006,4,32,0.2130211889743805,-0.11266136169433594
kidney-architecture-predictive__cfg_529dc0e4494b,0006,4,33,0.0368819460272789,-0.02331293374300003
kidney-architecture-predictive__cfg_529dc0e4494b,0006,4,34,0.0009388132020831108,9.982989286072552e-05
kidney-architecture-predictive__cfg_529dc0e4494b,0006,4,36,0.05896640941500664,0.047750651836395264
kidney-architecture-predictive__cfg_529dc0e4494b,0006,4,43,0.00599052244797349,0.0014632787788286805
kidney-architecture-predictive__cfg_529dc0e4494b,0006,4,55,0.00022352696396410465,7.60971597628668e-05
kidney-architecture-predictive__cfg_529dc0e4494b,0006,4,57,0.016540994867682457,0.006974082440137863
kidney-architecture-predictive__cfg_529dc0e4494b,0006,4,58,9.999999747378752e-05,8.180813165381551e-05
kidney-architecture-predictive__cfg_529dc0e4494b,0006,4,62,0.0004917593323625624,7.753854151815176e-05
kidney-architecture-predictive__cfg_529dc0e4494b,0006,4,64,0.000670580891892314,8.667336805956438e-05
kidney-architecture-predictive__cfg_529dc0e4494b,0006,4,67,0.25187018513679504,-0.7067748308181763
kidney-architecture-predictive__cfg_529dc0e4494b,0006,4,72,0.0004023485234938562,6.467349157901481e-05
kidney-architecture-predictive__cfg_529dc0e4494b,0006,4,74,0.0003576431190595031,8.14176892163232e-05
kidney-architecture-predictive__cfg_529dc0e4494b,0006,4,77,0.00022352696396410465,7.315122638829052e-05
kidney-architecture-predictive__cfg_529dc0e4494b,0006,4,82,0.3668077290058136,-1.0167181491851807
kidney-architecture-predictive__cfg_529dc0e4494b,0006,4,87,9.999999747378752e-05,6.415814277715981e-05
kidney-architecture-predictive__cfg_529dc0e4494b,0006,4,88,0.0004023485234938562,8.574760431656614e-05
kidney-architecture-predictive__cfg_529dc0e4494b,0006,4,95,0.0004023485234938562,9.073421824723482e-05
kidney-architecture-predictive__cfg_529dc0e4494b,0006,4,97,0.0368819460272789,-0.01427537202835083
kidney-architecture-predictive__cfg_529dc0e4494b,0006,4,98,0.00022352696396410465,6.58716817270033e-05
kidney-architecture-predictive__cfg_529dc0e4494b,0006,4,105,0.03522785007953644,-0.011456822976469994
kidney-architecture-predictive__cfg_529dc0e4494b,0006,4,106,0.006079932674765587,0.0014480872778221965
kidney-architecture-predictive__cfg_529dc0e4494b,0006,4,107,0.005677584558725357,-0.00011133996304124594
kidney-architecture-predictive__cfg_529dc0e4494b,0006,4,110,0.001341161783784628,0.000125352424220182
kidney-architecture-predictive__cfg_529dc0e4494b,0006,4,113,0.34119153022766113,-1.1356700658798218
kidney-architecture-predictive__cfg_529dc0e4494b,0006,4,119,0.0002682323392946273,7.924569945316762e-05
kidney-architecture-predictive__cfg_529dc0e4494b,0006,4,121,0.00017882155952975154,7.592501060571522e-05
kidney-architecture-predictive__cfg_529dc0e4494b,0006,4,122,0.0004470539279282093,7.113639003364369e-05
kidney-architecture-predictive__cfg_529dc0e4494b,0006,4,124,0.38741692900657654,-0.9629306793212891
kidney-architecture-predictive__cfg_529dc0e4494b,0006,4,126,0.0008941078558564186,9.603368380339816e-05
kidney-architecture-predictive__cfg_529dc0e4494b,0006,4,130,0.4158048629760742,-0.8833482265472412
kidney-architecture-predictive__cfg_529dc0e4494b,0006,4,135,0.4206777513027191,-1.1642667055130005
kidney-architecture-predictive__cfg_529dc0e4494b,0006,4,138,0.00017882155952975154,6.912002572789788e-05
kidney-architecture-predictive__cfg_529dc0e4494b,0006,4,140,0.0004470539279282093,7.531717710662633e-05
kidney-architecture-predictive__cfg_529dc0e4494b,0006,4,142,0.46860188245773315,-1.514415979385376
kidney-architecture-predictive__cfg_529dc0e4494b,0006,4,143,9.999999747378752e-05,7.086323603289202e-05
kidney-architecture-predictive__cfg_529dc0e4494b,0006,4,145,0.0025035019498318434,0.0003174530284013599
kidney-architecture-predictive__cfg_529dc0e4494b,0006,4,148,0.03683724254369736,0.016029320657253265
kidney-architecture-predictive__cfg_529dc0e4494b,0006,4,154,0.0004023485234938562,7.929719868116081e-05
kidney-architecture-predictive__cfg_529dc0e4494b,0006,4,157,0.0002682323392946273,5.838286233483814e-05
kidney-architecture-predictive__cfg_529dc0e4494b,0006,4,173,0.4016779065132141,-1.1009327173233032
kidney-architecture-predictive__cfg_529dc0e4494b,0006,4,175,0.30985307693481445,-0.8179584741592407
kidney-architecture-predictive__cfg_529dc0e4494b,0006,4,177,0.0035764314234256744,0.0005207754438742995
kidney-architecture-predictive__cfg_529dc0e4494b,0006,4,178,0.0004023485234938562,7.750366057734936e-05
kidney-architecture-predictive__cfg_529dc0e4494b,0006,4,179,0.0007152862381190062,8.087202877504751e-05
kidney-architecture-predictive__cfg_529dc0e4494b,0006,4,182,0.12817035615444183,-0.024719372391700745
kidney-architecture-predictive__cfg_529dc0e4494b,0006,4,184,0.0004470539279282093,7.51499756006524e-05
kidney-architecture-predictive__cfg_529dc0e4494b,0006,4,187,0.00013411616964731365,5.9825455537065864e-05
kidney-architecture-predictive__cfg_529dc0e4494b,0006,4,189,0.0004917593323625624,7.833800191292539e-05
kidney-architecture-predictive__cfg_529dc0e4494b,0006,4,192,0.0002682323392946273,6.95677736075595e-05
kidney-architecture-predictive__cfg_529dc0e4494b,0006,4,194,0.29711201786994934,-0.9009894132614136
kidney-architecture-predictive__cfg_529dc0e4494b,0006,4,197,0.3012249171733856,-0.8386334180831909
kidney-architecture-predictive__cfg_529dc0e4494b,0006,4,199,0.3719935417175293,-1.0146232843399048
kidney-architecture-predictive__cfg_529dc0e4494b,0006,4,200,0.000670580891892314,9.074187255464494e-05
kidney-architecture-predictive__cfg_529dc0e4494b,0006,4,207,0.03625607490539551,-0.012838903814554214
kidney-architecture-predictive__cfg_529dc0e4494b,0006,4,214,0.38160520792007446,-0.9009679555892944
kidney-architecture-predictive__cfg_529dc0e4494b,0006,4,218,0.25249606370925903,-0.7141851186752319
kidney-architecture-predictive__cfg_529dc0e4494b,0006,4,219,0.2759663760662079,-0.8477445840835571
kidney-architecture-predictive__cfg_529dc0e4494b,0006,4,231,0.3566149175167084,-1.0424621105194092
kidney-architecture-predictive__cfg_529dc0e4494b,0006,4,232,0.037194885313510895,-0.02383008599281311
kidney-architecture-predictive__cfg_529dc0e4494b,0006,4,233,0.037016063928604126,-0.0233922116458416
kidney-architecture-predictive__cfg_529dc0e4494b,0006,4,237,0.0004470539279282093,8.748316759010777e-05
kidney-architecture-predictive__cfg_529dc0e4494b,0006,4,243,0.04412422329187393,0.03097555786371231
kidney-architecture-predictive__cfg_529dc0e4494b,0006,4,250,0.0003576431190595031,7.045086385915056e-05
kidney-architecture-predictive__cfg_529dc0e4494b,0006,4,251,0.21181413531303406,-0.2061854600906372
kidney-architecture-predictive__cfg_529dc0e4494b,0006,4,255,0.03625607490539551,-0.01271139644086361
kidney-architecture-predictive__cfg_529dc0e4494b,0006,4,256,0.02583971619606018,0.002242530696094036
kidney-architecture-predictive__cfg_529dc0e4494b,0006,4,261,0.17949214577674866,-0.22504204511642456
kidney-architecture-predictive__cfg_529dc0e4494b,0006,4,263,0.10277768969535828,0.07556182891130447
kidney-architecture-predictive__cfg_529dc0e4494b,0006,4,269,0.205510675907135,-0.15953940153121948
kidney-architecture-predictive__cfg_529dc0e4494b,0006,4,271,0.33050695061683655,-1.071146845817566
kidney-architecture-predictive__cfg_529dc0e4494b,0006,4,273,0.3394927382469177,-1.04545259475708
kidney-architecture-predictive__cfg_529dc0e4494b,0006,4,291,0.05150061100721359,0.03600798174738884
kidney-architecture-predictive__cfg_529dc0e4494b,0006,4,292,0.12575626373291016,0.06737613677978516
kidney-architecture-predictive__cfg_529dc0e4494b,0006,4,295,0.09786010533571243,0.05459972470998764
kidney-architecture-predictive__cfg_529dc0e4494b,0006,4,298,0.32138705253601074,-1.060078501701355
kidney-architecture-predictive__cfg_529dc0e4494b,0006,4,309,0.3636336326599121,-0.8980833292007446
kidney-architecture-predictive__cfg_529dc0e4494b,0006,4,310,0.07385330647230148,-0.4843325614929199
kidney-architecture-predictive__cfg_529dc0e4494b,0006,4,316,0.36461716890335083,-1.0483927726745605
kidney-architecture-predictive__cfg_529dc0e4494b,0006,4,318,0.37101003527641296,-1.0046526193618774
kidney-architecture-predictive__cfg_529dc0e4494b,0006,4,319,0.3626501262187958,-1.0230520963668823
kidney-architecture-predictive__cfg_529dc0e4494b,0006,4,320,0.30667901039123535,-0.9313356876373291
kidney-architecture-predictive__cfg_529dc0e4494b,0006,4,323,0.3597889840602875,-1.0341848134994507
kidney-architecture-predictive__cfg_529dc0e4494b,0006,4,326,0.3728429675102234,-0.5119065046310425
kidney-architecture-predictive__cfg_529dc0e4494b,0006,4,327,0.016362173482775688,0.007642409764230251
kidney-architecture-predictive__cfg_529dc0e4494b,0006,4,328,0.037373706698417664,0.026978155598044395
kidney-architecture-predictive__cfg_529dc0e4494b,0006,4,330,0.0004470539279282093,8.444523700745776e-05
kidney-architecture-predictive__cfg_529dc0e4494b,0006,4,331,0.128662109375,0.0762927457690239
kidney-architecture-predictive__cfg_529dc0e4494b,0006,4,332,0.006124638486653566,0.0016569377621635795
kidney-architecture-predictive__cfg_529dc0e4494b,0006,4,334,0.17908979952335358,-0.2719520926475525
kidney-architecture-predictive__cfg_529dc0e4494b,0006,4,335,0.3109707236289978,-0.9834659099578857
kidney-architecture-predictive__cfg_529dc0e4494b,0006,4,337,0.029013797640800476,0.017309002578258514
kidney-architecture-predictive__cfg_529dc0e4494b,0006,4,338,0.35518431663513184,-1.0763894319534302
kidney-architecture-predictive__cfg_529dc0e4494b,0006,4,339,0.05981581658124924,0.04742984473705292
kidney-architecture-predictive__cfg_529dc0e4494b,0006,4,340,0.421705961227417,-0.8468320369720459
kidney-architecture-predictive__cfg_529dc0e4494b,0006,4,341,0.021235061809420586,-0.021498875692486763
kidney-architecture-predictive__cfg_529dc0e4494b,0006,4,342,0.3590736985206604,-0.9877811670303345
kidney-architecture-predictive__cfg_529dc0e4494b,0006,4,343,0.2627335786819458,-0.7804616093635559
kidney-architecture-predictive__cfg_529dc0e4494b,0006,4,344,0.37928053736686707,-0.975488543510437
kidney-architecture-predictive__cfg_529dc0e4494b,0006,4,347,0.34897029399871826,-0.6578667163848877
kidney-architecture-predictive__cfg_529dc0e4494b,0006,4,350,0.3014484643936157,-0.8745638132095337
kidney-architecture-predictive__cfg_529dc0e4494b,0006,4,353,0.004738771356642246,0.0008580766152590513
kidney-architecture-predictive__cfg_529dc0e4494b,0006,4,354,0.3365868926048279,-0.9144150018692017
kidney-architecture-predictive__cfg_529dc0e4494b,0006,4,356,0.22218579053878784,-0.5714752078056335
kidney-architecture-predictive__cfg_529dc0e4494b,0006,4,357,0.023067982867360115,0.012823842465877533
kidney-architecture-predictive__cfg_529dc0e4494b,0006,4,359,0.2884838879108429,-0.81360924243927
kidney-architecture-predictive__cfg_529dc0e4494b,0006,4,360,0.0003576431190595031,6.255364860408008e-05
kidney-architecture-predictive__cfg_529dc0e4494b,0006,4,361,0.3362739682197571,-0.9044588804244995
kidney-architecture-predictive__cfg_529dc0e4494b,0006,4,362,0.07193097472190857,0.04451589286327362
kidney-architecture-predictive__cfg_529dc0e4494b,0006,4,366,0.28526511788368225,-0.8268090486526489
kidney-architecture-predictive__cfg_529dc0e4494b,0006,4,367,0.2549101412296295,-0.7151617407798767
kidney-architecture-predictive__cfg_529dc0e4494b,0006,4,368,0.3541114032268524,-1.1414881944656372
kidney-architecture-predictive__cfg_529dc0e4494b,0006,4,369,0.007108157034963369,0.0016952260630205274
kidney-architecture-predictive__cfg_529dc0e4494b,0006,4,370,0.17712275683879852,-0.1372336447238922
kidney-architecture-predictive__cfg_529dc0e4494b,0006,4,371,0.34821030497550964,-0.9283090829849243
kidney-architecture-predictive__cfg_529dc0e4494b,0006,4,372,0.46162790060043335,-1.0269522666931152
kidney-architecture-predictive__cfg_529dc0e4494b,0006,4,373,0.005141119938343763,0.0010621672263368964
kidney-architecture-predictive__cfg_529dc0e4494b,0006,4,374,0.36059367656707764,-1.088735580444336
kidney-architecture-predictive__cfg_529dc0e4494b,0006,4,376,0.27033349871635437,-0.8180376291275024
kidney-architecture-predictive__cfg_529dc0e4494b,0006,4,380,0.11846928298473358,0.05160798132419586
kidney-architecture-predictive__cfg_529dc0e4494b,0006,4,384,0.21574822068214417,-0.3784540891647339
kidney-architecture-predictive__cfg_529dc0e4494b,0006,4,387,0.20600244402885437,0.050617069005966187
kidney-architecture-predictive__cfg_529dc0e4494b,0006,4,394,0.4501385986804962,-1.0459213256835938
kidney-architecture-predictive__cfg_529dc0e4494b,0006,4,399,0.271093487739563,-0.7654848098754883
kidney-architecture-predictive__cfg_529dc0e4494b,0006,4,400,0.025347955524921417,0.015295695513486862
kidney-architecture-predictive__cfg_529dc0e4494b,0006,4,401,0.27972161769866943,-0.8473458886146545
kidney-architecture-predictive__cfg_529dc0e4494b,0006,4,402,0.14877954125404358,-0.1431823968887329
kidney-architecture-predictive__cfg_529dc0e4494b,0006,4,403,0.2817333936691284,-0.7545133829116821
kidney-architecture-predictive__cfg_529dc0e4494b,0006,4,404,0.29067444801330566,-0.9281489253044128
kidney-architecture-predictive__cfg_529dc0e4494b,0006,4,408,0.2569218873977661,-0.7356179356575012
kidney-architecture-predictive__cfg_529dc0e4494b,0006,4,409,0.07170744985342026,0.046057168394327164
kidney-architecture-predictive__cfg_529dc0e4494b,0006,4,410,0.31271421909332275,-0.895177960395813
kidney-architecture-predictive__cfg_529dc0e4494b,0006,4,411,0.34803149104118347,-0.8888810873031616
kidney-architecture-predictive__cfg_529dc0e4494b,0006,4,412,0.0024140910245478153,0.0003209196147508919
kidney-architecture-predictive__cfg_529dc0e4494b,0006,4,413,0.36591362953186035,-0.9663553237915039
kidney-architecture-predictive__cfg_529dc0e4494b,0006,4,414,0.24261614680290222,-0.6715025305747986
kidney-architecture-predictive__cfg_529dc0e4494b,0006,4,417,0.34767383337020874,-0.8293063640594482
kidney-architecture-predictive__cfg_529dc0e4494b,0006,4,418,0.24199028313159943,-0.6438467502593994
kidney-architecture-predictive__cfg_529dc0e4494b,0006,4,419,0.3460644483566284,-0.8930848836898804
kidney-architecture-predictive__cfg_529dc0e4494b,0006,4,422,0.3503114581108093,-1.0844708681106567
kidney-architecture-predictive__cfg_529dc0e4494b,0006,4,426,0.31262481212615967,-0.8101630210876465
kidney-architecture-predictive__cfg_529dc0e4494b,0006,4,429,0.0225762240588665,0.010422629304230213
kidney-architecture-predictive__cfg_529dc0e4494b,0006,4,431,0.2787381112575531,-0.8677765727043152
kidney-architecture-predictive__cfg_529dc0e4494b,0006,4,434,0.09048371016979218,-0.030000299215316772
kidney-architecture-predictive__cfg_529dc0e4494b,0006,4,435,0.28347688913345337,-0.8660835027694702
kidney-architecture-predictive__cfg_529dc0e4494b,0006,4,436,0.020251542329788208,0.009693981148302555
kidney-architecture-predictive__cfg_529dc0e4494b,0006,4,437,0.16889697313308716,-0.2843739688396454
kidney-architecture-predictive__cfg_529dc0e4494b,0006,4,438,0.2934461832046509,-0.8396477699279785
kidney-architecture-predictive__cfg_529dc0e4494b,0006,4,439,0.32107412815093994,-1.013642430305481
kidney-architecture-predictive__cfg_529dc0e4494b,0006,4,440,0.32245999574661255,-0.9098408222198486
kidney-architecture-predictive__cfg_529dc0e4494b,0006,4,441,0.15284773707389832,0.03211119771003723
kidney-architecture-predictive__cfg_529dc0e4494b,0006,4,442,0.3579113483428955,-0.9689257144927979
kidney-architecture-predictive__cfg_529dc0e4494b,0006,4,443,0.36770182847976685,-1.0334736108779907
kidney-architecture-predictive__cfg_529dc0e4494b,0006,4,444,0.04300658777356148,0.02741646021604538
kidney-architecture-predictive__cfg_529dc0e4494b,0006,4,445,0.05579232797026634,0.031983621418476105
kidney-architecture-predictive__cfg_529dc0e4494b,0006,4,446,0.02749381586909294,0.01710035279393196
kidney-architecture-predictive__cfg_529dc0e4494b,0006,4,447,0.4626114070415497,-1.1238279342651367
kidney-architecture-predictive__cfg_529dc0e4494b,0006,4,449,0.2671594023704529,-0.7827745079994202
kidney-architecture-predictive__cfg_529dc0e4494b,0006,4,450,0.11171877384185791,0.06386955827474594
kidney-architecture-predictive__cfg_529dc0e4494b,0006,4,451,0.0017435102490708232,0.00018678675405681133
kidney-architecture-predictive__cfg_529dc0e4494b,0006,4,452,0.02338092029094696,0.009031694382429123
kidney-architecture-predictive__cfg_529dc0e4494b,0006,4,453,0.0002682323392946273,6.870782090118155e-05
kidney-architecture-predictive__cfg_529dc0e4494b,0006,4,457,0.3169165253639221,-0.8626463413238525
kidney-architecture-predictive__cfg_529dc0e4494b,0006,4,459,0.28960153460502625,-0.9230116605758667
kidney-architecture-predictive__cfg_529dc0e4494b,0006,4,460,0.037194885313510895,0.023484719917178154
kidney-architecture-predictive__cfg_529dc0e4494b,0006,4,461,0.1670193374156952,-0.05572405457496643
kidney-architecture-predictive__cfg_529dc0e4494b,0006,4,463,0.21767055988311768,-0.5153918862342834
kidney-architecture-predictive__cfg_529dc0e4494b,0006,4,464,0.00415760139003396,0.0006847443291917443
kidney-architecture-predictive__cfg_529dc0e4494b,0006,4,465,0.031249068677425385,0.011033808812499046
kidney-architecture-predictive__cfg_529dc0e4494b,0006,4,466,0.015512770973145962,0.007238107733428478
kidney-architecture-predictive__cfg_529dc0e4494b,0006,4,467,0.009343426674604416,0.0033283329103142023
kidney-architecture-predictive__cfg_529dc0e4494b,0006,4,468,0.015736298635601997,0.007056979928165674
kidney-architecture-predictive__cfg_529dc0e4494b,0006,4,469,0.048058293759822845,0.03153581544756889
kidney-architecture-predictive__cfg_529dc0e4494b,0006,4,470,0.07438977062702179,0.02958047017455101
kidney-architecture-predictive__cfg_529dc0e4494b,0006,4,471,0.23483741283416748,-0.6580708026885986
kidney-architecture-predictive__cfg_529dc0e4494b,0006,4,472,0.005364647135138512,0.001227063126862049
kidney-architecture-predictive__cfg_529dc0e4494b,0006,4,473,0.22482341527938843,-0.4399147033691406
kidney-architecture-predictive__cfg_529dc0e4494b,0006,4,475,0.306187242269516,-0.9509474039077759
kidney-architecture-predictive__cfg_529dc0e4494b,0006,4,477,0.3631865978240967,-0.9994834661483765
kidney-architecture-predictive__cfg_529dc0e4494b,0006,4,478,0.042559534311294556,0.028513584285974503
kidney-architecture-predictive__cfg_529dc0e4494b,0006,4,479,0.05159002169966698,0.032196950167417526
kidney-architecture-predictive__cfg_529dc0e4494b,0006,4,480,0.275429904460907,-0.7686686515808105
kidney-architecture-predictive__cfg_529dc0e4494b,0006,4,481,0.17716747522354126,-0.2448742389678955
kidney-architecture-predictive__cfg_529dc0e4494b,0006,4,484,0.0075105056166648865,0.0020888098515570164
kidney-architecture-predictive__cfg_529dc0e4494b,0006,4,490,0.03612195700407028,-0.013170983642339706
kidney-architecture-predictive__cfg_529dc0e4494b,0006,4,491,0.3576878309249878,-1.0560804605484009
kidney-architecture-predictive__cfg_529dc0e4494b,0006,4,493,0.3124459981918335,-0.3220447301864624
kidney-architecture-predictive__cfg_529dc0e4494b,0006,4,494,0.35138437151908875,-1.0058563947677612
kidney-architecture-predictive__cfg_529dc0e4494b,0006,4,498,0.030802013352513313,0.01047016866505146
kidney-architecture-predictive__cfg_529dc0e4494b,0006,4,499,0.030802013352513313,0.01065218634903431
