source,role,model_id,task_id,grid_id,repetition,status,condition,label,head,family,weight_mode,head_weight,negative_weight,evidence,objective_json,initialization_seed,training_seed,artifact,weights_available,history_available,manifest,data_contract,backbone_contract,training_contract,config_matches_manifest,ready,duplicate_seed_condition,raw_label,model_alias,display_label,display_order,color,line_style,marker,tags_json
vpu_contractive_interaction_expanded,baseline,vpu_contractive_interaction_expanded/task_000090,task_000090,grid_0018,0,completed,86761a9f4d9e,"VPU + contrastive (T=0.30, w=0.01)",molecule_vpu,VariationalPULoss,none,0.2,0.0,{},"{""contrastive"": {""peak_permutation"": {""params"": {""annotation_bin_radius"": 0, ""peak_catalog_limit"": 4096, ""peak_sample_size"": 10000, ""peak_selection_method"": ""permutation_label_invariant"", ""permutation_bank_size"": 7000, ""permutation_selection_attempts"": 64, ""permuted_peaks_per_view"": 3, ""preserve_input_normalization"": true, ""temperature"": 0.3}, ""target"": ""InfoNCELoss"", ""weight"": 0.01}}, ""heads"": {""molecule_vpu"": {""vpu_alpha_1_beta_1"": {""params"": {""alpha"": 1.0, ""beta"": 1.0, ""consistency_weight"": 0.0, ""negative_weight"": 0.0, ""simulated_negative_weight"": 0.0}, ""target"": ""VariationalPULoss"", ""weight"": 0.2}}}, ""reconstruction"": {""masserstein"": {""target"": ""MassersteinLoss"", ""weight"": 1.0}}, ""regularization"": {}}",91154199,32238397,/home/max/repositories/MSIAutoEncoderWrapper/data/kidney_workspace/models/kidney/vpu-contractive-interaction-expanded-20260917-01__task_000090,True,True,/home/max/repositories/MSIAutoEncoderWrapper/data/kidney_workspace/configs/entropy-runs/vpu-contractive-interaction-expanded-20260917-01/plan/status/task_000090.yaml,ff133cd42f7af414ee3022e7947f94bcd301e0ce338f93da55895867ef10c9a7,63d67af42e30038bef1fbb98125bd6ccad588380dabc4de668acc50167a34723,9c45b8ce7b2670ab6183aa5a683303ad8a30e2b33cfa959710e256df75c47854,True,True,False,vpu_alpha_1_beta_1 (VariationalPULoss),vpu_contrastive_t030_w10m,"VPU + contrastive (T=0.30, w=0.01)",0,#D55E00,solid,s,"{""contractive"": false, ""contrastive"": true, ""family"": ""vpu"", ""temperature"": 0.3, ""weight"": 0.01}"
vpu_contractive_interaction_expanded,baseline,vpu_contractive_interaction_expanded/task_000091,task_000091,grid_0018,1,completed,86761a9f4d9e,"VPU + contrastive (T=0.30, w=0.01)",molecule_vpu,VariationalPULoss,none,0.2,0.0,{},"{""contrastive"": {""peak_permutation"": {""params"": {""annotation_bin_radius"": 0, ""peak_catalog_limit"": 4096, ""peak_sample_size"": 10000, ""peak_selection_method"": ""permutation_label_invariant"", ""permutation_bank_size"": 7000, ""permutation_selection_attempts"": 64, ""permuted_peaks_per_view"": 3, ""preserve_input_normalization"": true, ""temperature"": 0.3}, ""target"": ""InfoNCELoss"", ""weight"": 0.01}}, ""heads"": {""molecule_vpu"": {""vpu_alpha_1_beta_1"": {""params"": {""alpha"": 1.0, ""beta"": 1.0, ""consistency_weight"": 0.0, ""negative_weight"": 0.0, ""simulated_negative_weight"": 0.0}, ""target"": ""VariationalPULoss"", ""weight"": 0.2}}}, ""reconstruction"": {""masserstein"": {""target"": ""MassersteinLoss"", ""weight"": 1.0}}, ""regularization"": {}}",919377028,892754137,/home/max/repositories/MSIAutoEncoderWrapper/data/kidney_workspace/models/kidney/vpu-contractive-interaction-expanded-20260917-01__task_000091,True,True,/home/max/repositories/MSIAutoEncoderWrapper/data/kidney_workspace/configs/entropy-runs/vpu-contractive-interaction-expanded-20260917-01/plan/status/task_000091.yaml,ff133cd42f7af414ee3022e7947f94bcd301e0ce338f93da55895867ef10c9a7,63d67af42e30038bef1fbb98125bd6ccad588380dabc4de668acc50167a34723,9c45b8ce7b2670ab6183aa5a683303ad8a30e2b33cfa959710e256df75c47854,True,True,False,vpu_alpha_1_beta_1 (VariationalPULoss),vpu_contrastive_t030_w10m,"VPU + contrastive (T=0.30, w=0.01)",0,#D55E00,solid,s,"{""contractive"": false, ""contrastive"": true, ""family"": ""vpu"", ""temperature"": 0.3, ""weight"": 0.01}"
vpu_contractive_interaction_expanded,baseline,vpu_contractive_interaction_expanded/task_000092,task_000092,grid_0018,2,completed,86761a9f4d9e,"VPU + contrastive (T=0.30, w=0.01)",molecule_vpu,VariationalPULoss,none,0.2,0.0,{},"{""contrastive"": {""peak_permutation"": {""params"": {""annotation_bin_radius"": 0, ""peak_catalog_limit"": 4096, ""peak_sample_size"": 10000, ""peak_selection_method"": ""permutation_label_invariant"", ""permutation_bank_size"": 7000, ""permutation_selection_attempts"": 64, ""permuted_peaks_per_view"": 3, ""preserve_input_normalization"": true, ""temperature"": 0.3}, ""target"": ""InfoNCELoss"", ""weight"": 0.01}}, ""heads"": {""molecule_vpu"": {""vpu_alpha_1_beta_1"": {""params"": {""alpha"": 1.0, ""beta"": 1.0, ""consistency_weight"": 0.0, ""negative_weight"": 0.0, ""simulated_negative_weight"": 0.0}, ""target"": ""VariationalPULoss"", ""weight"": 0.2}}}, ""reconstruction"": {""masserstein"": {""target"": ""MassersteinLoss"", ""weight"": 1.0}}, ""regularization"": {}}",2136253289,442265914,/home/max/repositories/MSIAutoEncoderWrapper/data/kidney_workspace/models/kidney/vpu-contractive-interaction-expanded-20260917-01__task_000092,True,True,/home/max/repositories/MSIAutoEncoderWrapper/data/kidney_workspace/configs/entropy-runs/vpu-contractive-interaction-expanded-20260917-01/plan/status/task_000092.yaml,ff133cd42f7af414ee3022e7947f94bcd301e0ce338f93da55895867ef10c9a7,63d67af42e30038bef1fbb98125bd6ccad588380dabc4de668acc50167a34723,9c45b8ce7b2670ab6183aa5a683303ad8a30e2b33cfa959710e256df75c47854,True,True,False,vpu_alpha_1_beta_1 (VariationalPULoss),vpu_contrastive_t030_w10m,"VPU + contrastive (T=0.30, w=0.01)",0,#D55E00,solid,s,"{""contractive"": false, ""contrastive"": true, ""family"": ""vpu"", ""temperature"": 0.3, ""weight"": 0.01}"
vpu_contractive_interaction_expanded,baseline,vpu_contractive_interaction_expanded/task_000093,task_000093,grid_0018,3,completed,86761a9f4d9e,"VPU + contrastive (T=0.30, w=0.01)",molecule_vpu,VariationalPULoss,none,0.2,0.0,{},"{""contrastive"": {""peak_permutation"": {""params"": {""annotation_bin_radius"": 0, ""peak_catalog_limit"": 4096, ""peak_sample_size"": 10000, ""peak_selection_method"": ""permutation_label_invariant"", ""permutation_bank_size"": 7000, ""permutation_selection_attempts"": 64, ""permuted_peaks_per_view"": 3, ""preserve_input_normalization"": true, ""temperature"": 0.3}, ""target"": ""InfoNCELoss"", ""weight"": 0.01}}, ""heads"": {""molecule_vpu"": {""vpu_alpha_1_beta_1"": {""params"": {""alpha"": 1.0, ""beta"": 1.0, ""consistency_weight"": 0.0, ""negative_weight"": 0.0, ""simulated_negative_weight"": 0.0}, ""target"": ""VariationalPULoss"", ""weight"": 0.2}}}, ""reconstruction"": {""masserstein"": {""target"": ""MassersteinLoss"", ""weight"": 1.0}}, ""regularization"": {}}",276187349,194761695,/home/max/repositories/MSIAutoEncoderWrapper/data/kidney_workspace/models/kidney/vpu-contractive-interaction-expanded-20260917-01__task_000093,True,True,/home/max/repositories/MSIAutoEncoderWrapper/data/kidney_workspace/configs/entropy-runs/vpu-contractive-interaction-expanded-20260917-01/plan/status/task_000093.yaml,ff133cd42f7af414ee3022e7947f94bcd301e0ce338f93da55895867ef10c9a7,63d67af42e30038bef1fbb98125bd6ccad588380dabc4de668acc50167a34723,9c45b8ce7b2670ab6183aa5a683303ad8a30e2b33cfa959710e256df75c47854,True,True,False,vpu_alpha_1_beta_1 (VariationalPULoss),vpu_contrastive_t030_w10m,"VPU + contrastive (T=0.30, w=0.01)",0,#D55E00,solid,s,"{""contractive"": false, ""contrastive"": true, ""family"": ""vpu"", ""temperature"": 0.3, ""weight"": 0.01}"
vpu_contractive_interaction_expanded,baseline,vpu_contractive_interaction_expanded/task_000094,task_000094,grid_0018,4,completed,86761a9f4d9e,"VPU + contrastive (T=0.30, w=0.01)",molecule_vpu,VariationalPULoss,none,0.2,0.0,{},"{""contrastive"": {""peak_permutation"": {""params"": {""annotation_bin_radius"": 0, ""peak_catalog_limit"": 4096, ""peak_sample_size"": 10000, ""peak_selection_method"": ""permutation_label_invariant"", ""permutation_bank_size"": 7000, ""permutation_selection_attempts"": 64, ""permuted_peaks_per_view"": 3, ""preserve_input_normalization"": true, ""temperature"": 0.3}, ""target"": ""InfoNCELoss"", ""weight"": 0.01}}, ""heads"": {""molecule_vpu"": {""vpu_alpha_1_beta_1"": {""params"": {""alpha"": 1.0, ""beta"": 1.0, ""consistency_weight"": 0.0, ""negative_weight"": 0.0, ""simulated_negative_weight"": 0.0}, ""target"": ""VariationalPULoss"", ""weight"": 0.2}}}, ""reconstruction"": {""masserstein"": {""target"": ""MassersteinLoss"", ""weight"": 1.0}}, ""regularization"": {}}",1915557887,1927548799,/home/max/repositories/MSIAutoEncoderWrapper/data/kidney_workspace/models/kidney/vpu-contractive-interaction-expanded-20260917-01__task_000094,True,True,/home/max/repositories/MSIAutoEncoderWrapper/data/kidney_workspace/configs/entropy-runs/vpu-contractive-interaction-expanded-20260917-01/plan/status/task_000094.yaml,ff133cd42f7af414ee3022e7947f94bcd301e0ce338f93da55895867ef10c9a7,63d67af42e30038bef1fbb98125bd6ccad588380dabc4de668acc50167a34723,9c45b8ce7b2670ab6183aa5a683303ad8a30e2b33cfa959710e256df75c47854,True,True,False,vpu_alpha_1_beta_1 (VariationalPULoss),vpu_contrastive_t030_w10m,"VPU + contrastive (T=0.30, w=0.01)",0,#D55E00,solid,s,"{""contractive"": false, ""contrastive"": true, ""family"": ""vpu"", ""temperature"": 0.3, ""weight"": 0.01}"
vpu_jaccard_shortlist,candidate,vpu_jaccard_shortlist/task_000000,task_000000,grid_0000,0,completed,6fa58acee68e,"VPU + contrastive (T=0.30, w=0.01, j=0.1)",molecule_vpu,VariationalPULoss,none,0.2,0.0,{},"{""contrastive"": {""peak_permutation"": {""params"": {""annotation_bin_radius"": 0, ""negative_weighting_method"": ""multilabel_jaccard"", ""overlapping_label_negative_weight"": 0.1, ""peak_catalog_limit"": 4096, ""peak_sample_size"": 10000, ""peak_selection_method"": ""permutation_label_invariant"", ""permutation_bank_size"": 7000, ""permutation_selection_attempts"": 64, ""permuted_peaks_per_view"": 3, ""preserve_input_normalization"": true, ""temperature"": 0.3}, ""target"": ""InfoNCELoss"", ""weight"": 0.01}}, ""heads"": {""molecule_vpu"": {""vpu_alpha_1_beta_1"": {""params"": {""alpha"": 1.0, ""beta"": 1.0, ""consistency_weight"": 0.0, ""negative_weight"": 0.0, ""simulated_negative_weight"": 0.0}, ""target"": ""VariationalPULoss"", ""weight"": 0.2}}}, ""reconstruction"": {""masserstein"": {""target"": ""MassersteinLoss"", ""weight"": 1.0}}}",91154199,32238397,/home/max/repositories/MSIAutoEncoderWrapper/data/kidney_workspace/models/kidney/vpu-jaccard-20260919-01__task_000000,True,True,/home/max/repositories/MSIAutoEncoderWrapper/data/kidney_workspace/configs/entropy-runs/vpu-jaccard-20260919-01/plan/status/task_000000.yaml,ff133cd42f7af414ee3022e7947f94bcd301e0ce338f93da55895867ef10c9a7,63d67af42e30038bef1fbb98125bd6ccad588380dabc4de668acc50167a34723,996f03881252ee592901be2a63c47fc66b85a4fbf68eb7e4aec11b6f5e01e862,True,True,False,vpu_alpha_1_beta_1 (VariationalPULoss),vpu_contrastive_t030_w10m_j10,"VPU + contrastive (T=0.30, w=0.01, j=0.1)",1,#D55E00,solid,o,"{""contractive"": false, ""contrastive"": true, ""family"": ""vpu"", ""jaccard_weight"": 0.1, ""temperature"": 0.3, ""weight"": 0.01}"
vpu_jaccard_shortlist,candidate,vpu_jaccard_shortlist/task_000001,task_000001,grid_0000,1,completed,6fa58acee68e,"VPU + contrastive (T=0.30, w=0.01, j=0.1)",molecule_vpu,VariationalPULoss,none,0.2,0.0,{},"{""contrastive"": {""peak_permutation"": {""params"": {""annotation_bin_radius"": 0, ""negative_weighting_method"": ""multilabel_jaccard"", ""overlapping_label_negative_weight"": 0.1, ""peak_catalog_limit"": 4096, ""peak_sample_size"": 10000, ""peak_selection_method"": ""permutation_label_invariant"", ""permutation_bank_size"": 7000, ""permutation_selection_attempts"": 64, ""permuted_peaks_per_view"": 3, ""preserve_input_normalization"": true, ""temperature"": 0.3}, ""target"": ""InfoNCELoss"", ""weight"": 0.01}}, ""heads"": {""molecule_vpu"": {""vpu_alpha_1_beta_1"": {""params"": {""alpha"": 1.0, ""beta"": 1.0, ""consistency_weight"": 0.0, ""negative_weight"": 0.0, ""simulated_negative_weight"": 0.0}, ""target"": ""VariationalPULoss"", ""weight"": 0.2}}}, ""reconstruction"": {""masserstein"": {""target"": ""MassersteinLoss"", ""weight"": 1.0}}}",919377028,892754137,/home/max/repositories/MSIAutoEncoderWrapper/data/kidney_workspace/models/kidney/vpu-jaccard-20260919-01__task_000001,True,True,/home/max/repositories/MSIAutoEncoderWrapper/data/kidney_workspace/configs/entropy-runs/vpu-jaccard-20260919-01/plan/status/task_000001.yaml,ff133cd42f7af414ee3022e7947f94bcd301e0ce338f93da55895867ef10c9a7,63d67af42e30038bef1fbb98125bd6ccad588380dabc4de668acc50167a34723,996f03881252ee592901be2a63c47fc66b85a4fbf68eb7e4aec11b6f5e01e862,True,True,False,vpu_alpha_1_beta_1 (VariationalPULoss),vpu_contrastive_t030_w10m_j10,"VPU + contrastive (T=0.30, w=0.01, j=0.1)",1,#D55E00,solid,o,"{""contractive"": false, ""contrastive"": true, ""family"": ""vpu"", ""jaccard_weight"": 0.1, ""temperature"": 0.3, ""weight"": 0.01}"
vpu_jaccard_shortlist,candidate,vpu_jaccard_shortlist/task_000002,task_000002,grid_0000,2,completed,6fa58acee68e,"VPU + contrastive (T=0.30, w=0.01, j=0.1)",molecule_vpu,VariationalPULoss,none,0.2,0.0,{},"{""contrastive"": {""peak_permutation"": {""params"": {""annotation_bin_radius"": 0, ""negative_weighting_method"": ""multilabel_jaccard"", ""overlapping_label_negative_weight"": 0.1, ""peak_catalog_limit"": 4096, ""peak_sample_size"": 10000, ""peak_selection_method"": ""permutation_label_invariant"", ""permutation_bank_size"": 7000, ""permutation_selection_attempts"": 64, ""permuted_peaks_per_view"": 3, ""preserve_input_normalization"": true, ""temperature"": 0.3}, ""target"": ""InfoNCELoss"", ""weight"": 0.01}}, ""heads"": {""molecule_vpu"": {""vpu_alpha_1_beta_1"": {""params"": {""alpha"": 1.0, ""beta"": 1.0, ""consistency_weight"": 0.0, ""negative_weight"": 0.0, ""simulated_negative_weight"": 0.0}, ""target"": ""VariationalPULoss"", ""weight"": 0.2}}}, ""reconstruction"": {""masserstein"": {""target"": ""MassersteinLoss"", ""weight"": 1.0}}}",2136253289,442265914,/home/max/repositories/MSIAutoEncoderWrapper/data/kidney_workspace/models/kidney/vpu-jaccard-20260919-01__task_000002,True,True,/home/max/repositories/MSIAutoEncoderWrapper/data/kidney_workspace/configs/entropy-runs/vpu-jaccard-20260919-01/plan/status/task_000002.yaml,ff133cd42f7af414ee3022e7947f94bcd301e0ce338f93da55895867ef10c9a7,63d67af42e30038bef1fbb98125bd6ccad588380dabc4de668acc50167a34723,996f03881252ee592901be2a63c47fc66b85a4fbf68eb7e4aec11b6f5e01e862,True,True,False,vpu_alpha_1_beta_1 (VariationalPULoss),vpu_contrastive_t030_w10m_j10,"VPU + contrastive (T=0.30, w=0.01, j=0.1)",1,#D55E00,solid,o,"{""contractive"": false, ""contrastive"": true, ""family"": ""vpu"", ""jaccard_weight"": 0.1, ""temperature"": 0.3, ""weight"": 0.01}"
vpu_jaccard_shortlist,candidate,vpu_jaccard_shortlist/task_000003,task_000003,grid_0000,3,completed,6fa58acee68e,"VPU + contrastive (T=0.30, w=0.01, j=0.1)",molecule_vpu,VariationalPULoss,none,0.2,0.0,{},"{""contrastive"": {""peak_permutation"": {""params"": {""annotation_bin_radius"": 0, ""negative_weighting_method"": ""multilabel_jaccard"", ""overlapping_label_negative_weight"": 0.1, ""peak_catalog_limit"": 4096, ""peak_sample_size"": 10000, ""peak_selection_method"": ""permutation_label_invariant"", ""permutation_bank_size"": 7000, ""permutation_selection_attempts"": 64, ""permuted_peaks_per_view"": 3, ""preserve_input_normalization"": true, ""temperature"": 0.3}, ""target"": ""InfoNCELoss"", ""weight"": 0.01}}, ""heads"": {""molecule_vpu"": {""vpu_alpha_1_beta_1"": {""params"": {""alpha"": 1.0, ""beta"": 1.0, ""consistency_weight"": 0.0, ""negative_weight"": 0.0, ""simulated_negative_weight"": 0.0}, ""target"": ""VariationalPULoss"", ""weight"": 0.2}}}, ""reconstruction"": {""masserstein"": {""target"": ""MassersteinLoss"", ""weight"": 1.0}}}",276187349,194761695,/home/max/repositories/MSIAutoEncoderWrapper/data/kidney_workspace/models/kidney/vpu-jaccard-20260919-01__task_000003,True,True,/home/max/repositories/MSIAutoEncoderWrapper/data/kidney_workspace/configs/entropy-runs/vpu-jaccard-20260919-01/plan/status/task_000003.yaml,ff133cd42f7af414ee3022e7947f94bcd301e0ce338f93da55895867ef10c9a7,63d67af42e30038bef1fbb98125bd6ccad588380dabc4de668acc50167a34723,996f03881252ee592901be2a63c47fc66b85a4fbf68eb7e4aec11b6f5e01e862,True,True,False,vpu_alpha_1_beta_1 (VariationalPULoss),vpu_contrastive_t030_w10m_j10,"VPU + contrastive (T=0.30, w=0.01, j=0.1)",1,#D55E00,solid,o,"{""contractive"": false, ""contrastive"": true, ""family"": ""vpu"", ""jaccard_weight"": 0.1, ""temperature"": 0.3, ""weight"": 0.01}"
vpu_jaccard_shortlist,candidate,vpu_jaccard_shortlist/task_000004,task_000004,grid_0000,4,completed,6fa58acee68e,"VPU + contrastive (T=0.30, w=0.01, j=0.1)",molecule_vpu,VariationalPULoss,none,0.2,0.0,{},"{""contrastive"": {""peak_permutation"": {""params"": {""annotation_bin_radius"": 0, ""negative_weighting_method"": ""multilabel_jaccard"", ""overlapping_label_negative_weight"": 0.1, ""peak_catalog_limit"": 4096, ""peak_sample_size"": 10000, ""peak_selection_method"": ""permutation_label_invariant"", ""permutation_bank_size"": 7000, ""permutation_selection_attempts"": 64, ""permuted_peaks_per_view"": 3, ""preserve_input_normalization"": true, ""temperature"": 0.3}, ""target"": ""InfoNCELoss"", ""weight"": 0.01}}, ""heads"": {""molecule_vpu"": {""vpu_alpha_1_beta_1"": {""params"": {""alpha"": 1.0, ""beta"": 1.0, ""consistency_weight"": 0.0, ""negative_weight"": 0.0, ""simulated_negative_weight"": 0.0}, ""target"": ""VariationalPULoss"", ""weight"": 0.2}}}, ""reconstruction"": {""masserstein"": {""target"": ""MassersteinLoss"", ""weight"": 1.0}}}",1915557887,1927548799,/home/max/repositories/MSIAutoEncoderWrapper/data/kidney_workspace/models/kidney/vpu-jaccard-20260919-01__task_000004,True,True,/home/max/repositories/MSIAutoEncoderWrapper/data/kidney_workspace/configs/entropy-runs/vpu-jaccard-20260919-01/plan/status/task_000004.yaml,ff133cd42f7af414ee3022e7947f94bcd301e0ce338f93da55895867ef10c9a7,63d67af42e30038bef1fbb98125bd6ccad588380dabc4de668acc50167a34723,996f03881252ee592901be2a63c47fc66b85a4fbf68eb7e4aec11b6f5e01e862,True,True,False,vpu_alpha_1_beta_1 (VariationalPULoss),vpu_contrastive_t030_w10m_j10,"VPU + contrastive (T=0.30, w=0.01, j=0.1)",1,#D55E00,solid,o,"{""contractive"": false, ""contrastive"": true, ""family"": ""vpu"", ""jaccard_weight"": 0.1, ""temperature"": 0.3, ""weight"": 0.01}"
vpu_jaccard_shortlist,candidate,vpu_jaccard_shortlist/task_000005,task_000005,grid_0001,0,completed,42caa0479278,"VPU + contrastive (T=0.30, w=0.01, j=0.25)",molecule_vpu,VariationalPULoss,none,0.2,0.0,{},"{""contrastive"": {""peak_permutation"": {""params"": {""annotation_bin_radius"": 0, ""negative_weighting_method"": ""multilabel_jaccard"", ""overlapping_label_negative_weight"": 0.25, ""peak_catalog_limit"": 4096, ""peak_sample_size"": 10000, ""peak_selection_method"": ""permutation_label_invariant"", ""permutation_bank_size"": 7000, ""permutation_selection_attempts"": 64, ""permuted_peaks_per_view"": 3, ""preserve_input_normalization"": true, ""temperature"": 0.3}, ""target"": ""InfoNCELoss"", ""weight"": 0.01}}, ""heads"": {""molecule_vpu"": {""vpu_alpha_1_beta_1"": {""params"": {""alpha"": 1.0, ""beta"": 1.0, ""consistency_weight"": 0.0, ""negative_weight"": 0.0, ""simulated_negative_weight"": 0.0}, ""target"": ""VariationalPULoss"", ""weight"": 0.2}}}, ""reconstruction"": {""masserstein"": {""target"": ""MassersteinLoss"", ""weight"": 1.0}}}",91154199,32238397,/home/max/repositories/MSIAutoEncoderWrapper/data/kidney_workspace/models/kidney/vpu-jaccard-20260919-01__task_000005,True,True,/home/max/repositories/MSIAutoEncoderWrapper/data/kidney_workspace/configs/entropy-runs/vpu-jaccard-20260919-01/plan/status/task_000005.yaml,ff133cd42f7af414ee3022e7947f94bcd301e0ce338f93da55895867ef10c9a7,63d67af42e30038bef1fbb98125bd6ccad588380dabc4de668acc50167a34723,8c59516028b3d95076a6662a3007d9766b103c15d7ef349357dff89bd043c1fa,True,True,False,vpu_alpha_1_beta_1 (VariationalPULoss),vpu_contrastive_t030_w10m_j25,"VPU + contrastive (T=0.30, w=0.01, j=0.25)",2,#D55E00,solid,s,"{""contractive"": false, ""contrastive"": true, ""family"": ""vpu"", ""jaccard_weight"": 0.25, ""temperature"": 0.3, ""weight"": 0.01}"
vpu_jaccard_shortlist,candidate,vpu_jaccard_shortlist/task_000006,task_000006,grid_0001,1,completed,42caa0479278,"VPU + contrastive (T=0.30, w=0.01, j=0.25)",molecule_vpu,VariationalPULoss,none,0.2,0.0,{},"{""contrastive"": {""peak_permutation"": {""params"": {""annotation_bin_radius"": 0, ""negative_weighting_method"": ""multilabel_jaccard"", ""overlapping_label_negative_weight"": 0.25, ""peak_catalog_limit"": 4096, ""peak_sample_size"": 10000, ""peak_selection_method"": ""permutation_label_invariant"", ""permutation_bank_size"": 7000, ""permutation_selection_attempts"": 64, ""permuted_peaks_per_view"": 3, ""preserve_input_normalization"": true, ""temperature"": 0.3}, ""target"": ""InfoNCELoss"", ""weight"": 0.01}}, ""heads"": {""molecule_vpu"": {""vpu_alpha_1_beta_1"": {""params"": {""alpha"": 1.0, ""beta"": 1.0, ""consistency_weight"": 0.0, ""negative_weight"": 0.0, ""simulated_negative_weight"": 0.0}, ""target"": ""VariationalPULoss"", ""weight"": 0.2}}}, ""reconstruction"": {""masserstein"": {""target"": ""MassersteinLoss"", ""weight"": 1.0}}}",919377028,892754137,/home/max/repositories/MSIAutoEncoderWrapper/data/kidney_workspace/models/kidney/vpu-jaccard-20260919-01__task_000006,True,True,/home/max/repositories/MSIAutoEncoderWrapper/data/kidney_workspace/configs/entropy-runs/vpu-jaccard-20260919-01/plan/status/task_000006.yaml,ff133cd42f7af414ee3022e7947f94bcd301e0ce338f93da55895867ef10c9a7,63d67af42e30038bef1fbb98125bd6ccad588380dabc4de668acc50167a34723,8c59516028b3d95076a6662a3007d9766b103c15d7ef349357dff89bd043c1fa,True,True,False,vpu_alpha_1_beta_1 (VariationalPULoss),vpu_contrastive_t030_w10m_j25,"VPU + contrastive (T=0.30, w=0.01, j=0.25)",2,#D55E00,solid,s,"{""contractive"": false, ""contrastive"": true, ""family"": ""vpu"", ""jaccard_weight"": 0.25, ""temperature"": 0.3, ""weight"": 0.01}"
vpu_jaccard_shortlist,candidate,vpu_jaccard_shortlist/task_000007,task_000007,grid_0001,2,completed,42caa0479278,"VPU + contrastive (T=0.30, w=0.01, j=0.25)",molecule_vpu,VariationalPULoss,none,0.2,0.0,{},"{""contrastive"": {""peak_permutation"": {""params"": {""annotation_bin_radius"": 0, ""negative_weighting_method"": ""multilabel_jaccard"", ""overlapping_label_negative_weight"": 0.25, ""peak_catalog_limit"": 4096, ""peak_sample_size"": 10000, ""peak_selection_method"": ""permutation_label_invariant"", ""permutation_bank_size"": 7000, ""permutation_selection_attempts"": 64, ""permuted_peaks_per_view"": 3, ""preserve_input_normalization"": true, ""temperature"": 0.3}, ""target"": ""InfoNCELoss"", ""weight"": 0.01}}, ""heads"": {""molecule_vpu"": {""vpu_alpha_1_beta_1"": {""params"": {""alpha"": 1.0, ""beta"": 1.0, ""consistency_weight"": 0.0, ""negative_weight"": 0.0, ""simulated_negative_weight"": 0.0}, ""target"": ""VariationalPULoss"", ""weight"": 0.2}}}, ""reconstruction"": {""masserstein"": {""target"": ""MassersteinLoss"", ""weight"": 1.0}}}",2136253289,442265914,/home/max/repositories/MSIAutoEncoderWrapper/data/kidney_workspace/models/kidney/vpu-jaccard-20260919-01__task_000007,True,True,/home/max/repositories/MSIAutoEncoderWrapper/data/kidney_workspace/configs/entropy-runs/vpu-jaccard-20260919-01/plan/status/task_000007.yaml,ff133cd42f7af414ee3022e7947f94bcd301e0ce338f93da55895867ef10c9a7,63d67af42e30038bef1fbb98125bd6ccad588380dabc4de668acc50167a34723,8c59516028b3d95076a6662a3007d9766b103c15d7ef349357dff89bd043c1fa,True,True,False,vpu_alpha_1_beta_1 (VariationalPULoss),vpu_contrastive_t030_w10m_j25,"VPU + contrastive (T=0.30, w=0.01, j=0.25)",2,#D55E00,solid,s,"{""contractive"": false, ""contrastive"": true, ""family"": ""vpu"", ""jaccard_weight"": 0.25, ""temperature"": 0.3, ""weight"": 0.01}"
vpu_jaccard_shortlist,candidate,vpu_jaccard_shortlist/task_000008,task_000008,grid_0001,3,completed,42caa0479278,"VPU + contrastive (T=0.30, w=0.01, j=0.25)",molecule_vpu,VariationalPULoss,none,0.2,0.0,{},"{""contrastive"": {""peak_permutation"": {""params"": {""annotation_bin_radius"": 0, ""negative_weighting_method"": ""multilabel_jaccard"", ""overlapping_label_negative_weight"": 0.25, ""peak_catalog_limit"": 4096, ""peak_sample_size"": 10000, ""peak_selection_method"": ""permutation_label_invariant"", ""permutation_bank_size"": 7000, ""permutation_selection_attempts"": 64, ""permuted_peaks_per_view"": 3, ""preserve_input_normalization"": true, ""temperature"": 0.3}, ""target"": ""InfoNCELoss"", ""weight"": 0.01}}, ""heads"": {""molecule_vpu"": {""vpu_alpha_1_beta_1"": {""params"": {""alpha"": 1.0, ""beta"": 1.0, ""consistency_weight"": 0.0, ""negative_weight"": 0.0, ""simulated_negative_weight"": 0.0}, ""target"": ""VariationalPULoss"", ""weight"": 0.2}}}, ""reconstruction"": {""masserstein"": {""target"": ""MassersteinLoss"", ""weight"": 1.0}}}",276187349,194761695,/home/max/repositories/MSIAutoEncoderWrapper/data/kidney_workspace/models/kidney/vpu-jaccard-20260919-01__task_000008,True,True,/home/max/repositories/MSIAutoEncoderWrapper/data/kidney_workspace/configs/entropy-runs/vpu-jaccard-20260919-01/plan/status/task_000008.yaml,ff133cd42f7af414ee3022e7947f94bcd301e0ce338f93da55895867ef10c9a7,63d67af42e30038bef1fbb98125bd6ccad588380dabc4de668acc50167a34723,8c59516028b3d95076a6662a3007d9766b103c15d7ef349357dff89bd043c1fa,True,True,False,vpu_alpha_1_beta_1 (VariationalPULoss),vpu_contrastive_t030_w10m_j25,"VPU + contrastive (T=0.30, w=0.01, j=0.25)",2,#D55E00,solid,s,"{""contractive"": false, ""contrastive"": true, ""family"": ""vpu"", ""jaccard_weight"": 0.25, ""temperature"": 0.3, ""weight"": 0.01}"
vpu_jaccard_shortlist,candidate,vpu_jaccard_shortlist/task_000009,task_000009,grid_0001,4,completed,42caa0479278,"VPU + contrastive (T=0.30, w=0.01, j=0.25)",molecule_vpu,VariationalPULoss,none,0.2,0.0,{},"{""contrastive"": {""peak_permutation"": {""params"": {""annotation_bin_radius"": 0, ""negative_weighting_method"": ""multilabel_jaccard"", ""overlapping_label_negative_weight"": 0.25, ""peak_catalog_limit"": 4096, ""peak_sample_size"": 10000, ""peak_selection_method"": ""permutation_label_invariant"", ""permutation_bank_size"": 7000, ""permutation_selection_attempts"": 64, ""permuted_peaks_per_view"": 3, ""preserve_input_normalization"": true, ""temperature"": 0.3}, ""target"": ""InfoNCELoss"", ""weight"": 0.01}}, ""heads"": {""molecule_vpu"": {""vpu_alpha_1_beta_1"": {""params"": {""alpha"": 1.0, ""beta"": 1.0, ""consistency_weight"": 0.0, ""negative_weight"": 0.0, ""simulated_negative_weight"": 0.0}, ""target"": ""VariationalPULoss"", ""weight"": 0.2}}}, ""reconstruction"": {""masserstein"": {""target"": ""MassersteinLoss"", ""weight"": 1.0}}}",1915557887,1927548799,/home/max/repositories/MSIAutoEncoderWrapper/data/kidney_workspace/models/kidney/vpu-jaccard-20260919-01__task_000009,True,True,/home/max/repositories/MSIAutoEncoderWrapper/data/kidney_workspace/configs/entropy-runs/vpu-jaccard-20260919-01/plan/status/task_000009.yaml,ff133cd42f7af414ee3022e7947f94bcd301e0ce338f93da55895867ef10c9a7,63d67af42e30038bef1fbb98125bd6ccad588380dabc4de668acc50167a34723,8c59516028b3d95076a6662a3007d9766b103c15d7ef349357dff89bd043c1fa,True,True,False,vpu_alpha_1_beta_1 (VariationalPULoss),vpu_contrastive_t030_w10m_j25,"VPU + contrastive (T=0.30, w=0.01, j=0.25)",2,#D55E00,solid,s,"{""contractive"": false, ""contrastive"": true, ""family"": ""vpu"", ""jaccard_weight"": 0.25, ""temperature"": 0.3, ""weight"": 0.01}"
vpu_jaccard_shortlist,candidate,vpu_jaccard_shortlist/task_000010,task_000010,grid_0002,0,completed,cb16b50660ed,"VPU + contrastive (T=0.30, w=0.01, j=0.5)",molecule_vpu,VariationalPULoss,none,0.2,0.0,{},"{""contrastive"": {""peak_permutation"": {""params"": {""annotation_bin_radius"": 0, ""negative_weighting_method"": ""multilabel_jaccard"", ""overlapping_label_negative_weight"": 0.5, ""peak_catalog_limit"": 4096, ""peak_sample_size"": 10000, ""peak_selection_method"": ""permutation_label_invariant"", ""permutation_bank_size"": 7000, ""permutation_selection_attempts"": 64, ""permuted_peaks_per_view"": 3, ""preserve_input_normalization"": true, ""temperature"": 0.3}, ""target"": ""InfoNCELoss"", ""weight"": 0.01}}, ""heads"": {""molecule_vpu"": {""vpu_alpha_1_beta_1"": {""params"": {""alpha"": 1.0, ""beta"": 1.0, ""consistency_weight"": 0.0, ""negative_weight"": 0.0, ""simulated_negative_weight"": 0.0}, ""target"": ""VariationalPULoss"", ""weight"": 0.2}}}, ""reconstruction"": {""masserstein"": {""target"": ""MassersteinLoss"", ""weight"": 1.0}}}",91154199,32238397,/home/max/repositories/MSIAutoEncoderWrapper/data/kidney_workspace/models/kidney/vpu-jaccard-20260919-01__task_000010,True,True,/home/max/repositories/MSIAutoEncoderWrapper/data/kidney_workspace/configs/entropy-runs/vpu-jaccard-20260919-01/plan/status/task_000010.yaml,ff133cd42f7af414ee3022e7947f94bcd301e0ce338f93da55895867ef10c9a7,63d67af42e30038bef1fbb98125bd6ccad588380dabc4de668acc50167a34723,38cf7623ea4ade151038aacc8cdd8dd3ef621c58493bbec5e6ebacaf9adf583b,True,True,False,vpu_alpha_1_beta_1 (VariationalPULoss),vpu_contrastive_t030_w10m_j50,"VPU + contrastive (T=0.30, w=0.01, j=0.5)",3,#D55E00,solid,^,"{""contractive"": false, ""contrastive"": true, ""family"": ""vpu"", ""jaccard_weight"": 0.5, ""temperature"": 0.3, ""weight"": 0.01}"
vpu_jaccard_shortlist,candidate,vpu_jaccard_shortlist/task_000011,task_000011,grid_0002,1,completed,cb16b50660ed,"VPU + contrastive (T=0.30, w=0.01, j=0.5)",molecule_vpu,VariationalPULoss,none,0.2,0.0,{},"{""contrastive"": {""peak_permutation"": {""params"": {""annotation_bin_radius"": 0, ""negative_weighting_method"": ""multilabel_jaccard"", ""overlapping_label_negative_weight"": 0.5, ""peak_catalog_limit"": 4096, ""peak_sample_size"": 10000, ""peak_selection_method"": ""permutation_label_invariant"", ""permutation_bank_size"": 7000, ""permutation_selection_attempts"": 64, ""permuted_peaks_per_view"": 3, ""preserve_input_normalization"": true, ""temperature"": 0.3}, ""target"": ""InfoNCELoss"", ""weight"": 0.01}}, ""heads"": {""molecule_vpu"": {""vpu_alpha_1_beta_1"": {""params"": {""alpha"": 1.0, ""beta"": 1.0, ""consistency_weight"": 0.0, ""negative_weight"": 0.0, ""simulated_negative_weight"": 0.0}, ""target"": ""VariationalPULoss"", ""weight"": 0.2}}}, ""reconstruction"": {""masserstein"": {""target"": ""MassersteinLoss"", ""weight"": 1.0}}}",919377028,892754137,/home/max/repositories/MSIAutoEncoderWrapper/data/kidney_workspace/models/kidney/vpu-jaccard-20260919-01__task_000011,True,True,/home/max/repositories/MSIAutoEncoderWrapper/data/kidney_workspace/configs/entropy-runs/vpu-jaccard-20260919-01/plan/status/task_000011.yaml,ff133cd42f7af414ee3022e7947f94bcd301e0ce338f93da55895867ef10c9a7,63d67af42e30038bef1fbb98125bd6ccad588380dabc4de668acc50167a34723,38cf7623ea4ade151038aacc8cdd8dd3ef621c58493bbec5e6ebacaf9adf583b,True,True,False,vpu_alpha_1_beta_1 (VariationalPULoss),vpu_contrastive_t030_w10m_j50,"VPU + contrastive (T=0.30, w=0.01, j=0.5)",3,#D55E00,solid,^,"{""contractive"": false, ""contrastive"": true, ""family"": ""vpu"", ""jaccard_weight"": 0.5, ""temperature"": 0.3, ""weight"": 0.01}"
vpu_jaccard_shortlist,candidate,vpu_jaccard_shortlist/task_000012,task_000012,grid_0002,2,completed,cb16b50660ed,"VPU + contrastive (T=0.30, w=0.01, j=0.5)",molecule_vpu,VariationalPULoss,none,0.2,0.0,{},"{""contrastive"": {""peak_permutation"": {""params"": {""annotation_bin_radius"": 0, ""negative_weighting_method"": ""multilabel_jaccard"", ""overlapping_label_negative_weight"": 0.5, ""peak_catalog_limit"": 4096, ""peak_sample_size"": 10000, ""peak_selection_method"": ""permutation_label_invariant"", ""permutation_bank_size"": 7000, ""permutation_selection_attempts"": 64, ""permuted_peaks_per_view"": 3, ""preserve_input_normalization"": true, ""temperature"": 0.3}, ""target"": ""InfoNCELoss"", ""weight"": 0.01}}, ""heads"": {""molecule_vpu"": {""vpu_alpha_1_beta_1"": {""params"": {""alpha"": 1.0, ""beta"": 1.0, ""consistency_weight"": 0.0, ""negative_weight"": 0.0, ""simulated_negative_weight"": 0.0}, ""target"": ""VariationalPULoss"", ""weight"": 0.2}}}, ""reconstruction"": {""masserstein"": {""target"": ""MassersteinLoss"", ""weight"": 1.0}}}",2136253289,442265914,/home/max/repositories/MSIAutoEncoderWrapper/data/kidney_workspace/models/kidney/vpu-jaccard-20260919-01__task_000012,True,True,/home/max/repositories/MSIAutoEncoderWrapper/data/kidney_workspace/configs/entropy-runs/vpu-jaccard-20260919-01/plan/status/task_000012.yaml,ff133cd42f7af414ee3022e7947f94bcd301e0ce338f93da55895867ef10c9a7,63d67af42e30038bef1fbb98125bd6ccad588380dabc4de668acc50167a34723,38cf7623ea4ade151038aacc8cdd8dd3ef621c58493bbec5e6ebacaf9adf583b,True,True,False,vpu_alpha_1_beta_1 (VariationalPULoss),vpu_contrastive_t030_w10m_j50,"VPU + contrastive (T=0.30, w=0.01, j=0.5)",3,#D55E00,solid,^,"{""contractive"": false, ""contrastive"": true, ""family"": ""vpu"", ""jaccard_weight"": 0.5, ""temperature"": 0.3, ""weight"": 0.01}"
vpu_jaccard_shortlist,candidate,vpu_jaccard_shortlist/task_000013,task_000013,grid_0002,3,completed,cb16b50660ed,"VPU + contrastive (T=0.30, w=0.01, j=0.5)",molecule_vpu,VariationalPULoss,none,0.2,0.0,{},"{""contrastive"": {""peak_permutation"": {""params"": {""annotation_bin_radius"": 0, ""negative_weighting_method"": ""multilabel_jaccard"", ""overlapping_label_negative_weight"": 0.5, ""peak_catalog_limit"": 4096, ""peak_sample_size"": 10000, ""peak_selection_method"": ""permutation_label_invariant"", ""permutation_bank_size"": 7000, ""permutation_selection_attempts"": 64, ""permuted_peaks_per_view"": 3, ""preserve_input_normalization"": true, ""temperature"": 0.3}, ""target"": ""InfoNCELoss"", ""weight"": 0.01}}, ""heads"": {""molecule_vpu"": {""vpu_alpha_1_beta_1"": {""params"": {""alpha"": 1.0, ""beta"": 1.0, ""consistency_weight"": 0.0, ""negative_weight"": 0.0, ""simulated_negative_weight"": 0.0}, ""target"": ""VariationalPULoss"", ""weight"": 0.2}}}, ""reconstruction"": {""masserstein"": {""target"": ""MassersteinLoss"", ""weight"": 1.0}}}",276187349,194761695,/home/max/repositories/MSIAutoEncoderWrapper/data/kidney_workspace/models/kidney/vpu-jaccard-20260919-01__task_000013,True,True,/home/max/repositories/MSIAutoEncoderWrapper/data/kidney_workspace/configs/entropy-runs/vpu-jaccard-20260919-01/plan/status/task_000013.yaml,ff133cd42f7af414ee3022e7947f94bcd301e0ce338f93da55895867ef10c9a7,63d67af42e30038bef1fbb98125bd6ccad588380dabc4de668acc50167a34723,38cf7623ea4ade151038aacc8cdd8dd3ef621c58493bbec5e6ebacaf9adf583b,True,True,False,vpu_alpha_1_beta_1 (VariationalPULoss),vpu_contrastive_t030_w10m_j50,"VPU + contrastive (T=0.30, w=0.01, j=0.5)",3,#D55E00,solid,^,"{""contractive"": false, ""contrastive"": true, ""family"": ""vpu"", ""jaccard_weight"": 0.5, ""temperature"": 0.3, ""weight"": 0.01}"
vpu_jaccard_shortlist,candidate,vpu_jaccard_shortlist/task_000014,task_000014,grid_0002,4,completed,cb16b50660ed,"VPU + contrastive (T=0.30, w=0.01, j=0.5)",molecule_vpu,VariationalPULoss,none,0.2,0.0,{},"{""contrastive"": {""peak_permutation"": {""params"": {""annotation_bin_radius"": 0, ""negative_weighting_method"": ""multilabel_jaccard"", ""overlapping_label_negative_weight"": 0.5, ""peak_catalog_limit"": 4096, ""peak_sample_size"": 10000, ""peak_selection_method"": ""permutation_label_invariant"", ""permutation_bank_size"": 7000, ""permutation_selection_attempts"": 64, ""permuted_peaks_per_view"": 3, ""preserve_input_normalization"": true, ""temperature"": 0.3}, ""target"": ""InfoNCELoss"", ""weight"": 0.01}}, ""heads"": {""molecule_vpu"": {""vpu_alpha_1_beta_1"": {""params"": {""alpha"": 1.0, ""beta"": 1.0, ""consistency_weight"": 0.0, ""negative_weight"": 0.0, ""simulated_negative_weight"": 0.0}, ""target"": ""VariationalPULoss"", ""weight"": 0.2}}}, ""reconstruction"": {""masserstein"": {""target"": ""MassersteinLoss"", ""weight"": 1.0}}}",1915557887,1927548799,/home/max/repositories/MSIAutoEncoderWrapper/data/kidney_workspace/models/kidney/vpu-jaccard-20260919-01__task_000014,True,True,/home/max/repositories/MSIAutoEncoderWrapper/data/kidney_workspace/configs/entropy-runs/vpu-jaccard-20260919-01/plan/status/task_000014.yaml,ff133cd42f7af414ee3022e7947f94bcd301e0ce338f93da55895867ef10c9a7,63d67af42e30038bef1fbb98125bd6ccad588380dabc4de668acc50167a34723,38cf7623ea4ade151038aacc8cdd8dd3ef621c58493bbec5e6ebacaf9adf583b,True,True,False,vpu_alpha_1_beta_1 (VariationalPULoss),vpu_contrastive_t030_w10m_j50,"VPU + contrastive (T=0.30, w=0.01, j=0.5)",3,#D55E00,solid,^,"{""contractive"": false, ""contrastive"": true, ""family"": ""vpu"", ""jaccard_weight"": 0.5, ""temperature"": 0.3, ""weight"": 0.01}"
vpu_contractive_interaction_expanded,baseline,vpu_contractive_interaction_expanded/task_000030,task_000030,grid_0006,0,completed,2dd9d5805d8e,"VPU + contrastive (T=0.07, w=0.01)",molecule_vpu,VariationalPULoss,none,0.2,0.0,{},"{""contrastive"": {""peak_permutation"": {""params"": {""annotation_bin_radius"": 0, ""peak_catalog_limit"": 4096, ""peak_sample_size"": 10000, ""peak_selection_method"": ""permutation_label_invariant"", ""permutation_bank_size"": 7000, ""permutation_selection_attempts"": 64, ""permuted_peaks_per_view"": 3, ""preserve_input_normalization"": true, ""temperature"": 0.07}, ""target"": ""InfoNCELoss"", ""weight"": 0.01}}, ""heads"": {""molecule_vpu"": {""vpu_alpha_1_beta_1"": {""params"": {""alpha"": 1.0, ""beta"": 1.0, ""consistency_weight"": 0.0, ""negative_weight"": 0.0, ""simulated_negative_weight"": 0.0}, ""target"": ""VariationalPULoss"", ""weight"": 0.2}}}, ""reconstruction"": {""masserstein"": {""target"": ""MassersteinLoss"", ""weight"": 1.0}}, ""regularization"": {}}",91154199,32238397,/home/max/repositories/MSIAutoEncoderWrapper/data/kidney_workspace/models/kidney/vpu-contractive-interaction-expanded-20260917-01__task_000030,True,True,/home/max/repositories/MSIAutoEncoderWrapper/data/kidney_workspace/configs/entropy-runs/vpu-contractive-interaction-expanded-20260917-01/plan/status/task_000030.yaml,ff133cd42f7af414ee3022e7947f94bcd301e0ce338f93da55895867ef10c9a7,63d67af42e30038bef1fbb98125bd6ccad588380dabc4de668acc50167a34723,a59533bda132a90319ef66140433384483ab920dd53638aad1f139e978db59da,True,True,False,vpu_alpha_1_beta_1 (VariationalPULoss),vpu_contrastive_t007_w10m,"VPU + contrastive (T=0.07, w=0.01)",4,#0072B2,solid,s,"{""contractive"": false, ""contrastive"": true, ""family"": ""vpu"", ""temperature"": 0.07, ""weight"": 0.01}"
vpu_contractive_interaction_expanded,baseline,vpu_contractive_interaction_expanded/task_000031,task_000031,grid_0006,1,completed,2dd9d5805d8e,"VPU + contrastive (T=0.07, w=0.01)",molecule_vpu,VariationalPULoss,none,0.2,0.0,{},"{""contrastive"": {""peak_permutation"": {""params"": {""annotation_bin_radius"": 0, ""peak_catalog_limit"": 4096, ""peak_sample_size"": 10000, ""peak_selection_method"": ""permutation_label_invariant"", ""permutation_bank_size"": 7000, ""permutation_selection_attempts"": 64, ""permuted_peaks_per_view"": 3, ""preserve_input_normalization"": true, ""temperature"": 0.07}, ""target"": ""InfoNCELoss"", ""weight"": 0.01}}, ""heads"": {""molecule_vpu"": {""vpu_alpha_1_beta_1"": {""params"": {""alpha"": 1.0, ""beta"": 1.0, ""consistency_weight"": 0.0, ""negative_weight"": 0.0, ""simulated_negative_weight"": 0.0}, ""target"": ""VariationalPULoss"", ""weight"": 0.2}}}, ""reconstruction"": {""masserstein"": {""target"": ""MassersteinLoss"", ""weight"": 1.0}}, ""regularization"": {}}",919377028,892754137,/home/max/repositories/MSIAutoEncoderWrapper/data/kidney_workspace/models/kidney/vpu-contractive-interaction-expanded-20260917-01__task_000031,True,True,/home/max/repositories/MSIAutoEncoderWrapper/data/kidney_workspace/configs/entropy-runs/vpu-contractive-interaction-expanded-20260917-01/plan/status/task_000031.yaml,ff133cd42f7af414ee3022e7947f94bcd301e0ce338f93da55895867ef10c9a7,63d67af42e30038bef1fbb98125bd6ccad588380dabc4de668acc50167a34723,a59533bda132a90319ef66140433384483ab920dd53638aad1f139e978db59da,True,True,False,vpu_alpha_1_beta_1 (VariationalPULoss),vpu_contrastive_t007_w10m,"VPU + contrastive (T=0.07, w=0.01)",4,#0072B2,solid,s,"{""contractive"": false, ""contrastive"": true, ""family"": ""vpu"", ""temperature"": 0.07, ""weight"": 0.01}"
vpu_contractive_interaction_expanded,baseline,vpu_contractive_interaction_expanded/task_000032,task_000032,grid_0006,2,completed,2dd9d5805d8e,"VPU + contrastive (T=0.07, w=0.01)",molecule_vpu,VariationalPULoss,none,0.2,0.0,{},"{""contrastive"": {""peak_permutation"": {""params"": {""annotation_bin_radius"": 0, ""peak_catalog_limit"": 4096, ""peak_sample_size"": 10000, ""peak_selection_method"": ""permutation_label_invariant"", ""permutation_bank_size"": 7000, ""permutation_selection_attempts"": 64, ""permuted_peaks_per_view"": 3, ""preserve_input_normalization"": true, ""temperature"": 0.07}, ""target"": ""InfoNCELoss"", ""weight"": 0.01}}, ""heads"": {""molecule_vpu"": {""vpu_alpha_1_beta_1"": {""params"": {""alpha"": 1.0, ""beta"": 1.0, ""consistency_weight"": 0.0, ""negative_weight"": 0.0, ""simulated_negative_weight"": 0.0}, ""target"": ""VariationalPULoss"", ""weight"": 0.2}}}, ""reconstruction"": {""masserstein"": {""target"": ""MassersteinLoss"", ""weight"": 1.0}}, ""regularization"": {}}",2136253289,442265914,/home/max/repositories/MSIAutoEncoderWrapper/data/kidney_workspace/models/kidney/vpu-contractive-interaction-expanded-20260917-01__task_000032,True,True,/home/max/repositories/MSIAutoEncoderWrapper/data/kidney_workspace/configs/entropy-runs/vpu-contractive-interaction-expanded-20260917-01/plan/status/task_000032.yaml,ff133cd42f7af414ee3022e7947f94bcd301e0ce338f93da55895867ef10c9a7,63d67af42e30038bef1fbb98125bd6ccad588380dabc4de668acc50167a34723,a59533bda132a90319ef66140433384483ab920dd53638aad1f139e978db59da,True,True,False,vpu_alpha_1_beta_1 (VariationalPULoss),vpu_contrastive_t007_w10m,"VPU + contrastive (T=0.07, w=0.01)",4,#0072B2,solid,s,"{""contractive"": false, ""contrastive"": true, ""family"": ""vpu"", ""temperature"": 0.07, ""weight"": 0.01}"
vpu_contractive_interaction_expanded,baseline,vpu_contractive_interaction_expanded/task_000033,task_000033,grid_0006,3,completed,2dd9d5805d8e,"VPU + contrastive (T=0.07, w=0.01)",molecule_vpu,VariationalPULoss,none,0.2,0.0,{},"{""contrastive"": {""peak_permutation"": {""params"": {""annotation_bin_radius"": 0, ""peak_catalog_limit"": 4096, ""peak_sample_size"": 10000, ""peak_selection_method"": ""permutation_label_invariant"", ""permutation_bank_size"": 7000, ""permutation_selection_attempts"": 64, ""permuted_peaks_per_view"": 3, ""preserve_input_normalization"": true, ""temperature"": 0.07}, ""target"": ""InfoNCELoss"", ""weight"": 0.01}}, ""heads"": {""molecule_vpu"": {""vpu_alpha_1_beta_1"": {""params"": {""alpha"": 1.0, ""beta"": 1.0, ""consistency_weight"": 0.0, ""negative_weight"": 0.0, ""simulated_negative_weight"": 0.0}, ""target"": ""VariationalPULoss"", ""weight"": 0.2}}}, ""reconstruction"": {""masserstein"": {""target"": ""MassersteinLoss"", ""weight"": 1.0}}, ""regularization"": {}}",276187349,194761695,/home/max/repositories/MSIAutoEncoderWrapper/data/kidney_workspace/models/kidney/vpu-contractive-interaction-expanded-20260917-01__task_000033,True,True,/home/max/repositories/MSIAutoEncoderWrapper/data/kidney_workspace/configs/entropy-runs/vpu-contractive-interaction-expanded-20260917-01/plan/status/task_000033.yaml,ff133cd42f7af414ee3022e7947f94bcd301e0ce338f93da55895867ef10c9a7,63d67af42e30038bef1fbb98125bd6ccad588380dabc4de668acc50167a34723,a59533bda132a90319ef66140433384483ab920dd53638aad1f139e978db59da,True,True,False,vpu_alpha_1_beta_1 (VariationalPULoss),vpu_contrastive_t007_w10m,"VPU + contrastive (T=0.07, w=0.01)",4,#0072B2,solid,s,"{""contractive"": false, ""contrastive"": true, ""family"": ""vpu"", ""temperature"": 0.07, ""weight"": 0.01}"
vpu_contractive_interaction_expanded,baseline,vpu_contractive_interaction_expanded/task_000034,task_000034,grid_0006,4,completed,2dd9d5805d8e,"VPU + contrastive (T=0.07, w=0.01)",molecule_vpu,VariationalPULoss,none,0.2,0.0,{},"{""contrastive"": {""peak_permutation"": {""params"": {""annotation_bin_radius"": 0, ""peak_catalog_limit"": 4096, ""peak_sample_size"": 10000, ""peak_selection_method"": ""permutation_label_invariant"", ""permutation_bank_size"": 7000, ""permutation_selection_attempts"": 64, ""permuted_peaks_per_view"": 3, ""preserve_input_normalization"": true, ""temperature"": 0.07}, ""target"": ""InfoNCELoss"", ""weight"": 0.01}}, ""heads"": {""molecule_vpu"": {""vpu_alpha_1_beta_1"": {""params"": {""alpha"": 1.0, ""beta"": 1.0, ""consistency_weight"": 0.0, ""negative_weight"": 0.0, ""simulated_negative_weight"": 0.0}, ""target"": ""VariationalPULoss"", ""weight"": 0.2}}}, ""reconstruction"": {""masserstein"": {""target"": ""MassersteinLoss"", ""weight"": 1.0}}, ""regularization"": {}}",1915557887,1927548799,/home/max/repositories/MSIAutoEncoderWrapper/data/kidney_workspace/models/kidney/vpu-contractive-interaction-expanded-20260917-01__task_000034,True,True,/home/max/repositories/MSIAutoEncoderWrapper/data/kidney_workspace/configs/entropy-runs/vpu-contractive-interaction-expanded-20260917-01/plan/status/task_000034.yaml,ff133cd42f7af414ee3022e7947f94bcd301e0ce338f93da55895867ef10c9a7,63d67af42e30038bef1fbb98125bd6ccad588380dabc4de668acc50167a34723,a59533bda132a90319ef66140433384483ab920dd53638aad1f139e978db59da,True,True,False,vpu_alpha_1_beta_1 (VariationalPULoss),vpu_contrastive_t007_w10m,"VPU + contrastive (T=0.07, w=0.01)",4,#0072B2,solid,s,"{""contractive"": false, ""contrastive"": true, ""family"": ""vpu"", ""temperature"": 0.07, ""weight"": 0.01}"
vpu_jaccard_shortlist,candidate,vpu_jaccard_shortlist/task_000015,task_000015,grid_0003,0,completed,eabceb3d03e4,"VPU + contrastive (T=0.07, w=0.01, j=0.1)",molecule_vpu,VariationalPULoss,none,0.2,0.0,{},"{""contrastive"": {""peak_permutation"": {""params"": {""annotation_bin_radius"": 0, ""negative_weighting_method"": ""multilabel_jaccard"", ""overlapping_label_negative_weight"": 0.1, ""peak_catalog_limit"": 4096, ""peak_sample_size"": 10000, ""peak_selection_method"": ""permutation_label_invariant"", ""permutation_bank_size"": 7000, ""permutation_selection_attempts"": 64, ""permuted_peaks_per_view"": 3, ""preserve_input_normalization"": true, ""temperature"": 0.07}, ""target"": ""InfoNCELoss"", ""weight"": 0.01}}, ""heads"": {""molecule_vpu"": {""vpu_alpha_1_beta_1"": {""params"": {""alpha"": 1.0, ""beta"": 1.0, ""consistency_weight"": 0.0, ""negative_weight"": 0.0, ""simulated_negative_weight"": 0.0}, ""target"": ""VariationalPULoss"", ""weight"": 0.2}}}, ""reconstruction"": {""masserstein"": {""target"": ""MassersteinLoss"", ""weight"": 1.0}}}",91154199,32238397,/home/max/repositories/MSIAutoEncoderWrapper/data/kidney_workspace/models/kidney/vpu-jaccard-20260919-01__task_000015,True,True,/home/max/repositories/MSIAutoEncoderWrapper/data/kidney_workspace/configs/entropy-runs/vpu-jaccard-20260919-01/plan/status/task_000015.yaml,ff133cd42f7af414ee3022e7947f94bcd301e0ce338f93da55895867ef10c9a7,63d67af42e30038bef1fbb98125bd6ccad588380dabc4de668acc50167a34723,6be3d748a57d59928ab2b8c63d3e62ab540de30783d31275e10d3180c6f98c25,True,True,False,vpu_alpha_1_beta_1 (VariationalPULoss),vpu_contrastive_t007_w10m_j10,"VPU + contrastive (T=0.07, w=0.01, j=0.1)",5,#0072B2,solid,o,"{""contractive"": false, ""contrastive"": true, ""family"": ""vpu"", ""jaccard_weight"": 0.1, ""temperature"": 0.07, ""weight"": 0.01}"
vpu_jaccard_shortlist,candidate,vpu_jaccard_shortlist/task_000016,task_000016,grid_0003,1,completed,eabceb3d03e4,"VPU + contrastive (T=0.07, w=0.01, j=0.1)",molecule_vpu,VariationalPULoss,none,0.2,0.0,{},"{""contrastive"": {""peak_permutation"": {""params"": {""annotation_bin_radius"": 0, ""negative_weighting_method"": ""multilabel_jaccard"", ""overlapping_label_negative_weight"": 0.1, ""peak_catalog_limit"": 4096, ""peak_sample_size"": 10000, ""peak_selection_method"": ""permutation_label_invariant"", ""permutation_bank_size"": 7000, ""permutation_selection_attempts"": 64, ""permuted_peaks_per_view"": 3, ""preserve_input_normalization"": true, ""temperature"": 0.07}, ""target"": ""InfoNCELoss"", ""weight"": 0.01}}, ""heads"": {""molecule_vpu"": {""vpu_alpha_1_beta_1"": {""params"": {""alpha"": 1.0, ""beta"": 1.0, ""consistency_weight"": 0.0, ""negative_weight"": 0.0, ""simulated_negative_weight"": 0.0}, ""target"": ""VariationalPULoss"", ""weight"": 0.2}}}, ""reconstruction"": {""masserstein"": {""target"": ""MassersteinLoss"", ""weight"": 1.0}}}",919377028,892754137,/home/max/repositories/MSIAutoEncoderWrapper/data/kidney_workspace/models/kidney/vpu-jaccard-20260919-01__task_000016,True,True,/home/max/repositories/MSIAutoEncoderWrapper/data/kidney_workspace/configs/entropy-runs/vpu-jaccard-20260919-01/plan/status/task_000016.yaml,ff133cd42f7af414ee3022e7947f94bcd301e0ce338f93da55895867ef10c9a7,63d67af42e30038bef1fbb98125bd6ccad588380dabc4de668acc50167a34723,6be3d748a57d59928ab2b8c63d3e62ab540de30783d31275e10d3180c6f98c25,True,True,False,vpu_alpha_1_beta_1 (VariationalPULoss),vpu_contrastive_t007_w10m_j10,"VPU + contrastive (T=0.07, w=0.01, j=0.1)",5,#0072B2,solid,o,"{""contractive"": false, ""contrastive"": true, ""family"": ""vpu"", ""jaccard_weight"": 0.1, ""temperature"": 0.07, ""weight"": 0.01}"
vpu_jaccard_shortlist,candidate,vpu_jaccard_shortlist/task_000017,task_000017,grid_0003,2,completed,eabceb3d03e4,"VPU + contrastive (T=0.07, w=0.01, j=0.1)",molecule_vpu,VariationalPULoss,none,0.2,0.0,{},"{""contrastive"": {""peak_permutation"": {""params"": {""annotation_bin_radius"": 0, ""negative_weighting_method"": ""multilabel_jaccard"", ""overlapping_label_negative_weight"": 0.1, ""peak_catalog_limit"": 4096, ""peak_sample_size"": 10000, ""peak_selection_method"": ""permutation_label_invariant"", ""permutation_bank_size"": 7000, ""permutation_selection_attempts"": 64, ""permuted_peaks_per_view"": 3, ""preserve_input_normalization"": true, ""temperature"": 0.07}, ""target"": ""InfoNCELoss"", ""weight"": 0.01}}, ""heads"": {""molecule_vpu"": {""vpu_alpha_1_beta_1"": {""params"": {""alpha"": 1.0, ""beta"": 1.0, ""consistency_weight"": 0.0, ""negative_weight"": 0.0, ""simulated_negative_weight"": 0.0}, ""target"": ""VariationalPULoss"", ""weight"": 0.2}}}, ""reconstruction"": {""masserstein"": {""target"": ""MassersteinLoss"", ""weight"": 1.0}}}",2136253289,442265914,/home/max/repositories/MSIAutoEncoderWrapper/data/kidney_workspace/models/kidney/vpu-jaccard-20260919-01__task_000017,True,True,/home/max/repositories/MSIAutoEncoderWrapper/data/kidney_workspace/configs/entropy-runs/vpu-jaccard-20260919-01/plan/status/task_000017.yaml,ff133cd42f7af414ee3022e7947f94bcd301e0ce338f93da55895867ef10c9a7,63d67af42e30038bef1fbb98125bd6ccad588380dabc4de668acc50167a34723,6be3d748a57d59928ab2b8c63d3e62ab540de30783d31275e10d3180c6f98c25,True,True,False,vpu_alpha_1_beta_1 (VariationalPULoss),vpu_contrastive_t007_w10m_j10,"VPU + contrastive (T=0.07, w=0.01, j=0.1)",5,#0072B2,solid,o,"{""contractive"": false, ""contrastive"": true, ""family"": ""vpu"", ""jaccard_weight"": 0.1, ""temperature"": 0.07, ""weight"": 0.01}"
vpu_jaccard_shortlist,candidate,vpu_jaccard_shortlist/task_000018,task_000018,grid_0003,3,completed,eabceb3d03e4,"VPU + contrastive (T=0.07, w=0.01, j=0.1)",molecule_vpu,VariationalPULoss,none,0.2,0.0,{},"{""contrastive"": {""peak_permutation"": {""params"": {""annotation_bin_radius"": 0, ""negative_weighting_method"": ""multilabel_jaccard"", ""overlapping_label_negative_weight"": 0.1, ""peak_catalog_limit"": 4096, ""peak_sample_size"": 10000, ""peak_selection_method"": ""permutation_label_invariant"", ""permutation_bank_size"": 7000, ""permutation_selection_attempts"": 64, ""permuted_peaks_per_view"": 3, ""preserve_input_normalization"": true, ""temperature"": 0.07}, ""target"": ""InfoNCELoss"", ""weight"": 0.01}}, ""heads"": {""molecule_vpu"": {""vpu_alpha_1_beta_1"": {""params"": {""alpha"": 1.0, ""beta"": 1.0, ""consistency_weight"": 0.0, ""negative_weight"": 0.0, ""simulated_negative_weight"": 0.0}, ""target"": ""VariationalPULoss"", ""weight"": 0.2}}}, ""reconstruction"": {""masserstein"": {""target"": ""MassersteinLoss"", ""weight"": 1.0}}}",276187349,194761695,/home/max/repositories/MSIAutoEncoderWrapper/data/kidney_workspace/models/kidney/vpu-jaccard-20260919-01__task_000018,True,True,/home/max/repositories/MSIAutoEncoderWrapper/data/kidney_workspace/configs/entropy-runs/vpu-jaccard-20260919-01/plan/status/task_000018.yaml,ff133cd42f7af414ee3022e7947f94bcd301e0ce338f93da55895867ef10c9a7,63d67af42e30038bef1fbb98125bd6ccad588380dabc4de668acc50167a34723,6be3d748a57d59928ab2b8c63d3e62ab540de30783d31275e10d3180c6f98c25,True,True,False,vpu_alpha_1_beta_1 (VariationalPULoss),vpu_contrastive_t007_w10m_j10,"VPU + contrastive (T=0.07, w=0.01, j=0.1)",5,#0072B2,solid,o,"{""contractive"": false, ""contrastive"": true, ""family"": ""vpu"", ""jaccard_weight"": 0.1, ""temperature"": 0.07, ""weight"": 0.01}"
vpu_jaccard_shortlist,candidate,vpu_jaccard_shortlist/task_000019,task_000019,grid_0003,4,completed,eabceb3d03e4,"VPU + contrastive (T=0.07, w=0.01, j=0.1)",molecule_vpu,VariationalPULoss,none,0.2,0.0,{},"{""contrastive"": {""peak_permutation"": {""params"": {""annotation_bin_radius"": 0, ""negative_weighting_method"": ""multilabel_jaccard"", ""overlapping_label_negative_weight"": 0.1, ""peak_catalog_limit"": 4096, ""peak_sample_size"": 10000, ""peak_selection_method"": ""permutation_label_invariant"", ""permutation_bank_size"": 7000, ""permutation_selection_attempts"": 64, ""permuted_peaks_per_view"": 3, ""preserve_input_normalization"": true, ""temperature"": 0.07}, ""target"": ""InfoNCELoss"", ""weight"": 0.01}}, ""heads"": {""molecule_vpu"": {""vpu_alpha_1_beta_1"": {""params"": {""alpha"": 1.0, ""beta"": 1.0, ""consistency_weight"": 0.0, ""negative_weight"": 0.0, ""simulated_negative_weight"": 0.0}, ""target"": ""VariationalPULoss"", ""weight"": 0.2}}}, ""reconstruction"": {""masserstein"": {""target"": ""MassersteinLoss"", ""weight"": 1.0}}}",1915557887,1927548799,/home/max/repositories/MSIAutoEncoderWrapper/data/kidney_workspace/models/kidney/vpu-jaccard-20260919-01__task_000019,True,True,/home/max/repositories/MSIAutoEncoderWrapper/data/kidney_workspace/configs/entropy-runs/vpu-jaccard-20260919-01/plan/status/task_000019.yaml,ff133cd42f7af414ee3022e7947f94bcd301e0ce338f93da55895867ef10c9a7,63d67af42e30038bef1fbb98125bd6ccad588380dabc4de668acc50167a34723,6be3d748a57d59928ab2b8c63d3e62ab540de30783d31275e10d3180c6f98c25,True,True,False,vpu_alpha_1_beta_1 (VariationalPULoss),vpu_contrastive_t007_w10m_j10,"VPU + contrastive (T=0.07, w=0.01, j=0.1)",5,#0072B2,solid,o,"{""contractive"": false, ""contrastive"": true, ""family"": ""vpu"", ""jaccard_weight"": 0.1, ""temperature"": 0.07, ""weight"": 0.01}"
vpu_jaccard_shortlist,candidate,vpu_jaccard_shortlist/task_000020,task_000020,grid_0004,0,completed,7b54c8b29cc1,"VPU + contrastive (T=0.07, w=0.01, j=0.25)",molecule_vpu,VariationalPULoss,none,0.2,0.0,{},"{""contrastive"": {""peak_permutation"": {""params"": {""annotation_bin_radius"": 0, ""negative_weighting_method"": ""multilabel_jaccard"", ""overlapping_label_negative_weight"": 0.25, ""peak_catalog_limit"": 4096, ""peak_sample_size"": 10000, ""peak_selection_method"": ""permutation_label_invariant"", ""permutation_bank_size"": 7000, ""permutation_selection_attempts"": 64, ""permuted_peaks_per_view"": 3, ""preserve_input_normalization"": true, ""temperature"": 0.07}, ""target"": ""InfoNCELoss"", ""weight"": 0.01}}, ""heads"": {""molecule_vpu"": {""vpu_alpha_1_beta_1"": {""params"": {""alpha"": 1.0, ""beta"": 1.0, ""consistency_weight"": 0.0, ""negative_weight"": 0.0, ""simulated_negative_weight"": 0.0}, ""target"": ""VariationalPULoss"", ""weight"": 0.2}}}, ""reconstruction"": {""masserstein"": {""target"": ""MassersteinLoss"", ""weight"": 1.0}}}",91154199,32238397,/home/max/repositories/MSIAutoEncoderWrapper/data/kidney_workspace/models/kidney/vpu-jaccard-20260919-01__task_000020,True,True,/home/max/repositories/MSIAutoEncoderWrapper/data/kidney_workspace/configs/entropy-runs/vpu-jaccard-20260919-01/plan/status/task_000020.yaml,ff133cd42f7af414ee3022e7947f94bcd301e0ce338f93da55895867ef10c9a7,63d67af42e30038bef1fbb98125bd6ccad588380dabc4de668acc50167a34723,c4cbc1ef4dfaac4c19d7ab6961c55a5d7bf951793c831a2a28f295dde56a4aa6,True,True,False,vpu_alpha_1_beta_1 (VariationalPULoss),vpu_contrastive_t007_w10m_j25,"VPU + contrastive (T=0.07, w=0.01, j=0.25)",6,#0072B2,solid,s,"{""contractive"": false, ""contrastive"": true, ""family"": ""vpu"", ""jaccard_weight"": 0.25, ""temperature"": 0.07, ""weight"": 0.01}"
vpu_jaccard_shortlist,candidate,vpu_jaccard_shortlist/task_000021,task_000021,grid_0004,1,completed,7b54c8b29cc1,"VPU + contrastive (T=0.07, w=0.01, j=0.25)",molecule_vpu,VariationalPULoss,none,0.2,0.0,{},"{""contrastive"": {""peak_permutation"": {""params"": {""annotation_bin_radius"": 0, ""negative_weighting_method"": ""multilabel_jaccard"", ""overlapping_label_negative_weight"": 0.25, ""peak_catalog_limit"": 4096, ""peak_sample_size"": 10000, ""peak_selection_method"": ""permutation_label_invariant"", ""permutation_bank_size"": 7000, ""permutation_selection_attempts"": 64, ""permuted_peaks_per_view"": 3, ""preserve_input_normalization"": true, ""temperature"": 0.07}, ""target"": ""InfoNCELoss"", ""weight"": 0.01}}, ""heads"": {""molecule_vpu"": {""vpu_alpha_1_beta_1"": {""params"": {""alpha"": 1.0, ""beta"": 1.0, ""consistency_weight"": 0.0, ""negative_weight"": 0.0, ""simulated_negative_weight"": 0.0}, ""target"": ""VariationalPULoss"", ""weight"": 0.2}}}, ""reconstruction"": {""masserstein"": {""target"": ""MassersteinLoss"", ""weight"": 1.0}}}",919377028,892754137,/home/max/repositories/MSIAutoEncoderWrapper/data/kidney_workspace/models/kidney/vpu-jaccard-20260919-01__task_000021,True,True,/home/max/repositories/MSIAutoEncoderWrapper/data/kidney_workspace/configs/entropy-runs/vpu-jaccard-20260919-01/plan/status/task_000021.yaml,ff133cd42f7af414ee3022e7947f94bcd301e0ce338f93da55895867ef10c9a7,63d67af42e30038bef1fbb98125bd6ccad588380dabc4de668acc50167a34723,c4cbc1ef4dfaac4c19d7ab6961c55a5d7bf951793c831a2a28f295dde56a4aa6,True,True,False,vpu_alpha_1_beta_1 (VariationalPULoss),vpu_contrastive_t007_w10m_j25,"VPU + contrastive (T=0.07, w=0.01, j=0.25)",6,#0072B2,solid,s,"{""contractive"": false, ""contrastive"": true, ""family"": ""vpu"", ""jaccard_weight"": 0.25, ""temperature"": 0.07, ""weight"": 0.01}"
vpu_jaccard_shortlist,candidate,vpu_jaccard_shortlist/task_000022,task_000022,grid_0004,2,completed,7b54c8b29cc1,"VPU + contrastive (T=0.07, w=0.01, j=0.25)",molecule_vpu,VariationalPULoss,none,0.2,0.0,{},"{""contrastive"": {""peak_permutation"": {""params"": {""annotation_bin_radius"": 0, ""negative_weighting_method"": ""multilabel_jaccard"", ""overlapping_label_negative_weight"": 0.25, ""peak_catalog_limit"": 4096, ""peak_sample_size"": 10000, ""peak_selection_method"": ""permutation_label_invariant"", ""permutation_bank_size"": 7000, ""permutation_selection_attempts"": 64, ""permuted_peaks_per_view"": 3, ""preserve_input_normalization"": true, ""temperature"": 0.07}, ""target"": ""InfoNCELoss"", ""weight"": 0.01}}, ""heads"": {""molecule_vpu"": {""vpu_alpha_1_beta_1"": {""params"": {""alpha"": 1.0, ""beta"": 1.0, ""consistency_weight"": 0.0, ""negative_weight"": 0.0, ""simulated_negative_weight"": 0.0}, ""target"": ""VariationalPULoss"", ""weight"": 0.2}}}, ""reconstruction"": {""masserstein"": {""target"": ""MassersteinLoss"", ""weight"": 1.0}}}",2136253289,442265914,/home/max/repositories/MSIAutoEncoderWrapper/data/kidney_workspace/models/kidney/vpu-jaccard-20260919-01__task_000022,True,True,/home/max/repositories/MSIAutoEncoderWrapper/data/kidney_workspace/configs/entropy-runs/vpu-jaccard-20260919-01/plan/status/task_000022.yaml,ff133cd42f7af414ee3022e7947f94bcd301e0ce338f93da55895867ef10c9a7,63d67af42e30038bef1fbb98125bd6ccad588380dabc4de668acc50167a34723,c4cbc1ef4dfaac4c19d7ab6961c55a5d7bf951793c831a2a28f295dde56a4aa6,True,True,False,vpu_alpha_1_beta_1 (VariationalPULoss),vpu_contrastive_t007_w10m_j25,"VPU + contrastive (T=0.07, w=0.01, j=0.25)",6,#0072B2,solid,s,"{""contractive"": false, ""contrastive"": true, ""family"": ""vpu"", ""jaccard_weight"": 0.25, ""temperature"": 0.07, ""weight"": 0.01}"
vpu_jaccard_shortlist,candidate,vpu_jaccard_shortlist/task_000023,task_000023,grid_0004,3,completed,7b54c8b29cc1,"VPU + contrastive (T=0.07, w=0.01, j=0.25)",molecule_vpu,VariationalPULoss,none,0.2,0.0,{},"{""contrastive"": {""peak_permutation"": {""params"": {""annotation_bin_radius"": 0, ""negative_weighting_method"": ""multilabel_jaccard"", ""overlapping_label_negative_weight"": 0.25, ""peak_catalog_limit"": 4096, ""peak_sample_size"": 10000, ""peak_selection_method"": ""permutation_label_invariant"", ""permutation_bank_size"": 7000, ""permutation_selection_attempts"": 64, ""permuted_peaks_per_view"": 3, ""preserve_input_normalization"": true, ""temperature"": 0.07}, ""target"": ""InfoNCELoss"", ""weight"": 0.01}}, ""heads"": {""molecule_vpu"": {""vpu_alpha_1_beta_1"": {""params"": {""alpha"": 1.0, ""beta"": 1.0, ""consistency_weight"": 0.0, ""negative_weight"": 0.0, ""simulated_negative_weight"": 0.0}, ""target"": ""VariationalPULoss"", ""weight"": 0.2}}}, ""reconstruction"": {""masserstein"": {""target"": ""MassersteinLoss"", ""weight"": 1.0}}}",276187349,194761695,/home/max/repositories/MSIAutoEncoderWrapper/data/kidney_workspace/models/kidney/vpu-jaccard-20260919-01__task_000023,True,True,/home/max/repositories/MSIAutoEncoderWrapper/data/kidney_workspace/configs/entropy-runs/vpu-jaccard-20260919-01/plan/status/task_000023.yaml,ff133cd42f7af414ee3022e7947f94bcd301e0ce338f93da55895867ef10c9a7,63d67af42e30038bef1fbb98125bd6ccad588380dabc4de668acc50167a34723,c4cbc1ef4dfaac4c19d7ab6961c55a5d7bf951793c831a2a28f295dde56a4aa6,True,True,False,vpu_alpha_1_beta_1 (VariationalPULoss),vpu_contrastive_t007_w10m_j25,"VPU + contrastive (T=0.07, w=0.01, j=0.25)",6,#0072B2,solid,s,"{""contractive"": false, ""contrastive"": true, ""family"": ""vpu"", ""jaccard_weight"": 0.25, ""temperature"": 0.07, ""weight"": 0.01}"
vpu_jaccard_shortlist,candidate,vpu_jaccard_shortlist/task_000024,task_000024,grid_0004,4,completed,7b54c8b29cc1,"VPU + contrastive (T=0.07, w=0.01, j=0.25)",molecule_vpu,VariationalPULoss,none,0.2,0.0,{},"{""contrastive"": {""peak_permutation"": {""params"": {""annotation_bin_radius"": 0, ""negative_weighting_method"": ""multilabel_jaccard"", ""overlapping_label_negative_weight"": 0.25, ""peak_catalog_limit"": 4096, ""peak_sample_size"": 10000, ""peak_selection_method"": ""permutation_label_invariant"", ""permutation_bank_size"": 7000, ""permutation_selection_attempts"": 64, ""permuted_peaks_per_view"": 3, ""preserve_input_normalization"": true, ""temperature"": 0.07}, ""target"": ""InfoNCELoss"", ""weight"": 0.01}}, ""heads"": {""molecule_vpu"": {""vpu_alpha_1_beta_1"": {""params"": {""alpha"": 1.0, ""beta"": 1.0, ""consistency_weight"": 0.0, ""negative_weight"": 0.0, ""simulated_negative_weight"": 0.0}, ""target"": ""VariationalPULoss"", ""weight"": 0.2}}}, ""reconstruction"": {""masserstein"": {""target"": ""MassersteinLoss"", ""weight"": 1.0}}}",1915557887,1927548799,/home/max/repositories/MSIAutoEncoderWrapper/data/kidney_workspace/models/kidney/vpu-jaccard-20260919-01__task_000024,True,True,/home/max/repositories/MSIAutoEncoderWrapper/data/kidney_workspace/configs/entropy-runs/vpu-jaccard-20260919-01/plan/status/task_000024.yaml,ff133cd42f7af414ee3022e7947f94bcd301e0ce338f93da55895867ef10c9a7,63d67af42e30038bef1fbb98125bd6ccad588380dabc4de668acc50167a34723,c4cbc1ef4dfaac4c19d7ab6961c55a5d7bf951793c831a2a28f295dde56a4aa6,True,True,False,vpu_alpha_1_beta_1 (VariationalPULoss),vpu_contrastive_t007_w10m_j25,"VPU + contrastive (T=0.07, w=0.01, j=0.25)",6,#0072B2,solid,s,"{""contractive"": false, ""contrastive"": true, ""family"": ""vpu"", ""jaccard_weight"": 0.25, ""temperature"": 0.07, ""weight"": 0.01}"
vpu_jaccard_shortlist,candidate,vpu_jaccard_shortlist/task_000025,task_000025,grid_0005,0,completed,ba11dd7fb7f8,"VPU + contrastive (T=0.07, w=0.01, j=0.5)",molecule_vpu,VariationalPULoss,none,0.2,0.0,{},"{""contrastive"": {""peak_permutation"": {""params"": {""annotation_bin_radius"": 0, ""negative_weighting_method"": ""multilabel_jaccard"", ""overlapping_label_negative_weight"": 0.5, ""peak_catalog_limit"": 4096, ""peak_sample_size"": 10000, ""peak_selection_method"": ""permutation_label_invariant"", ""permutation_bank_size"": 7000, ""permutation_selection_attempts"": 64, ""permuted_peaks_per_view"": 3, ""preserve_input_normalization"": true, ""temperature"": 0.07}, ""target"": ""InfoNCELoss"", ""weight"": 0.01}}, ""heads"": {""molecule_vpu"": {""vpu_alpha_1_beta_1"": {""params"": {""alpha"": 1.0, ""beta"": 1.0, ""consistency_weight"": 0.0, ""negative_weight"": 0.0, ""simulated_negative_weight"": 0.0}, ""target"": ""VariationalPULoss"", ""weight"": 0.2}}}, ""reconstruction"": {""masserstein"": {""target"": ""MassersteinLoss"", ""weight"": 1.0}}}",91154199,32238397,/home/max/repositories/MSIAutoEncoderWrapper/data/kidney_workspace/models/kidney/vpu-jaccard-20260919-01__task_000025,True,True,/home/max/repositories/MSIAutoEncoderWrapper/data/kidney_workspace/configs/entropy-runs/vpu-jaccard-20260919-01/plan/status/task_000025.yaml,ff133cd42f7af414ee3022e7947f94bcd301e0ce338f93da55895867ef10c9a7,63d67af42e30038bef1fbb98125bd6ccad588380dabc4de668acc50167a34723,996784f2de062b3a544e5c43c5d18ea2c8305666a2ffab1e0e4c6b963f6120d8,True,True,False,vpu_alpha_1_beta_1 (VariationalPULoss),vpu_contrastive_t007_w10m_j50,"VPU + contrastive (T=0.07, w=0.01, j=0.5)",7,#0072B2,solid,^,"{""contractive"": false, ""contrastive"": true, ""family"": ""vpu"", ""jaccard_weight"": 0.5, ""temperature"": 0.07, ""weight"": 0.01}"
vpu_jaccard_shortlist,candidate,vpu_jaccard_shortlist/task_000026,task_000026,grid_0005,1,completed,ba11dd7fb7f8,"VPU + contrastive (T=0.07, w=0.01, j=0.5)",molecule_vpu,VariationalPULoss,none,0.2,0.0,{},"{""contrastive"": {""peak_permutation"": {""params"": {""annotation_bin_radius"": 0, ""negative_weighting_method"": ""multilabel_jaccard"", ""overlapping_label_negative_weight"": 0.5, ""peak_catalog_limit"": 4096, ""peak_sample_size"": 10000, ""peak_selection_method"": ""permutation_label_invariant"", ""permutation_bank_size"": 7000, ""permutation_selection_attempts"": 64, ""permuted_peaks_per_view"": 3, ""preserve_input_normalization"": true, ""temperature"": 0.07}, ""target"": ""InfoNCELoss"", ""weight"": 0.01}}, ""heads"": {""molecule_vpu"": {""vpu_alpha_1_beta_1"": {""params"": {""alpha"": 1.0, ""beta"": 1.0, ""consistency_weight"": 0.0, ""negative_weight"": 0.0, ""simulated_negative_weight"": 0.0}, ""target"": ""VariationalPULoss"", ""weight"": 0.2}}}, ""reconstruction"": {""masserstein"": {""target"": ""MassersteinLoss"", ""weight"": 1.0}}}",919377028,892754137,/home/max/repositories/MSIAutoEncoderWrapper/data/kidney_workspace/models/kidney/vpu-jaccard-20260919-01__task_000026,True,True,/home/max/repositories/MSIAutoEncoderWrapper/data/kidney_workspace/configs/entropy-runs/vpu-jaccard-20260919-01/plan/status/task_000026.yaml,ff133cd42f7af414ee3022e7947f94bcd301e0ce338f93da55895867ef10c9a7,63d67af42e30038bef1fbb98125bd6ccad588380dabc4de668acc50167a34723,996784f2de062b3a544e5c43c5d18ea2c8305666a2ffab1e0e4c6b963f6120d8,True,True,False,vpu_alpha_1_beta_1 (VariationalPULoss),vpu_contrastive_t007_w10m_j50,"VPU + contrastive (T=0.07, w=0.01, j=0.5)",7,#0072B2,solid,^,"{""contractive"": false, ""contrastive"": true, ""family"": ""vpu"", ""jaccard_weight"": 0.5, ""temperature"": 0.07, ""weight"": 0.01}"
vpu_jaccard_shortlist,candidate,vpu_jaccard_shortlist/task_000027,task_000027,grid_0005,2,completed,ba11dd7fb7f8,"VPU + contrastive (T=0.07, w=0.01, j=0.5)",molecule_vpu,VariationalPULoss,none,0.2,0.0,{},"{""contrastive"": {""peak_permutation"": {""params"": {""annotation_bin_radius"": 0, ""negative_weighting_method"": ""multilabel_jaccard"", ""overlapping_label_negative_weight"": 0.5, ""peak_catalog_limit"": 4096, ""peak_sample_size"": 10000, ""peak_selection_method"": ""permutation_label_invariant"", ""permutation_bank_size"": 7000, ""permutation_selection_attempts"": 64, ""permuted_peaks_per_view"": 3, ""preserve_input_normalization"": true, ""temperature"": 0.07}, ""target"": ""InfoNCELoss"", ""weight"": 0.01}}, ""heads"": {""molecule_vpu"": {""vpu_alpha_1_beta_1"": {""params"": {""alpha"": 1.0, ""beta"": 1.0, ""consistency_weight"": 0.0, ""negative_weight"": 0.0, ""simulated_negative_weight"": 0.0}, ""target"": ""VariationalPULoss"", ""weight"": 0.2}}}, ""reconstruction"": {""masserstein"": {""target"": ""MassersteinLoss"", ""weight"": 1.0}}}",2136253289,442265914,/home/max/repositories/MSIAutoEncoderWrapper/data/kidney_workspace/models/kidney/vpu-jaccard-20260919-01__task_000027,True,True,/home/max/repositories/MSIAutoEncoderWrapper/data/kidney_workspace/configs/entropy-runs/vpu-jaccard-20260919-01/plan/status/task_000027.yaml,ff133cd42f7af414ee3022e7947f94bcd301e0ce338f93da55895867ef10c9a7,63d67af42e30038bef1fbb98125bd6ccad588380dabc4de668acc50167a34723,996784f2de062b3a544e5c43c5d18ea2c8305666a2ffab1e0e4c6b963f6120d8,True,True,False,vpu_alpha_1_beta_1 (VariationalPULoss),vpu_contrastive_t007_w10m_j50,"VPU + contrastive (T=0.07, w=0.01, j=0.5)",7,#0072B2,solid,^,"{""contractive"": false, ""contrastive"": true, ""family"": ""vpu"", ""jaccard_weight"": 0.5, ""temperature"": 0.07, ""weight"": 0.01}"
vpu_jaccard_shortlist,candidate,vpu_jaccard_shortlist/task_000028,task_000028,grid_0005,3,completed,ba11dd7fb7f8,"VPU + contrastive (T=0.07, w=0.01, j=0.5)",molecule_vpu,VariationalPULoss,none,0.2,0.0,{},"{""contrastive"": {""peak_permutation"": {""params"": {""annotation_bin_radius"": 0, ""negative_weighting_method"": ""multilabel_jaccard"", ""overlapping_label_negative_weight"": 0.5, ""peak_catalog_limit"": 4096, ""peak_sample_size"": 10000, ""peak_selection_method"": ""permutation_label_invariant"", ""permutation_bank_size"": 7000, ""permutation_selection_attempts"": 64, ""permuted_peaks_per_view"": 3, ""preserve_input_normalization"": true, ""temperature"": 0.07}, ""target"": ""InfoNCELoss"", ""weight"": 0.01}}, ""heads"": {""molecule_vpu"": {""vpu_alpha_1_beta_1"": {""params"": {""alpha"": 1.0, ""beta"": 1.0, ""consistency_weight"": 0.0, ""negative_weight"": 0.0, ""simulated_negative_weight"": 0.0}, ""target"": ""VariationalPULoss"", ""weight"": 0.2}}}, ""reconstruction"": {""masserstein"": {""target"": ""MassersteinLoss"", ""weight"": 1.0}}}",276187349,194761695,/home/max/repositories/MSIAutoEncoderWrapper/data/kidney_workspace/models/kidney/vpu-jaccard-20260919-01__task_000028,True,True,/home/max/repositories/MSIAutoEncoderWrapper/data/kidney_workspace/configs/entropy-runs/vpu-jaccard-20260919-01/plan/status/task_000028.yaml,ff133cd42f7af414ee3022e7947f94bcd301e0ce338f93da55895867ef10c9a7,63d67af42e30038bef1fbb98125bd6ccad588380dabc4de668acc50167a34723,996784f2de062b3a544e5c43c5d18ea2c8305666a2ffab1e0e4c6b963f6120d8,True,True,False,vpu_alpha_1_beta_1 (VariationalPULoss),vpu_contrastive_t007_w10m_j50,"VPU + contrastive (T=0.07, w=0.01, j=0.5)",7,#0072B2,solid,^,"{""contractive"": false, ""contrastive"": true, ""family"": ""vpu"", ""jaccard_weight"": 0.5, ""temperature"": 0.07, ""weight"": 0.01}"
vpu_jaccard_shortlist,candidate,vpu_jaccard_shortlist/task_000029,task_000029,grid_0005,4,completed,ba11dd7fb7f8,"VPU + contrastive (T=0.07, w=0.01, j=0.5)",molecule_vpu,VariationalPULoss,none,0.2,0.0,{},"{""contrastive"": {""peak_permutation"": {""params"": {""annotation_bin_radius"": 0, ""negative_weighting_method"": ""multilabel_jaccard"", ""overlapping_label_negative_weight"": 0.5, ""peak_catalog_limit"": 4096, ""peak_sample_size"": 10000, ""peak_selection_method"": ""permutation_label_invariant"", ""permutation_bank_size"": 7000, ""permutation_selection_attempts"": 64, ""permuted_peaks_per_view"": 3, ""preserve_input_normalization"": true, ""temperature"": 0.07}, ""target"": ""InfoNCELoss"", ""weight"": 0.01}}, ""heads"": {""molecule_vpu"": {""vpu_alpha_1_beta_1"": {""params"": {""alpha"": 1.0, ""beta"": 1.0, ""consistency_weight"": 0.0, ""negative_weight"": 0.0, ""simulated_negative_weight"": 0.0}, ""target"": ""VariationalPULoss"", ""weight"": 0.2}}}, ""reconstruction"": {""masserstein"": {""target"": ""MassersteinLoss"", ""weight"": 1.0}}}",1915557887,1927548799,/home/max/repositories/MSIAutoEncoderWrapper/data/kidney_workspace/models/kidney/vpu-jaccard-20260919-01__task_000029,True,True,/home/max/repositories/MSIAutoEncoderWrapper/data/kidney_workspace/configs/entropy-runs/vpu-jaccard-20260919-01/plan/status/task_000029.yaml,ff133cd42f7af414ee3022e7947f94bcd301e0ce338f93da55895867ef10c9a7,63d67af42e30038bef1fbb98125bd6ccad588380dabc4de668acc50167a34723,996784f2de062b3a544e5c43c5d18ea2c8305666a2ffab1e0e4c6b963f6120d8,True,True,False,vpu_alpha_1_beta_1 (VariationalPULoss),vpu_contrastive_t007_w10m_j50,"VPU + contrastive (T=0.07, w=0.01, j=0.5)",7,#0072B2,solid,^,"{""contractive"": false, ""contrastive"": true, ""family"": ""vpu"", ""jaccard_weight"": 0.5, ""temperature"": 0.07, ""weight"": 0.01}"
vpu_contractive_interaction_expanded,baseline,vpu_contractive_interaction_expanded/task_000020,task_000020,grid_0004,0,completed,a804cd01ba9f,"VPU + contrastive (T=0.01, w=0.001)",molecule_vpu,VariationalPULoss,none,0.2,0.0,{},"{""contrastive"": {""peak_permutation"": {""params"": {""annotation_bin_radius"": 0, ""peak_catalog_limit"": 4096, ""peak_sample_size"": 10000, ""peak_selection_method"": ""permutation_label_invariant"", ""permutation_bank_size"": 7000, ""permutation_selection_attempts"": 64, ""permuted_peaks_per_view"": 3, ""preserve_input_normalization"": true, ""temperature"": 0.01}, ""target"": ""InfoNCELoss"", ""weight"": 0.001}}, ""heads"": {""molecule_vpu"": {""vpu_alpha_1_beta_1"": {""params"": {""alpha"": 1.0, ""beta"": 1.0, ""consistency_weight"": 0.0, ""negative_weight"": 0.0, ""simulated_negative_weight"": 0.0}, ""target"": ""VariationalPULoss"", ""weight"": 0.2}}}, ""reconstruction"": {""masserstein"": {""target"": ""MassersteinLoss"", ""weight"": 1.0}}, ""regularization"": {}}",91154199,32238397,/home/max/repositories/MSIAutoEncoderWrapper/data/kidney_workspace/models/kidney/vpu-contractive-interaction-expanded-20260917-01__task_000020,True,True,/home/max/repositories/MSIAutoEncoderWrapper/data/kidney_workspace/configs/entropy-runs/vpu-contractive-interaction-expanded-20260917-01/plan/status/task_000020.yaml,ff133cd42f7af414ee3022e7947f94bcd301e0ce338f93da55895867ef10c9a7,63d67af42e30038bef1fbb98125bd6ccad588380dabc4de668acc50167a34723,5cc81a065dbb3cc7dc4c805d4009f410dee6a20a58f7fcadad0c8fc2173297b8,True,True,False,vpu_alpha_1_beta_1 (VariationalPULoss),vpu_contrastive_t001_w1m,"VPU + contrastive (T=0.01, w=0.001)",8,#009E73,solid,^,"{""contractive"": false, ""contrastive"": true, ""family"": ""vpu"", ""temperature"": 0.01, ""weight"": 0.001}"
vpu_contractive_interaction_expanded,baseline,vpu_contractive_interaction_expanded/task_000021,task_000021,grid_0004,1,completed,a804cd01ba9f,"VPU + contrastive (T=0.01, w=0.001)",molecule_vpu,VariationalPULoss,none,0.2,0.0,{},"{""contrastive"": {""peak_permutation"": {""params"": {""annotation_bin_radius"": 0, ""peak_catalog_limit"": 4096, ""peak_sample_size"": 10000, ""peak_selection_method"": ""permutation_label_invariant"", ""permutation_bank_size"": 7000, ""permutation_selection_attempts"": 64, ""permuted_peaks_per_view"": 3, ""preserve_input_normalization"": true, ""temperature"": 0.01}, ""target"": ""InfoNCELoss"", ""weight"": 0.001}}, ""heads"": {""molecule_vpu"": {""vpu_alpha_1_beta_1"": {""params"": {""alpha"": 1.0, ""beta"": 1.0, ""consistency_weight"": 0.0, ""negative_weight"": 0.0, ""simulated_negative_weight"": 0.0}, ""target"": ""VariationalPULoss"", ""weight"": 0.2}}}, ""reconstruction"": {""masserstein"": {""target"": ""MassersteinLoss"", ""weight"": 1.0}}, ""regularization"": {}}",919377028,892754137,/home/max/repositories/MSIAutoEncoderWrapper/data/kidney_workspace/models/kidney/vpu-contractive-interaction-expanded-20260917-01__task_000021,True,True,/home/max/repositories/MSIAutoEncoderWrapper/data/kidney_workspace/configs/entropy-runs/vpu-contractive-interaction-expanded-20260917-01/plan/status/task_000021.yaml,ff133cd42f7af414ee3022e7947f94bcd301e0ce338f93da55895867ef10c9a7,63d67af42e30038bef1fbb98125bd6ccad588380dabc4de668acc50167a34723,5cc81a065dbb3cc7dc4c805d4009f410dee6a20a58f7fcadad0c8fc2173297b8,True,True,False,vpu_alpha_1_beta_1 (VariationalPULoss),vpu_contrastive_t001_w1m,"VPU + contrastive (T=0.01, w=0.001)",8,#009E73,solid,^,"{""contractive"": false, ""contrastive"": true, ""family"": ""vpu"", ""temperature"": 0.01, ""weight"": 0.001}"
vpu_contractive_interaction_expanded,baseline,vpu_contractive_interaction_expanded/task_000022,task_000022,grid_0004,2,completed,a804cd01ba9f,"VPU + contrastive (T=0.01, w=0.001)",molecule_vpu,VariationalPULoss,none,0.2,0.0,{},"{""contrastive"": {""peak_permutation"": {""params"": {""annotation_bin_radius"": 0, ""peak_catalog_limit"": 4096, ""peak_sample_size"": 10000, ""peak_selection_method"": ""permutation_label_invariant"", ""permutation_bank_size"": 7000, ""permutation_selection_attempts"": 64, ""permuted_peaks_per_view"": 3, ""preserve_input_normalization"": true, ""temperature"": 0.01}, ""target"": ""InfoNCELoss"", ""weight"": 0.001}}, ""heads"": {""molecule_vpu"": {""vpu_alpha_1_beta_1"": {""params"": {""alpha"": 1.0, ""beta"": 1.0, ""consistency_weight"": 0.0, ""negative_weight"": 0.0, ""simulated_negative_weight"": 0.0}, ""target"": ""VariationalPULoss"", ""weight"": 0.2}}}, ""reconstruction"": {""masserstein"": {""target"": ""MassersteinLoss"", ""weight"": 1.0}}, ""regularization"": {}}",2136253289,442265914,/home/max/repositories/MSIAutoEncoderWrapper/data/kidney_workspace/models/kidney/vpu-contractive-interaction-expanded-20260917-01__task_000022,True,True,/home/max/repositories/MSIAutoEncoderWrapper/data/kidney_workspace/configs/entropy-runs/vpu-contractive-interaction-expanded-20260917-01/plan/status/task_000022.yaml,ff133cd42f7af414ee3022e7947f94bcd301e0ce338f93da55895867ef10c9a7,63d67af42e30038bef1fbb98125bd6ccad588380dabc4de668acc50167a34723,5cc81a065dbb3cc7dc4c805d4009f410dee6a20a58f7fcadad0c8fc2173297b8,True,True,False,vpu_alpha_1_beta_1 (VariationalPULoss),vpu_contrastive_t001_w1m,"VPU + contrastive (T=0.01, w=0.001)",8,#009E73,solid,^,"{""contractive"": false, ""contrastive"": true, ""family"": ""vpu"", ""temperature"": 0.01, ""weight"": 0.001}"
vpu_contractive_interaction_expanded,baseline,vpu_contractive_interaction_expanded/task_000023,task_000023,grid_0004,3,completed,a804cd01ba9f,"VPU + contrastive (T=0.01, w=0.001)",molecule_vpu,VariationalPULoss,none,0.2,0.0,{},"{""contrastive"": {""peak_permutation"": {""params"": {""annotation_bin_radius"": 0, ""peak_catalog_limit"": 4096, ""peak_sample_size"": 10000, ""peak_selection_method"": ""permutation_label_invariant"", ""permutation_bank_size"": 7000, ""permutation_selection_attempts"": 64, ""permuted_peaks_per_view"": 3, ""preserve_input_normalization"": true, ""temperature"": 0.01}, ""target"": ""InfoNCELoss"", ""weight"": 0.001}}, ""heads"": {""molecule_vpu"": {""vpu_alpha_1_beta_1"": {""params"": {""alpha"": 1.0, ""beta"": 1.0, ""consistency_weight"": 0.0, ""negative_weight"": 0.0, ""simulated_negative_weight"": 0.0}, ""target"": ""VariationalPULoss"", ""weight"": 0.2}}}, ""reconstruction"": {""masserstein"": {""target"": ""MassersteinLoss"", ""weight"": 1.0}}, ""regularization"": {}}",276187349,194761695,/home/max/repositories/MSIAutoEncoderWrapper/data/kidney_workspace/models/kidney/vpu-contractive-interaction-expanded-20260917-01__task_000023,True,True,/home/max/repositories/MSIAutoEncoderWrapper/data/kidney_workspace/configs/entropy-runs/vpu-contractive-interaction-expanded-20260917-01/plan/status/task_000023.yaml,ff133cd42f7af414ee3022e7947f94bcd301e0ce338f93da55895867ef10c9a7,63d67af42e30038bef1fbb98125bd6ccad588380dabc4de668acc50167a34723,5cc81a065dbb3cc7dc4c805d4009f410dee6a20a58f7fcadad0c8fc2173297b8,True,True,False,vpu_alpha_1_beta_1 (VariationalPULoss),vpu_contrastive_t001_w1m,"VPU + contrastive (T=0.01, w=0.001)",8,#009E73,solid,^,"{""contractive"": false, ""contrastive"": true, ""family"": ""vpu"", ""temperature"": 0.01, ""weight"": 0.001}"
vpu_contractive_interaction_expanded,baseline,vpu_contractive_interaction_expanded/task_000024,task_000024,grid_0004,4,completed,a804cd01ba9f,"VPU + contrastive (T=0.01, w=0.001)",molecule_vpu,VariationalPULoss,none,0.2,0.0,{},"{""contrastive"": {""peak_permutation"": {""params"": {""annotation_bin_radius"": 0, ""peak_catalog_limit"": 4096, ""peak_sample_size"": 10000, ""peak_selection_method"": ""permutation_label_invariant"", ""permutation_bank_size"": 7000, ""permutation_selection_attempts"": 64, ""permuted_peaks_per_view"": 3, ""preserve_input_normalization"": true, ""temperature"": 0.01}, ""target"": ""InfoNCELoss"", ""weight"": 0.001}}, ""heads"": {""molecule_vpu"": {""vpu_alpha_1_beta_1"": {""params"": {""alpha"": 1.0, ""beta"": 1.0, ""consistency_weight"": 0.0, ""negative_weight"": 0.0, ""simulated_negative_weight"": 0.0}, ""target"": ""VariationalPULoss"", ""weight"": 0.2}}}, ""reconstruction"": {""masserstein"": {""target"": ""MassersteinLoss"", ""weight"": 1.0}}, ""regularization"": {}}",1915557887,1927548799,/home/max/repositories/MSIAutoEncoderWrapper/data/kidney_workspace/models/kidney/vpu-contractive-interaction-expanded-20260917-01__task_000024,True,True,/home/max/repositories/MSIAutoEncoderWrapper/data/kidney_workspace/configs/entropy-runs/vpu-contractive-interaction-expanded-20260917-01/plan/status/task_000024.yaml,ff133cd42f7af414ee3022e7947f94bcd301e0ce338f93da55895867ef10c9a7,63d67af42e30038bef1fbb98125bd6ccad588380dabc4de668acc50167a34723,5cc81a065dbb3cc7dc4c805d4009f410dee6a20a58f7fcadad0c8fc2173297b8,True,True,False,vpu_alpha_1_beta_1 (VariationalPULoss),vpu_contrastive_t001_w1m,"VPU + contrastive (T=0.01, w=0.001)",8,#009E73,solid,^,"{""contractive"": false, ""contrastive"": true, ""family"": ""vpu"", ""temperature"": 0.01, ""weight"": 0.001}"
vpu_jaccard_shortlist,candidate,vpu_jaccard_shortlist/task_000030,task_000030,grid_0006,0,completed,97af6f9dc5b5,"VPU + contrastive (T=0.01, w=0.001, j=0.1)",molecule_vpu,VariationalPULoss,none,0.2,0.0,{},"{""contrastive"": {""peak_permutation"": {""params"": {""annotation_bin_radius"": 0, ""negative_weighting_method"": ""multilabel_jaccard"", ""overlapping_label_negative_weight"": 0.1, ""peak_catalog_limit"": 4096, ""peak_sample_size"": 10000, ""peak_selection_method"": ""permutation_label_invariant"", ""permutation_bank_size"": 7000, ""permutation_selection_attempts"": 64, ""permuted_peaks_per_view"": 3, ""preserve_input_normalization"": true, ""temperature"": 0.01}, ""target"": ""InfoNCELoss"", ""weight"": 0.001}}, ""heads"": {""molecule_vpu"": {""vpu_alpha_1_beta_1"": {""params"": {""alpha"": 1.0, ""beta"": 1.0, ""consistency_weight"": 0.0, ""negative_weight"": 0.0, ""simulated_negative_weight"": 0.0}, ""target"": ""VariationalPULoss"", ""weight"": 0.2}}}, ""reconstruction"": {""masserstein"": {""target"": ""MassersteinLoss"", ""weight"": 1.0}}}",91154199,32238397,/home/max/repositories/MSIAutoEncoderWrapper/data/kidney_workspace/models/kidney/vpu-jaccard-20260919-01__task_000030,True,True,/home/max/repositories/MSIAutoEncoderWrapper/data/kidney_workspace/configs/entropy-runs/vpu-jaccard-20260919-01/plan/status/task_000030.yaml,ff133cd42f7af414ee3022e7947f94bcd301e0ce338f93da55895867ef10c9a7,63d67af42e30038bef1fbb98125bd6ccad588380dabc4de668acc50167a34723,06f23d75a838cca21eace628d8e4a60452ec6557a8da6ff8b51ac3d54fc1b7ee,True,True,False,vpu_alpha_1_beta_1 (VariationalPULoss),vpu_contrastive_t001_w1m_j10,"VPU + contrastive (T=0.01, w=0.001, j=0.1)",9,#009E73,solid,o,"{""contractive"": false, ""contrastive"": true, ""family"": ""vpu"", ""jaccard_weight"": 0.1, ""temperature"": 0.01, ""weight"": 0.001}"
vpu_jaccard_shortlist,candidate,vpu_jaccard_shortlist/task_000031,task_000031,grid_0006,1,completed,97af6f9dc5b5,"VPU + contrastive (T=0.01, w=0.001, j=0.1)",molecule_vpu,VariationalPULoss,none,0.2,0.0,{},"{""contrastive"": {""peak_permutation"": {""params"": {""annotation_bin_radius"": 0, ""negative_weighting_method"": ""multilabel_jaccard"", ""overlapping_label_negative_weight"": 0.1, ""peak_catalog_limit"": 4096, ""peak_sample_size"": 10000, ""peak_selection_method"": ""permutation_label_invariant"", ""permutation_bank_size"": 7000, ""permutation_selection_attempts"": 64, ""permuted_peaks_per_view"": 3, ""preserve_input_normalization"": true, ""temperature"": 0.01}, ""target"": ""InfoNCELoss"", ""weight"": 0.001}}, ""heads"": {""molecule_vpu"": {""vpu_alpha_1_beta_1"": {""params"": {""alpha"": 1.0, ""beta"": 1.0, ""consistency_weight"": 0.0, ""negative_weight"": 0.0, ""simulated_negative_weight"": 0.0}, ""target"": ""VariationalPULoss"", ""weight"": 0.2}}}, ""reconstruction"": {""masserstein"": {""target"": ""MassersteinLoss"", ""weight"": 1.0}}}",919377028,892754137,/home/max/repositories/MSIAutoEncoderWrapper/data/kidney_workspace/models/kidney/vpu-jaccard-20260919-01__task_000031,True,True,/home/max/repositories/MSIAutoEncoderWrapper/data/kidney_workspace/configs/entropy-runs/vpu-jaccard-20260919-01/plan/status/task_000031.yaml,ff133cd42f7af414ee3022e7947f94bcd301e0ce338f93da55895867ef10c9a7,63d67af42e30038bef1fbb98125bd6ccad588380dabc4de668acc50167a34723,06f23d75a838cca21eace628d8e4a60452ec6557a8da6ff8b51ac3d54fc1b7ee,True,True,False,vpu_alpha_1_beta_1 (VariationalPULoss),vpu_contrastive_t001_w1m_j10,"VPU + contrastive (T=0.01, w=0.001, j=0.1)",9,#009E73,solid,o,"{""contractive"": false, ""contrastive"": true, ""family"": ""vpu"", ""jaccard_weight"": 0.1, ""temperature"": 0.01, ""weight"": 0.001}"
vpu_jaccard_shortlist,candidate,vpu_jaccard_shortlist/task_000032,task_000032,grid_0006,2,completed,97af6f9dc5b5,"VPU + contrastive (T=0.01, w=0.001, j=0.1)",molecule_vpu,VariationalPULoss,none,0.2,0.0,{},"{""contrastive"": {""peak_permutation"": {""params"": {""annotation_bin_radius"": 0, ""negative_weighting_method"": ""multilabel_jaccard"", ""overlapping_label_negative_weight"": 0.1, ""peak_catalog_limit"": 4096, ""peak_sample_size"": 10000, ""peak_selection_method"": ""permutation_label_invariant"", ""permutation_bank_size"": 7000, ""permutation_selection_attempts"": 64, ""permuted_peaks_per_view"": 3, ""preserve_input_normalization"": true, ""temperature"": 0.01}, ""target"": ""InfoNCELoss"", ""weight"": 0.001}}, ""heads"": {""molecule_vpu"": {""vpu_alpha_1_beta_1"": {""params"": {""alpha"": 1.0, ""beta"": 1.0, ""consistency_weight"": 0.0, ""negative_weight"": 0.0, ""simulated_negative_weight"": 0.0}, ""target"": ""VariationalPULoss"", ""weight"": 0.2}}}, ""reconstruction"": {""masserstein"": {""target"": ""MassersteinLoss"", ""weight"": 1.0}}}",2136253289,442265914,/home/max/repositories/MSIAutoEncoderWrapper/data/kidney_workspace/models/kidney/vpu-jaccard-20260919-01__task_000032,True,True,/home/max/repositories/MSIAutoEncoderWrapper/data/kidney_workspace/configs/entropy-runs/vpu-jaccard-20260919-01/plan/status/task_000032.yaml,ff133cd42f7af414ee3022e7947f94bcd301e0ce338f93da55895867ef10c9a7,63d67af42e30038bef1fbb98125bd6ccad588380dabc4de668acc50167a34723,06f23d75a838cca21eace628d8e4a60452ec6557a8da6ff8b51ac3d54fc1b7ee,True,True,False,vpu_alpha_1_beta_1 (VariationalPULoss),vpu_contrastive_t001_w1m_j10,"VPU + contrastive (T=0.01, w=0.001, j=0.1)",9,#009E73,solid,o,"{""contractive"": false, ""contrastive"": true, ""family"": ""vpu"", ""jaccard_weight"": 0.1, ""temperature"": 0.01, ""weight"": 0.001}"
vpu_jaccard_shortlist,candidate,vpu_jaccard_shortlist/task_000033,task_000033,grid_0006,3,completed,97af6f9dc5b5,"VPU + contrastive (T=0.01, w=0.001, j=0.1)",molecule_vpu,VariationalPULoss,none,0.2,0.0,{},"{""contrastive"": {""peak_permutation"": {""params"": {""annotation_bin_radius"": 0, ""negative_weighting_method"": ""multilabel_jaccard"", ""overlapping_label_negative_weight"": 0.1, ""peak_catalog_limit"": 4096, ""peak_sample_size"": 10000, ""peak_selection_method"": ""permutation_label_invariant"", ""permutation_bank_size"": 7000, ""permutation_selection_attempts"": 64, ""permuted_peaks_per_view"": 3, ""preserve_input_normalization"": true, ""temperature"": 0.01}, ""target"": ""InfoNCELoss"", ""weight"": 0.001}}, ""heads"": {""molecule_vpu"": {""vpu_alpha_1_beta_1"": {""params"": {""alpha"": 1.0, ""beta"": 1.0, ""consistency_weight"": 0.0, ""negative_weight"": 0.0, ""simulated_negative_weight"": 0.0}, ""target"": ""VariationalPULoss"", ""weight"": 0.2}}}, ""reconstruction"": {""masserstein"": {""target"": ""MassersteinLoss"", ""weight"": 1.0}}}",276187349,194761695,/home/max/repositories/MSIAutoEncoderWrapper/data/kidney_workspace/models/kidney/vpu-jaccard-20260919-01__task_000033,True,True,/home/max/repositories/MSIAutoEncoderWrapper/data/kidney_workspace/configs/entropy-runs/vpu-jaccard-20260919-01/plan/status/task_000033.yaml,ff133cd42f7af414ee3022e7947f94bcd301e0ce338f93da55895867ef10c9a7,63d67af42e30038bef1fbb98125bd6ccad588380dabc4de668acc50167a34723,06f23d75a838cca21eace628d8e4a60452ec6557a8da6ff8b51ac3d54fc1b7ee,True,True,False,vpu_alpha_1_beta_1 (VariationalPULoss),vpu_contrastive_t001_w1m_j10,"VPU + contrastive (T=0.01, w=0.001, j=0.1)",9,#009E73,solid,o,"{""contractive"": false, ""contrastive"": true, ""family"": ""vpu"", ""jaccard_weight"": 0.1, ""temperature"": 0.01, ""weight"": 0.001}"
vpu_jaccard_shortlist,candidate,vpu_jaccard_shortlist/task_000034,task_000034,grid_0006,4,completed,97af6f9dc5b5,"VPU + contrastive (T=0.01, w=0.001, j=0.1)",molecule_vpu,VariationalPULoss,none,0.2,0.0,{},"{""contrastive"": {""peak_permutation"": {""params"": {""annotation_bin_radius"": 0, ""negative_weighting_method"": ""multilabel_jaccard"", ""overlapping_label_negative_weight"": 0.1, ""peak_catalog_limit"": 4096, ""peak_sample_size"": 10000, ""peak_selection_method"": ""permutation_label_invariant"", ""permutation_bank_size"": 7000, ""permutation_selection_attempts"": 64, ""permuted_peaks_per_view"": 3, ""preserve_input_normalization"": true, ""temperature"": 0.01}, ""target"": ""InfoNCELoss"", ""weight"": 0.001}}, ""heads"": {""molecule_vpu"": {""vpu_alpha_1_beta_1"": {""params"": {""alpha"": 1.0, ""beta"": 1.0, ""consistency_weight"": 0.0, ""negative_weight"": 0.0, ""simulated_negative_weight"": 0.0}, ""target"": ""VariationalPULoss"", ""weight"": 0.2}}}, ""reconstruction"": {""masserstein"": {""target"": ""MassersteinLoss"", ""weight"": 1.0}}}",1915557887,1927548799,/home/max/repositories/MSIAutoEncoderWrapper/data/kidney_workspace/models/kidney/vpu-jaccard-20260919-01__task_000034,True,True,/home/max/repositories/MSIAutoEncoderWrapper/data/kidney_workspace/configs/entropy-runs/vpu-jaccard-20260919-01/plan/status/task_000034.yaml,ff133cd42f7af414ee3022e7947f94bcd301e0ce338f93da55895867ef10c9a7,63d67af42e30038bef1fbb98125bd6ccad588380dabc4de668acc50167a34723,06f23d75a838cca21eace628d8e4a60452ec6557a8da6ff8b51ac3d54fc1b7ee,True,True,False,vpu_alpha_1_beta_1 (VariationalPULoss),vpu_contrastive_t001_w1m_j10,"VPU + contrastive (T=0.01, w=0.001, j=0.1)",9,#009E73,solid,o,"{""contractive"": false, ""contrastive"": true, ""family"": ""vpu"", ""jaccard_weight"": 0.1, ""temperature"": 0.01, ""weight"": 0.001}"
vpu_jaccard_shortlist,candidate,vpu_jaccard_shortlist/task_000035,task_000035,grid_0007,0,completed,9f5ded5923b1,"VPU + contrastive (T=0.01, w=0.001, j=0.25)",molecule_vpu,VariationalPULoss,none,0.2,0.0,{},"{""contrastive"": {""peak_permutation"": {""params"": {""annotation_bin_radius"": 0, ""negative_weighting_method"": ""multilabel_jaccard"", ""overlapping_label_negative_weight"": 0.25, ""peak_catalog_limit"": 4096, ""peak_sample_size"": 10000, ""peak_selection_method"": ""permutation_label_invariant"", ""permutation_bank_size"": 7000, ""permutation_selection_attempts"": 64, ""permuted_peaks_per_view"": 3, ""preserve_input_normalization"": true, ""temperature"": 0.01}, ""target"": ""InfoNCELoss"", ""weight"": 0.001}}, ""heads"": {""molecule_vpu"": {""vpu_alpha_1_beta_1"": {""params"": {""alpha"": 1.0, ""beta"": 1.0, ""consistency_weight"": 0.0, ""negative_weight"": 0.0, ""simulated_negative_weight"": 0.0}, ""target"": ""VariationalPULoss"", ""weight"": 0.2}}}, ""reconstruction"": {""masserstein"": {""target"": ""MassersteinLoss"", ""weight"": 1.0}}}",91154199,32238397,/home/max/repositories/MSIAutoEncoderWrapper/data/kidney_workspace/models/kidney/vpu-jaccard-20260919-01__task_000035,True,True,/home/max/repositories/MSIAutoEncoderWrapper/data/kidney_workspace/configs/entropy-runs/vpu-jaccard-20260919-01/plan/status/task_000035.yaml,ff133cd42f7af414ee3022e7947f94bcd301e0ce338f93da55895867ef10c9a7,63d67af42e30038bef1fbb98125bd6ccad588380dabc4de668acc50167a34723,97dc0478ac0861e105fa67b12953927021fb20157674b6c1df92b1a658817315,True,True,False,vpu_alpha_1_beta_1 (VariationalPULoss),vpu_contrastive_t001_w1m_j25,"VPU + contrastive (T=0.01, w=0.001, j=0.25)",10,#009E73,solid,s,"{""contractive"": false, ""contrastive"": true, ""family"": ""vpu"", ""jaccard_weight"": 0.25, ""temperature"": 0.01, ""weight"": 0.001}"
vpu_jaccard_shortlist,candidate,vpu_jaccard_shortlist/task_000036,task_000036,grid_0007,1,completed,9f5ded5923b1,"VPU + contrastive (T=0.01, w=0.001, j=0.25)",molecule_vpu,VariationalPULoss,none,0.2,0.0,{},"{""contrastive"": {""peak_permutation"": {""params"": {""annotation_bin_radius"": 0, ""negative_weighting_method"": ""multilabel_jaccard"", ""overlapping_label_negative_weight"": 0.25, ""peak_catalog_limit"": 4096, ""peak_sample_size"": 10000, ""peak_selection_method"": ""permutation_label_invariant"", ""permutation_bank_size"": 7000, ""permutation_selection_attempts"": 64, ""permuted_peaks_per_view"": 3, ""preserve_input_normalization"": true, ""temperature"": 0.01}, ""target"": ""InfoNCELoss"", ""weight"": 0.001}}, ""heads"": {""molecule_vpu"": {""vpu_alpha_1_beta_1"": {""params"": {""alpha"": 1.0, ""beta"": 1.0, ""consistency_weight"": 0.0, ""negative_weight"": 0.0, ""simulated_negative_weight"": 0.0}, ""target"": ""VariationalPULoss"", ""weight"": 0.2}}}, ""reconstruction"": {""masserstein"": {""target"": ""MassersteinLoss"", ""weight"": 1.0}}}",919377028,892754137,/home/max/repositories/MSIAutoEncoderWrapper/data/kidney_workspace/models/kidney/vpu-jaccard-20260919-01__task_000036,True,True,/home/max/repositories/MSIAutoEncoderWrapper/data/kidney_workspace/configs/entropy-runs/vpu-jaccard-20260919-01/plan/status/task_000036.yaml,ff133cd42f7af414ee3022e7947f94bcd301e0ce338f93da55895867ef10c9a7,63d67af42e30038bef1fbb98125bd6ccad588380dabc4de668acc50167a34723,97dc0478ac0861e105fa67b12953927021fb20157674b6c1df92b1a658817315,True,True,False,vpu_alpha_1_beta_1 (VariationalPULoss),vpu_contrastive_t001_w1m_j25,"VPU + contrastive (T=0.01, w=0.001, j=0.25)",10,#009E73,solid,s,"{""contractive"": false, ""contrastive"": true, ""family"": ""vpu"", ""jaccard_weight"": 0.25, ""temperature"": 0.01, ""weight"": 0.001}"
vpu_jaccard_shortlist,candidate,vpu_jaccard_shortlist/task_000037,task_000037,grid_0007,2,completed,9f5ded5923b1,"VPU + contrastive (T=0.01, w=0.001, j=0.25)",molecule_vpu,VariationalPULoss,none,0.2,0.0,{},"{""contrastive"": {""peak_permutation"": {""params"": {""annotation_bin_radius"": 0, ""negative_weighting_method"": ""multilabel_jaccard"", ""overlapping_label_negative_weight"": 0.25, ""peak_catalog_limit"": 4096, ""peak_sample_size"": 10000, ""peak_selection_method"": ""permutation_label_invariant"", ""permutation_bank_size"": 7000, ""permutation_selection_attempts"": 64, ""permuted_peaks_per_view"": 3, ""preserve_input_normalization"": true, ""temperature"": 0.01}, ""target"": ""InfoNCELoss"", ""weight"": 0.001}}, ""heads"": {""molecule_vpu"": {""vpu_alpha_1_beta_1"": {""params"": {""alpha"": 1.0, ""beta"": 1.0, ""consistency_weight"": 0.0, ""negative_weight"": 0.0, ""simulated_negative_weight"": 0.0}, ""target"": ""VariationalPULoss"", ""weight"": 0.2}}}, ""reconstruction"": {""masserstein"": {""target"": ""MassersteinLoss"", ""weight"": 1.0}}}",2136253289,442265914,/home/max/repositories/MSIAutoEncoderWrapper/data/kidney_workspace/models/kidney/vpu-jaccard-20260919-01__task_000037,True,True,/home/max/repositories/MSIAutoEncoderWrapper/data/kidney_workspace/configs/entropy-runs/vpu-jaccard-20260919-01/plan/status/task_000037.yaml,ff133cd42f7af414ee3022e7947f94bcd301e0ce338f93da55895867ef10c9a7,63d67af42e30038bef1fbb98125bd6ccad588380dabc4de668acc50167a34723,97dc0478ac0861e105fa67b12953927021fb20157674b6c1df92b1a658817315,True,True,False,vpu_alpha_1_beta_1 (VariationalPULoss),vpu_contrastive_t001_w1m_j25,"VPU + contrastive (T=0.01, w=0.001, j=0.25)",10,#009E73,solid,s,"{""contractive"": false, ""contrastive"": true, ""family"": ""vpu"", ""jaccard_weight"": 0.25, ""temperature"": 0.01, ""weight"": 0.001}"
vpu_jaccard_shortlist,candidate,vpu_jaccard_shortlist/task_000038,task_000038,grid_0007,3,completed,9f5ded5923b1,"VPU + contrastive (T=0.01, w=0.001, j=0.25)",molecule_vpu,VariationalPULoss,none,0.2,0.0,{},"{""contrastive"": {""peak_permutation"": {""params"": {""annotation_bin_radius"": 0, ""negative_weighting_method"": ""multilabel_jaccard"", ""overlapping_label_negative_weight"": 0.25, ""peak_catalog_limit"": 4096, ""peak_sample_size"": 10000, ""peak_selection_method"": ""permutation_label_invariant"", ""permutation_bank_size"": 7000, ""permutation_selection_attempts"": 64, ""permuted_peaks_per_view"": 3, ""preserve_input_normalization"": true, ""temperature"": 0.01}, ""target"": ""InfoNCELoss"", ""weight"": 0.001}}, ""heads"": {""molecule_vpu"": {""vpu_alpha_1_beta_1"": {""params"": {""alpha"": 1.0, ""beta"": 1.0, ""consistency_weight"": 0.0, ""negative_weight"": 0.0, ""simulated_negative_weight"": 0.0}, ""target"": ""VariationalPULoss"", ""weight"": 0.2}}}, ""reconstruction"": {""masserstein"": {""target"": ""MassersteinLoss"", ""weight"": 1.0}}}",276187349,194761695,/home/max/repositories/MSIAutoEncoderWrapper/data/kidney_workspace/models/kidney/vpu-jaccard-20260919-01__task_000038,True,True,/home/max/repositories/MSIAutoEncoderWrapper/data/kidney_workspace/configs/entropy-runs/vpu-jaccard-20260919-01/plan/status/task_000038.yaml,ff133cd42f7af414ee3022e7947f94bcd301e0ce338f93da55895867ef10c9a7,63d67af42e30038bef1fbb98125bd6ccad588380dabc4de668acc50167a34723,97dc0478ac0861e105fa67b12953927021fb20157674b6c1df92b1a658817315,True,True,False,vpu_alpha_1_beta_1 (VariationalPULoss),vpu_contrastive_t001_w1m_j25,"VPU + contrastive (T=0.01, w=0.001, j=0.25)",10,#009E73,solid,s,"{""contractive"": false, ""contrastive"": true, ""family"": ""vpu"", ""jaccard_weight"": 0.25, ""temperature"": 0.01, ""weight"": 0.001}"
vpu_jaccard_shortlist,candidate,vpu_jaccard_shortlist/task_000039,task_000039,grid_0007,4,completed,9f5ded5923b1,"VPU + contrastive (T=0.01, w=0.001, j=0.25)",molecule_vpu,VariationalPULoss,none,0.2,0.0,{},"{""contrastive"": {""peak_permutation"": {""params"": {""annotation_bin_radius"": 0, ""negative_weighting_method"": ""multilabel_jaccard"", ""overlapping_label_negative_weight"": 0.25, ""peak_catalog_limit"": 4096, ""peak_sample_size"": 10000, ""peak_selection_method"": ""permutation_label_invariant"", ""permutation_bank_size"": 7000, ""permutation_selection_attempts"": 64, ""permuted_peaks_per_view"": 3, ""preserve_input_normalization"": true, ""temperature"": 0.01}, ""target"": ""InfoNCELoss"", ""weight"": 0.001}}, ""heads"": {""molecule_vpu"": {""vpu_alpha_1_beta_1"": {""params"": {""alpha"": 1.0, ""beta"": 1.0, ""consistency_weight"": 0.0, ""negative_weight"": 0.0, ""simulated_negative_weight"": 0.0}, ""target"": ""VariationalPULoss"", ""weight"": 0.2}}}, ""reconstruction"": {""masserstein"": {""target"": ""MassersteinLoss"", ""weight"": 1.0}}}",1915557887,1927548799,/home/max/repositories/MSIAutoEncoderWrapper/data/kidney_workspace/models/kidney/vpu-jaccard-20260919-01__task_000039,True,True,/home/max/repositories/MSIAutoEncoderWrapper/data/kidney_workspace/configs/entropy-runs/vpu-jaccard-20260919-01/plan/status/task_000039.yaml,ff133cd42f7af414ee3022e7947f94bcd301e0ce338f93da55895867ef10c9a7,63d67af42e30038bef1fbb98125bd6ccad588380dabc4de668acc50167a34723,97dc0478ac0861e105fa67b12953927021fb20157674b6c1df92b1a658817315,True,True,False,vpu_alpha_1_beta_1 (VariationalPULoss),vpu_contrastive_t001_w1m_j25,"VPU + contrastive (T=0.01, w=0.001, j=0.25)",10,#009E73,solid,s,"{""contractive"": false, ""contrastive"": true, ""family"": ""vpu"", ""jaccard_weight"": 0.25, ""temperature"": 0.01, ""weight"": 0.001}"
vpu_jaccard_shortlist,candidate,vpu_jaccard_shortlist/task_000040,task_000040,grid_0008,0,completed,7e26bcb188c0,"VPU + contrastive (T=0.01, w=0.001, j=0.5)",molecule_vpu,VariationalPULoss,none,0.2,0.0,{},"{""contrastive"": {""peak_permutation"": {""params"": {""annotation_bin_radius"": 0, ""negative_weighting_method"": ""multilabel_jaccard"", ""overlapping_label_negative_weight"": 0.5, ""peak_catalog_limit"": 4096, ""peak_sample_size"": 10000, ""peak_selection_method"": ""permutation_label_invariant"", ""permutation_bank_size"": 7000, ""permutation_selection_attempts"": 64, ""permuted_peaks_per_view"": 3, ""preserve_input_normalization"": true, ""temperature"": 0.01}, ""target"": ""InfoNCELoss"", ""weight"": 0.001}}, ""heads"": {""molecule_vpu"": {""vpu_alpha_1_beta_1"": {""params"": {""alpha"": 1.0, ""beta"": 1.0, ""consistency_weight"": 0.0, ""negative_weight"": 0.0, ""simulated_negative_weight"": 0.0}, ""target"": ""VariationalPULoss"", ""weight"": 0.2}}}, ""reconstruction"": {""masserstein"": {""target"": ""MassersteinLoss"", ""weight"": 1.0}}}",91154199,32238397,/home/max/repositories/MSIAutoEncoderWrapper/data/kidney_workspace/models/kidney/vpu-jaccard-20260919-01__task_000040,True,True,/home/max/repositories/MSIAutoEncoderWrapper/data/kidney_workspace/configs/entropy-runs/vpu-jaccard-20260919-01/plan/status/task_000040.yaml,ff133cd42f7af414ee3022e7947f94bcd301e0ce338f93da55895867ef10c9a7,63d67af42e30038bef1fbb98125bd6ccad588380dabc4de668acc50167a34723,a609247bd180fcb975d66a3498cbab01169a748c5a243e870ca463a83f026bb6,True,True,False,vpu_alpha_1_beta_1 (VariationalPULoss),vpu_contrastive_t001_w1m_j50,"VPU + contrastive (T=0.01, w=0.001, j=0.5)",11,#009E73,solid,^,"{""contractive"": false, ""contrastive"": true, ""family"": ""vpu"", ""jaccard_weight"": 0.5, ""temperature"": 0.01, ""weight"": 0.001}"
vpu_jaccard_shortlist,candidate,vpu_jaccard_shortlist/task_000041,task_000041,grid_0008,1,completed,7e26bcb188c0,"VPU + contrastive (T=0.01, w=0.001, j=0.5)",molecule_vpu,VariationalPULoss,none,0.2,0.0,{},"{""contrastive"": {""peak_permutation"": {""params"": {""annotation_bin_radius"": 0, ""negative_weighting_method"": ""multilabel_jaccard"", ""overlapping_label_negative_weight"": 0.5, ""peak_catalog_limit"": 4096, ""peak_sample_size"": 10000, ""peak_selection_method"": ""permutation_label_invariant"", ""permutation_bank_size"": 7000, ""permutation_selection_attempts"": 64, ""permuted_peaks_per_view"": 3, ""preserve_input_normalization"": true, ""temperature"": 0.01}, ""target"": ""InfoNCELoss"", ""weight"": 0.001}}, ""heads"": {""molecule_vpu"": {""vpu_alpha_1_beta_1"": {""params"": {""alpha"": 1.0, ""beta"": 1.0, ""consistency_weight"": 0.0, ""negative_weight"": 0.0, ""simulated_negative_weight"": 0.0}, ""target"": ""VariationalPULoss"", ""weight"": 0.2}}}, ""reconstruction"": {""masserstein"": {""target"": ""MassersteinLoss"", ""weight"": 1.0}}}",919377028,892754137,/home/max/repositories/MSIAutoEncoderWrapper/data/kidney_workspace/models/kidney/vpu-jaccard-20260919-01__task_000041,True,True,/home/max/repositories/MSIAutoEncoderWrapper/data/kidney_workspace/configs/entropy-runs/vpu-jaccard-20260919-01/plan/status/task_000041.yaml,ff133cd42f7af414ee3022e7947f94bcd301e0ce338f93da55895867ef10c9a7,63d67af42e30038bef1fbb98125bd6ccad588380dabc4de668acc50167a34723,a609247bd180fcb975d66a3498cbab01169a748c5a243e870ca463a83f026bb6,True,True,False,vpu_alpha_1_beta_1 (VariationalPULoss),vpu_contrastive_t001_w1m_j50,"VPU + contrastive (T=0.01, w=0.001, j=0.5)",11,#009E73,solid,^,"{""contractive"": false, ""contrastive"": true, ""family"": ""vpu"", ""jaccard_weight"": 0.5, ""temperature"": 0.01, ""weight"": 0.001}"
vpu_jaccard_shortlist,candidate,vpu_jaccard_shortlist/task_000042,task_000042,grid_0008,2,completed,7e26bcb188c0,"VPU + contrastive (T=0.01, w=0.001, j=0.5)",molecule_vpu,VariationalPULoss,none,0.2,0.0,{},"{""contrastive"": {""peak_permutation"": {""params"": {""annotation_bin_radius"": 0, ""negative_weighting_method"": ""multilabel_jaccard"", ""overlapping_label_negative_weight"": 0.5, ""peak_catalog_limit"": 4096, ""peak_sample_size"": 10000, ""peak_selection_method"": ""permutation_label_invariant"", ""permutation_bank_size"": 7000, ""permutation_selection_attempts"": 64, ""permuted_peaks_per_view"": 3, ""preserve_input_normalization"": true, ""temperature"": 0.01}, ""target"": ""InfoNCELoss"", ""weight"": 0.001}}, ""heads"": {""molecule_vpu"": {""vpu_alpha_1_beta_1"": {""params"": {""alpha"": 1.0, ""beta"": 1.0, ""consistency_weight"": 0.0, ""negative_weight"": 0.0, ""simulated_negative_weight"": 0.0}, ""target"": ""VariationalPULoss"", ""weight"": 0.2}}}, ""reconstruction"": {""masserstein"": {""target"": ""MassersteinLoss"", ""weight"": 1.0}}}",2136253289,442265914,/home/max/repositories/MSIAutoEncoderWrapper/data/kidney_workspace/models/kidney/vpu-jaccard-20260919-01__task_000042,True,True,/home/max/repositories/MSIAutoEncoderWrapper/data/kidney_workspace/configs/entropy-runs/vpu-jaccard-20260919-01/plan/status/task_000042.yaml,ff133cd42f7af414ee3022e7947f94bcd301e0ce338f93da55895867ef10c9a7,63d67af42e30038bef1fbb98125bd6ccad588380dabc4de668acc50167a34723,a609247bd180fcb975d66a3498cbab01169a748c5a243e870ca463a83f026bb6,True,True,False,vpu_alpha_1_beta_1 (VariationalPULoss),vpu_contrastive_t001_w1m_j50,"VPU + contrastive (T=0.01, w=0.001, j=0.5)",11,#009E73,solid,^,"{""contractive"": false, ""contrastive"": true, ""family"": ""vpu"", ""jaccard_weight"": 0.5, ""temperature"": 0.01, ""weight"": 0.001}"
vpu_jaccard_shortlist,candidate,vpu_jaccard_shortlist/task_000043,task_000043,grid_0008,3,completed,7e26bcb188c0,"VPU + contrastive (T=0.01, w=0.001, j=0.5)",molecule_vpu,VariationalPULoss,none,0.2,0.0,{},"{""contrastive"": {""peak_permutation"": {""params"": {""annotation_bin_radius"": 0, ""negative_weighting_method"": ""multilabel_jaccard"", ""overlapping_label_negative_weight"": 0.5, ""peak_catalog_limit"": 4096, ""peak_sample_size"": 10000, ""peak_selection_method"": ""permutation_label_invariant"", ""permutation_bank_size"": 7000, ""permutation_selection_attempts"": 64, ""permuted_peaks_per_view"": 3, ""preserve_input_normalization"": true, ""temperature"": 0.01}, ""target"": ""InfoNCELoss"", ""weight"": 0.001}}, ""heads"": {""molecule_vpu"": {""vpu_alpha_1_beta_1"": {""params"": {""alpha"": 1.0, ""beta"": 1.0, ""consistency_weight"": 0.0, ""negative_weight"": 0.0, ""simulated_negative_weight"": 0.0}, ""target"": ""VariationalPULoss"", ""weight"": 0.2}}}, ""reconstruction"": {""masserstein"": {""target"": ""MassersteinLoss"", ""weight"": 1.0}}}",276187349,194761695,/home/max/repositories/MSIAutoEncoderWrapper/data/kidney_workspace/models/kidney/vpu-jaccard-20260919-01__task_000043,True,True,/home/max/repositories/MSIAutoEncoderWrapper/data/kidney_workspace/configs/entropy-runs/vpu-jaccard-20260919-01/plan/status/task_000043.yaml,ff133cd42f7af414ee3022e7947f94bcd301e0ce338f93da55895867ef10c9a7,63d67af42e30038bef1fbb98125bd6ccad588380dabc4de668acc50167a34723,a609247bd180fcb975d66a3498cbab01169a748c5a243e870ca463a83f026bb6,True,True,False,vpu_alpha_1_beta_1 (VariationalPULoss),vpu_contrastive_t001_w1m_j50,"VPU + contrastive (T=0.01, w=0.001, j=0.5)",11,#009E73,solid,^,"{""contractive"": false, ""contrastive"": true, ""family"": ""vpu"", ""jaccard_weight"": 0.5, ""temperature"": 0.01, ""weight"": 0.001}"
vpu_jaccard_shortlist,candidate,vpu_jaccard_shortlist/task_000044,task_000044,grid_0008,4,completed,7e26bcb188c0,"VPU + contrastive (T=0.01, w=0.001, j=0.5)",molecule_vpu,VariationalPULoss,none,0.2,0.0,{},"{""contrastive"": {""peak_permutation"": {""params"": {""annotation_bin_radius"": 0, ""negative_weighting_method"": ""multilabel_jaccard"", ""overlapping_label_negative_weight"": 0.5, ""peak_catalog_limit"": 4096, ""peak_sample_size"": 10000, ""peak_selection_method"": ""permutation_label_invariant"", ""permutation_bank_size"": 7000, ""permutation_selection_attempts"": 64, ""permuted_peaks_per_view"": 3, ""preserve_input_normalization"": true, ""temperature"": 0.01}, ""target"": ""InfoNCELoss"", ""weight"": 0.001}}, ""heads"": {""molecule_vpu"": {""vpu_alpha_1_beta_1"": {""params"": {""alpha"": 1.0, ""beta"": 1.0, ""consistency_weight"": 0.0, ""negative_weight"": 0.0, ""simulated_negative_weight"": 0.0}, ""target"": ""VariationalPULoss"", ""weight"": 0.2}}}, ""reconstruction"": {""masserstein"": {""target"": ""MassersteinLoss"", ""weight"": 1.0}}}",1915557887,1927548799,/home/max/repositories/MSIAutoEncoderWrapper/data/kidney_workspace/models/kidney/vpu-jaccard-20260919-01__task_000044,True,True,/home/max/repositories/MSIAutoEncoderWrapper/data/kidney_workspace/configs/entropy-runs/vpu-jaccard-20260919-01/plan/status/task_000044.yaml,ff133cd42f7af414ee3022e7947f94bcd301e0ce338f93da55895867ef10c9a7,63d67af42e30038bef1fbb98125bd6ccad588380dabc4de668acc50167a34723,a609247bd180fcb975d66a3498cbab01169a748c5a243e870ca463a83f026bb6,True,True,False,vpu_alpha_1_beta_1 (VariationalPULoss),vpu_contrastive_t001_w1m_j50,"VPU + contrastive (T=0.01, w=0.001, j=0.5)",11,#009E73,solid,^,"{""contractive"": false, ""contrastive"": true, ""family"": ""vpu"", ""jaccard_weight"": 0.5, ""temperature"": 0.01, ""weight"": 0.001}"
vpu_contractive_interaction_expanded,baseline,vpu_contractive_interaction_expanded/task_000045,task_000045,grid_0009,0,completed,38db9c69645b,"VPU + contractive + contrastive (T=0.07, w=0.001)",molecule_vpu,VariationalPULoss,none,0.2,0.0,{},"{""contrastive"": {""peak_permutation"": {""params"": {""annotation_bin_radius"": 0, ""peak_catalog_limit"": 4096, ""peak_sample_size"": 10000, ""peak_selection_method"": ""permutation_label_invariant"", ""permutation_bank_size"": 7000, ""permutation_selection_attempts"": 64, ""permuted_peaks_per_view"": 3, ""preserve_input_normalization"": true, ""temperature"": 0.07}, ""target"": ""InfoNCELoss"", ""weight"": 0.001}}, ""heads"": {""molecule_vpu"": {""vpu_alpha_1_beta_1"": {""params"": {""alpha"": 1.0, ""beta"": 1.0, ""consistency_weight"": 0.0, ""negative_weight"": 0.0, ""simulated_negative_weight"": 0.0}, ""target"": ""VariationalPULoss"", ""weight"": 0.2}}}, ""reconstruction"": {""masserstein"": {""target"": ""MassersteinLoss"", ""weight"": 1.0}}, ""regularization"": {""contractive"": {""params"": {""calculation_method"": ""exact_autograd_jacobian"", ""hinge_alpha"": 2.0, ""hinge_threshold"": 7.0, ""input_geometry"": ""fisher_rao"", ""latent_source"": ""auto"", ""penalized_space"": ""u"", ""penalty_metric"": ""spectral_plus_hinged""}, ""target"": ""ContractiveLoss"", ""weight"": 0.002}}}",91154199,32238397,/home/max/repositories/MSIAutoEncoderWrapper/data/kidney_workspace/models/kidney/vpu-contractive-interaction-expanded-20260917-01__task_000045,True,True,/home/max/repositories/MSIAutoEncoderWrapper/data/kidney_workspace/configs/entropy-runs/vpu-contractive-interaction-expanded-20260917-01/plan/status/task_000045.yaml,ff133cd42f7af414ee3022e7947f94bcd301e0ce338f93da55895867ef10c9a7,63d67af42e30038bef1fbb98125bd6ccad588380dabc4de668acc50167a34723,77ff926cd8b95cad98969175091aa74ba6d4129415571bf95bffc223043ef73c,True,True,False,vpu_alpha_1_beta_1 (VariationalPULoss),vpu_contractive_contrastive_t007_w1m,"VPU + contractive + contrastive (T=0.07, w=0.001)",12,#0072B2,dashed,^,"{""contractive"": true, ""contrastive"": true, ""family"": ""vpu"", ""temperature"": 0.07, ""weight"": 0.001}"
vpu_contractive_interaction_expanded,baseline,vpu_contractive_interaction_expanded/task_000046,task_000046,grid_0009,1,completed,38db9c69645b,"VPU + contractive + contrastive (T=0.07, w=0.001)",molecule_vpu,VariationalPULoss,none,0.2,0.0,{},"{""contrastive"": {""peak_permutation"": {""params"": {""annotation_bin_radius"": 0, ""peak_catalog_limit"": 4096, ""peak_sample_size"": 10000, ""peak_selection_method"": ""permutation_label_invariant"", ""permutation_bank_size"": 7000, ""permutation_selection_attempts"": 64, ""permuted_peaks_per_view"": 3, ""preserve_input_normalization"": true, ""temperature"": 0.07}, ""target"": ""InfoNCELoss"", ""weight"": 0.001}}, ""heads"": {""molecule_vpu"": {""vpu_alpha_1_beta_1"": {""params"": {""alpha"": 1.0, ""beta"": 1.0, ""consistency_weight"": 0.0, ""negative_weight"": 0.0, ""simulated_negative_weight"": 0.0}, ""target"": ""VariationalPULoss"", ""weight"": 0.2}}}, ""reconstruction"": {""masserstein"": {""target"": ""MassersteinLoss"", ""weight"": 1.0}}, ""regularization"": {""contractive"": {""params"": {""calculation_method"": ""exact_autograd_jacobian"", ""hinge_alpha"": 2.0, ""hinge_threshold"": 7.0, ""input_geometry"": ""fisher_rao"", ""latent_source"": ""auto"", ""penalized_space"": ""u"", ""penalty_metric"": ""spectral_plus_hinged""}, ""target"": ""ContractiveLoss"", ""weight"": 0.002}}}",919377028,892754137,/home/max/repositories/MSIAutoEncoderWrapper/data/kidney_workspace/models/kidney/vpu-contractive-interaction-expanded-20260917-01__task_000046,True,True,/home/max/repositories/MSIAutoEncoderWrapper/data/kidney_workspace/configs/entropy-runs/vpu-contractive-interaction-expanded-20260917-01/plan/status/task_000046.yaml,ff133cd42f7af414ee3022e7947f94bcd301e0ce338f93da55895867ef10c9a7,63d67af42e30038bef1fbb98125bd6ccad588380dabc4de668acc50167a34723,77ff926cd8b95cad98969175091aa74ba6d4129415571bf95bffc223043ef73c,True,True,False,vpu_alpha_1_beta_1 (VariationalPULoss),vpu_contractive_contrastive_t007_w1m,"VPU + contractive + contrastive (T=0.07, w=0.001)",12,#0072B2,dashed,^,"{""contractive"": true, ""contrastive"": true, ""family"": ""vpu"", ""temperature"": 0.07, ""weight"": 0.001}"
vpu_contractive_interaction_expanded,baseline,vpu_contractive_interaction_expanded/task_000047,task_000047,grid_0009,2,completed,38db9c69645b,"VPU + contractive + contrastive (T=0.07, w=0.001)",molecule_vpu,VariationalPULoss,none,0.2,0.0,{},"{""contrastive"": {""peak_permutation"": {""params"": {""annotation_bin_radius"": 0, ""peak_catalog_limit"": 4096, ""peak_sample_size"": 10000, ""peak_selection_method"": ""permutation_label_invariant"", ""permutation_bank_size"": 7000, ""permutation_selection_attempts"": 64, ""permuted_peaks_per_view"": 3, ""preserve_input_normalization"": true, ""temperature"": 0.07}, ""target"": ""InfoNCELoss"", ""weight"": 0.001}}, ""heads"": {""molecule_vpu"": {""vpu_alpha_1_beta_1"": {""params"": {""alpha"": 1.0, ""beta"": 1.0, ""consistency_weight"": 0.0, ""negative_weight"": 0.0, ""simulated_negative_weight"": 0.0}, ""target"": ""VariationalPULoss"", ""weight"": 0.2}}}, ""reconstruction"": {""masserstein"": {""target"": ""MassersteinLoss"", ""weight"": 1.0}}, ""regularization"": {""contractive"": {""params"": {""calculation_method"": ""exact_autograd_jacobian"", ""hinge_alpha"": 2.0, ""hinge_threshold"": 7.0, ""input_geometry"": ""fisher_rao"", ""latent_source"": ""auto"", ""penalized_space"": ""u"", ""penalty_metric"": ""spectral_plus_hinged""}, ""target"": ""ContractiveLoss"", ""weight"": 0.002}}}",2136253289,442265914,/home/max/repositories/MSIAutoEncoderWrapper/data/kidney_workspace/models/kidney/vpu-contractive-interaction-expanded-20260917-01__task_000047,True,True,/home/max/repositories/MSIAutoEncoderWrapper/data/kidney_workspace/configs/entropy-runs/vpu-contractive-interaction-expanded-20260917-01/plan/status/task_000047.yaml,ff133cd42f7af414ee3022e7947f94bcd301e0ce338f93da55895867ef10c9a7,63d67af42e30038bef1fbb98125bd6ccad588380dabc4de668acc50167a34723,77ff926cd8b95cad98969175091aa74ba6d4129415571bf95bffc223043ef73c,True,True,False,vpu_alpha_1_beta_1 (VariationalPULoss),vpu_contractive_contrastive_t007_w1m,"VPU + contractive + contrastive (T=0.07, w=0.001)",12,#0072B2,dashed,^,"{""contractive"": true, ""contrastive"": true, ""family"": ""vpu"", ""temperature"": 0.07, ""weight"": 0.001}"
vpu_contractive_interaction_expanded,baseline,vpu_contractive_interaction_expanded/task_000048,task_000048,grid_0009,3,completed,38db9c69645b,"VPU + contractive + contrastive (T=0.07, w=0.001)",molecule_vpu,VariationalPULoss,none,0.2,0.0,{},"{""contrastive"": {""peak_permutation"": {""params"": {""annotation_bin_radius"": 0, ""peak_catalog_limit"": 4096, ""peak_sample_size"": 10000, ""peak_selection_method"": ""permutation_label_invariant"", ""permutation_bank_size"": 7000, ""permutation_selection_attempts"": 64, ""permuted_peaks_per_view"": 3, ""preserve_input_normalization"": true, ""temperature"": 0.07}, ""target"": ""InfoNCELoss"", ""weight"": 0.001}}, ""heads"": {""molecule_vpu"": {""vpu_alpha_1_beta_1"": {""params"": {""alpha"": 1.0, ""beta"": 1.0, ""consistency_weight"": 0.0, ""negative_weight"": 0.0, ""simulated_negative_weight"": 0.0}, ""target"": ""VariationalPULoss"", ""weight"": 0.2}}}, ""reconstruction"": {""masserstein"": {""target"": ""MassersteinLoss"", ""weight"": 1.0}}, ""regularization"": {""contractive"": {""params"": {""calculation_method"": ""exact_autograd_jacobian"", ""hinge_alpha"": 2.0, ""hinge_threshold"": 7.0, ""input_geometry"": ""fisher_rao"", ""latent_source"": ""auto"", ""penalized_space"": ""u"", ""penalty_metric"": ""spectral_plus_hinged""}, ""target"": ""ContractiveLoss"", ""weight"": 0.002}}}",276187349,194761695,/home/max/repositories/MSIAutoEncoderWrapper/data/kidney_workspace/models/kidney/vpu-contractive-interaction-expanded-20260917-01__task_000048,True,True,/home/max/repositories/MSIAutoEncoderWrapper/data/kidney_workspace/configs/entropy-runs/vpu-contractive-interaction-expanded-20260917-01/plan/status/task_000048.yaml,ff133cd42f7af414ee3022e7947f94bcd301e0ce338f93da55895867ef10c9a7,63d67af42e30038bef1fbb98125bd6ccad588380dabc4de668acc50167a34723,77ff926cd8b95cad98969175091aa74ba6d4129415571bf95bffc223043ef73c,True,True,False,vpu_alpha_1_beta_1 (VariationalPULoss),vpu_contractive_contrastive_t007_w1m,"VPU + contractive + contrastive (T=0.07, w=0.001)",12,#0072B2,dashed,^,"{""contractive"": true, ""contrastive"": true, ""family"": ""vpu"", ""temperature"": 0.07, ""weight"": 0.001}"
vpu_contractive_interaction_expanded,baseline,vpu_contractive_interaction_expanded/task_000049,task_000049,grid_0009,4,completed,38db9c69645b,"VPU + contractive + contrastive (T=0.07, w=0.001)",molecule_vpu,VariationalPULoss,none,0.2,0.0,{},"{""contrastive"": {""peak_permutation"": {""params"": {""annotation_bin_radius"": 0, ""peak_catalog_limit"": 4096, ""peak_sample_size"": 10000, ""peak_selection_method"": ""permutation_label_invariant"", ""permutation_bank_size"": 7000, ""permutation_selection_attempts"": 64, ""permuted_peaks_per_view"": 3, ""preserve_input_normalization"": true, ""temperature"": 0.07}, ""target"": ""InfoNCELoss"", ""weight"": 0.001}}, ""heads"": {""molecule_vpu"": {""vpu_alpha_1_beta_1"": {""params"": {""alpha"": 1.0, ""beta"": 1.0, ""consistency_weight"": 0.0, ""negative_weight"": 0.0, ""simulated_negative_weight"": 0.0}, ""target"": ""VariationalPULoss"", ""weight"": 0.2}}}, ""reconstruction"": {""masserstein"": {""target"": ""MassersteinLoss"", ""weight"": 1.0}}, ""regularization"": {""contractive"": {""params"": {""calculation_method"": ""exact_autograd_jacobian"", ""hinge_alpha"": 2.0, ""hinge_threshold"": 7.0, ""input_geometry"": ""fisher_rao"", ""latent_source"": ""auto"", ""penalized_space"": ""u"", ""penalty_metric"": ""spectral_plus_hinged""}, ""target"": ""ContractiveLoss"", ""weight"": 0.002}}}",1915557887,1927548799,/home/max/repositories/MSIAutoEncoderWrapper/data/kidney_workspace/models/kidney/vpu-contractive-interaction-expanded-20260917-01__task_000049,True,True,/home/max/repositories/MSIAutoEncoderWrapper/data/kidney_workspace/configs/entropy-runs/vpu-contractive-interaction-expanded-20260917-01/plan/status/task_000049.yaml,ff133cd42f7af414ee3022e7947f94bcd301e0ce338f93da55895867ef10c9a7,63d67af42e30038bef1fbb98125bd6ccad588380dabc4de668acc50167a34723,77ff926cd8b95cad98969175091aa74ba6d4129415571bf95bffc223043ef73c,True,True,False,vpu_alpha_1_beta_1 (VariationalPULoss),vpu_contractive_contrastive_t007_w1m,"VPU + contractive + contrastive (T=0.07, w=0.001)",12,#0072B2,dashed,^,"{""contractive"": true, ""contrastive"": true, ""family"": ""vpu"", ""temperature"": 0.07, ""weight"": 0.001}"
vpu_jaccard_shortlist,candidate,vpu_jaccard_shortlist/task_000045,task_000045,grid_0009,0,completed,c0c35e4423b5,"VPU + contractive + contrastive (T=0.07, w=0.001, j=0.1)",molecule_vpu,VariationalPULoss,none,0.2,0.0,{},"{""contrastive"": {""peak_permutation"": {""params"": {""annotation_bin_radius"": 0, ""negative_weighting_method"": ""multilabel_jaccard"", ""overlapping_label_negative_weight"": 0.1, ""peak_catalog_limit"": 4096, ""peak_sample_size"": 10000, ""peak_selection_method"": ""permutation_label_invariant"", ""permutation_bank_size"": 7000, ""permutation_selection_attempts"": 64, ""permuted_peaks_per_view"": 3, ""preserve_input_normalization"": true, ""temperature"": 0.07}, ""target"": ""InfoNCELoss"", ""weight"": 0.001}}, ""heads"": {""molecule_vpu"": {""vpu_alpha_1_beta_1"": {""params"": {""alpha"": 1.0, ""beta"": 1.0, ""consistency_weight"": 0.0, ""negative_weight"": 0.0, ""simulated_negative_weight"": 0.0}, ""target"": ""VariationalPULoss"", ""weight"": 0.2}}}, ""reconstruction"": {""masserstein"": {""target"": ""MassersteinLoss"", ""weight"": 1.0}}, ""regularization"": {""contractive"": {""params"": {""calculation_method"": ""exact_autograd_jacobian"", ""hinge_alpha"": 2.0, ""hinge_threshold"": 7.0, ""input_geometry"": ""fisher_rao"", ""latent_source"": ""auto"", ""penalized_space"": ""u"", ""penalty_metric"": ""spectral_plus_hinged""}, ""target"": ""ContractiveLoss"", ""weight"": 0.002}}}",91154199,32238397,/home/max/repositories/MSIAutoEncoderWrapper/data/kidney_workspace/models/kidney/vpu-jaccard-20260919-01__task_000045,True,True,/home/max/repositories/MSIAutoEncoderWrapper/data/kidney_workspace/configs/entropy-runs/vpu-jaccard-20260919-01/plan/status/task_000045.yaml,ff133cd42f7af414ee3022e7947f94bcd301e0ce338f93da55895867ef10c9a7,63d67af42e30038bef1fbb98125bd6ccad588380dabc4de668acc50167a34723,5886d9c953e8e76cdbb7c76032820596ad3d11da10ac8039ccdbb236d4202434,True,True,False,vpu_alpha_1_beta_1 (VariationalPULoss),vpu_contractive_contrastive_t007_w1m_j10,"VPU + contractive + contrastive (T=0.07, w=0.001, j=0.1)",13,#0072B2,dashed,o,"{""contractive"": true, ""contrastive"": true, ""family"": ""vpu"", ""jaccard_weight"": 0.1, ""temperature"": 0.07, ""weight"": 0.001}"
vpu_jaccard_shortlist,candidate,vpu_jaccard_shortlist/task_000046,task_000046,grid_0009,1,completed,c0c35e4423b5,"VPU + contractive + contrastive (T=0.07, w=0.001, j=0.1)",molecule_vpu,VariationalPULoss,none,0.2,0.0,{},"{""contrastive"": {""peak_permutation"": {""params"": {""annotation_bin_radius"": 0, ""negative_weighting_method"": ""multilabel_jaccard"", ""overlapping_label_negative_weight"": 0.1, ""peak_catalog_limit"": 4096, ""peak_sample_size"": 10000, ""peak_selection_method"": ""permutation_label_invariant"", ""permutation_bank_size"": 7000, ""permutation_selection_attempts"": 64, ""permuted_peaks_per_view"": 3, ""preserve_input_normalization"": true, ""temperature"": 0.07}, ""target"": ""InfoNCELoss"", ""weight"": 0.001}}, ""heads"": {""molecule_vpu"": {""vpu_alpha_1_beta_1"": {""params"": {""alpha"": 1.0, ""beta"": 1.0, ""consistency_weight"": 0.0, ""negative_weight"": 0.0, ""simulated_negative_weight"": 0.0}, ""target"": ""VariationalPULoss"", ""weight"": 0.2}}}, ""reconstruction"": {""masserstein"": {""target"": ""MassersteinLoss"", ""weight"": 1.0}}, ""regularization"": {""contractive"": {""params"": {""calculation_method"": ""exact_autograd_jacobian"", ""hinge_alpha"": 2.0, ""hinge_threshold"": 7.0, ""input_geometry"": ""fisher_rao"", ""latent_source"": ""auto"", ""penalized_space"": ""u"", ""penalty_metric"": ""spectral_plus_hinged""}, ""target"": ""ContractiveLoss"", ""weight"": 0.002}}}",919377028,892754137,/home/max/repositories/MSIAutoEncoderWrapper/data/kidney_workspace/models/kidney/vpu-jaccard-20260919-01__task_000046,True,True,/home/max/repositories/MSIAutoEncoderWrapper/data/kidney_workspace/configs/entropy-runs/vpu-jaccard-20260919-01/plan/status/task_000046.yaml,ff133cd42f7af414ee3022e7947f94bcd301e0ce338f93da55895867ef10c9a7,63d67af42e30038bef1fbb98125bd6ccad588380dabc4de668acc50167a34723,5886d9c953e8e76cdbb7c76032820596ad3d11da10ac8039ccdbb236d4202434,True,True,False,vpu_alpha_1_beta_1 (VariationalPULoss),vpu_contractive_contrastive_t007_w1m_j10,"VPU + contractive + contrastive (T=0.07, w=0.001, j=0.1)",13,#0072B2,dashed,o,"{""contractive"": true, ""contrastive"": true, ""family"": ""vpu"", ""jaccard_weight"": 0.1, ""temperature"": 0.07, ""weight"": 0.001}"
vpu_jaccard_shortlist,candidate,vpu_jaccard_shortlist/task_000047,task_000047,grid_0009,2,completed,c0c35e4423b5,"VPU + contractive + contrastive (T=0.07, w=0.001, j=0.1)",molecule_vpu,VariationalPULoss,none,0.2,0.0,{},"{""contrastive"": {""peak_permutation"": {""params"": {""annotation_bin_radius"": 0, ""negative_weighting_method"": ""multilabel_jaccard"", ""overlapping_label_negative_weight"": 0.1, ""peak_catalog_limit"": 4096, ""peak_sample_size"": 10000, ""peak_selection_method"": ""permutation_label_invariant"", ""permutation_bank_size"": 7000, ""permutation_selection_attempts"": 64, ""permuted_peaks_per_view"": 3, ""preserve_input_normalization"": true, ""temperature"": 0.07}, ""target"": ""InfoNCELoss"", ""weight"": 0.001}}, ""heads"": {""molecule_vpu"": {""vpu_alpha_1_beta_1"": {""params"": {""alpha"": 1.0, ""beta"": 1.0, ""consistency_weight"": 0.0, ""negative_weight"": 0.0, ""simulated_negative_weight"": 0.0}, ""target"": ""VariationalPULoss"", ""weight"": 0.2}}}, ""reconstruction"": {""masserstein"": {""target"": ""MassersteinLoss"", ""weight"": 1.0}}, ""regularization"": {""contractive"": {""params"": {""calculation_method"": ""exact_autograd_jacobian"", ""hinge_alpha"": 2.0, ""hinge_threshold"": 7.0, ""input_geometry"": ""fisher_rao"", ""latent_source"": ""auto"", ""penalized_space"": ""u"", ""penalty_metric"": ""spectral_plus_hinged""}, ""target"": ""ContractiveLoss"", ""weight"": 0.002}}}",2136253289,442265914,/home/max/repositories/MSIAutoEncoderWrapper/data/kidney_workspace/models/kidney/vpu-jaccard-20260919-01__task_000047,True,True,/home/max/repositories/MSIAutoEncoderWrapper/data/kidney_workspace/configs/entropy-runs/vpu-jaccard-20260919-01/plan/status/task_000047.yaml,ff133cd42f7af414ee3022e7947f94bcd301e0ce338f93da55895867ef10c9a7,63d67af42e30038bef1fbb98125bd6ccad588380dabc4de668acc50167a34723,5886d9c953e8e76cdbb7c76032820596ad3d11da10ac8039ccdbb236d4202434,True,True,False,vpu_alpha_1_beta_1 (VariationalPULoss),vpu_contractive_contrastive_t007_w1m_j10,"VPU + contractive + contrastive (T=0.07, w=0.001, j=0.1)",13,#0072B2,dashed,o,"{""contractive"": true, ""contrastive"": true, ""family"": ""vpu"", ""jaccard_weight"": 0.1, ""temperature"": 0.07, ""weight"": 0.001}"
vpu_jaccard_shortlist,candidate,vpu_jaccard_shortlist/task_000048,task_000048,grid_0009,3,completed,c0c35e4423b5,"VPU + contractive + contrastive (T=0.07, w=0.001, j=0.1)",molecule_vpu,VariationalPULoss,none,0.2,0.0,{},"{""contrastive"": {""peak_permutation"": {""params"": {""annotation_bin_radius"": 0, ""negative_weighting_method"": ""multilabel_jaccard"", ""overlapping_label_negative_weight"": 0.1, ""peak_catalog_limit"": 4096, ""peak_sample_size"": 10000, ""peak_selection_method"": ""permutation_label_invariant"", ""permutation_bank_size"": 7000, ""permutation_selection_attempts"": 64, ""permuted_peaks_per_view"": 3, ""preserve_input_normalization"": true, ""temperature"": 0.07}, ""target"": ""InfoNCELoss"", ""weight"": 0.001}}, ""heads"": {""molecule_vpu"": {""vpu_alpha_1_beta_1"": {""params"": {""alpha"": 1.0, ""beta"": 1.0, ""consistency_weight"": 0.0, ""negative_weight"": 0.0, ""simulated_negative_weight"": 0.0}, ""target"": ""VariationalPULoss"", ""weight"": 0.2}}}, ""reconstruction"": {""masserstein"": {""target"": ""MassersteinLoss"", ""weight"": 1.0}}, ""regularization"": {""contractive"": {""params"": {""calculation_method"": ""exact_autograd_jacobian"", ""hinge_alpha"": 2.0, ""hinge_threshold"": 7.0, ""input_geometry"": ""fisher_rao"", ""latent_source"": ""auto"", ""penalized_space"": ""u"", ""penalty_metric"": ""spectral_plus_hinged""}, ""target"": ""ContractiveLoss"", ""weight"": 0.002}}}",276187349,194761695,/home/max/repositories/MSIAutoEncoderWrapper/data/kidney_workspace/models/kidney/vpu-jaccard-20260919-01__task_000048,True,True,/home/max/repositories/MSIAutoEncoderWrapper/data/kidney_workspace/configs/entropy-runs/vpu-jaccard-20260919-01/plan/status/task_000048.yaml,ff133cd42f7af414ee3022e7947f94bcd301e0ce338f93da55895867ef10c9a7,63d67af42e30038bef1fbb98125bd6ccad588380dabc4de668acc50167a34723,5886d9c953e8e76cdbb7c76032820596ad3d11da10ac8039ccdbb236d4202434,True,True,False,vpu_alpha_1_beta_1 (VariationalPULoss),vpu_contractive_contrastive_t007_w1m_j10,"VPU + contractive + contrastive (T=0.07, w=0.001, j=0.1)",13,#0072B2,dashed,o,"{""contractive"": true, ""contrastive"": true, ""family"": ""vpu"", ""jaccard_weight"": 0.1, ""temperature"": 0.07, ""weight"": 0.001}"
vpu_jaccard_shortlist,candidate,vpu_jaccard_shortlist/task_000049,task_000049,grid_0009,4,completed,c0c35e4423b5,"VPU + contractive + contrastive (T=0.07, w=0.001, j=0.1)",molecule_vpu,VariationalPULoss,none,0.2,0.0,{},"{""contrastive"": {""peak_permutation"": {""params"": {""annotation_bin_radius"": 0, ""negative_weighting_method"": ""multilabel_jaccard"", ""overlapping_label_negative_weight"": 0.1, ""peak_catalog_limit"": 4096, ""peak_sample_size"": 10000, ""peak_selection_method"": ""permutation_label_invariant"", ""permutation_bank_size"": 7000, ""permutation_selection_attempts"": 64, ""permuted_peaks_per_view"": 3, ""preserve_input_normalization"": true, ""temperature"": 0.07}, ""target"": ""InfoNCELoss"", ""weight"": 0.001}}, ""heads"": {""molecule_vpu"": {""vpu_alpha_1_beta_1"": {""params"": {""alpha"": 1.0, ""beta"": 1.0, ""consistency_weight"": 0.0, ""negative_weight"": 0.0, ""simulated_negative_weight"": 0.0}, ""target"": ""VariationalPULoss"", ""weight"": 0.2}}}, ""reconstruction"": {""masserstein"": {""target"": ""MassersteinLoss"", ""weight"": 1.0}}, ""regularization"": {""contractive"": {""params"": {""calculation_method"": ""exact_autograd_jacobian"", ""hinge_alpha"": 2.0, ""hinge_threshold"": 7.0, ""input_geometry"": ""fisher_rao"", ""latent_source"": ""auto"", ""penalized_space"": ""u"", ""penalty_metric"": ""spectral_plus_hinged""}, ""target"": ""ContractiveLoss"", ""weight"": 0.002}}}",1915557887,1927548799,/home/max/repositories/MSIAutoEncoderWrapper/data/kidney_workspace/models/kidney/vpu-jaccard-20260919-01__task_000049,True,True,/home/max/repositories/MSIAutoEncoderWrapper/data/kidney_workspace/configs/entropy-runs/vpu-jaccard-20260919-01/plan/status/task_000049.yaml,ff133cd42f7af414ee3022e7947f94bcd301e0ce338f93da55895867ef10c9a7,63d67af42e30038bef1fbb98125bd6ccad588380dabc4de668acc50167a34723,5886d9c953e8e76cdbb7c76032820596ad3d11da10ac8039ccdbb236d4202434,True,True,False,vpu_alpha_1_beta_1 (VariationalPULoss),vpu_contractive_contrastive_t007_w1m_j10,"VPU + contractive + contrastive (T=0.07, w=0.001, j=0.1)",13,#0072B2,dashed,o,"{""contractive"": true, ""contrastive"": true, ""family"": ""vpu"", ""jaccard_weight"": 0.1, ""temperature"": 0.07, ""weight"": 0.001}"
vpu_jaccard_shortlist,candidate,vpu_jaccard_shortlist/task_000050,task_000050,grid_0010,0,completed,1a35a4b90a8a,"VPU + contractive + contrastive (T=0.07, w=0.001, j=0.25)",molecule_vpu,VariationalPULoss,none,0.2,0.0,{},"{""contrastive"": {""peak_permutation"": {""params"": {""annotation_bin_radius"": 0, ""negative_weighting_method"": ""multilabel_jaccard"", ""overlapping_label_negative_weight"": 0.25, ""peak_catalog_limit"": 4096, ""peak_sample_size"": 10000, ""peak_selection_method"": ""permutation_label_invariant"", ""permutation_bank_size"": 7000, ""permutation_selection_attempts"": 64, ""permuted_peaks_per_view"": 3, ""preserve_input_normalization"": true, ""temperature"": 0.07}, ""target"": ""InfoNCELoss"", ""weight"": 0.001}}, ""heads"": {""molecule_vpu"": {""vpu_alpha_1_beta_1"": {""params"": {""alpha"": 1.0, ""beta"": 1.0, ""consistency_weight"": 0.0, ""negative_weight"": 0.0, ""simulated_negative_weight"": 0.0}, ""target"": ""VariationalPULoss"", ""weight"": 0.2}}}, ""reconstruction"": {""masserstein"": {""target"": ""MassersteinLoss"", ""weight"": 1.0}}, ""regularization"": {""contractive"": {""params"": {""calculation_method"": ""exact_autograd_jacobian"", ""hinge_alpha"": 2.0, ""hinge_threshold"": 7.0, ""input_geometry"": ""fisher_rao"", ""latent_source"": ""auto"", ""penalized_space"": ""u"", ""penalty_metric"": ""spectral_plus_hinged""}, ""target"": ""ContractiveLoss"", ""weight"": 0.002}}}",91154199,32238397,/home/max/repositories/MSIAutoEncoderWrapper/data/kidney_workspace/models/kidney/vpu-jaccard-20260919-01__task_000050,True,True,/home/max/repositories/MSIAutoEncoderWrapper/data/kidney_workspace/configs/entropy-runs/vpu-jaccard-20260919-01/plan/status/task_000050.yaml,ff133cd42f7af414ee3022e7947f94bcd301e0ce338f93da55895867ef10c9a7,63d67af42e30038bef1fbb98125bd6ccad588380dabc4de668acc50167a34723,4570a1e2b06cd66a774f32ded99effb6088aa9b54dd5cb6a90941012b8bac5f7,True,True,False,vpu_alpha_1_beta_1 (VariationalPULoss),vpu_contractive_contrastive_t007_w1m_j25,"VPU + contractive + contrastive (T=0.07, w=0.001, j=0.25)",14,#0072B2,dashed,s,"{""contractive"": true, ""contrastive"": true, ""family"": ""vpu"", ""jaccard_weight"": 0.25, ""temperature"": 0.07, ""weight"": 0.001}"
vpu_jaccard_shortlist,candidate,vpu_jaccard_shortlist/task_000051,task_000051,grid_0010,1,completed,1a35a4b90a8a,"VPU + contractive + contrastive (T=0.07, w=0.001, j=0.25)",molecule_vpu,VariationalPULoss,none,0.2,0.0,{},"{""contrastive"": {""peak_permutation"": {""params"": {""annotation_bin_radius"": 0, ""negative_weighting_method"": ""multilabel_jaccard"", ""overlapping_label_negative_weight"": 0.25, ""peak_catalog_limit"": 4096, ""peak_sample_size"": 10000, ""peak_selection_method"": ""permutation_label_invariant"", ""permutation_bank_size"": 7000, ""permutation_selection_attempts"": 64, ""permuted_peaks_per_view"": 3, ""preserve_input_normalization"": true, ""temperature"": 0.07}, ""target"": ""InfoNCELoss"", ""weight"": 0.001}}, ""heads"": {""molecule_vpu"": {""vpu_alpha_1_beta_1"": {""params"": {""alpha"": 1.0, ""beta"": 1.0, ""consistency_weight"": 0.0, ""negative_weight"": 0.0, ""simulated_negative_weight"": 0.0}, ""target"": ""VariationalPULoss"", ""weight"": 0.2}}}, ""reconstruction"": {""masserstein"": {""target"": ""MassersteinLoss"", ""weight"": 1.0}}, ""regularization"": {""contractive"": {""params"": {""calculation_method"": ""exact_autograd_jacobian"", ""hinge_alpha"": 2.0, ""hinge_threshold"": 7.0, ""input_geometry"": ""fisher_rao"", ""latent_source"": ""auto"", ""penalized_space"": ""u"", ""penalty_metric"": ""spectral_plus_hinged""}, ""target"": ""ContractiveLoss"", ""weight"": 0.002}}}",919377028,892754137,/home/max/repositories/MSIAutoEncoderWrapper/data/kidney_workspace/models/kidney/vpu-jaccard-20260919-01__task_000051,True,True,/home/max/repositories/MSIAutoEncoderWrapper/data/kidney_workspace/configs/entropy-runs/vpu-jaccard-20260919-01/plan/status/task_000051.yaml,ff133cd42f7af414ee3022e7947f94bcd301e0ce338f93da55895867ef10c9a7,63d67af42e30038bef1fbb98125bd6ccad588380dabc4de668acc50167a34723,4570a1e2b06cd66a774f32ded99effb6088aa9b54dd5cb6a90941012b8bac5f7,True,True,False,vpu_alpha_1_beta_1 (VariationalPULoss),vpu_contractive_contrastive_t007_w1m_j25,"VPU + contractive + contrastive (T=0.07, w=0.001, j=0.25)",14,#0072B2,dashed,s,"{""contractive"": true, ""contrastive"": true, ""family"": ""vpu"", ""jaccard_weight"": 0.25, ""temperature"": 0.07, ""weight"": 0.001}"
vpu_jaccard_shortlist,candidate,vpu_jaccard_shortlist/task_000052,task_000052,grid_0010,2,completed,1a35a4b90a8a,"VPU + contractive + contrastive (T=0.07, w=0.001, j=0.25)",molecule_vpu,VariationalPULoss,none,0.2,0.0,{},"{""contrastive"": {""peak_permutation"": {""params"": {""annotation_bin_radius"": 0, ""negative_weighting_method"": ""multilabel_jaccard"", ""overlapping_label_negative_weight"": 0.25, ""peak_catalog_limit"": 4096, ""peak_sample_size"": 10000, ""peak_selection_method"": ""permutation_label_invariant"", ""permutation_bank_size"": 7000, ""permutation_selection_attempts"": 64, ""permuted_peaks_per_view"": 3, ""preserve_input_normalization"": true, ""temperature"": 0.07}, ""target"": ""InfoNCELoss"", ""weight"": 0.001}}, ""heads"": {""molecule_vpu"": {""vpu_alpha_1_beta_1"": {""params"": {""alpha"": 1.0, ""beta"": 1.0, ""consistency_weight"": 0.0, ""negative_weight"": 0.0, ""simulated_negative_weight"": 0.0}, ""target"": ""VariationalPULoss"", ""weight"": 0.2}}}, ""reconstruction"": {""masserstein"": {""target"": ""MassersteinLoss"", ""weight"": 1.0}}, ""regularization"": {""contractive"": {""params"": {""calculation_method"": ""exact_autograd_jacobian"", ""hinge_alpha"": 2.0, ""hinge_threshold"": 7.0, ""input_geometry"": ""fisher_rao"", ""latent_source"": ""auto"", ""penalized_space"": ""u"", ""penalty_metric"": ""spectral_plus_hinged""}, ""target"": ""ContractiveLoss"", ""weight"": 0.002}}}",2136253289,442265914,/home/max/repositories/MSIAutoEncoderWrapper/data/kidney_workspace/models/kidney/vpu-jaccard-20260919-01__task_000052,True,True,/home/max/repositories/MSIAutoEncoderWrapper/data/kidney_workspace/configs/entropy-runs/vpu-jaccard-20260919-01/plan/status/task_000052.yaml,ff133cd42f7af414ee3022e7947f94bcd301e0ce338f93da55895867ef10c9a7,63d67af42e30038bef1fbb98125bd6ccad588380dabc4de668acc50167a34723,4570a1e2b06cd66a774f32ded99effb6088aa9b54dd5cb6a90941012b8bac5f7,True,True,False,vpu_alpha_1_beta_1 (VariationalPULoss),vpu_contractive_contrastive_t007_w1m_j25,"VPU + contractive + contrastive (T=0.07, w=0.001, j=0.25)",14,#0072B2,dashed,s,"{""contractive"": true, ""contrastive"": true, ""family"": ""vpu"", ""jaccard_weight"": 0.25, ""temperature"": 0.07, ""weight"": 0.001}"
vpu_jaccard_shortlist,candidate,vpu_jaccard_shortlist/task_000053,task_000053,grid_0010,3,completed,1a35a4b90a8a,"VPU + contractive + contrastive (T=0.07, w=0.001, j=0.25)",molecule_vpu,VariationalPULoss,none,0.2,0.0,{},"{""contrastive"": {""peak_permutation"": {""params"": {""annotation_bin_radius"": 0, ""negative_weighting_method"": ""multilabel_jaccard"", ""overlapping_label_negative_weight"": 0.25, ""peak_catalog_limit"": 4096, ""peak_sample_size"": 10000, ""peak_selection_method"": ""permutation_label_invariant"", ""permutation_bank_size"": 7000, ""permutation_selection_attempts"": 64, ""permuted_peaks_per_view"": 3, ""preserve_input_normalization"": true, ""temperature"": 0.07}, ""target"": ""InfoNCELoss"", ""weight"": 0.001}}, ""heads"": {""molecule_vpu"": {""vpu_alpha_1_beta_1"": {""params"": {""alpha"": 1.0, ""beta"": 1.0, ""consistency_weight"": 0.0, ""negative_weight"": 0.0, ""simulated_negative_weight"": 0.0}, ""target"": ""VariationalPULoss"", ""weight"": 0.2}}}, ""reconstruction"": {""masserstein"": {""target"": ""MassersteinLoss"", ""weight"": 1.0}}, ""regularization"": {""contractive"": {""params"": {""calculation_method"": ""exact_autograd_jacobian"", ""hinge_alpha"": 2.0, ""hinge_threshold"": 7.0, ""input_geometry"": ""fisher_rao"", ""latent_source"": ""auto"", ""penalized_space"": ""u"", ""penalty_metric"": ""spectral_plus_hinged""}, ""target"": ""ContractiveLoss"", ""weight"": 0.002}}}",276187349,194761695,/home/max/repositories/MSIAutoEncoderWrapper/data/kidney_workspace/models/kidney/vpu-jaccard-20260919-01__task_000053,True,True,/home/max/repositories/MSIAutoEncoderWrapper/data/kidney_workspace/configs/entropy-runs/vpu-jaccard-20260919-01/plan/status/task_000053.yaml,ff133cd42f7af414ee3022e7947f94bcd301e0ce338f93da55895867ef10c9a7,63d67af42e30038bef1fbb98125bd6ccad588380dabc4de668acc50167a34723,4570a1e2b06cd66a774f32ded99effb6088aa9b54dd5cb6a90941012b8bac5f7,True,True,False,vpu_alpha_1_beta_1 (VariationalPULoss),vpu_contractive_contrastive_t007_w1m_j25,"VPU + contractive + contrastive (T=0.07, w=0.001, j=0.25)",14,#0072B2,dashed,s,"{""contractive"": true, ""contrastive"": true, ""family"": ""vpu"", ""jaccard_weight"": 0.25, ""temperature"": 0.07, ""weight"": 0.001}"
vpu_jaccard_shortlist,candidate,vpu_jaccard_shortlist/task_000054,task_000054,grid_0010,4,completed,1a35a4b90a8a,"VPU + contractive + contrastive (T=0.07, w=0.001, j=0.25)",molecule_vpu,VariationalPULoss,none,0.2,0.0,{},"{""contrastive"": {""peak_permutation"": {""params"": {""annotation_bin_radius"": 0, ""negative_weighting_method"": ""multilabel_jaccard"", ""overlapping_label_negative_weight"": 0.25, ""peak_catalog_limit"": 4096, ""peak_sample_size"": 10000, ""peak_selection_method"": ""permutation_label_invariant"", ""permutation_bank_size"": 7000, ""permutation_selection_attempts"": 64, ""permuted_peaks_per_view"": 3, ""preserve_input_normalization"": true, ""temperature"": 0.07}, ""target"": ""InfoNCELoss"", ""weight"": 0.001}}, ""heads"": {""molecule_vpu"": {""vpu_alpha_1_beta_1"": {""params"": {""alpha"": 1.0, ""beta"": 1.0, ""consistency_weight"": 0.0, ""negative_weight"": 0.0, ""simulated_negative_weight"": 0.0}, ""target"": ""VariationalPULoss"", ""weight"": 0.2}}}, ""reconstruction"": {""masserstein"": {""target"": ""MassersteinLoss"", ""weight"": 1.0}}, ""regularization"": {""contractive"": {""params"": {""calculation_method"": ""exact_autograd_jacobian"", ""hinge_alpha"": 2.0, ""hinge_threshold"": 7.0, ""input_geometry"": ""fisher_rao"", ""latent_source"": ""auto"", ""penalized_space"": ""u"", ""penalty_metric"": ""spectral_plus_hinged""}, ""target"": ""ContractiveLoss"", ""weight"": 0.002}}}",1915557887,1927548799,/home/max/repositories/MSIAutoEncoderWrapper/data/kidney_workspace/models/kidney/vpu-jaccard-20260919-01__task_000054,True,True,/home/max/repositories/MSIAutoEncoderWrapper/data/kidney_workspace/configs/entropy-runs/vpu-jaccard-20260919-01/plan/status/task_000054.yaml,ff133cd42f7af414ee3022e7947f94bcd301e0ce338f93da55895867ef10c9a7,63d67af42e30038bef1fbb98125bd6ccad588380dabc4de668acc50167a34723,4570a1e2b06cd66a774f32ded99effb6088aa9b54dd5cb6a90941012b8bac5f7,True,True,False,vpu_alpha_1_beta_1 (VariationalPULoss),vpu_contractive_contrastive_t007_w1m_j25,"VPU + contractive + contrastive (T=0.07, w=0.001, j=0.25)",14,#0072B2,dashed,s,"{""contractive"": true, ""contrastive"": true, ""family"": ""vpu"", ""jaccard_weight"": 0.25, ""temperature"": 0.07, ""weight"": 0.001}"
vpu_jaccard_shortlist,candidate,vpu_jaccard_shortlist/task_000055,task_000055,grid_0011,0,completed,aff4d2958f9e,"VPU + contractive + contrastive (T=0.07, w=0.001, j=0.5)",molecule_vpu,VariationalPULoss,none,0.2,0.0,{},"{""contrastive"": {""peak_permutation"": {""params"": {""annotation_bin_radius"": 0, ""negative_weighting_method"": ""multilabel_jaccard"", ""overlapping_label_negative_weight"": 0.5, ""peak_catalog_limit"": 4096, ""peak_sample_size"": 10000, ""peak_selection_method"": ""permutation_label_invariant"", ""permutation_bank_size"": 7000, ""permutation_selection_attempts"": 64, ""permuted_peaks_per_view"": 3, ""preserve_input_normalization"": true, ""temperature"": 0.07}, ""target"": ""InfoNCELoss"", ""weight"": 0.001}}, ""heads"": {""molecule_vpu"": {""vpu_alpha_1_beta_1"": {""params"": {""alpha"": 1.0, ""beta"": 1.0, ""consistency_weight"": 0.0, ""negative_weight"": 0.0, ""simulated_negative_weight"": 0.0}, ""target"": ""VariationalPULoss"", ""weight"": 0.2}}}, ""reconstruction"": {""masserstein"": {""target"": ""MassersteinLoss"", ""weight"": 1.0}}, ""regularization"": {""contractive"": {""params"": {""calculation_method"": ""exact_autograd_jacobian"", ""hinge_alpha"": 2.0, ""hinge_threshold"": 7.0, ""input_geometry"": ""fisher_rao"", ""latent_source"": ""auto"", ""penalized_space"": ""u"", ""penalty_metric"": ""spectral_plus_hinged""}, ""target"": ""ContractiveLoss"", ""weight"": 0.002}}}",91154199,32238397,/home/max/repositories/MSIAutoEncoderWrapper/data/kidney_workspace/models/kidney/vpu-jaccard-20260919-01__task_000055,True,True,/home/max/repositories/MSIAutoEncoderWrapper/data/kidney_workspace/configs/entropy-runs/vpu-jaccard-20260919-01/plan/status/task_000055.yaml,ff133cd42f7af414ee3022e7947f94bcd301e0ce338f93da55895867ef10c9a7,63d67af42e30038bef1fbb98125bd6ccad588380dabc4de668acc50167a34723,8145d8ff244e8792c0ce76ce167db2410c438806bbc082f7269b8358459edba1,True,True,False,vpu_alpha_1_beta_1 (VariationalPULoss),vpu_contractive_contrastive_t007_w1m_j50,"VPU + contractive + contrastive (T=0.07, w=0.001, j=0.5)",15,#0072B2,dashed,^,"{""contractive"": true, ""contrastive"": true, ""family"": ""vpu"", ""jaccard_weight"": 0.5, ""temperature"": 0.07, ""weight"": 0.001}"
vpu_jaccard_shortlist,candidate,vpu_jaccard_shortlist/task_000056,task_000056,grid_0011,1,completed,aff4d2958f9e,"VPU + contractive + contrastive (T=0.07, w=0.001, j=0.5)",molecule_vpu,VariationalPULoss,none,0.2,0.0,{},"{""contrastive"": {""peak_permutation"": {""params"": {""annotation_bin_radius"": 0, ""negative_weighting_method"": ""multilabel_jaccard"", ""overlapping_label_negative_weight"": 0.5, ""peak_catalog_limit"": 4096, ""peak_sample_size"": 10000, ""peak_selection_method"": ""permutation_label_invariant"", ""permutation_bank_size"": 7000, ""permutation_selection_attempts"": 64, ""permuted_peaks_per_view"": 3, ""preserve_input_normalization"": true, ""temperature"": 0.07}, ""target"": ""InfoNCELoss"", ""weight"": 0.001}}, ""heads"": {""molecule_vpu"": {""vpu_alpha_1_beta_1"": {""params"": {""alpha"": 1.0, ""beta"": 1.0, ""consistency_weight"": 0.0, ""negative_weight"": 0.0, ""simulated_negative_weight"": 0.0}, ""target"": ""VariationalPULoss"", ""weight"": 0.2}}}, ""reconstruction"": {""masserstein"": {""target"": ""MassersteinLoss"", ""weight"": 1.0}}, ""regularization"": {""contractive"": {""params"": {""calculation_method"": ""exact_autograd_jacobian"", ""hinge_alpha"": 2.0, ""hinge_threshold"": 7.0, ""input_geometry"": ""fisher_rao"", ""latent_source"": ""auto"", ""penalized_space"": ""u"", ""penalty_metric"": ""spectral_plus_hinged""}, ""target"": ""ContractiveLoss"", ""weight"": 0.002}}}",919377028,892754137,/home/max/repositories/MSIAutoEncoderWrapper/data/kidney_workspace/models/kidney/vpu-jaccard-20260919-01__task_000056,True,True,/home/max/repositories/MSIAutoEncoderWrapper/data/kidney_workspace/configs/entropy-runs/vpu-jaccard-20260919-01/plan/status/task_000056.yaml,ff133cd42f7af414ee3022e7947f94bcd301e0ce338f93da55895867ef10c9a7,63d67af42e30038bef1fbb98125bd6ccad588380dabc4de668acc50167a34723,8145d8ff244e8792c0ce76ce167db2410c438806bbc082f7269b8358459edba1,True,True,False,vpu_alpha_1_beta_1 (VariationalPULoss),vpu_contractive_contrastive_t007_w1m_j50,"VPU + contractive + contrastive (T=0.07, w=0.001, j=0.5)",15,#0072B2,dashed,^,"{""contractive"": true, ""contrastive"": true, ""family"": ""vpu"", ""jaccard_weight"": 0.5, ""temperature"": 0.07, ""weight"": 0.001}"
vpu_jaccard_shortlist,candidate,vpu_jaccard_shortlist/task_000057,task_000057,grid_0011,2,completed,aff4d2958f9e,"VPU + contractive + contrastive (T=0.07, w=0.001, j=0.5)",molecule_vpu,VariationalPULoss,none,0.2,0.0,{},"{""contrastive"": {""peak_permutation"": {""params"": {""annotation_bin_radius"": 0, ""negative_weighting_method"": ""multilabel_jaccard"", ""overlapping_label_negative_weight"": 0.5, ""peak_catalog_limit"": 4096, ""peak_sample_size"": 10000, ""peak_selection_method"": ""permutation_label_invariant"", ""permutation_bank_size"": 7000, ""permutation_selection_attempts"": 64, ""permuted_peaks_per_view"": 3, ""preserve_input_normalization"": true, ""temperature"": 0.07}, ""target"": ""InfoNCELoss"", ""weight"": 0.001}}, ""heads"": {""molecule_vpu"": {""vpu_alpha_1_beta_1"": {""params"": {""alpha"": 1.0, ""beta"": 1.0, ""consistency_weight"": 0.0, ""negative_weight"": 0.0, ""simulated_negative_weight"": 0.0}, ""target"": ""VariationalPULoss"", ""weight"": 0.2}}}, ""reconstruction"": {""masserstein"": {""target"": ""MassersteinLoss"", ""weight"": 1.0}}, ""regularization"": {""contractive"": {""params"": {""calculation_method"": ""exact_autograd_jacobian"", ""hinge_alpha"": 2.0, ""hinge_threshold"": 7.0, ""input_geometry"": ""fisher_rao"", ""latent_source"": ""auto"", ""penalized_space"": ""u"", ""penalty_metric"": ""spectral_plus_hinged""}, ""target"": ""ContractiveLoss"", ""weight"": 0.002}}}",2136253289,442265914,/home/max/repositories/MSIAutoEncoderWrapper/data/kidney_workspace/models/kidney/vpu-jaccard-20260919-01__task_000057,True,True,/home/max/repositories/MSIAutoEncoderWrapper/data/kidney_workspace/configs/entropy-runs/vpu-jaccard-20260919-01/plan/status/task_000057.yaml,ff133cd42f7af414ee3022e7947f94bcd301e0ce338f93da55895867ef10c9a7,63d67af42e30038bef1fbb98125bd6ccad588380dabc4de668acc50167a34723,8145d8ff244e8792c0ce76ce167db2410c438806bbc082f7269b8358459edba1,True,True,False,vpu_alpha_1_beta_1 (VariationalPULoss),vpu_contractive_contrastive_t007_w1m_j50,"VPU + contractive + contrastive (T=0.07, w=0.001, j=0.5)",15,#0072B2,dashed,^,"{""contractive"": true, ""contrastive"": true, ""family"": ""vpu"", ""jaccard_weight"": 0.5, ""temperature"": 0.07, ""weight"": 0.001}"
vpu_jaccard_shortlist,candidate,vpu_jaccard_shortlist/task_000058,task_000058,grid_0011,3,completed,aff4d2958f9e,"VPU + contractive + contrastive (T=0.07, w=0.001, j=0.5)",molecule_vpu,VariationalPULoss,none,0.2,0.0,{},"{""contrastive"": {""peak_permutation"": {""params"": {""annotation_bin_radius"": 0, ""negative_weighting_method"": ""multilabel_jaccard"", ""overlapping_label_negative_weight"": 0.5, ""peak_catalog_limit"": 4096, ""peak_sample_size"": 10000, ""peak_selection_method"": ""permutation_label_invariant"", ""permutation_bank_size"": 7000, ""permutation_selection_attempts"": 64, ""permuted_peaks_per_view"": 3, ""preserve_input_normalization"": true, ""temperature"": 0.07}, ""target"": ""InfoNCELoss"", ""weight"": 0.001}}, ""heads"": {""molecule_vpu"": {""vpu_alpha_1_beta_1"": {""params"": {""alpha"": 1.0, ""beta"": 1.0, ""consistency_weight"": 0.0, ""negative_weight"": 0.0, ""simulated_negative_weight"": 0.0}, ""target"": ""VariationalPULoss"", ""weight"": 0.2}}}, ""reconstruction"": {""masserstein"": {""target"": ""MassersteinLoss"", ""weight"": 1.0}}, ""regularization"": {""contractive"": {""params"": {""calculation_method"": ""exact_autograd_jacobian"", ""hinge_alpha"": 2.0, ""hinge_threshold"": 7.0, ""input_geometry"": ""fisher_rao"", ""latent_source"": ""auto"", ""penalized_space"": ""u"", ""penalty_metric"": ""spectral_plus_hinged""}, ""target"": ""ContractiveLoss"", ""weight"": 0.002}}}",276187349,194761695,/home/max/repositories/MSIAutoEncoderWrapper/data/kidney_workspace/models/kidney/vpu-jaccard-20260919-01__task_000058,True,True,/home/max/repositories/MSIAutoEncoderWrapper/data/kidney_workspace/configs/entropy-runs/vpu-jaccard-20260919-01/plan/status/task_000058.yaml,ff133cd42f7af414ee3022e7947f94bcd301e0ce338f93da55895867ef10c9a7,63d67af42e30038bef1fbb98125bd6ccad588380dabc4de668acc50167a34723,8145d8ff244e8792c0ce76ce167db2410c438806bbc082f7269b8358459edba1,True,True,False,vpu_alpha_1_beta_1 (VariationalPULoss),vpu_contractive_contrastive_t007_w1m_j50,"VPU + contractive + contrastive (T=0.07, w=0.001, j=0.5)",15,#0072B2,dashed,^,"{""contractive"": true, ""contrastive"": true, ""family"": ""vpu"", ""jaccard_weight"": 0.5, ""temperature"": 0.07, ""weight"": 0.001}"
vpu_jaccard_shortlist,candidate,vpu_jaccard_shortlist/task_000059,task_000059,grid_0011,4,completed,aff4d2958f9e,"VPU + contractive + contrastive (T=0.07, w=0.001, j=0.5)",molecule_vpu,VariationalPULoss,none,0.2,0.0,{},"{""contrastive"": {""peak_permutation"": {""params"": {""annotation_bin_radius"": 0, ""negative_weighting_method"": ""multilabel_jaccard"", ""overlapping_label_negative_weight"": 0.5, ""peak_catalog_limit"": 4096, ""peak_sample_size"": 10000, ""peak_selection_method"": ""permutation_label_invariant"", ""permutation_bank_size"": 7000, ""permutation_selection_attempts"": 64, ""permuted_peaks_per_view"": 3, ""preserve_input_normalization"": true, ""temperature"": 0.07}, ""target"": ""InfoNCELoss"", ""weight"": 0.001}}, ""heads"": {""molecule_vpu"": {""vpu_alpha_1_beta_1"": {""params"": {""alpha"": 1.0, ""beta"": 1.0, ""consistency_weight"": 0.0, ""negative_weight"": 0.0, ""simulated_negative_weight"": 0.0}, ""target"": ""VariationalPULoss"", ""weight"": 0.2}}}, ""reconstruction"": {""masserstein"": {""target"": ""MassersteinLoss"", ""weight"": 1.0}}, ""regularization"": {""contractive"": {""params"": {""calculation_method"": ""exact_autograd_jacobian"", ""hinge_alpha"": 2.0, ""hinge_threshold"": 7.0, ""input_geometry"": ""fisher_rao"", ""latent_source"": ""auto"", ""penalized_space"": ""u"", ""penalty_metric"": ""spectral_plus_hinged""}, ""target"": ""ContractiveLoss"", ""weight"": 0.002}}}",1915557887,1927548799,/home/max/repositories/MSIAutoEncoderWrapper/data/kidney_workspace/models/kidney/vpu-jaccard-20260919-01__task_000059,True,True,/home/max/repositories/MSIAutoEncoderWrapper/data/kidney_workspace/configs/entropy-runs/vpu-jaccard-20260919-01/plan/status/task_000059.yaml,ff133cd42f7af414ee3022e7947f94bcd301e0ce338f93da55895867ef10c9a7,63d67af42e30038bef1fbb98125bd6ccad588380dabc4de668acc50167a34723,8145d8ff244e8792c0ce76ce167db2410c438806bbc082f7269b8358459edba1,True,True,False,vpu_alpha_1_beta_1 (VariationalPULoss),vpu_contractive_contrastive_t007_w1m_j50,"VPU + contractive + contrastive (T=0.07, w=0.001, j=0.5)",15,#0072B2,dashed,^,"{""contractive"": true, ""contrastive"": true, ""family"": ""vpu"", ""jaccard_weight"": 0.5, ""temperature"": 0.07, ""weight"": 0.001}"
