model_id,source,task_id,grid_id,repetition,axis,role,stage,variant,lineage,label,condition,artifact,initialization_seed,training_seed,head,family,objective_json,masserstein_params_json,ready,history_available,raw_label,model_alias,display_label,display_order,color,line_style,marker,tags_json
metaspace-pretrain-repaired-20260923-01__grid_0000__rep_00__real_only,metaspace-pretrain-repaired-20260923-01,task_000000,grid_0000,0,axis-200-900,real_only,real_only,baseline,grid_0000__rep_00,"Real-only baseline, 200-900 m/z",axis-200-900/real_only,/home/max/repositories/MSIAutoEncoderWrapper/data/kidney_workspace/models/kidney/metaspace-pretrain-repaired-20260923-01__grid_0000__rep_00__real_only,91154199,32238397,molecule_vpu,VariationalPULoss,"{""contrastive"": {""peak_permutation"": {""params"": {""annotation_bin_radius"": 0, ""negative_weighting_method"": ""multilabel_jaccard"", ""overlapping_label_negative_weight"": 0.1, ""peak_catalog_limit"": 4096, ""peak_sample_size"": 10000, ""peak_selection_method"": ""permutation_label_invariant"", ""permutation_bank_size"": 7000, ""permutation_selection_attempts"": 64, ""permuted_peaks_per_view"": 3, ""preserve_input_normalization"": true, ""temperature"": 0.07}, ""target"": ""InfoNCELoss"", ""weight"": 0.001}}, ""heads"": {""molecule_vpu"": {""vpu"": {""params"": {""alpha"": 1.0, ""beta"": 1.0, ""consistency_weight"": 0.0, ""negative_weight"": 0.0, ""simulated_negative_weight"": 0.0}, ""target"": ""VariationalPULoss"", ""weight"": 0.2}}}, ""reconstruction"": {""masserstein"": {""target"": ""MassersteinLoss"", ""weight"": 1.0}}, ""regularization"": {""contractive"": {""params"": {""calculation_method"": ""exact_autograd_jacobian"", ""hinge_alpha"": 2.0, ""hinge_threshold"": 7.0, ""input_geometry"": ""fisher_rao"", ""latent_source"": ""auto"", ""penalized_space"": ""u"", ""penalty_metric"": ""spectral_plus_hinged""}, ""target"": ""ContractiveLoss"", ""weight"": 0.002}}}",{},True,True,real_only (axis-200-900),baseline_200_900,"Real-only baseline, 200-900 m/z",0,#0072B2,solid,o,"{""axis"": ""axis-200-900"", ""role"": ""real_only""}"
metaspace-pretrain-repaired-20260923-01__grid_0000__rep_01__real_only,metaspace-pretrain-repaired-20260923-01,task_000001,grid_0000,1,axis-200-900,real_only,real_only,baseline,grid_0000__rep_01,"Real-only baseline, 200-900 m/z",axis-200-900/real_only,/home/max/repositories/MSIAutoEncoderWrapper/data/kidney_workspace/models/kidney/metaspace-pretrain-repaired-20260923-01__grid_0000__rep_01__real_only,919377028,892754137,molecule_vpu,VariationalPULoss,"{""contrastive"": {""peak_permutation"": {""params"": {""annotation_bin_radius"": 0, ""negative_weighting_method"": ""multilabel_jaccard"", ""overlapping_label_negative_weight"": 0.1, ""peak_catalog_limit"": 4096, ""peak_sample_size"": 10000, ""peak_selection_method"": ""permutation_label_invariant"", ""permutation_bank_size"": 7000, ""permutation_selection_attempts"": 64, ""permuted_peaks_per_view"": 3, ""preserve_input_normalization"": true, ""temperature"": 0.07}, ""target"": ""InfoNCELoss"", ""weight"": 0.001}}, ""heads"": {""molecule_vpu"": {""vpu"": {""params"": {""alpha"": 1.0, ""beta"": 1.0, ""consistency_weight"": 0.0, ""negative_weight"": 0.0, ""simulated_negative_weight"": 0.0}, ""target"": ""VariationalPULoss"", ""weight"": 0.2}}}, ""reconstruction"": {""masserstein"": {""target"": ""MassersteinLoss"", ""weight"": 1.0}}, ""regularization"": {""contractive"": {""params"": {""calculation_method"": ""exact_autograd_jacobian"", ""hinge_alpha"": 2.0, ""hinge_threshold"": 7.0, ""input_geometry"": ""fisher_rao"", ""latent_source"": ""auto"", ""penalized_space"": ""u"", ""penalty_metric"": ""spectral_plus_hinged""}, ""target"": ""ContractiveLoss"", ""weight"": 0.002}}}",{},True,True,real_only (axis-200-900),baseline_200_900,"Real-only baseline, 200-900 m/z",0,#0072B2,solid,o,"{""axis"": ""axis-200-900"", ""role"": ""real_only""}"
metaspace-pretrain-repaired-20260923-01__grid_0000__rep_02__real_only,metaspace-pretrain-repaired-20260923-01,task_000002,grid_0000,2,axis-200-900,real_only,real_only,baseline,grid_0000__rep_02,"Real-only baseline, 200-900 m/z",axis-200-900/real_only,/home/max/repositories/MSIAutoEncoderWrapper/data/kidney_workspace/models/kidney/metaspace-pretrain-repaired-20260923-01__grid_0000__rep_02__real_only,2136253289,442265914,molecule_vpu,VariationalPULoss,"{""contrastive"": {""peak_permutation"": {""params"": {""annotation_bin_radius"": 0, ""negative_weighting_method"": ""multilabel_jaccard"", ""overlapping_label_negative_weight"": 0.1, ""peak_catalog_limit"": 4096, ""peak_sample_size"": 10000, ""peak_selection_method"": ""permutation_label_invariant"", ""permutation_bank_size"": 7000, ""permutation_selection_attempts"": 64, ""permuted_peaks_per_view"": 3, ""preserve_input_normalization"": true, ""temperature"": 0.07}, ""target"": ""InfoNCELoss"", ""weight"": 0.001}}, ""heads"": {""molecule_vpu"": {""vpu"": {""params"": {""alpha"": 1.0, ""beta"": 1.0, ""consistency_weight"": 0.0, ""negative_weight"": 0.0, ""simulated_negative_weight"": 0.0}, ""target"": ""VariationalPULoss"", ""weight"": 0.2}}}, ""reconstruction"": {""masserstein"": {""target"": ""MassersteinLoss"", ""weight"": 1.0}}, ""regularization"": {""contractive"": {""params"": {""calculation_method"": ""exact_autograd_jacobian"", ""hinge_alpha"": 2.0, ""hinge_threshold"": 7.0, ""input_geometry"": ""fisher_rao"", ""latent_source"": ""auto"", ""penalized_space"": ""u"", ""penalty_metric"": ""spectral_plus_hinged""}, ""target"": ""ContractiveLoss"", ""weight"": 0.002}}}",{},True,True,real_only (axis-200-900),baseline_200_900,"Real-only baseline, 200-900 m/z",0,#0072B2,solid,o,"{""axis"": ""axis-200-900"", ""role"": ""real_only""}"
metaspace-pretrain-repaired-20260923-01__grid_0000__rep_03__real_only,metaspace-pretrain-repaired-20260923-01,task_000003,grid_0000,3,axis-200-900,real_only,real_only,baseline,grid_0000__rep_03,"Real-only baseline, 200-900 m/z",axis-200-900/real_only,/home/max/repositories/MSIAutoEncoderWrapper/data/kidney_workspace/models/kidney/metaspace-pretrain-repaired-20260923-01__grid_0000__rep_03__real_only,276187349,194761695,molecule_vpu,VariationalPULoss,"{""contrastive"": {""peak_permutation"": {""params"": {""annotation_bin_radius"": 0, ""negative_weighting_method"": ""multilabel_jaccard"", ""overlapping_label_negative_weight"": 0.1, ""peak_catalog_limit"": 4096, ""peak_sample_size"": 10000, ""peak_selection_method"": ""permutation_label_invariant"", ""permutation_bank_size"": 7000, ""permutation_selection_attempts"": 64, ""permuted_peaks_per_view"": 3, ""preserve_input_normalization"": true, ""temperature"": 0.07}, ""target"": ""InfoNCELoss"", ""weight"": 0.001}}, ""heads"": {""molecule_vpu"": {""vpu"": {""params"": {""alpha"": 1.0, ""beta"": 1.0, ""consistency_weight"": 0.0, ""negative_weight"": 0.0, ""simulated_negative_weight"": 0.0}, ""target"": ""VariationalPULoss"", ""weight"": 0.2}}}, ""reconstruction"": {""masserstein"": {""target"": ""MassersteinLoss"", ""weight"": 1.0}}, ""regularization"": {""contractive"": {""params"": {""calculation_method"": ""exact_autograd_jacobian"", ""hinge_alpha"": 2.0, ""hinge_threshold"": 7.0, ""input_geometry"": ""fisher_rao"", ""latent_source"": ""auto"", ""penalized_space"": ""u"", ""penalty_metric"": ""spectral_plus_hinged""}, ""target"": ""ContractiveLoss"", ""weight"": 0.002}}}",{},True,True,real_only (axis-200-900),baseline_200_900,"Real-only baseline, 200-900 m/z",0,#0072B2,solid,o,"{""axis"": ""axis-200-900"", ""role"": ""real_only""}"
metaspace-pretrain-repaired-20260923-01__grid_0000__rep_04__real_only,metaspace-pretrain-repaired-20260923-01,task_000004,grid_0000,4,axis-200-900,real_only,real_only,baseline,grid_0000__rep_04,"Real-only baseline, 200-900 m/z",axis-200-900/real_only,/home/max/repositories/MSIAutoEncoderWrapper/data/kidney_workspace/models/kidney/metaspace-pretrain-repaired-20260923-01__grid_0000__rep_04__real_only,1915557887,1927548799,molecule_vpu,VariationalPULoss,"{""contrastive"": {""peak_permutation"": {""params"": {""annotation_bin_radius"": 0, ""negative_weighting_method"": ""multilabel_jaccard"", ""overlapping_label_negative_weight"": 0.1, ""peak_catalog_limit"": 4096, ""peak_sample_size"": 10000, ""peak_selection_method"": ""permutation_label_invariant"", ""permutation_bank_size"": 7000, ""permutation_selection_attempts"": 64, ""permuted_peaks_per_view"": 3, ""preserve_input_normalization"": true, ""temperature"": 0.07}, ""target"": ""InfoNCELoss"", ""weight"": 0.001}}, ""heads"": {""molecule_vpu"": {""vpu"": {""params"": {""alpha"": 1.0, ""beta"": 1.0, ""consistency_weight"": 0.0, ""negative_weight"": 0.0, ""simulated_negative_weight"": 0.0}, ""target"": ""VariationalPULoss"", ""weight"": 0.2}}}, ""reconstruction"": {""masserstein"": {""target"": ""MassersteinLoss"", ""weight"": 1.0}}, ""regularization"": {""contractive"": {""params"": {""calculation_method"": ""exact_autograd_jacobian"", ""hinge_alpha"": 2.0, ""hinge_threshold"": 7.0, ""input_geometry"": ""fisher_rao"", ""latent_source"": ""auto"", ""penalized_space"": ""u"", ""penalty_metric"": ""spectral_plus_hinged""}, ""target"": ""ContractiveLoss"", ""weight"": 0.002}}}",{},True,True,real_only (axis-200-900),baseline_200_900,"Real-only baseline, 200-900 m/z",0,#0072B2,solid,o,"{""axis"": ""axis-200-900"", ""role"": ""real_only""}"
metaspace-pretrain-repaired-20260923-01__grid_0011__rep_00__real_only,metaspace-pretrain-repaired-20260923-01,task_000155,grid_0011,0,axis-100-3000,real_only,real_only,baseline,grid_0011__rep_00,"Real-only baseline, 100-3000 m/z",axis-100-3000/real_only,/home/max/repositories/MSIAutoEncoderWrapper/data/kidney_workspace/models/kidney/metaspace-pretrain-repaired-20260923-01__grid_0011__rep_00__real_only,91154199,32238397,molecule_vpu,VariationalPULoss,"{""contrastive"": {""peak_permutation"": {""params"": {""annotation_bin_radius"": 0, ""negative_weighting_method"": ""multilabel_jaccard"", ""overlapping_label_negative_weight"": 0.1, ""peak_catalog_limit"": 4096, ""peak_sample_size"": 10000, ""peak_selection_method"": ""permutation_label_invariant"", ""permutation_bank_size"": 7000, ""permutation_selection_attempts"": 64, ""permuted_peaks_per_view"": 3, ""preserve_input_normalization"": true, ""temperature"": 0.07}, ""target"": ""InfoNCELoss"", ""weight"": 0.001}}, ""heads"": {""molecule_vpu"": {""vpu"": {""params"": {""alpha"": 1.0, ""beta"": 1.0, ""consistency_weight"": 0.0, ""negative_weight"": 0.0, ""simulated_negative_weight"": 0.0}, ""target"": ""VariationalPULoss"", ""weight"": 0.2}}}, ""reconstruction"": {""masserstein"": {""target"": ""MassersteinLoss"", ""weight"": 1.0}}, ""regularization"": {""contractive"": {""params"": {""calculation_method"": ""exact_autograd_jacobian"", ""hinge_alpha"": 2.0, ""hinge_threshold"": 7.0, ""input_geometry"": ""fisher_rao"", ""latent_source"": ""auto"", ""penalized_space"": ""u"", ""penalty_metric"": ""spectral_plus_hinged""}, ""target"": ""ContractiveLoss"", ""weight"": 0.002}}}",{},True,True,real_only (axis-100-3000),baseline_100_3000,"Real-only baseline, 100-3000 m/z",1,#D55E00,solid,s,"{""axis"": ""axis-100-3000"", ""role"": ""real_only""}"
metaspace-pretrain-repaired-20260923-01__grid_0011__rep_01__real_only,metaspace-pretrain-repaired-20260923-01,task_000156,grid_0011,1,axis-100-3000,real_only,real_only,baseline,grid_0011__rep_01,"Real-only baseline, 100-3000 m/z",axis-100-3000/real_only,/home/max/repositories/MSIAutoEncoderWrapper/data/kidney_workspace/models/kidney/metaspace-pretrain-repaired-20260923-01__grid_0011__rep_01__real_only,919377028,892754137,molecule_vpu,VariationalPULoss,"{""contrastive"": {""peak_permutation"": {""params"": {""annotation_bin_radius"": 0, ""negative_weighting_method"": ""multilabel_jaccard"", ""overlapping_label_negative_weight"": 0.1, ""peak_catalog_limit"": 4096, ""peak_sample_size"": 10000, ""peak_selection_method"": ""permutation_label_invariant"", ""permutation_bank_size"": 7000, ""permutation_selection_attempts"": 64, ""permuted_peaks_per_view"": 3, ""preserve_input_normalization"": true, ""temperature"": 0.07}, ""target"": ""InfoNCELoss"", ""weight"": 0.001}}, ""heads"": {""molecule_vpu"": {""vpu"": {""params"": {""alpha"": 1.0, ""beta"": 1.0, ""consistency_weight"": 0.0, ""negative_weight"": 0.0, ""simulated_negative_weight"": 0.0}, ""target"": ""VariationalPULoss"", ""weight"": 0.2}}}, ""reconstruction"": {""masserstein"": {""target"": ""MassersteinLoss"", ""weight"": 1.0}}, ""regularization"": {""contractive"": {""params"": {""calculation_method"": ""exact_autograd_jacobian"", ""hinge_alpha"": 2.0, ""hinge_threshold"": 7.0, ""input_geometry"": ""fisher_rao"", ""latent_source"": ""auto"", ""penalized_space"": ""u"", ""penalty_metric"": ""spectral_plus_hinged""}, ""target"": ""ContractiveLoss"", ""weight"": 0.002}}}",{},True,True,real_only (axis-100-3000),baseline_100_3000,"Real-only baseline, 100-3000 m/z",1,#D55E00,solid,s,"{""axis"": ""axis-100-3000"", ""role"": ""real_only""}"
metaspace-pretrain-repaired-20260923-01__grid_0011__rep_02__real_only,metaspace-pretrain-repaired-20260923-01,task_000157,grid_0011,2,axis-100-3000,real_only,real_only,baseline,grid_0011__rep_02,"Real-only baseline, 100-3000 m/z",axis-100-3000/real_only,/home/max/repositories/MSIAutoEncoderWrapper/data/kidney_workspace/models/kidney/metaspace-pretrain-repaired-20260923-01__grid_0011__rep_02__real_only,2136253289,442265914,molecule_vpu,VariationalPULoss,"{""contrastive"": {""peak_permutation"": {""params"": {""annotation_bin_radius"": 0, ""negative_weighting_method"": ""multilabel_jaccard"", ""overlapping_label_negative_weight"": 0.1, ""peak_catalog_limit"": 4096, ""peak_sample_size"": 10000, ""peak_selection_method"": ""permutation_label_invariant"", ""permutation_bank_size"": 7000, ""permutation_selection_attempts"": 64, ""permuted_peaks_per_view"": 3, ""preserve_input_normalization"": true, ""temperature"": 0.07}, ""target"": ""InfoNCELoss"", ""weight"": 0.001}}, ""heads"": {""molecule_vpu"": {""vpu"": {""params"": {""alpha"": 1.0, ""beta"": 1.0, ""consistency_weight"": 0.0, ""negative_weight"": 0.0, ""simulated_negative_weight"": 0.0}, ""target"": ""VariationalPULoss"", ""weight"": 0.2}}}, ""reconstruction"": {""masserstein"": {""target"": ""MassersteinLoss"", ""weight"": 1.0}}, ""regularization"": {""contractive"": {""params"": {""calculation_method"": ""exact_autograd_jacobian"", ""hinge_alpha"": 2.0, ""hinge_threshold"": 7.0, ""input_geometry"": ""fisher_rao"", ""latent_source"": ""auto"", ""penalized_space"": ""u"", ""penalty_metric"": ""spectral_plus_hinged""}, ""target"": ""ContractiveLoss"", ""weight"": 0.002}}}",{},True,True,real_only (axis-100-3000),baseline_100_3000,"Real-only baseline, 100-3000 m/z",1,#D55E00,solid,s,"{""axis"": ""axis-100-3000"", ""role"": ""real_only""}"
metaspace-pretrain-repaired-20260923-01__grid_0011__rep_03__real_only,metaspace-pretrain-repaired-20260923-01,task_000158,grid_0011,3,axis-100-3000,real_only,real_only,baseline,grid_0011__rep_03,"Real-only baseline, 100-3000 m/z",axis-100-3000/real_only,/home/max/repositories/MSIAutoEncoderWrapper/data/kidney_workspace/models/kidney/metaspace-pretrain-repaired-20260923-01__grid_0011__rep_03__real_only,276187349,194761695,molecule_vpu,VariationalPULoss,"{""contrastive"": {""peak_permutation"": {""params"": {""annotation_bin_radius"": 0, ""negative_weighting_method"": ""multilabel_jaccard"", ""overlapping_label_negative_weight"": 0.1, ""peak_catalog_limit"": 4096, ""peak_sample_size"": 10000, ""peak_selection_method"": ""permutation_label_invariant"", ""permutation_bank_size"": 7000, ""permutation_selection_attempts"": 64, ""permuted_peaks_per_view"": 3, ""preserve_input_normalization"": true, ""temperature"": 0.07}, ""target"": ""InfoNCELoss"", ""weight"": 0.001}}, ""heads"": {""molecule_vpu"": {""vpu"": {""params"": {""alpha"": 1.0, ""beta"": 1.0, ""consistency_weight"": 0.0, ""negative_weight"": 0.0, ""simulated_negative_weight"": 0.0}, ""target"": ""VariationalPULoss"", ""weight"": 0.2}}}, ""reconstruction"": {""masserstein"": {""target"": ""MassersteinLoss"", ""weight"": 1.0}}, ""regularization"": {""contractive"": {""params"": {""calculation_method"": ""exact_autograd_jacobian"", ""hinge_alpha"": 2.0, ""hinge_threshold"": 7.0, ""input_geometry"": ""fisher_rao"", ""latent_source"": ""auto"", ""penalized_space"": ""u"", ""penalty_metric"": ""spectral_plus_hinged""}, ""target"": ""ContractiveLoss"", ""weight"": 0.002}}}",{},True,True,real_only (axis-100-3000),baseline_100_3000,"Real-only baseline, 100-3000 m/z",1,#D55E00,solid,s,"{""axis"": ""axis-100-3000"", ""role"": ""real_only""}"
metaspace-pretrain-repaired-20260923-01__grid_0011__rep_04__real_only,metaspace-pretrain-repaired-20260923-01,task_000159,grid_0011,4,axis-100-3000,real_only,real_only,baseline,grid_0011__rep_04,"Real-only baseline, 100-3000 m/z",axis-100-3000/real_only,/home/max/repositories/MSIAutoEncoderWrapper/data/kidney_workspace/models/kidney/metaspace-pretrain-repaired-20260923-01__grid_0011__rep_04__real_only,1915557887,1927548799,molecule_vpu,VariationalPULoss,"{""contrastive"": {""peak_permutation"": {""params"": {""annotation_bin_radius"": 0, ""negative_weighting_method"": ""multilabel_jaccard"", ""overlapping_label_negative_weight"": 0.1, ""peak_catalog_limit"": 4096, ""peak_sample_size"": 10000, ""peak_selection_method"": ""permutation_label_invariant"", ""permutation_bank_size"": 7000, ""permutation_selection_attempts"": 64, ""permuted_peaks_per_view"": 3, ""preserve_input_normalization"": true, ""temperature"": 0.07}, ""target"": ""InfoNCELoss"", ""weight"": 0.001}}, ""heads"": {""molecule_vpu"": {""vpu"": {""params"": {""alpha"": 1.0, ""beta"": 1.0, ""consistency_weight"": 0.0, ""negative_weight"": 0.0, ""simulated_negative_weight"": 0.0}, ""target"": ""VariationalPULoss"", ""weight"": 0.2}}}, ""reconstruction"": {""masserstein"": {""target"": ""MassersteinLoss"", ""weight"": 1.0}}, ""regularization"": {""contractive"": {""params"": {""calculation_method"": ""exact_autograd_jacobian"", ""hinge_alpha"": 2.0, ""hinge_threshold"": 7.0, ""input_geometry"": ""fisher_rao"", ""latent_source"": ""auto"", ""penalized_space"": ""u"", ""penalty_metric"": ""spectral_plus_hinged""}, ""target"": ""ContractiveLoss"", ""weight"": 0.002}}}",{},True,True,real_only (axis-100-3000),baseline_100_3000,"Real-only baseline, 100-3000 m/z",1,#D55E00,solid,s,"{""axis"": ""axis-100-3000"", ""role"": ""real_only""}"
metaspace-pretrain-repaired-20260923-01__grid_0001__rep_00__pretrained,metaspace-pretrain-repaired-20260923-01,task_000005,grid_0001,0,axis-200-900,pretrained,pretrained,P0_single,grid_0001__rep_00,"P0 single bins, pretrained, 200-900 m/z",axis-200-900/pretrained,/home/max/repositories/MSIAutoEncoderWrapper/data/kidney_workspace/models/kidney/metaspace-pretrain-repaired-20260923-01__grid_0001__rep_00__pretrained,91154199,32238397,molecule_vpu,MultiLabelBCELoss,"{""contrastive"": {""peak_permutation"": {""params"": {""annotation_bin_radius"": 0, ""negative_weighting_method"": ""multilabel_jaccard"", ""overlapping_label_negative_weight"": 0.1, ""peak_catalog_limit"": 4096, ""peak_sample_size"": 10000, ""peak_selection_method"": ""permutation_label_invariant"", ""permutation_bank_size"": 7000, ""permutation_selection_attempts"": 64, ""permuted_peaks_per_view"": 3, ""preserve_input_normalization"": true, ""temperature"": 0.07}, ""target"": ""InfoNCELoss"", ""weight"": 0.001}}, ""heads"": {""molecule_vpu"": {""vpu"": {""params"": {""alpha"": 1.0, ""beta"": 1.0, ""consistency_weight"": 0.0, ""negative_weight"": 0.0, ""simulated_negative_weight"": 0.0}, ""target"": ""VariationalPULoss"", ""weight"": 0.2}}}, ""reconstruction"": {""masserstein"": {""target"": ""MassersteinLoss"", ""weight"": 1.0}}, ""regularization"": {""contractive"": {""params"": {""calculation_method"": ""exact_autograd_jacobian"", ""hinge_alpha"": 2.0, ""hinge_threshold"": 7.0, ""input_geometry"": ""fisher_rao"", ""latent_source"": ""auto"", ""penalized_space"": ""u"", ""penalty_metric"": ""spectral_plus_hinged""}, ""target"": ""ContractiveLoss"", ""weight"": 0.002}}}",{},True,True,pretrained (axis-200-900),P0_single__pretrained__axis_200_900,"P0 single bins, pretrained, 200-900 m/z",2,#7F7F7F,dotted,^,"{""axis"": ""axis-200-900"", ""components"": ""single"", ""role"": ""pretrained"", ""variant"": ""P0_single""}"
metaspace-pretrain-repaired-20260923-01__grid_0001__rep_01__pretrained,metaspace-pretrain-repaired-20260923-01,task_000008,grid_0001,1,axis-200-900,pretrained,pretrained,P0_single,grid_0001__rep_01,"P0 single bins, pretrained, 200-900 m/z",axis-200-900/pretrained,/home/max/repositories/MSIAutoEncoderWrapper/data/kidney_workspace/models/kidney/metaspace-pretrain-repaired-20260923-01__grid_0001__rep_01__pretrained,919377028,892754137,molecule_vpu,MultiLabelBCELoss,"{""contrastive"": {""peak_permutation"": {""params"": {""annotation_bin_radius"": 0, ""negative_weighting_method"": ""multilabel_jaccard"", ""overlapping_label_negative_weight"": 0.1, ""peak_catalog_limit"": 4096, ""peak_sample_size"": 10000, ""peak_selection_method"": ""permutation_label_invariant"", ""permutation_bank_size"": 7000, ""permutation_selection_attempts"": 64, ""permuted_peaks_per_view"": 3, ""preserve_input_normalization"": true, ""temperature"": 0.07}, ""target"": ""InfoNCELoss"", ""weight"": 0.001}}, ""heads"": {""molecule_vpu"": {""vpu"": {""params"": {""alpha"": 1.0, ""beta"": 1.0, ""consistency_weight"": 0.0, ""negative_weight"": 0.0, ""simulated_negative_weight"": 0.0}, ""target"": ""VariationalPULoss"", ""weight"": 0.2}}}, ""reconstruction"": {""masserstein"": {""target"": ""MassersteinLoss"", ""weight"": 1.0}}, ""regularization"": {""contractive"": {""params"": {""calculation_method"": ""exact_autograd_jacobian"", ""hinge_alpha"": 2.0, ""hinge_threshold"": 7.0, ""input_geometry"": ""fisher_rao"", ""latent_source"": ""auto"", ""penalized_space"": ""u"", ""penalty_metric"": ""spectral_plus_hinged""}, ""target"": ""ContractiveLoss"", ""weight"": 0.002}}}",{},True,True,pretrained (axis-200-900),P0_single__pretrained__axis_200_900,"P0 single bins, pretrained, 200-900 m/z",2,#7F7F7F,dotted,^,"{""axis"": ""axis-200-900"", ""components"": ""single"", ""role"": ""pretrained"", ""variant"": ""P0_single""}"
metaspace-pretrain-repaired-20260923-01__grid_0001__rep_02__pretrained,metaspace-pretrain-repaired-20260923-01,task_000011,grid_0001,2,axis-200-900,pretrained,pretrained,P0_single,grid_0001__rep_02,"P0 single bins, pretrained, 200-900 m/z",axis-200-900/pretrained,/home/max/repositories/MSIAutoEncoderWrapper/data/kidney_workspace/models/kidney/metaspace-pretrain-repaired-20260923-01__grid_0001__rep_02__pretrained,2136253289,442265914,molecule_vpu,MultiLabelBCELoss,"{""contrastive"": {""peak_permutation"": {""params"": {""annotation_bin_radius"": 0, ""negative_weighting_method"": ""multilabel_jaccard"", ""overlapping_label_negative_weight"": 0.1, ""peak_catalog_limit"": 4096, ""peak_sample_size"": 10000, ""peak_selection_method"": ""permutation_label_invariant"", ""permutation_bank_size"": 7000, ""permutation_selection_attempts"": 64, ""permuted_peaks_per_view"": 3, ""preserve_input_normalization"": true, ""temperature"": 0.07}, ""target"": ""InfoNCELoss"", ""weight"": 0.001}}, ""heads"": {""molecule_vpu"": {""vpu"": {""params"": {""alpha"": 1.0, ""beta"": 1.0, ""consistency_weight"": 0.0, ""negative_weight"": 0.0, ""simulated_negative_weight"": 0.0}, ""target"": ""VariationalPULoss"", ""weight"": 0.2}}}, ""reconstruction"": {""masserstein"": {""target"": ""MassersteinLoss"", ""weight"": 1.0}}, ""regularization"": {""contractive"": {""params"": {""calculation_method"": ""exact_autograd_jacobian"", ""hinge_alpha"": 2.0, ""hinge_threshold"": 7.0, ""input_geometry"": ""fisher_rao"", ""latent_source"": ""auto"", ""penalized_space"": ""u"", ""penalty_metric"": ""spectral_plus_hinged""}, ""target"": ""ContractiveLoss"", ""weight"": 0.002}}}",{},True,True,pretrained (axis-200-900),P0_single__pretrained__axis_200_900,"P0 single bins, pretrained, 200-900 m/z",2,#7F7F7F,dotted,^,"{""axis"": ""axis-200-900"", ""components"": ""single"", ""role"": ""pretrained"", ""variant"": ""P0_single""}"
metaspace-pretrain-repaired-20260923-01__grid_0001__rep_03__pretrained,metaspace-pretrain-repaired-20260923-01,task_000014,grid_0001,3,axis-200-900,pretrained,pretrained,P0_single,grid_0001__rep_03,"P0 single bins, pretrained, 200-900 m/z",axis-200-900/pretrained,/home/max/repositories/MSIAutoEncoderWrapper/data/kidney_workspace/models/kidney/metaspace-pretrain-repaired-20260923-01__grid_0001__rep_03__pretrained,276187349,194761695,molecule_vpu,MultiLabelBCELoss,"{""contrastive"": {""peak_permutation"": {""params"": {""annotation_bin_radius"": 0, ""negative_weighting_method"": ""multilabel_jaccard"", ""overlapping_label_negative_weight"": 0.1, ""peak_catalog_limit"": 4096, ""peak_sample_size"": 10000, ""peak_selection_method"": ""permutation_label_invariant"", ""permutation_bank_size"": 7000, ""permutation_selection_attempts"": 64, ""permuted_peaks_per_view"": 3, ""preserve_input_normalization"": true, ""temperature"": 0.07}, ""target"": ""InfoNCELoss"", ""weight"": 0.001}}, ""heads"": {""molecule_vpu"": {""vpu"": {""params"": {""alpha"": 1.0, ""beta"": 1.0, ""consistency_weight"": 0.0, ""negative_weight"": 0.0, ""simulated_negative_weight"": 0.0}, ""target"": ""VariationalPULoss"", ""weight"": 0.2}}}, ""reconstruction"": {""masserstein"": {""target"": ""MassersteinLoss"", ""weight"": 1.0}}, ""regularization"": {""contractive"": {""params"": {""calculation_method"": ""exact_autograd_jacobian"", ""hinge_alpha"": 2.0, ""hinge_threshold"": 7.0, ""input_geometry"": ""fisher_rao"", ""latent_source"": ""auto"", ""penalized_space"": ""u"", ""penalty_metric"": ""spectral_plus_hinged""}, ""target"": ""ContractiveLoss"", ""weight"": 0.002}}}",{},True,True,pretrained (axis-200-900),P0_single__pretrained__axis_200_900,"P0 single bins, pretrained, 200-900 m/z",2,#7F7F7F,dotted,^,"{""axis"": ""axis-200-900"", ""components"": ""single"", ""role"": ""pretrained"", ""variant"": ""P0_single""}"
metaspace-pretrain-repaired-20260923-01__grid_0001__rep_04__pretrained,metaspace-pretrain-repaired-20260923-01,task_000017,grid_0001,4,axis-200-900,pretrained,pretrained,P0_single,grid_0001__rep_04,"P0 single bins, pretrained, 200-900 m/z",axis-200-900/pretrained,/home/max/repositories/MSIAutoEncoderWrapper/data/kidney_workspace/models/kidney/metaspace-pretrain-repaired-20260923-01__grid_0001__rep_04__pretrained,1915557887,1927548799,molecule_vpu,MultiLabelBCELoss,"{""contrastive"": {""peak_permutation"": {""params"": {""annotation_bin_radius"": 0, ""negative_weighting_method"": ""multilabel_jaccard"", ""overlapping_label_negative_weight"": 0.1, ""peak_catalog_limit"": 4096, ""peak_sample_size"": 10000, ""peak_selection_method"": ""permutation_label_invariant"", ""permutation_bank_size"": 7000, ""permutation_selection_attempts"": 64, ""permuted_peaks_per_view"": 3, ""preserve_input_normalization"": true, ""temperature"": 0.07}, ""target"": ""InfoNCELoss"", ""weight"": 0.001}}, ""heads"": {""molecule_vpu"": {""vpu"": {""params"": {""alpha"": 1.0, ""beta"": 1.0, ""consistency_weight"": 0.0, ""negative_weight"": 0.0, ""simulated_negative_weight"": 0.0}, ""target"": ""VariationalPULoss"", ""weight"": 0.2}}}, ""reconstruction"": {""masserstein"": {""target"": ""MassersteinLoss"", ""weight"": 1.0}}, ""regularization"": {""contractive"": {""params"": {""calculation_method"": ""exact_autograd_jacobian"", ""hinge_alpha"": 2.0, ""hinge_threshold"": 7.0, ""input_geometry"": ""fisher_rao"", ""latent_source"": ""auto"", ""penalized_space"": ""u"", ""penalty_metric"": ""spectral_plus_hinged""}, ""target"": ""ContractiveLoss"", ""weight"": 0.002}}}",{},True,True,pretrained (axis-200-900),P0_single__pretrained__axis_200_900,"P0 single bins, pretrained, 200-900 m/z",2,#7F7F7F,dotted,^,"{""axis"": ""axis-200-900"", ""components"": ""single"", ""role"": ""pretrained"", ""variant"": ""P0_single""}"
metaspace-pretrain-repaired-20260923-01__grid_0001__rep_00__frozen_head,metaspace-pretrain-repaired-20260923-01,task_000006,grid_0001,0,axis-200-900,frozen_head,frozen_head,P0_single,grid_0001__rep_00,"P0 single bins, fine-tuned, frozen head, 200-900 m/z",axis-200-900/frozen_head,/home/max/repositories/MSIAutoEncoderWrapper/data/kidney_workspace/models/kidney/metaspace-pretrain-repaired-20260923-01__grid_0001__rep_00__frozen_head,91154199,32238397,molecule_vpu,MultiLabelBCELoss,"{""contrastive"": {""peak_permutation"": {""params"": {""annotation_bin_radius"": 0, ""negative_weighting_method"": ""multilabel_jaccard"", ""overlapping_label_negative_weight"": 0.1, ""peak_catalog_limit"": 4096, ""peak_sample_size"": 10000, ""peak_selection_method"": ""permutation_label_invariant"", ""permutation_bank_size"": 7000, ""permutation_selection_attempts"": 64, ""permuted_peaks_per_view"": 3, ""preserve_input_normalization"": true, ""temperature"": 0.07}, ""target"": ""InfoNCELoss"", ""weight"": 0.001}}, ""heads"": {""molecule_vpu"": {""vpu"": {""params"": {""alpha"": 1.0, ""beta"": 1.0, ""consistency_weight"": 0.0, ""negative_weight"": 0.0, ""simulated_negative_weight"": 0.0}, ""target"": ""VariationalPULoss"", ""weight"": 0.2}}}, ""reconstruction"": {""masserstein"": {""target"": ""MassersteinLoss"", ""weight"": 1.0}}, ""regularization"": {""contractive"": {""params"": {""calculation_method"": ""exact_autograd_jacobian"", ""hinge_alpha"": 2.0, ""hinge_threshold"": 7.0, ""input_geometry"": ""fisher_rao"", ""latent_source"": ""auto"", ""penalized_space"": ""u"", ""penalty_metric"": ""spectral_plus_hinged""}, ""target"": ""ContractiveLoss"", ""weight"": 0.002}}}",{},True,True,frozen_head (axis-200-900),P0_single__frozen_head__axis_200_900,"P0 single bins, fine-tuned, frozen head, 200-900 m/z",3,#7F7F7F,dashed,s,"{""axis"": ""axis-200-900"", ""components"": ""single"", ""role"": ""frozen_head"", ""variant"": ""P0_single""}"
metaspace-pretrain-repaired-20260923-01__grid_0001__rep_01__frozen_head,metaspace-pretrain-repaired-20260923-01,task_000009,grid_0001,1,axis-200-900,frozen_head,frozen_head,P0_single,grid_0001__rep_01,"P0 single bins, fine-tuned, frozen head, 200-900 m/z",axis-200-900/frozen_head,/home/max/repositories/MSIAutoEncoderWrapper/data/kidney_workspace/models/kidney/metaspace-pretrain-repaired-20260923-01__grid_0001__rep_01__frozen_head,919377028,892754137,molecule_vpu,MultiLabelBCELoss,"{""contrastive"": {""peak_permutation"": {""params"": {""annotation_bin_radius"": 0, ""negative_weighting_method"": ""multilabel_jaccard"", ""overlapping_label_negative_weight"": 0.1, ""peak_catalog_limit"": 4096, ""peak_sample_size"": 10000, ""peak_selection_method"": ""permutation_label_invariant"", ""permutation_bank_size"": 7000, ""permutation_selection_attempts"": 64, ""permuted_peaks_per_view"": 3, ""preserve_input_normalization"": true, ""temperature"": 0.07}, ""target"": ""InfoNCELoss"", ""weight"": 0.001}}, ""heads"": {""molecule_vpu"": {""vpu"": {""params"": {""alpha"": 1.0, ""beta"": 1.0, ""consistency_weight"": 0.0, ""negative_weight"": 0.0, ""simulated_negative_weight"": 0.0}, ""target"": ""VariationalPULoss"", ""weight"": 0.2}}}, ""reconstruction"": {""masserstein"": {""target"": ""MassersteinLoss"", ""weight"": 1.0}}, ""regularization"": {""contractive"": {""params"": {""calculation_method"": ""exact_autograd_jacobian"", ""hinge_alpha"": 2.0, ""hinge_threshold"": 7.0, ""input_geometry"": ""fisher_rao"", ""latent_source"": ""auto"", ""penalized_space"": ""u"", ""penalty_metric"": ""spectral_plus_hinged""}, ""target"": ""ContractiveLoss"", ""weight"": 0.002}}}",{},True,True,frozen_head (axis-200-900),P0_single__frozen_head__axis_200_900,"P0 single bins, fine-tuned, frozen head, 200-900 m/z",3,#7F7F7F,dashed,s,"{""axis"": ""axis-200-900"", ""components"": ""single"", ""role"": ""frozen_head"", ""variant"": ""P0_single""}"
metaspace-pretrain-repaired-20260923-01__grid_0001__rep_02__frozen_head,metaspace-pretrain-repaired-20260923-01,task_000012,grid_0001,2,axis-200-900,frozen_head,frozen_head,P0_single,grid_0001__rep_02,"P0 single bins, fine-tuned, frozen head, 200-900 m/z",axis-200-900/frozen_head,/home/max/repositories/MSIAutoEncoderWrapper/data/kidney_workspace/models/kidney/metaspace-pretrain-repaired-20260923-01__grid_0001__rep_02__frozen_head,2136253289,442265914,molecule_vpu,MultiLabelBCELoss,"{""contrastive"": {""peak_permutation"": {""params"": {""annotation_bin_radius"": 0, ""negative_weighting_method"": ""multilabel_jaccard"", ""overlapping_label_negative_weight"": 0.1, ""peak_catalog_limit"": 4096, ""peak_sample_size"": 10000, ""peak_selection_method"": ""permutation_label_invariant"", ""permutation_bank_size"": 7000, ""permutation_selection_attempts"": 64, ""permuted_peaks_per_view"": 3, ""preserve_input_normalization"": true, ""temperature"": 0.07}, ""target"": ""InfoNCELoss"", ""weight"": 0.001}}, ""heads"": {""molecule_vpu"": {""vpu"": {""params"": {""alpha"": 1.0, ""beta"": 1.0, ""consistency_weight"": 0.0, ""negative_weight"": 0.0, ""simulated_negative_weight"": 0.0}, ""target"": ""VariationalPULoss"", ""weight"": 0.2}}}, ""reconstruction"": {""masserstein"": {""target"": ""MassersteinLoss"", ""weight"": 1.0}}, ""regularization"": {""contractive"": {""params"": {""calculation_method"": ""exact_autograd_jacobian"", ""hinge_alpha"": 2.0, ""hinge_threshold"": 7.0, ""input_geometry"": ""fisher_rao"", ""latent_source"": ""auto"", ""penalized_space"": ""u"", ""penalty_metric"": ""spectral_plus_hinged""}, ""target"": ""ContractiveLoss"", ""weight"": 0.002}}}",{},True,True,frozen_head (axis-200-900),P0_single__frozen_head__axis_200_900,"P0 single bins, fine-tuned, frozen head, 200-900 m/z",3,#7F7F7F,dashed,s,"{""axis"": ""axis-200-900"", ""components"": ""single"", ""role"": ""frozen_head"", ""variant"": ""P0_single""}"
metaspace-pretrain-repaired-20260923-01__grid_0001__rep_03__frozen_head,metaspace-pretrain-repaired-20260923-01,task_000015,grid_0001,3,axis-200-900,frozen_head,frozen_head,P0_single,grid_0001__rep_03,"P0 single bins, fine-tuned, frozen head, 200-900 m/z",axis-200-900/frozen_head,/home/max/repositories/MSIAutoEncoderWrapper/data/kidney_workspace/models/kidney/metaspace-pretrain-repaired-20260923-01__grid_0001__rep_03__frozen_head,276187349,194761695,molecule_vpu,MultiLabelBCELoss,"{""contrastive"": {""peak_permutation"": {""params"": {""annotation_bin_radius"": 0, ""negative_weighting_method"": ""multilabel_jaccard"", ""overlapping_label_negative_weight"": 0.1, ""peak_catalog_limit"": 4096, ""peak_sample_size"": 10000, ""peak_selection_method"": ""permutation_label_invariant"", ""permutation_bank_size"": 7000, ""permutation_selection_attempts"": 64, ""permuted_peaks_per_view"": 3, ""preserve_input_normalization"": true, ""temperature"": 0.07}, ""target"": ""InfoNCELoss"", ""weight"": 0.001}}, ""heads"": {""molecule_vpu"": {""vpu"": {""params"": {""alpha"": 1.0, ""beta"": 1.0, ""consistency_weight"": 0.0, ""negative_weight"": 0.0, ""simulated_negative_weight"": 0.0}, ""target"": ""VariationalPULoss"", ""weight"": 0.2}}}, ""reconstruction"": {""masserstein"": {""target"": ""MassersteinLoss"", ""weight"": 1.0}}, ""regularization"": {""contractive"": {""params"": {""calculation_method"": ""exact_autograd_jacobian"", ""hinge_alpha"": 2.0, ""hinge_threshold"": 7.0, ""input_geometry"": ""fisher_rao"", ""latent_source"": ""auto"", ""penalized_space"": ""u"", ""penalty_metric"": ""spectral_plus_hinged""}, ""target"": ""ContractiveLoss"", ""weight"": 0.002}}}",{},True,True,frozen_head (axis-200-900),P0_single__frozen_head__axis_200_900,"P0 single bins, fine-tuned, frozen head, 200-900 m/z",3,#7F7F7F,dashed,s,"{""axis"": ""axis-200-900"", ""components"": ""single"", ""role"": ""frozen_head"", ""variant"": ""P0_single""}"
metaspace-pretrain-repaired-20260923-01__grid_0001__rep_04__frozen_head,metaspace-pretrain-repaired-20260923-01,task_000018,grid_0001,4,axis-200-900,frozen_head,frozen_head,P0_single,grid_0001__rep_04,"P0 single bins, fine-tuned, frozen head, 200-900 m/z",axis-200-900/frozen_head,/home/max/repositories/MSIAutoEncoderWrapper/data/kidney_workspace/models/kidney/metaspace-pretrain-repaired-20260923-01__grid_0001__rep_04__frozen_head,1915557887,1927548799,molecule_vpu,MultiLabelBCELoss,"{""contrastive"": {""peak_permutation"": {""params"": {""annotation_bin_radius"": 0, ""negative_weighting_method"": ""multilabel_jaccard"", ""overlapping_label_negative_weight"": 0.1, ""peak_catalog_limit"": 4096, ""peak_sample_size"": 10000, ""peak_selection_method"": ""permutation_label_invariant"", ""permutation_bank_size"": 7000, ""permutation_selection_attempts"": 64, ""permuted_peaks_per_view"": 3, ""preserve_input_normalization"": true, ""temperature"": 0.07}, ""target"": ""InfoNCELoss"", ""weight"": 0.001}}, ""heads"": {""molecule_vpu"": {""vpu"": {""params"": {""alpha"": 1.0, ""beta"": 1.0, ""consistency_weight"": 0.0, ""negative_weight"": 0.0, ""simulated_negative_weight"": 0.0}, ""target"": ""VariationalPULoss"", ""weight"": 0.2}}}, ""reconstruction"": {""masserstein"": {""target"": ""MassersteinLoss"", ""weight"": 1.0}}, ""regularization"": {""contractive"": {""params"": {""calculation_method"": ""exact_autograd_jacobian"", ""hinge_alpha"": 2.0, ""hinge_threshold"": 7.0, ""input_geometry"": ""fisher_rao"", ""latent_source"": ""auto"", ""penalized_space"": ""u"", ""penalty_metric"": ""spectral_plus_hinged""}, ""target"": ""ContractiveLoss"", ""weight"": 0.002}}}",{},True,True,frozen_head (axis-200-900),P0_single__frozen_head__axis_200_900,"P0 single bins, fine-tuned, frozen head, 200-900 m/z",3,#7F7F7F,dashed,s,"{""axis"": ""axis-200-900"", ""components"": ""single"", ""role"": ""frozen_head"", ""variant"": ""P0_single""}"
metaspace-pretrain-repaired-20260923-01__grid_0001__rep_00__unfrozen_head,metaspace-pretrain-repaired-20260923-01,task_000007,grid_0001,0,axis-200-900,unfrozen_head,unfrozen_head,P0_single,grid_0001__rep_00,"P0 single bins, fine-tuned, unfrozen head, 200-900 m/z",axis-200-900/unfrozen_head,/home/max/repositories/MSIAutoEncoderWrapper/data/kidney_workspace/models/kidney/metaspace-pretrain-repaired-20260923-01__grid_0001__rep_00__unfrozen_head,91154199,32238397,molecule_vpu,VariationalPULoss,"{""contrastive"": {""peak_permutation"": {""params"": {""annotation_bin_radius"": 0, ""negative_weighting_method"": ""multilabel_jaccard"", ""overlapping_label_negative_weight"": 0.1, ""peak_catalog_limit"": 4096, ""peak_sample_size"": 10000, ""peak_selection_method"": ""permutation_label_invariant"", ""permutation_bank_size"": 7000, ""permutation_selection_attempts"": 64, ""permuted_peaks_per_view"": 3, ""preserve_input_normalization"": true, ""temperature"": 0.07}, ""target"": ""InfoNCELoss"", ""weight"": 0.001}}, ""heads"": {""molecule_vpu"": {""vpu"": {""params"": {""alpha"": 1.0, ""beta"": 1.0, ""consistency_weight"": 0.0, ""negative_weight"": 0.0, ""simulated_negative_weight"": 0.0}, ""target"": ""VariationalPULoss"", ""weight"": 0.2}}}, ""reconstruction"": {""masserstein"": {""target"": ""MassersteinLoss"", ""weight"": 1.0}}, ""regularization"": {""contractive"": {""params"": {""calculation_method"": ""exact_autograd_jacobian"", ""hinge_alpha"": 2.0, ""hinge_threshold"": 7.0, ""input_geometry"": ""fisher_rao"", ""latent_source"": ""auto"", ""penalized_space"": ""u"", ""penalty_metric"": ""spectral_plus_hinged""}, ""target"": ""ContractiveLoss"", ""weight"": 0.002}}}",{},True,True,unfrozen_head (axis-200-900),P0_single__unfrozen_head__axis_200_900,"P0 single bins, fine-tuned, unfrozen head, 200-900 m/z",4,#7F7F7F,solid,o,"{""axis"": ""axis-200-900"", ""components"": ""single"", ""role"": ""unfrozen_head"", ""variant"": ""P0_single""}"
metaspace-pretrain-repaired-20260923-01__grid_0001__rep_01__unfrozen_head,metaspace-pretrain-repaired-20260923-01,task_000010,grid_0001,1,axis-200-900,unfrozen_head,unfrozen_head,P0_single,grid_0001__rep_01,"P0 single bins, fine-tuned, unfrozen head, 200-900 m/z",axis-200-900/unfrozen_head,/home/max/repositories/MSIAutoEncoderWrapper/data/kidney_workspace/models/kidney/metaspace-pretrain-repaired-20260923-01__grid_0001__rep_01__unfrozen_head,919377028,892754137,molecule_vpu,VariationalPULoss,"{""contrastive"": {""peak_permutation"": {""params"": {""annotation_bin_radius"": 0, ""negative_weighting_method"": ""multilabel_jaccard"", ""overlapping_label_negative_weight"": 0.1, ""peak_catalog_limit"": 4096, ""peak_sample_size"": 10000, ""peak_selection_method"": ""permutation_label_invariant"", ""permutation_bank_size"": 7000, ""permutation_selection_attempts"": 64, ""permuted_peaks_per_view"": 3, ""preserve_input_normalization"": true, ""temperature"": 0.07}, ""target"": ""InfoNCELoss"", ""weight"": 0.001}}, ""heads"": {""molecule_vpu"": {""vpu"": {""params"": {""alpha"": 1.0, ""beta"": 1.0, ""consistency_weight"": 0.0, ""negative_weight"": 0.0, ""simulated_negative_weight"": 0.0}, ""target"": ""VariationalPULoss"", ""weight"": 0.2}}}, ""reconstruction"": {""masserstein"": {""target"": ""MassersteinLoss"", ""weight"": 1.0}}, ""regularization"": {""contractive"": {""params"": {""calculation_method"": ""exact_autograd_jacobian"", ""hinge_alpha"": 2.0, ""hinge_threshold"": 7.0, ""input_geometry"": ""fisher_rao"", ""latent_source"": ""auto"", ""penalized_space"": ""u"", ""penalty_metric"": ""spectral_plus_hinged""}, ""target"": ""ContractiveLoss"", ""weight"": 0.002}}}",{},True,True,unfrozen_head (axis-200-900),P0_single__unfrozen_head__axis_200_900,"P0 single bins, fine-tuned, unfrozen head, 200-900 m/z",4,#7F7F7F,solid,o,"{""axis"": ""axis-200-900"", ""components"": ""single"", ""role"": ""unfrozen_head"", ""variant"": ""P0_single""}"
metaspace-pretrain-repaired-20260923-01__grid_0001__rep_02__unfrozen_head,metaspace-pretrain-repaired-20260923-01,task_000013,grid_0001,2,axis-200-900,unfrozen_head,unfrozen_head,P0_single,grid_0001__rep_02,"P0 single bins, fine-tuned, unfrozen head, 200-900 m/z",axis-200-900/unfrozen_head,/home/max/repositories/MSIAutoEncoderWrapper/data/kidney_workspace/models/kidney/metaspace-pretrain-repaired-20260923-01__grid_0001__rep_02__unfrozen_head,2136253289,442265914,molecule_vpu,VariationalPULoss,"{""contrastive"": {""peak_permutation"": {""params"": {""annotation_bin_radius"": 0, ""negative_weighting_method"": ""multilabel_jaccard"", ""overlapping_label_negative_weight"": 0.1, ""peak_catalog_limit"": 4096, ""peak_sample_size"": 10000, ""peak_selection_method"": ""permutation_label_invariant"", ""permutation_bank_size"": 7000, ""permutation_selection_attempts"": 64, ""permuted_peaks_per_view"": 3, ""preserve_input_normalization"": true, ""temperature"": 0.07}, ""target"": ""InfoNCELoss"", ""weight"": 0.001}}, ""heads"": {""molecule_vpu"": {""vpu"": {""params"": {""alpha"": 1.0, ""beta"": 1.0, ""consistency_weight"": 0.0, ""negative_weight"": 0.0, ""simulated_negative_weight"": 0.0}, ""target"": ""VariationalPULoss"", ""weight"": 0.2}}}, ""reconstruction"": {""masserstein"": {""target"": ""MassersteinLoss"", ""weight"": 1.0}}, ""regularization"": {""contractive"": {""params"": {""calculation_method"": ""exact_autograd_jacobian"", ""hinge_alpha"": 2.0, ""hinge_threshold"": 7.0, ""input_geometry"": ""fisher_rao"", ""latent_source"": ""auto"", ""penalized_space"": ""u"", ""penalty_metric"": ""spectral_plus_hinged""}, ""target"": ""ContractiveLoss"", ""weight"": 0.002}}}",{},True,True,unfrozen_head (axis-200-900),P0_single__unfrozen_head__axis_200_900,"P0 single bins, fine-tuned, unfrozen head, 200-900 m/z",4,#7F7F7F,solid,o,"{""axis"": ""axis-200-900"", ""components"": ""single"", ""role"": ""unfrozen_head"", ""variant"": ""P0_single""}"
metaspace-pretrain-repaired-20260923-01__grid_0001__rep_03__unfrozen_head,metaspace-pretrain-repaired-20260923-01,task_000016,grid_0001,3,axis-200-900,unfrozen_head,unfrozen_head,P0_single,grid_0001__rep_03,"P0 single bins, fine-tuned, unfrozen head, 200-900 m/z",axis-200-900/unfrozen_head,/home/max/repositories/MSIAutoEncoderWrapper/data/kidney_workspace/models/kidney/metaspace-pretrain-repaired-20260923-01__grid_0001__rep_03__unfrozen_head,276187349,194761695,molecule_vpu,VariationalPULoss,"{""contrastive"": {""peak_permutation"": {""params"": {""annotation_bin_radius"": 0, ""negative_weighting_method"": ""multilabel_jaccard"", ""overlapping_label_negative_weight"": 0.1, ""peak_catalog_limit"": 4096, ""peak_sample_size"": 10000, ""peak_selection_method"": ""permutation_label_invariant"", ""permutation_bank_size"": 7000, ""permutation_selection_attempts"": 64, ""permuted_peaks_per_view"": 3, ""preserve_input_normalization"": true, ""temperature"": 0.07}, ""target"": ""InfoNCELoss"", ""weight"": 0.001}}, ""heads"": {""molecule_vpu"": {""vpu"": {""params"": {""alpha"": 1.0, ""beta"": 1.0, ""consistency_weight"": 0.0, ""negative_weight"": 0.0, ""simulated_negative_weight"": 0.0}, ""target"": ""VariationalPULoss"", ""weight"": 0.2}}}, ""reconstruction"": {""masserstein"": {""target"": ""MassersteinLoss"", ""weight"": 1.0}}, ""regularization"": {""contractive"": {""params"": {""calculation_method"": ""exact_autograd_jacobian"", ""hinge_alpha"": 2.0, ""hinge_threshold"": 7.0, ""input_geometry"": ""fisher_rao"", ""latent_source"": ""auto"", ""penalized_space"": ""u"", ""penalty_metric"": ""spectral_plus_hinged""}, ""target"": ""ContractiveLoss"", ""weight"": 0.002}}}",{},True,True,unfrozen_head (axis-200-900),P0_single__unfrozen_head__axis_200_900,"P0 single bins, fine-tuned, unfrozen head, 200-900 m/z",4,#7F7F7F,solid,o,"{""axis"": ""axis-200-900"", ""components"": ""single"", ""role"": ""unfrozen_head"", ""variant"": ""P0_single""}"
metaspace-pretrain-repaired-20260923-01__grid_0001__rep_04__unfrozen_head,metaspace-pretrain-repaired-20260923-01,task_000019,grid_0001,4,axis-200-900,unfrozen_head,unfrozen_head,P0_single,grid_0001__rep_04,"P0 single bins, fine-tuned, unfrozen head, 200-900 m/z",axis-200-900/unfrozen_head,/home/max/repositories/MSIAutoEncoderWrapper/data/kidney_workspace/models/kidney/metaspace-pretrain-repaired-20260923-01__grid_0001__rep_04__unfrozen_head,1915557887,1927548799,molecule_vpu,VariationalPULoss,"{""contrastive"": {""peak_permutation"": {""params"": {""annotation_bin_radius"": 0, ""negative_weighting_method"": ""multilabel_jaccard"", ""overlapping_label_negative_weight"": 0.1, ""peak_catalog_limit"": 4096, ""peak_sample_size"": 10000, ""peak_selection_method"": ""permutation_label_invariant"", ""permutation_bank_size"": 7000, ""permutation_selection_attempts"": 64, ""permuted_peaks_per_view"": 3, ""preserve_input_normalization"": true, ""temperature"": 0.07}, ""target"": ""InfoNCELoss"", ""weight"": 0.001}}, ""heads"": {""molecule_vpu"": {""vpu"": {""params"": {""alpha"": 1.0, ""beta"": 1.0, ""consistency_weight"": 0.0, ""negative_weight"": 0.0, ""simulated_negative_weight"": 0.0}, ""target"": ""VariationalPULoss"", ""weight"": 0.2}}}, ""reconstruction"": {""masserstein"": {""target"": ""MassersteinLoss"", ""weight"": 1.0}}, ""regularization"": {""contractive"": {""params"": {""calculation_method"": ""exact_autograd_jacobian"", ""hinge_alpha"": 2.0, ""hinge_threshold"": 7.0, ""input_geometry"": ""fisher_rao"", ""latent_source"": ""auto"", ""penalized_space"": ""u"", ""penalty_metric"": ""spectral_plus_hinged""}, ""target"": ""ContractiveLoss"", ""weight"": 0.002}}}",{},True,True,unfrozen_head (axis-200-900),P0_single__unfrozen_head__axis_200_900,"P0 single bins, fine-tuned, unfrozen head, 200-900 m/z",4,#7F7F7F,solid,o,"{""axis"": ""axis-200-900"", ""components"": ""single"", ""role"": ""unfrozen_head"", ""variant"": ""P0_single""}"
metaspace-pretrain-repaired-20260923-01__grid_0002__rep_00__pretrained,metaspace-pretrain-repaired-20260923-01,task_000020,grid_0002,0,axis-200-900,pretrained,pretrained,P1_permutation,grid_0002__rep_00,"P1 permutations, pretrained, 200-900 m/z",axis-200-900/pretrained,/home/max/repositories/MSIAutoEncoderWrapper/data/kidney_workspace/models/kidney/metaspace-pretrain-repaired-20260923-01__grid_0002__rep_00__pretrained,91154199,32238397,molecule_vpu,MultiLabelBCELoss,"{""contrastive"": {""peak_permutation"": {""params"": {""annotation_bin_radius"": 0, ""negative_weighting_method"": ""multilabel_jaccard"", ""overlapping_label_negative_weight"": 0.1, ""peak_catalog_limit"": 4096, ""peak_sample_size"": 10000, ""peak_selection_method"": ""permutation_label_invariant"", ""permutation_bank_size"": 7000, ""permutation_selection_attempts"": 64, ""permuted_peaks_per_view"": 3, ""preserve_input_normalization"": true, ""temperature"": 0.07}, ""target"": ""InfoNCELoss"", ""weight"": 0.001}}, ""heads"": {""molecule_vpu"": {""vpu"": {""params"": {""alpha"": 1.0, ""beta"": 1.0, ""consistency_weight"": 0.0, ""negative_weight"": 0.0, ""simulated_negative_weight"": 0.0}, ""target"": ""VariationalPULoss"", ""weight"": 0.2}}}, ""reconstruction"": {""masserstein"": {""target"": ""MassersteinLoss"", ""weight"": 1.0}}, ""regularization"": {""contractive"": {""params"": {""calculation_method"": ""exact_autograd_jacobian"", ""hinge_alpha"": 2.0, ""hinge_threshold"": 7.0, ""input_geometry"": ""fisher_rao"", ""latent_source"": ""auto"", ""penalized_space"": ""u"", ""penalty_metric"": ""spectral_plus_hinged""}, ""target"": ""ContractiveLoss"", ""weight"": 0.002}}}",{},True,True,pretrained (axis-200-900),P1_permutation__pretrained__axis_200_900,"P1 permutations, pretrained, 200-900 m/z",5,#9467BD,dotted,^,"{""axis"": ""axis-200-900"", ""components"": ""permutation"", ""role"": ""pretrained"", ""variant"": ""P1_permutation""}"
metaspace-pretrain-repaired-20260923-01__grid_0002__rep_01__pretrained,metaspace-pretrain-repaired-20260923-01,task_000023,grid_0002,1,axis-200-900,pretrained,pretrained,P1_permutation,grid_0002__rep_01,"P1 permutations, pretrained, 200-900 m/z",axis-200-900/pretrained,/home/max/repositories/MSIAutoEncoderWrapper/data/kidney_workspace/models/kidney/metaspace-pretrain-repaired-20260923-01__grid_0002__rep_01__pretrained,919377028,892754137,molecule_vpu,MultiLabelBCELoss,"{""contrastive"": {""peak_permutation"": {""params"": {""annotation_bin_radius"": 0, ""negative_weighting_method"": ""multilabel_jaccard"", ""overlapping_label_negative_weight"": 0.1, ""peak_catalog_limit"": 4096, ""peak_sample_size"": 10000, ""peak_selection_method"": ""permutation_label_invariant"", ""permutation_bank_size"": 7000, ""permutation_selection_attempts"": 64, ""permuted_peaks_per_view"": 3, ""preserve_input_normalization"": true, ""temperature"": 0.07}, ""target"": ""InfoNCELoss"", ""weight"": 0.001}}, ""heads"": {""molecule_vpu"": {""vpu"": {""params"": {""alpha"": 1.0, ""beta"": 1.0, ""consistency_weight"": 0.0, ""negative_weight"": 0.0, ""simulated_negative_weight"": 0.0}, ""target"": ""VariationalPULoss"", ""weight"": 0.2}}}, ""reconstruction"": {""masserstein"": {""target"": ""MassersteinLoss"", ""weight"": 1.0}}, ""regularization"": {""contractive"": {""params"": {""calculation_method"": ""exact_autograd_jacobian"", ""hinge_alpha"": 2.0, ""hinge_threshold"": 7.0, ""input_geometry"": ""fisher_rao"", ""latent_source"": ""auto"", ""penalized_space"": ""u"", ""penalty_metric"": ""spectral_plus_hinged""}, ""target"": ""ContractiveLoss"", ""weight"": 0.002}}}",{},True,True,pretrained (axis-200-900),P1_permutation__pretrained__axis_200_900,"P1 permutations, pretrained, 200-900 m/z",5,#9467BD,dotted,^,"{""axis"": ""axis-200-900"", ""components"": ""permutation"", ""role"": ""pretrained"", ""variant"": ""P1_permutation""}"
metaspace-pretrain-repaired-20260923-01__grid_0002__rep_02__pretrained,metaspace-pretrain-repaired-20260923-01,task_000026,grid_0002,2,axis-200-900,pretrained,pretrained,P1_permutation,grid_0002__rep_02,"P1 permutations, pretrained, 200-900 m/z",axis-200-900/pretrained,/home/max/repositories/MSIAutoEncoderWrapper/data/kidney_workspace/models/kidney/metaspace-pretrain-repaired-20260923-01__grid_0002__rep_02__pretrained,2136253289,442265914,molecule_vpu,MultiLabelBCELoss,"{""contrastive"": {""peak_permutation"": {""params"": {""annotation_bin_radius"": 0, ""negative_weighting_method"": ""multilabel_jaccard"", ""overlapping_label_negative_weight"": 0.1, ""peak_catalog_limit"": 4096, ""peak_sample_size"": 10000, ""peak_selection_method"": ""permutation_label_invariant"", ""permutation_bank_size"": 7000, ""permutation_selection_attempts"": 64, ""permuted_peaks_per_view"": 3, ""preserve_input_normalization"": true, ""temperature"": 0.07}, ""target"": ""InfoNCELoss"", ""weight"": 0.001}}, ""heads"": {""molecule_vpu"": {""vpu"": {""params"": {""alpha"": 1.0, ""beta"": 1.0, ""consistency_weight"": 0.0, ""negative_weight"": 0.0, ""simulated_negative_weight"": 0.0}, ""target"": ""VariationalPULoss"", ""weight"": 0.2}}}, ""reconstruction"": {""masserstein"": {""target"": ""MassersteinLoss"", ""weight"": 1.0}}, ""regularization"": {""contractive"": {""params"": {""calculation_method"": ""exact_autograd_jacobian"", ""hinge_alpha"": 2.0, ""hinge_threshold"": 7.0, ""input_geometry"": ""fisher_rao"", ""latent_source"": ""auto"", ""penalized_space"": ""u"", ""penalty_metric"": ""spectral_plus_hinged""}, ""target"": ""ContractiveLoss"", ""weight"": 0.002}}}",{},True,True,pretrained (axis-200-900),P1_permutation__pretrained__axis_200_900,"P1 permutations, pretrained, 200-900 m/z",5,#9467BD,dotted,^,"{""axis"": ""axis-200-900"", ""components"": ""permutation"", ""role"": ""pretrained"", ""variant"": ""P1_permutation""}"
metaspace-pretrain-repaired-20260923-01__grid_0002__rep_03__pretrained,metaspace-pretrain-repaired-20260923-01,task_000029,grid_0002,3,axis-200-900,pretrained,pretrained,P1_permutation,grid_0002__rep_03,"P1 permutations, pretrained, 200-900 m/z",axis-200-900/pretrained,/home/max/repositories/MSIAutoEncoderWrapper/data/kidney_workspace/models/kidney/metaspace-pretrain-repaired-20260923-01__grid_0002__rep_03__pretrained,276187349,194761695,molecule_vpu,MultiLabelBCELoss,"{""contrastive"": {""peak_permutation"": {""params"": {""annotation_bin_radius"": 0, ""negative_weighting_method"": ""multilabel_jaccard"", ""overlapping_label_negative_weight"": 0.1, ""peak_catalog_limit"": 4096, ""peak_sample_size"": 10000, ""peak_selection_method"": ""permutation_label_invariant"", ""permutation_bank_size"": 7000, ""permutation_selection_attempts"": 64, ""permuted_peaks_per_view"": 3, ""preserve_input_normalization"": true, ""temperature"": 0.07}, ""target"": ""InfoNCELoss"", ""weight"": 0.001}}, ""heads"": {""molecule_vpu"": {""vpu"": {""params"": {""alpha"": 1.0, ""beta"": 1.0, ""consistency_weight"": 0.0, ""negative_weight"": 0.0, ""simulated_negative_weight"": 0.0}, ""target"": ""VariationalPULoss"", ""weight"": 0.2}}}, ""reconstruction"": {""masserstein"": {""target"": ""MassersteinLoss"", ""weight"": 1.0}}, ""regularization"": {""contractive"": {""params"": {""calculation_method"": ""exact_autograd_jacobian"", ""hinge_alpha"": 2.0, ""hinge_threshold"": 7.0, ""input_geometry"": ""fisher_rao"", ""latent_source"": ""auto"", ""penalized_space"": ""u"", ""penalty_metric"": ""spectral_plus_hinged""}, ""target"": ""ContractiveLoss"", ""weight"": 0.002}}}",{},True,True,pretrained (axis-200-900),P1_permutation__pretrained__axis_200_900,"P1 permutations, pretrained, 200-900 m/z",5,#9467BD,dotted,^,"{""axis"": ""axis-200-900"", ""components"": ""permutation"", ""role"": ""pretrained"", ""variant"": ""P1_permutation""}"
metaspace-pretrain-repaired-20260923-01__grid_0002__rep_04__pretrained,metaspace-pretrain-repaired-20260923-01,task_000032,grid_0002,4,axis-200-900,pretrained,pretrained,P1_permutation,grid_0002__rep_04,"P1 permutations, pretrained, 200-900 m/z",axis-200-900/pretrained,/home/max/repositories/MSIAutoEncoderWrapper/data/kidney_workspace/models/kidney/metaspace-pretrain-repaired-20260923-01__grid_0002__rep_04__pretrained,1915557887,1927548799,molecule_vpu,MultiLabelBCELoss,"{""contrastive"": {""peak_permutation"": {""params"": {""annotation_bin_radius"": 0, ""negative_weighting_method"": ""multilabel_jaccard"", ""overlapping_label_negative_weight"": 0.1, ""peak_catalog_limit"": 4096, ""peak_sample_size"": 10000, ""peak_selection_method"": ""permutation_label_invariant"", ""permutation_bank_size"": 7000, ""permutation_selection_attempts"": 64, ""permuted_peaks_per_view"": 3, ""preserve_input_normalization"": true, ""temperature"": 0.07}, ""target"": ""InfoNCELoss"", ""weight"": 0.001}}, ""heads"": {""molecule_vpu"": {""vpu"": {""params"": {""alpha"": 1.0, ""beta"": 1.0, ""consistency_weight"": 0.0, ""negative_weight"": 0.0, ""simulated_negative_weight"": 0.0}, ""target"": ""VariationalPULoss"", ""weight"": 0.2}}}, ""reconstruction"": {""masserstein"": {""target"": ""MassersteinLoss"", ""weight"": 1.0}}, ""regularization"": {""contractive"": {""params"": {""calculation_method"": ""exact_autograd_jacobian"", ""hinge_alpha"": 2.0, ""hinge_threshold"": 7.0, ""input_geometry"": ""fisher_rao"", ""latent_source"": ""auto"", ""penalized_space"": ""u"", ""penalty_metric"": ""spectral_plus_hinged""}, ""target"": ""ContractiveLoss"", ""weight"": 0.002}}}",{},True,True,pretrained (axis-200-900),P1_permutation__pretrained__axis_200_900,"P1 permutations, pretrained, 200-900 m/z",5,#9467BD,dotted,^,"{""axis"": ""axis-200-900"", ""components"": ""permutation"", ""role"": ""pretrained"", ""variant"": ""P1_permutation""}"
metaspace-pretrain-repaired-20260923-01__grid_0002__rep_00__frozen_head,metaspace-pretrain-repaired-20260923-01,task_000021,grid_0002,0,axis-200-900,frozen_head,frozen_head,P1_permutation,grid_0002__rep_00,"P1 permutations, fine-tuned, frozen head, 200-900 m/z",axis-200-900/frozen_head,/home/max/repositories/MSIAutoEncoderWrapper/data/kidney_workspace/models/kidney/metaspace-pretrain-repaired-20260923-01__grid_0002__rep_00__frozen_head,91154199,32238397,molecule_vpu,MultiLabelBCELoss,"{""contrastive"": {""peak_permutation"": {""params"": {""annotation_bin_radius"": 0, ""negative_weighting_method"": ""multilabel_jaccard"", ""overlapping_label_negative_weight"": 0.1, ""peak_catalog_limit"": 4096, ""peak_sample_size"": 10000, ""peak_selection_method"": ""permutation_label_invariant"", ""permutation_bank_size"": 7000, ""permutation_selection_attempts"": 64, ""permuted_peaks_per_view"": 3, ""preserve_input_normalization"": true, ""temperature"": 0.07}, ""target"": ""InfoNCELoss"", ""weight"": 0.001}}, ""heads"": {""molecule_vpu"": {""vpu"": {""params"": {""alpha"": 1.0, ""beta"": 1.0, ""consistency_weight"": 0.0, ""negative_weight"": 0.0, ""simulated_negative_weight"": 0.0}, ""target"": ""VariationalPULoss"", ""weight"": 0.2}}}, ""reconstruction"": {""masserstein"": {""target"": ""MassersteinLoss"", ""weight"": 1.0}}, ""regularization"": {""contractive"": {""params"": {""calculation_method"": ""exact_autograd_jacobian"", ""hinge_alpha"": 2.0, ""hinge_threshold"": 7.0, ""input_geometry"": ""fisher_rao"", ""latent_source"": ""auto"", ""penalized_space"": ""u"", ""penalty_metric"": ""spectral_plus_hinged""}, ""target"": ""ContractiveLoss"", ""weight"": 0.002}}}",{},True,True,frozen_head (axis-200-900),P1_permutation__frozen_head__axis_200_900,"P1 permutations, fine-tuned, frozen head, 200-900 m/z",6,#9467BD,dashed,s,"{""axis"": ""axis-200-900"", ""components"": ""permutation"", ""role"": ""frozen_head"", ""variant"": ""P1_permutation""}"
metaspace-pretrain-repaired-20260923-01__grid_0002__rep_01__frozen_head,metaspace-pretrain-repaired-20260923-01,task_000024,grid_0002,1,axis-200-900,frozen_head,frozen_head,P1_permutation,grid_0002__rep_01,"P1 permutations, fine-tuned, frozen head, 200-900 m/z",axis-200-900/frozen_head,/home/max/repositories/MSIAutoEncoderWrapper/data/kidney_workspace/models/kidney/metaspace-pretrain-repaired-20260923-01__grid_0002__rep_01__frozen_head,919377028,892754137,molecule_vpu,MultiLabelBCELoss,"{""contrastive"": {""peak_permutation"": {""params"": {""annotation_bin_radius"": 0, ""negative_weighting_method"": ""multilabel_jaccard"", ""overlapping_label_negative_weight"": 0.1, ""peak_catalog_limit"": 4096, ""peak_sample_size"": 10000, ""peak_selection_method"": ""permutation_label_invariant"", ""permutation_bank_size"": 7000, ""permutation_selection_attempts"": 64, ""permuted_peaks_per_view"": 3, ""preserve_input_normalization"": true, ""temperature"": 0.07}, ""target"": ""InfoNCELoss"", ""weight"": 0.001}}, ""heads"": {""molecule_vpu"": {""vpu"": {""params"": {""alpha"": 1.0, ""beta"": 1.0, ""consistency_weight"": 0.0, ""negative_weight"": 0.0, ""simulated_negative_weight"": 0.0}, ""target"": ""VariationalPULoss"", ""weight"": 0.2}}}, ""reconstruction"": {""masserstein"": {""target"": ""MassersteinLoss"", ""weight"": 1.0}}, ""regularization"": {""contractive"": {""params"": {""calculation_method"": ""exact_autograd_jacobian"", ""hinge_alpha"": 2.0, ""hinge_threshold"": 7.0, ""input_geometry"": ""fisher_rao"", ""latent_source"": ""auto"", ""penalized_space"": ""u"", ""penalty_metric"": ""spectral_plus_hinged""}, ""target"": ""ContractiveLoss"", ""weight"": 0.002}}}",{},True,True,frozen_head (axis-200-900),P1_permutation__frozen_head__axis_200_900,"P1 permutations, fine-tuned, frozen head, 200-900 m/z",6,#9467BD,dashed,s,"{""axis"": ""axis-200-900"", ""components"": ""permutation"", ""role"": ""frozen_head"", ""variant"": ""P1_permutation""}"
metaspace-pretrain-repaired-20260923-01__grid_0002__rep_02__frozen_head,metaspace-pretrain-repaired-20260923-01,task_000027,grid_0002,2,axis-200-900,frozen_head,frozen_head,P1_permutation,grid_0002__rep_02,"P1 permutations, fine-tuned, frozen head, 200-900 m/z",axis-200-900/frozen_head,/home/max/repositories/MSIAutoEncoderWrapper/data/kidney_workspace/models/kidney/metaspace-pretrain-repaired-20260923-01__grid_0002__rep_02__frozen_head,2136253289,442265914,molecule_vpu,MultiLabelBCELoss,"{""contrastive"": {""peak_permutation"": {""params"": {""annotation_bin_radius"": 0, ""negative_weighting_method"": ""multilabel_jaccard"", ""overlapping_label_negative_weight"": 0.1, ""peak_catalog_limit"": 4096, ""peak_sample_size"": 10000, ""peak_selection_method"": ""permutation_label_invariant"", ""permutation_bank_size"": 7000, ""permutation_selection_attempts"": 64, ""permuted_peaks_per_view"": 3, ""preserve_input_normalization"": true, ""temperature"": 0.07}, ""target"": ""InfoNCELoss"", ""weight"": 0.001}}, ""heads"": {""molecule_vpu"": {""vpu"": {""params"": {""alpha"": 1.0, ""beta"": 1.0, ""consistency_weight"": 0.0, ""negative_weight"": 0.0, ""simulated_negative_weight"": 0.0}, ""target"": ""VariationalPULoss"", ""weight"": 0.2}}}, ""reconstruction"": {""masserstein"": {""target"": ""MassersteinLoss"", ""weight"": 1.0}}, ""regularization"": {""contractive"": {""params"": {""calculation_method"": ""exact_autograd_jacobian"", ""hinge_alpha"": 2.0, ""hinge_threshold"": 7.0, ""input_geometry"": ""fisher_rao"", ""latent_source"": ""auto"", ""penalized_space"": ""u"", ""penalty_metric"": ""spectral_plus_hinged""}, ""target"": ""ContractiveLoss"", ""weight"": 0.002}}}",{},True,True,frozen_head (axis-200-900),P1_permutation__frozen_head__axis_200_900,"P1 permutations, fine-tuned, frozen head, 200-900 m/z",6,#9467BD,dashed,s,"{""axis"": ""axis-200-900"", ""components"": ""permutation"", ""role"": ""frozen_head"", ""variant"": ""P1_permutation""}"
metaspace-pretrain-repaired-20260923-01__grid_0002__rep_03__frozen_head,metaspace-pretrain-repaired-20260923-01,task_000030,grid_0002,3,axis-200-900,frozen_head,frozen_head,P1_permutation,grid_0002__rep_03,"P1 permutations, fine-tuned, frozen head, 200-900 m/z",axis-200-900/frozen_head,/home/max/repositories/MSIAutoEncoderWrapper/data/kidney_workspace/models/kidney/metaspace-pretrain-repaired-20260923-01__grid_0002__rep_03__frozen_head,276187349,194761695,molecule_vpu,MultiLabelBCELoss,"{""contrastive"": {""peak_permutation"": {""params"": {""annotation_bin_radius"": 0, ""negative_weighting_method"": ""multilabel_jaccard"", ""overlapping_label_negative_weight"": 0.1, ""peak_catalog_limit"": 4096, ""peak_sample_size"": 10000, ""peak_selection_method"": ""permutation_label_invariant"", ""permutation_bank_size"": 7000, ""permutation_selection_attempts"": 64, ""permuted_peaks_per_view"": 3, ""preserve_input_normalization"": true, ""temperature"": 0.07}, ""target"": ""InfoNCELoss"", ""weight"": 0.001}}, ""heads"": {""molecule_vpu"": {""vpu"": {""params"": {""alpha"": 1.0, ""beta"": 1.0, ""consistency_weight"": 0.0, ""negative_weight"": 0.0, ""simulated_negative_weight"": 0.0}, ""target"": ""VariationalPULoss"", ""weight"": 0.2}}}, ""reconstruction"": {""masserstein"": {""target"": ""MassersteinLoss"", ""weight"": 1.0}}, ""regularization"": {""contractive"": {""params"": {""calculation_method"": ""exact_autograd_jacobian"", ""hinge_alpha"": 2.0, ""hinge_threshold"": 7.0, ""input_geometry"": ""fisher_rao"", ""latent_source"": ""auto"", ""penalized_space"": ""u"", ""penalty_metric"": ""spectral_plus_hinged""}, ""target"": ""ContractiveLoss"", ""weight"": 0.002}}}",{},True,True,frozen_head (axis-200-900),P1_permutation__frozen_head__axis_200_900,"P1 permutations, fine-tuned, frozen head, 200-900 m/z",6,#9467BD,dashed,s,"{""axis"": ""axis-200-900"", ""components"": ""permutation"", ""role"": ""frozen_head"", ""variant"": ""P1_permutation""}"
metaspace-pretrain-repaired-20260923-01__grid_0002__rep_04__frozen_head,metaspace-pretrain-repaired-20260923-01,task_000033,grid_0002,4,axis-200-900,frozen_head,frozen_head,P1_permutation,grid_0002__rep_04,"P1 permutations, fine-tuned, frozen head, 200-900 m/z",axis-200-900/frozen_head,/home/max/repositories/MSIAutoEncoderWrapper/data/kidney_workspace/models/kidney/metaspace-pretrain-repaired-20260923-01__grid_0002__rep_04__frozen_head,1915557887,1927548799,molecule_vpu,MultiLabelBCELoss,"{""contrastive"": {""peak_permutation"": {""params"": {""annotation_bin_radius"": 0, ""negative_weighting_method"": ""multilabel_jaccard"", ""overlapping_label_negative_weight"": 0.1, ""peak_catalog_limit"": 4096, ""peak_sample_size"": 10000, ""peak_selection_method"": ""permutation_label_invariant"", ""permutation_bank_size"": 7000, ""permutation_selection_attempts"": 64, ""permuted_peaks_per_view"": 3, ""preserve_input_normalization"": true, ""temperature"": 0.07}, ""target"": ""InfoNCELoss"", ""weight"": 0.001}}, ""heads"": {""molecule_vpu"": {""vpu"": {""params"": {""alpha"": 1.0, ""beta"": 1.0, ""consistency_weight"": 0.0, ""negative_weight"": 0.0, ""simulated_negative_weight"": 0.0}, ""target"": ""VariationalPULoss"", ""weight"": 0.2}}}, ""reconstruction"": {""masserstein"": {""target"": ""MassersteinLoss"", ""weight"": 1.0}}, ""regularization"": {""contractive"": {""params"": {""calculation_method"": ""exact_autograd_jacobian"", ""hinge_alpha"": 2.0, ""hinge_threshold"": 7.0, ""input_geometry"": ""fisher_rao"", ""latent_source"": ""auto"", ""penalized_space"": ""u"", ""penalty_metric"": ""spectral_plus_hinged""}, ""target"": ""ContractiveLoss"", ""weight"": 0.002}}}",{},True,True,frozen_head (axis-200-900),P1_permutation__frozen_head__axis_200_900,"P1 permutations, fine-tuned, frozen head, 200-900 m/z",6,#9467BD,dashed,s,"{""axis"": ""axis-200-900"", ""components"": ""permutation"", ""role"": ""frozen_head"", ""variant"": ""P1_permutation""}"
metaspace-pretrain-repaired-20260923-01__grid_0002__rep_00__unfrozen_head,metaspace-pretrain-repaired-20260923-01,task_000022,grid_0002,0,axis-200-900,unfrozen_head,unfrozen_head,P1_permutation,grid_0002__rep_00,"P1 permutations, fine-tuned, unfrozen head, 200-900 m/z",axis-200-900/unfrozen_head,/home/max/repositories/MSIAutoEncoderWrapper/data/kidney_workspace/models/kidney/metaspace-pretrain-repaired-20260923-01__grid_0002__rep_00__unfrozen_head,91154199,32238397,molecule_vpu,VariationalPULoss,"{""contrastive"": {""peak_permutation"": {""params"": {""annotation_bin_radius"": 0, ""negative_weighting_method"": ""multilabel_jaccard"", ""overlapping_label_negative_weight"": 0.1, ""peak_catalog_limit"": 4096, ""peak_sample_size"": 10000, ""peak_selection_method"": ""permutation_label_invariant"", ""permutation_bank_size"": 7000, ""permutation_selection_attempts"": 64, ""permuted_peaks_per_view"": 3, ""preserve_input_normalization"": true, ""temperature"": 0.07}, ""target"": ""InfoNCELoss"", ""weight"": 0.001}}, ""heads"": {""molecule_vpu"": {""vpu"": {""params"": {""alpha"": 1.0, ""beta"": 1.0, ""consistency_weight"": 0.0, ""negative_weight"": 0.0, ""simulated_negative_weight"": 0.0}, ""target"": ""VariationalPULoss"", ""weight"": 0.2}}}, ""reconstruction"": {""masserstein"": {""target"": ""MassersteinLoss"", ""weight"": 1.0}}, ""regularization"": {""contractive"": {""params"": {""calculation_method"": ""exact_autograd_jacobian"", ""hinge_alpha"": 2.0, ""hinge_threshold"": 7.0, ""input_geometry"": ""fisher_rao"", ""latent_source"": ""auto"", ""penalized_space"": ""u"", ""penalty_metric"": ""spectral_plus_hinged""}, ""target"": ""ContractiveLoss"", ""weight"": 0.002}}}",{},True,True,unfrozen_head (axis-200-900),P1_permutation__unfrozen_head__axis_200_900,"P1 permutations, fine-tuned, unfrozen head, 200-900 m/z",7,#9467BD,solid,o,"{""axis"": ""axis-200-900"", ""components"": ""permutation"", ""role"": ""unfrozen_head"", ""variant"": ""P1_permutation""}"
metaspace-pretrain-repaired-20260923-01__grid_0002__rep_01__unfrozen_head,metaspace-pretrain-repaired-20260923-01,task_000025,grid_0002,1,axis-200-900,unfrozen_head,unfrozen_head,P1_permutation,grid_0002__rep_01,"P1 permutations, fine-tuned, unfrozen head, 200-900 m/z",axis-200-900/unfrozen_head,/home/max/repositories/MSIAutoEncoderWrapper/data/kidney_workspace/models/kidney/metaspace-pretrain-repaired-20260923-01__grid_0002__rep_01__unfrozen_head,919377028,892754137,molecule_vpu,VariationalPULoss,"{""contrastive"": {""peak_permutation"": {""params"": {""annotation_bin_radius"": 0, ""negative_weighting_method"": ""multilabel_jaccard"", ""overlapping_label_negative_weight"": 0.1, ""peak_catalog_limit"": 4096, ""peak_sample_size"": 10000, ""peak_selection_method"": ""permutation_label_invariant"", ""permutation_bank_size"": 7000, ""permutation_selection_attempts"": 64, ""permuted_peaks_per_view"": 3, ""preserve_input_normalization"": true, ""temperature"": 0.07}, ""target"": ""InfoNCELoss"", ""weight"": 0.001}}, ""heads"": {""molecule_vpu"": {""vpu"": {""params"": {""alpha"": 1.0, ""beta"": 1.0, ""consistency_weight"": 0.0, ""negative_weight"": 0.0, ""simulated_negative_weight"": 0.0}, ""target"": ""VariationalPULoss"", ""weight"": 0.2}}}, ""reconstruction"": {""masserstein"": {""target"": ""MassersteinLoss"", ""weight"": 1.0}}, ""regularization"": {""contractive"": {""params"": {""calculation_method"": ""exact_autograd_jacobian"", ""hinge_alpha"": 2.0, ""hinge_threshold"": 7.0, ""input_geometry"": ""fisher_rao"", ""latent_source"": ""auto"", ""penalized_space"": ""u"", ""penalty_metric"": ""spectral_plus_hinged""}, ""target"": ""ContractiveLoss"", ""weight"": 0.002}}}",{},True,True,unfrozen_head (axis-200-900),P1_permutation__unfrozen_head__axis_200_900,"P1 permutations, fine-tuned, unfrozen head, 200-900 m/z",7,#9467BD,solid,o,"{""axis"": ""axis-200-900"", ""components"": ""permutation"", ""role"": ""unfrozen_head"", ""variant"": ""P1_permutation""}"
metaspace-pretrain-repaired-20260923-01__grid_0002__rep_02__unfrozen_head,metaspace-pretrain-repaired-20260923-01,task_000028,grid_0002,2,axis-200-900,unfrozen_head,unfrozen_head,P1_permutation,grid_0002__rep_02,"P1 permutations, fine-tuned, unfrozen head, 200-900 m/z",axis-200-900/unfrozen_head,/home/max/repositories/MSIAutoEncoderWrapper/data/kidney_workspace/models/kidney/metaspace-pretrain-repaired-20260923-01__grid_0002__rep_02__unfrozen_head,2136253289,442265914,molecule_vpu,VariationalPULoss,"{""contrastive"": {""peak_permutation"": {""params"": {""annotation_bin_radius"": 0, ""negative_weighting_method"": ""multilabel_jaccard"", ""overlapping_label_negative_weight"": 0.1, ""peak_catalog_limit"": 4096, ""peak_sample_size"": 10000, ""peak_selection_method"": ""permutation_label_invariant"", ""permutation_bank_size"": 7000, ""permutation_selection_attempts"": 64, ""permuted_peaks_per_view"": 3, ""preserve_input_normalization"": true, ""temperature"": 0.07}, ""target"": ""InfoNCELoss"", ""weight"": 0.001}}, ""heads"": {""molecule_vpu"": {""vpu"": {""params"": {""alpha"": 1.0, ""beta"": 1.0, ""consistency_weight"": 0.0, ""negative_weight"": 0.0, ""simulated_negative_weight"": 0.0}, ""target"": ""VariationalPULoss"", ""weight"": 0.2}}}, ""reconstruction"": {""masserstein"": {""target"": ""MassersteinLoss"", ""weight"": 1.0}}, ""regularization"": {""contractive"": {""params"": {""calculation_method"": ""exact_autograd_jacobian"", ""hinge_alpha"": 2.0, ""hinge_threshold"": 7.0, ""input_geometry"": ""fisher_rao"", ""latent_source"": ""auto"", ""penalized_space"": ""u"", ""penalty_metric"": ""spectral_plus_hinged""}, ""target"": ""ContractiveLoss"", ""weight"": 0.002}}}",{},True,True,unfrozen_head (axis-200-900),P1_permutation__unfrozen_head__axis_200_900,"P1 permutations, fine-tuned, unfrozen head, 200-900 m/z",7,#9467BD,solid,o,"{""axis"": ""axis-200-900"", ""components"": ""permutation"", ""role"": ""unfrozen_head"", ""variant"": ""P1_permutation""}"
metaspace-pretrain-repaired-20260923-01__grid_0002__rep_03__unfrozen_head,metaspace-pretrain-repaired-20260923-01,task_000031,grid_0002,3,axis-200-900,unfrozen_head,unfrozen_head,P1_permutation,grid_0002__rep_03,"P1 permutations, fine-tuned, unfrozen head, 200-900 m/z",axis-200-900/unfrozen_head,/home/max/repositories/MSIAutoEncoderWrapper/data/kidney_workspace/models/kidney/metaspace-pretrain-repaired-20260923-01__grid_0002__rep_03__unfrozen_head,276187349,194761695,molecule_vpu,VariationalPULoss,"{""contrastive"": {""peak_permutation"": {""params"": {""annotation_bin_radius"": 0, ""negative_weighting_method"": ""multilabel_jaccard"", ""overlapping_label_negative_weight"": 0.1, ""peak_catalog_limit"": 4096, ""peak_sample_size"": 10000, ""peak_selection_method"": ""permutation_label_invariant"", ""permutation_bank_size"": 7000, ""permutation_selection_attempts"": 64, ""permuted_peaks_per_view"": 3, ""preserve_input_normalization"": true, ""temperature"": 0.07}, ""target"": ""InfoNCELoss"", ""weight"": 0.001}}, ""heads"": {""molecule_vpu"": {""vpu"": {""params"": {""alpha"": 1.0, ""beta"": 1.0, ""consistency_weight"": 0.0, ""negative_weight"": 0.0, ""simulated_negative_weight"": 0.0}, ""target"": ""VariationalPULoss"", ""weight"": 0.2}}}, ""reconstruction"": {""masserstein"": {""target"": ""MassersteinLoss"", ""weight"": 1.0}}, ""regularization"": {""contractive"": {""params"": {""calculation_method"": ""exact_autograd_jacobian"", ""hinge_alpha"": 2.0, ""hinge_threshold"": 7.0, ""input_geometry"": ""fisher_rao"", ""latent_source"": ""auto"", ""penalized_space"": ""u"", ""penalty_metric"": ""spectral_plus_hinged""}, ""target"": ""ContractiveLoss"", ""weight"": 0.002}}}",{},True,True,unfrozen_head (axis-200-900),P1_permutation__unfrozen_head__axis_200_900,"P1 permutations, fine-tuned, unfrozen head, 200-900 m/z",7,#9467BD,solid,o,"{""axis"": ""axis-200-900"", ""components"": ""permutation"", ""role"": ""unfrozen_head"", ""variant"": ""P1_permutation""}"
metaspace-pretrain-repaired-20260923-01__grid_0002__rep_04__unfrozen_head,metaspace-pretrain-repaired-20260923-01,task_000034,grid_0002,4,axis-200-900,unfrozen_head,unfrozen_head,P1_permutation,grid_0002__rep_04,"P1 permutations, fine-tuned, unfrozen head, 200-900 m/z",axis-200-900/unfrozen_head,/home/max/repositories/MSIAutoEncoderWrapper/data/kidney_workspace/models/kidney/metaspace-pretrain-repaired-20260923-01__grid_0002__rep_04__unfrozen_head,1915557887,1927548799,molecule_vpu,VariationalPULoss,"{""contrastive"": {""peak_permutation"": {""params"": {""annotation_bin_radius"": 0, ""negative_weighting_method"": ""multilabel_jaccard"", ""overlapping_label_negative_weight"": 0.1, ""peak_catalog_limit"": 4096, ""peak_sample_size"": 10000, ""peak_selection_method"": ""permutation_label_invariant"", ""permutation_bank_size"": 7000, ""permutation_selection_attempts"": 64, ""permuted_peaks_per_view"": 3, ""preserve_input_normalization"": true, ""temperature"": 0.07}, ""target"": ""InfoNCELoss"", ""weight"": 0.001}}, ""heads"": {""molecule_vpu"": {""vpu"": {""params"": {""alpha"": 1.0, ""beta"": 1.0, ""consistency_weight"": 0.0, ""negative_weight"": 0.0, ""simulated_negative_weight"": 0.0}, ""target"": ""VariationalPULoss"", ""weight"": 0.2}}}, ""reconstruction"": {""masserstein"": {""target"": ""MassersteinLoss"", ""weight"": 1.0}}, ""regularization"": {""contractive"": {""params"": {""calculation_method"": ""exact_autograd_jacobian"", ""hinge_alpha"": 2.0, ""hinge_threshold"": 7.0, ""input_geometry"": ""fisher_rao"", ""latent_source"": ""auto"", ""penalized_space"": ""u"", ""penalty_metric"": ""spectral_plus_hinged""}, ""target"": ""ContractiveLoss"", ""weight"": 0.002}}}",{},True,True,unfrozen_head (axis-200-900),P1_permutation__unfrozen_head__axis_200_900,"P1 permutations, fine-tuned, unfrozen head, 200-900 m/z",7,#9467BD,solid,o,"{""axis"": ""axis-200-900"", ""components"": ""permutation"", ""role"": ""unfrozen_head"", ""variant"": ""P1_permutation""}"
metaspace-pretrain-repaired-20260923-01__grid_0003__rep_00__pretrained,metaspace-pretrain-repaired-20260923-01,task_000035,grid_0003,0,axis-200-900,pretrained,pretrained,P2_joint_base,grid_0003__rep_00,"P2 joint, pretrained, 200-900 m/z",axis-200-900/pretrained,/home/max/repositories/MSIAutoEncoderWrapper/data/kidney_workspace/models/kidney/metaspace-pretrain-repaired-20260923-01__grid_0003__rep_00__pretrained,91154199,32238397,molecule_vpu,MultiLabelBCELoss,"{""contrastive"": {""peak_permutation"": {""params"": {""annotation_bin_radius"": 0, ""negative_weighting_method"": ""multilabel_jaccard"", ""overlapping_label_negative_weight"": 0.1, ""peak_catalog_limit"": 4096, ""peak_sample_size"": 10000, ""peak_selection_method"": ""permutation_label_invariant"", ""permutation_bank_size"": 7000, ""permutation_selection_attempts"": 64, ""permuted_peaks_per_view"": 3, ""preserve_input_normalization"": true, ""temperature"": 0.07}, ""target"": ""InfoNCELoss"", ""weight"": 0.001}}, ""heads"": {""molecule_vpu"": {""vpu"": {""params"": {""alpha"": 1.0, ""beta"": 1.0, ""consistency_weight"": 0.0, ""negative_weight"": 0.0, ""simulated_negative_weight"": 0.0}, ""target"": ""VariationalPULoss"", ""weight"": 0.2}}}, ""reconstruction"": {""masserstein"": {""target"": ""MassersteinLoss"", ""weight"": 1.0}}, ""regularization"": {""contractive"": {""params"": {""calculation_method"": ""exact_autograd_jacobian"", ""hinge_alpha"": 2.0, ""hinge_threshold"": 7.0, ""input_geometry"": ""fisher_rao"", ""latent_source"": ""auto"", ""penalized_space"": ""u"", ""penalty_metric"": ""spectral_plus_hinged""}, ""target"": ""ContractiveLoss"", ""weight"": 0.002}}}",{},True,True,pretrained (axis-200-900),P2_joint_base__pretrained__axis_200_900,"P2 joint, pretrained, 200-900 m/z",8,#17BECF,dotted,^,"{""axis"": ""axis-200-900"", ""components"": ""combined"", ""overlap"": 0, ""rare"": 0, ""role"": ""pretrained"", ""schedule"": ""joint"", ""variant"": ""P2_joint_base""}"
metaspace-pretrain-repaired-20260923-01__grid_0003__rep_01__pretrained,metaspace-pretrain-repaired-20260923-01,task_000038,grid_0003,1,axis-200-900,pretrained,pretrained,P2_joint_base,grid_0003__rep_01,"P2 joint, pretrained, 200-900 m/z",axis-200-900/pretrained,/home/max/repositories/MSIAutoEncoderWrapper/data/kidney_workspace/models/kidney/metaspace-pretrain-repaired-20260923-01__grid_0003__rep_01__pretrained,919377028,892754137,molecule_vpu,MultiLabelBCELoss,"{""contrastive"": {""peak_permutation"": {""params"": {""annotation_bin_radius"": 0, ""negative_weighting_method"": ""multilabel_jaccard"", ""overlapping_label_negative_weight"": 0.1, ""peak_catalog_limit"": 4096, ""peak_sample_size"": 10000, ""peak_selection_method"": ""permutation_label_invariant"", ""permutation_bank_size"": 7000, ""permutation_selection_attempts"": 64, ""permuted_peaks_per_view"": 3, ""preserve_input_normalization"": true, ""temperature"": 0.07}, ""target"": ""InfoNCELoss"", ""weight"": 0.001}}, ""heads"": {""molecule_vpu"": {""vpu"": {""params"": {""alpha"": 1.0, ""beta"": 1.0, ""consistency_weight"": 0.0, ""negative_weight"": 0.0, ""simulated_negative_weight"": 0.0}, ""target"": ""VariationalPULoss"", ""weight"": 0.2}}}, ""reconstruction"": {""masserstein"": {""target"": ""MassersteinLoss"", ""weight"": 1.0}}, ""regularization"": {""contractive"": {""params"": {""calculation_method"": ""exact_autograd_jacobian"", ""hinge_alpha"": 2.0, ""hinge_threshold"": 7.0, ""input_geometry"": ""fisher_rao"", ""latent_source"": ""auto"", ""penalized_space"": ""u"", ""penalty_metric"": ""spectral_plus_hinged""}, ""target"": ""ContractiveLoss"", ""weight"": 0.002}}}",{},True,True,pretrained (axis-200-900),P2_joint_base__pretrained__axis_200_900,"P2 joint, pretrained, 200-900 m/z",8,#17BECF,dotted,^,"{""axis"": ""axis-200-900"", ""components"": ""combined"", ""overlap"": 0, ""rare"": 0, ""role"": ""pretrained"", ""schedule"": ""joint"", ""variant"": ""P2_joint_base""}"
metaspace-pretrain-repaired-20260923-01__grid_0003__rep_02__pretrained,metaspace-pretrain-repaired-20260923-01,task_000041,grid_0003,2,axis-200-900,pretrained,pretrained,P2_joint_base,grid_0003__rep_02,"P2 joint, pretrained, 200-900 m/z",axis-200-900/pretrained,/home/max/repositories/MSIAutoEncoderWrapper/data/kidney_workspace/models/kidney/metaspace-pretrain-repaired-20260923-01__grid_0003__rep_02__pretrained,2136253289,442265914,molecule_vpu,MultiLabelBCELoss,"{""contrastive"": {""peak_permutation"": {""params"": {""annotation_bin_radius"": 0, ""negative_weighting_method"": ""multilabel_jaccard"", ""overlapping_label_negative_weight"": 0.1, ""peak_catalog_limit"": 4096, ""peak_sample_size"": 10000, ""peak_selection_method"": ""permutation_label_invariant"", ""permutation_bank_size"": 7000, ""permutation_selection_attempts"": 64, ""permuted_peaks_per_view"": 3, ""preserve_input_normalization"": true, ""temperature"": 0.07}, ""target"": ""InfoNCELoss"", ""weight"": 0.001}}, ""heads"": {""molecule_vpu"": {""vpu"": {""params"": {""alpha"": 1.0, ""beta"": 1.0, ""consistency_weight"": 0.0, ""negative_weight"": 0.0, ""simulated_negative_weight"": 0.0}, ""target"": ""VariationalPULoss"", ""weight"": 0.2}}}, ""reconstruction"": {""masserstein"": {""target"": ""MassersteinLoss"", ""weight"": 1.0}}, ""regularization"": {""contractive"": {""params"": {""calculation_method"": ""exact_autograd_jacobian"", ""hinge_alpha"": 2.0, ""hinge_threshold"": 7.0, ""input_geometry"": ""fisher_rao"", ""latent_source"": ""auto"", ""penalized_space"": ""u"", ""penalty_metric"": ""spectral_plus_hinged""}, ""target"": ""ContractiveLoss"", ""weight"": 0.002}}}",{},True,True,pretrained (axis-200-900),P2_joint_base__pretrained__axis_200_900,"P2 joint, pretrained, 200-900 m/z",8,#17BECF,dotted,^,"{""axis"": ""axis-200-900"", ""components"": ""combined"", ""overlap"": 0, ""rare"": 0, ""role"": ""pretrained"", ""schedule"": ""joint"", ""variant"": ""P2_joint_base""}"
metaspace-pretrain-repaired-20260923-01__grid_0003__rep_03__pretrained,metaspace-pretrain-repaired-20260923-01,task_000044,grid_0003,3,axis-200-900,pretrained,pretrained,P2_joint_base,grid_0003__rep_03,"P2 joint, pretrained, 200-900 m/z",axis-200-900/pretrained,/home/max/repositories/MSIAutoEncoderWrapper/data/kidney_workspace/models/kidney/metaspace-pretrain-repaired-20260923-01__grid_0003__rep_03__pretrained,276187349,194761695,molecule_vpu,MultiLabelBCELoss,"{""contrastive"": {""peak_permutation"": {""params"": {""annotation_bin_radius"": 0, ""negative_weighting_method"": ""multilabel_jaccard"", ""overlapping_label_negative_weight"": 0.1, ""peak_catalog_limit"": 4096, ""peak_sample_size"": 10000, ""peak_selection_method"": ""permutation_label_invariant"", ""permutation_bank_size"": 7000, ""permutation_selection_attempts"": 64, ""permuted_peaks_per_view"": 3, ""preserve_input_normalization"": true, ""temperature"": 0.07}, ""target"": ""InfoNCELoss"", ""weight"": 0.001}}, ""heads"": {""molecule_vpu"": {""vpu"": {""params"": {""alpha"": 1.0, ""beta"": 1.0, ""consistency_weight"": 0.0, ""negative_weight"": 0.0, ""simulated_negative_weight"": 0.0}, ""target"": ""VariationalPULoss"", ""weight"": 0.2}}}, ""reconstruction"": {""masserstein"": {""target"": ""MassersteinLoss"", ""weight"": 1.0}}, ""regularization"": {""contractive"": {""params"": {""calculation_method"": ""exact_autograd_jacobian"", ""hinge_alpha"": 2.0, ""hinge_threshold"": 7.0, ""input_geometry"": ""fisher_rao"", ""latent_source"": ""auto"", ""penalized_space"": ""u"", ""penalty_metric"": ""spectral_plus_hinged""}, ""target"": ""ContractiveLoss"", ""weight"": 0.002}}}",{},True,True,pretrained (axis-200-900),P2_joint_base__pretrained__axis_200_900,"P2 joint, pretrained, 200-900 m/z",8,#17BECF,dotted,^,"{""axis"": ""axis-200-900"", ""components"": ""combined"", ""overlap"": 0, ""rare"": 0, ""role"": ""pretrained"", ""schedule"": ""joint"", ""variant"": ""P2_joint_base""}"
metaspace-pretrain-repaired-20260923-01__grid_0003__rep_04__pretrained,metaspace-pretrain-repaired-20260923-01,task_000047,grid_0003,4,axis-200-900,pretrained,pretrained,P2_joint_base,grid_0003__rep_04,"P2 joint, pretrained, 200-900 m/z",axis-200-900/pretrained,/home/max/repositories/MSIAutoEncoderWrapper/data/kidney_workspace/models/kidney/metaspace-pretrain-repaired-20260923-01__grid_0003__rep_04__pretrained,1915557887,1927548799,molecule_vpu,MultiLabelBCELoss,"{""contrastive"": {""peak_permutation"": {""params"": {""annotation_bin_radius"": 0, ""negative_weighting_method"": ""multilabel_jaccard"", ""overlapping_label_negative_weight"": 0.1, ""peak_catalog_limit"": 4096, ""peak_sample_size"": 10000, ""peak_selection_method"": ""permutation_label_invariant"", ""permutation_bank_size"": 7000, ""permutation_selection_attempts"": 64, ""permuted_peaks_per_view"": 3, ""preserve_input_normalization"": true, ""temperature"": 0.07}, ""target"": ""InfoNCELoss"", ""weight"": 0.001}}, ""heads"": {""molecule_vpu"": {""vpu"": {""params"": {""alpha"": 1.0, ""beta"": 1.0, ""consistency_weight"": 0.0, ""negative_weight"": 0.0, ""simulated_negative_weight"": 0.0}, ""target"": ""VariationalPULoss"", ""weight"": 0.2}}}, ""reconstruction"": {""masserstein"": {""target"": ""MassersteinLoss"", ""weight"": 1.0}}, ""regularization"": {""contractive"": {""params"": {""calculation_method"": ""exact_autograd_jacobian"", ""hinge_alpha"": 2.0, ""hinge_threshold"": 7.0, ""input_geometry"": ""fisher_rao"", ""latent_source"": ""auto"", ""penalized_space"": ""u"", ""penalty_metric"": ""spectral_plus_hinged""}, ""target"": ""ContractiveLoss"", ""weight"": 0.002}}}",{},True,True,pretrained (axis-200-900),P2_joint_base__pretrained__axis_200_900,"P2 joint, pretrained, 200-900 m/z",8,#17BECF,dotted,^,"{""axis"": ""axis-200-900"", ""components"": ""combined"", ""overlap"": 0, ""rare"": 0, ""role"": ""pretrained"", ""schedule"": ""joint"", ""variant"": ""P2_joint_base""}"
metaspace-pretrain-repaired-20260923-01__grid_0003__rep_00__frozen_head,metaspace-pretrain-repaired-20260923-01,task_000036,grid_0003,0,axis-200-900,frozen_head,frozen_head,P2_joint_base,grid_0003__rep_00,"P2 joint, fine-tuned, frozen head, 200-900 m/z",axis-200-900/frozen_head,/home/max/repositories/MSIAutoEncoderWrapper/data/kidney_workspace/models/kidney/metaspace-pretrain-repaired-20260923-01__grid_0003__rep_00__frozen_head,91154199,32238397,molecule_vpu,MultiLabelBCELoss,"{""contrastive"": {""peak_permutation"": {""params"": {""annotation_bin_radius"": 0, ""negative_weighting_method"": ""multilabel_jaccard"", ""overlapping_label_negative_weight"": 0.1, ""peak_catalog_limit"": 4096, ""peak_sample_size"": 10000, ""peak_selection_method"": ""permutation_label_invariant"", ""permutation_bank_size"": 7000, ""permutation_selection_attempts"": 64, ""permuted_peaks_per_view"": 3, ""preserve_input_normalization"": true, ""temperature"": 0.07}, ""target"": ""InfoNCELoss"", ""weight"": 0.001}}, ""heads"": {""molecule_vpu"": {""vpu"": {""params"": {""alpha"": 1.0, ""beta"": 1.0, ""consistency_weight"": 0.0, ""negative_weight"": 0.0, ""simulated_negative_weight"": 0.0}, ""target"": ""VariationalPULoss"", ""weight"": 0.2}}}, ""reconstruction"": {""masserstein"": {""target"": ""MassersteinLoss"", ""weight"": 1.0}}, ""regularization"": {""contractive"": {""params"": {""calculation_method"": ""exact_autograd_jacobian"", ""hinge_alpha"": 2.0, ""hinge_threshold"": 7.0, ""input_geometry"": ""fisher_rao"", ""latent_source"": ""auto"", ""penalized_space"": ""u"", ""penalty_metric"": ""spectral_plus_hinged""}, ""target"": ""ContractiveLoss"", ""weight"": 0.002}}}",{},True,True,frozen_head (axis-200-900),P2_joint_base__frozen_head__axis_200_900,"P2 joint, fine-tuned, frozen head, 200-900 m/z",9,#17BECF,dashed,s,"{""axis"": ""axis-200-900"", ""components"": ""combined"", ""overlap"": 0, ""rare"": 0, ""role"": ""frozen_head"", ""schedule"": ""joint"", ""variant"": ""P2_joint_base""}"
metaspace-pretrain-repaired-20260923-01__grid_0003__rep_01__frozen_head,metaspace-pretrain-repaired-20260923-01,task_000039,grid_0003,1,axis-200-900,frozen_head,frozen_head,P2_joint_base,grid_0003__rep_01,"P2 joint, fine-tuned, frozen head, 200-900 m/z",axis-200-900/frozen_head,/home/max/repositories/MSIAutoEncoderWrapper/data/kidney_workspace/models/kidney/metaspace-pretrain-repaired-20260923-01__grid_0003__rep_01__frozen_head,919377028,892754137,molecule_vpu,MultiLabelBCELoss,"{""contrastive"": {""peak_permutation"": {""params"": {""annotation_bin_radius"": 0, ""negative_weighting_method"": ""multilabel_jaccard"", ""overlapping_label_negative_weight"": 0.1, ""peak_catalog_limit"": 4096, ""peak_sample_size"": 10000, ""peak_selection_method"": ""permutation_label_invariant"", ""permutation_bank_size"": 7000, ""permutation_selection_attempts"": 64, ""permuted_peaks_per_view"": 3, ""preserve_input_normalization"": true, ""temperature"": 0.07}, ""target"": ""InfoNCELoss"", ""weight"": 0.001}}, ""heads"": {""molecule_vpu"": {""vpu"": {""params"": {""alpha"": 1.0, ""beta"": 1.0, ""consistency_weight"": 0.0, ""negative_weight"": 0.0, ""simulated_negative_weight"": 0.0}, ""target"": ""VariationalPULoss"", ""weight"": 0.2}}}, ""reconstruction"": {""masserstein"": {""target"": ""MassersteinLoss"", ""weight"": 1.0}}, ""regularization"": {""contractive"": {""params"": {""calculation_method"": ""exact_autograd_jacobian"", ""hinge_alpha"": 2.0, ""hinge_threshold"": 7.0, ""input_geometry"": ""fisher_rao"", ""latent_source"": ""auto"", ""penalized_space"": ""u"", ""penalty_metric"": ""spectral_plus_hinged""}, ""target"": ""ContractiveLoss"", ""weight"": 0.002}}}",{},True,True,frozen_head (axis-200-900),P2_joint_base__frozen_head__axis_200_900,"P2 joint, fine-tuned, frozen head, 200-900 m/z",9,#17BECF,dashed,s,"{""axis"": ""axis-200-900"", ""components"": ""combined"", ""overlap"": 0, ""rare"": 0, ""role"": ""frozen_head"", ""schedule"": ""joint"", ""variant"": ""P2_joint_base""}"
metaspace-pretrain-repaired-20260923-01__grid_0003__rep_02__frozen_head,metaspace-pretrain-repaired-20260923-01,task_000042,grid_0003,2,axis-200-900,frozen_head,frozen_head,P2_joint_base,grid_0003__rep_02,"P2 joint, fine-tuned, frozen head, 200-900 m/z",axis-200-900/frozen_head,/home/max/repositories/MSIAutoEncoderWrapper/data/kidney_workspace/models/kidney/metaspace-pretrain-repaired-20260923-01__grid_0003__rep_02__frozen_head,2136253289,442265914,molecule_vpu,MultiLabelBCELoss,"{""contrastive"": {""peak_permutation"": {""params"": {""annotation_bin_radius"": 0, ""negative_weighting_method"": ""multilabel_jaccard"", ""overlapping_label_negative_weight"": 0.1, ""peak_catalog_limit"": 4096, ""peak_sample_size"": 10000, ""peak_selection_method"": ""permutation_label_invariant"", ""permutation_bank_size"": 7000, ""permutation_selection_attempts"": 64, ""permuted_peaks_per_view"": 3, ""preserve_input_normalization"": true, ""temperature"": 0.07}, ""target"": ""InfoNCELoss"", ""weight"": 0.001}}, ""heads"": {""molecule_vpu"": {""vpu"": {""params"": {""alpha"": 1.0, ""beta"": 1.0, ""consistency_weight"": 0.0, ""negative_weight"": 0.0, ""simulated_negative_weight"": 0.0}, ""target"": ""VariationalPULoss"", ""weight"": 0.2}}}, ""reconstruction"": {""masserstein"": {""target"": ""MassersteinLoss"", ""weight"": 1.0}}, ""regularization"": {""contractive"": {""params"": {""calculation_method"": ""exact_autograd_jacobian"", ""hinge_alpha"": 2.0, ""hinge_threshold"": 7.0, ""input_geometry"": ""fisher_rao"", ""latent_source"": ""auto"", ""penalized_space"": ""u"", ""penalty_metric"": ""spectral_plus_hinged""}, ""target"": ""ContractiveLoss"", ""weight"": 0.002}}}",{},True,True,frozen_head (axis-200-900),P2_joint_base__frozen_head__axis_200_900,"P2 joint, fine-tuned, frozen head, 200-900 m/z",9,#17BECF,dashed,s,"{""axis"": ""axis-200-900"", ""components"": ""combined"", ""overlap"": 0, ""rare"": 0, ""role"": ""frozen_head"", ""schedule"": ""joint"", ""variant"": ""P2_joint_base""}"
metaspace-pretrain-repaired-20260923-01__grid_0003__rep_03__frozen_head,metaspace-pretrain-repaired-20260923-01,task_000045,grid_0003,3,axis-200-900,frozen_head,frozen_head,P2_joint_base,grid_0003__rep_03,"P2 joint, fine-tuned, frozen head, 200-900 m/z",axis-200-900/frozen_head,/home/max/repositories/MSIAutoEncoderWrapper/data/kidney_workspace/models/kidney/metaspace-pretrain-repaired-20260923-01__grid_0003__rep_03__frozen_head,276187349,194761695,molecule_vpu,MultiLabelBCELoss,"{""contrastive"": {""peak_permutation"": {""params"": {""annotation_bin_radius"": 0, ""negative_weighting_method"": ""multilabel_jaccard"", ""overlapping_label_negative_weight"": 0.1, ""peak_catalog_limit"": 4096, ""peak_sample_size"": 10000, ""peak_selection_method"": ""permutation_label_invariant"", ""permutation_bank_size"": 7000, ""permutation_selection_attempts"": 64, ""permuted_peaks_per_view"": 3, ""preserve_input_normalization"": true, ""temperature"": 0.07}, ""target"": ""InfoNCELoss"", ""weight"": 0.001}}, ""heads"": {""molecule_vpu"": {""vpu"": {""params"": {""alpha"": 1.0, ""beta"": 1.0, ""consistency_weight"": 0.0, ""negative_weight"": 0.0, ""simulated_negative_weight"": 0.0}, ""target"": ""VariationalPULoss"", ""weight"": 0.2}}}, ""reconstruction"": {""masserstein"": {""target"": ""MassersteinLoss"", ""weight"": 1.0}}, ""regularization"": {""contractive"": {""params"": {""calculation_method"": ""exact_autograd_jacobian"", ""hinge_alpha"": 2.0, ""hinge_threshold"": 7.0, ""input_geometry"": ""fisher_rao"", ""latent_source"": ""auto"", ""penalized_space"": ""u"", ""penalty_metric"": ""spectral_plus_hinged""}, ""target"": ""ContractiveLoss"", ""weight"": 0.002}}}",{},True,True,frozen_head (axis-200-900),P2_joint_base__frozen_head__axis_200_900,"P2 joint, fine-tuned, frozen head, 200-900 m/z",9,#17BECF,dashed,s,"{""axis"": ""axis-200-900"", ""components"": ""combined"", ""overlap"": 0, ""rare"": 0, ""role"": ""frozen_head"", ""schedule"": ""joint"", ""variant"": ""P2_joint_base""}"
metaspace-pretrain-repaired-20260923-01__grid_0003__rep_04__frozen_head,metaspace-pretrain-repaired-20260923-01,task_000048,grid_0003,4,axis-200-900,frozen_head,frozen_head,P2_joint_base,grid_0003__rep_04,"P2 joint, fine-tuned, frozen head, 200-900 m/z",axis-200-900/frozen_head,/home/max/repositories/MSIAutoEncoderWrapper/data/kidney_workspace/models/kidney/metaspace-pretrain-repaired-20260923-01__grid_0003__rep_04__frozen_head,1915557887,1927548799,molecule_vpu,MultiLabelBCELoss,"{""contrastive"": {""peak_permutation"": {""params"": {""annotation_bin_radius"": 0, ""negative_weighting_method"": ""multilabel_jaccard"", ""overlapping_label_negative_weight"": 0.1, ""peak_catalog_limit"": 4096, ""peak_sample_size"": 10000, ""peak_selection_method"": ""permutation_label_invariant"", ""permutation_bank_size"": 7000, ""permutation_selection_attempts"": 64, ""permuted_peaks_per_view"": 3, ""preserve_input_normalization"": true, ""temperature"": 0.07}, ""target"": ""InfoNCELoss"", ""weight"": 0.001}}, ""heads"": {""molecule_vpu"": {""vpu"": {""params"": {""alpha"": 1.0, ""beta"": 1.0, ""consistency_weight"": 0.0, ""negative_weight"": 0.0, ""simulated_negative_weight"": 0.0}, ""target"": ""VariationalPULoss"", ""weight"": 0.2}}}, ""reconstruction"": {""masserstein"": {""target"": ""MassersteinLoss"", ""weight"": 1.0}}, ""regularization"": {""contractive"": {""params"": {""calculation_method"": ""exact_autograd_jacobian"", ""hinge_alpha"": 2.0, ""hinge_threshold"": 7.0, ""input_geometry"": ""fisher_rao"", ""latent_source"": ""auto"", ""penalized_space"": ""u"", ""penalty_metric"": ""spectral_plus_hinged""}, ""target"": ""ContractiveLoss"", ""weight"": 0.002}}}",{},True,True,frozen_head (axis-200-900),P2_joint_base__frozen_head__axis_200_900,"P2 joint, fine-tuned, frozen head, 200-900 m/z",9,#17BECF,dashed,s,"{""axis"": ""axis-200-900"", ""components"": ""combined"", ""overlap"": 0, ""rare"": 0, ""role"": ""frozen_head"", ""schedule"": ""joint"", ""variant"": ""P2_joint_base""}"
metaspace-pretrain-repaired-20260923-01__grid_0003__rep_00__unfrozen_head,metaspace-pretrain-repaired-20260923-01,task_000037,grid_0003,0,axis-200-900,unfrozen_head,unfrozen_head,P2_joint_base,grid_0003__rep_00,"P2 joint, fine-tuned, unfrozen head, 200-900 m/z",axis-200-900/unfrozen_head,/home/max/repositories/MSIAutoEncoderWrapper/data/kidney_workspace/models/kidney/metaspace-pretrain-repaired-20260923-01__grid_0003__rep_00__unfrozen_head,91154199,32238397,molecule_vpu,VariationalPULoss,"{""contrastive"": {""peak_permutation"": {""params"": {""annotation_bin_radius"": 0, ""negative_weighting_method"": ""multilabel_jaccard"", ""overlapping_label_negative_weight"": 0.1, ""peak_catalog_limit"": 4096, ""peak_sample_size"": 10000, ""peak_selection_method"": ""permutation_label_invariant"", ""permutation_bank_size"": 7000, ""permutation_selection_attempts"": 64, ""permuted_peaks_per_view"": 3, ""preserve_input_normalization"": true, ""temperature"": 0.07}, ""target"": ""InfoNCELoss"", ""weight"": 0.001}}, ""heads"": {""molecule_vpu"": {""vpu"": {""params"": {""alpha"": 1.0, ""beta"": 1.0, ""consistency_weight"": 0.0, ""negative_weight"": 0.0, ""simulated_negative_weight"": 0.0}, ""target"": ""VariationalPULoss"", ""weight"": 0.2}}}, ""reconstruction"": {""masserstein"": {""target"": ""MassersteinLoss"", ""weight"": 1.0}}, ""regularization"": {""contractive"": {""params"": {""calculation_method"": ""exact_autograd_jacobian"", ""hinge_alpha"": 2.0, ""hinge_threshold"": 7.0, ""input_geometry"": ""fisher_rao"", ""latent_source"": ""auto"", ""penalized_space"": ""u"", ""penalty_metric"": ""spectral_plus_hinged""}, ""target"": ""ContractiveLoss"", ""weight"": 0.002}}}",{},True,True,unfrozen_head (axis-200-900),P2_joint_base__unfrozen_head__axis_200_900,"P2 joint, fine-tuned, unfrozen head, 200-900 m/z",10,#17BECF,solid,o,"{""axis"": ""axis-200-900"", ""components"": ""combined"", ""overlap"": 0, ""rare"": 0, ""role"": ""unfrozen_head"", ""schedule"": ""joint"", ""variant"": ""P2_joint_base""}"
metaspace-pretrain-repaired-20260923-01__grid_0003__rep_01__unfrozen_head,metaspace-pretrain-repaired-20260923-01,task_000040,grid_0003,1,axis-200-900,unfrozen_head,unfrozen_head,P2_joint_base,grid_0003__rep_01,"P2 joint, fine-tuned, unfrozen head, 200-900 m/z",axis-200-900/unfrozen_head,/home/max/repositories/MSIAutoEncoderWrapper/data/kidney_workspace/models/kidney/metaspace-pretrain-repaired-20260923-01__grid_0003__rep_01__unfrozen_head,919377028,892754137,molecule_vpu,VariationalPULoss,"{""contrastive"": {""peak_permutation"": {""params"": {""annotation_bin_radius"": 0, ""negative_weighting_method"": ""multilabel_jaccard"", ""overlapping_label_negative_weight"": 0.1, ""peak_catalog_limit"": 4096, ""peak_sample_size"": 10000, ""peak_selection_method"": ""permutation_label_invariant"", ""permutation_bank_size"": 7000, ""permutation_selection_attempts"": 64, ""permuted_peaks_per_view"": 3, ""preserve_input_normalization"": true, ""temperature"": 0.07}, ""target"": ""InfoNCELoss"", ""weight"": 0.001}}, ""heads"": {""molecule_vpu"": {""vpu"": {""params"": {""alpha"": 1.0, ""beta"": 1.0, ""consistency_weight"": 0.0, ""negative_weight"": 0.0, ""simulated_negative_weight"": 0.0}, ""target"": ""VariationalPULoss"", ""weight"": 0.2}}}, ""reconstruction"": {""masserstein"": {""target"": ""MassersteinLoss"", ""weight"": 1.0}}, ""regularization"": {""contractive"": {""params"": {""calculation_method"": ""exact_autograd_jacobian"", ""hinge_alpha"": 2.0, ""hinge_threshold"": 7.0, ""input_geometry"": ""fisher_rao"", ""latent_source"": ""auto"", ""penalized_space"": ""u"", ""penalty_metric"": ""spectral_plus_hinged""}, ""target"": ""ContractiveLoss"", ""weight"": 0.002}}}",{},True,True,unfrozen_head (axis-200-900),P2_joint_base__unfrozen_head__axis_200_900,"P2 joint, fine-tuned, unfrozen head, 200-900 m/z",10,#17BECF,solid,o,"{""axis"": ""axis-200-900"", ""components"": ""combined"", ""overlap"": 0, ""rare"": 0, ""role"": ""unfrozen_head"", ""schedule"": ""joint"", ""variant"": ""P2_joint_base""}"
metaspace-pretrain-repaired-20260923-01__grid_0003__rep_02__unfrozen_head,metaspace-pretrain-repaired-20260923-01,task_000043,grid_0003,2,axis-200-900,unfrozen_head,unfrozen_head,P2_joint_base,grid_0003__rep_02,"P2 joint, fine-tuned, unfrozen head, 200-900 m/z",axis-200-900/unfrozen_head,/home/max/repositories/MSIAutoEncoderWrapper/data/kidney_workspace/models/kidney/metaspace-pretrain-repaired-20260923-01__grid_0003__rep_02__unfrozen_head,2136253289,442265914,molecule_vpu,VariationalPULoss,"{""contrastive"": {""peak_permutation"": {""params"": {""annotation_bin_radius"": 0, ""negative_weighting_method"": ""multilabel_jaccard"", ""overlapping_label_negative_weight"": 0.1, ""peak_catalog_limit"": 4096, ""peak_sample_size"": 10000, ""peak_selection_method"": ""permutation_label_invariant"", ""permutation_bank_size"": 7000, ""permutation_selection_attempts"": 64, ""permuted_peaks_per_view"": 3, ""preserve_input_normalization"": true, ""temperature"": 0.07}, ""target"": ""InfoNCELoss"", ""weight"": 0.001}}, ""heads"": {""molecule_vpu"": {""vpu"": {""params"": {""alpha"": 1.0, ""beta"": 1.0, ""consistency_weight"": 0.0, ""negative_weight"": 0.0, ""simulated_negative_weight"": 0.0}, ""target"": ""VariationalPULoss"", ""weight"": 0.2}}}, ""reconstruction"": {""masserstein"": {""target"": ""MassersteinLoss"", ""weight"": 1.0}}, ""regularization"": {""contractive"": {""params"": {""calculation_method"": ""exact_autograd_jacobian"", ""hinge_alpha"": 2.0, ""hinge_threshold"": 7.0, ""input_geometry"": ""fisher_rao"", ""latent_source"": ""auto"", ""penalized_space"": ""u"", ""penalty_metric"": ""spectral_plus_hinged""}, ""target"": ""ContractiveLoss"", ""weight"": 0.002}}}",{},True,True,unfrozen_head (axis-200-900),P2_joint_base__unfrozen_head__axis_200_900,"P2 joint, fine-tuned, unfrozen head, 200-900 m/z",10,#17BECF,solid,o,"{""axis"": ""axis-200-900"", ""components"": ""combined"", ""overlap"": 0, ""rare"": 0, ""role"": ""unfrozen_head"", ""schedule"": ""joint"", ""variant"": ""P2_joint_base""}"
metaspace-pretrain-repaired-20260923-01__grid_0003__rep_03__unfrozen_head,metaspace-pretrain-repaired-20260923-01,task_000046,grid_0003,3,axis-200-900,unfrozen_head,unfrozen_head,P2_joint_base,grid_0003__rep_03,"P2 joint, fine-tuned, unfrozen head, 200-900 m/z",axis-200-900/unfrozen_head,/home/max/repositories/MSIAutoEncoderWrapper/data/kidney_workspace/models/kidney/metaspace-pretrain-repaired-20260923-01__grid_0003__rep_03__unfrozen_head,276187349,194761695,molecule_vpu,VariationalPULoss,"{""contrastive"": {""peak_permutation"": {""params"": {""annotation_bin_radius"": 0, ""negative_weighting_method"": ""multilabel_jaccard"", ""overlapping_label_negative_weight"": 0.1, ""peak_catalog_limit"": 4096, ""peak_sample_size"": 10000, ""peak_selection_method"": ""permutation_label_invariant"", ""permutation_bank_size"": 7000, ""permutation_selection_attempts"": 64, ""permuted_peaks_per_view"": 3, ""preserve_input_normalization"": true, ""temperature"": 0.07}, ""target"": ""InfoNCELoss"", ""weight"": 0.001}}, ""heads"": {""molecule_vpu"": {""vpu"": {""params"": {""alpha"": 1.0, ""beta"": 1.0, ""consistency_weight"": 0.0, ""negative_weight"": 0.0, ""simulated_negative_weight"": 0.0}, ""target"": ""VariationalPULoss"", ""weight"": 0.2}}}, ""reconstruction"": {""masserstein"": {""target"": ""MassersteinLoss"", ""weight"": 1.0}}, ""regularization"": {""contractive"": {""params"": {""calculation_method"": ""exact_autograd_jacobian"", ""hinge_alpha"": 2.0, ""hinge_threshold"": 7.0, ""input_geometry"": ""fisher_rao"", ""latent_source"": ""auto"", ""penalized_space"": ""u"", ""penalty_metric"": ""spectral_plus_hinged""}, ""target"": ""ContractiveLoss"", ""weight"": 0.002}}}",{},True,True,unfrozen_head (axis-200-900),P2_joint_base__unfrozen_head__axis_200_900,"P2 joint, fine-tuned, unfrozen head, 200-900 m/z",10,#17BECF,solid,o,"{""axis"": ""axis-200-900"", ""components"": ""combined"", ""overlap"": 0, ""rare"": 0, ""role"": ""unfrozen_head"", ""schedule"": ""joint"", ""variant"": ""P2_joint_base""}"
metaspace-pretrain-repaired-20260923-01__grid_0003__rep_04__unfrozen_head,metaspace-pretrain-repaired-20260923-01,task_000049,grid_0003,4,axis-200-900,unfrozen_head,unfrozen_head,P2_joint_base,grid_0003__rep_04,"P2 joint, fine-tuned, unfrozen head, 200-900 m/z",axis-200-900/unfrozen_head,/home/max/repositories/MSIAutoEncoderWrapper/data/kidney_workspace/models/kidney/metaspace-pretrain-repaired-20260923-01__grid_0003__rep_04__unfrozen_head,1915557887,1927548799,molecule_vpu,VariationalPULoss,"{""contrastive"": {""peak_permutation"": {""params"": {""annotation_bin_radius"": 0, ""negative_weighting_method"": ""multilabel_jaccard"", ""overlapping_label_negative_weight"": 0.1, ""peak_catalog_limit"": 4096, ""peak_sample_size"": 10000, ""peak_selection_method"": ""permutation_label_invariant"", ""permutation_bank_size"": 7000, ""permutation_selection_attempts"": 64, ""permuted_peaks_per_view"": 3, ""preserve_input_normalization"": true, ""temperature"": 0.07}, ""target"": ""InfoNCELoss"", ""weight"": 0.001}}, ""heads"": {""molecule_vpu"": {""vpu"": {""params"": {""alpha"": 1.0, ""beta"": 1.0, ""consistency_weight"": 0.0, ""negative_weight"": 0.0, ""simulated_negative_weight"": 0.0}, ""target"": ""VariationalPULoss"", ""weight"": 0.2}}}, ""reconstruction"": {""masserstein"": {""target"": ""MassersteinLoss"", ""weight"": 1.0}}, ""regularization"": {""contractive"": {""params"": {""calculation_method"": ""exact_autograd_jacobian"", ""hinge_alpha"": 2.0, ""hinge_threshold"": 7.0, ""input_geometry"": ""fisher_rao"", ""latent_source"": ""auto"", ""penalized_space"": ""u"", ""penalty_metric"": ""spectral_plus_hinged""}, ""target"": ""ContractiveLoss"", ""weight"": 0.002}}}",{},True,True,unfrozen_head (axis-200-900),P2_joint_base__unfrozen_head__axis_200_900,"P2 joint, fine-tuned, unfrozen head, 200-900 m/z",10,#17BECF,solid,o,"{""axis"": ""axis-200-900"", ""components"": ""combined"", ""overlap"": 0, ""rare"": 0, ""role"": ""unfrozen_head"", ""schedule"": ""joint"", ""variant"": ""P2_joint_base""}"
metaspace-pretrain-repaired-20260923-01__grid_0004__rep_00__pretrained,metaspace-pretrain-repaired-20260923-01,task_000050,grid_0004,0,axis-200-900,pretrained,pretrained,P2_staged_base,grid_0004__rep_00,"P2 staged, pretrained, 200-900 m/z",axis-200-900/pretrained,/home/max/repositories/MSIAutoEncoderWrapper/data/kidney_workspace/models/kidney/metaspace-pretrain-repaired-20260923-01__grid_0004__rep_00__pretrained,91154199,32238397,molecule_vpu,MultiLabelBCELoss,"{""contrastive"": {""peak_permutation"": {""params"": {""annotation_bin_radius"": 0, ""negative_weighting_method"": ""multilabel_jaccard"", ""overlapping_label_negative_weight"": 0.1, ""peak_catalog_limit"": 4096, ""peak_sample_size"": 10000, ""peak_selection_method"": ""permutation_label_invariant"", ""permutation_bank_size"": 7000, ""permutation_selection_attempts"": 64, ""permuted_peaks_per_view"": 3, ""preserve_input_normalization"": true, ""temperature"": 0.07}, ""target"": ""InfoNCELoss"", ""weight"": 0.001}}, ""heads"": {""molecule_vpu"": {""vpu"": {""params"": {""alpha"": 1.0, ""beta"": 1.0, ""consistency_weight"": 0.0, ""negative_weight"": 0.0, ""simulated_negative_weight"": 0.0}, ""target"": ""VariationalPULoss"", ""weight"": 0.2}}}, ""reconstruction"": {""masserstein"": {""target"": ""MassersteinLoss"", ""weight"": 1.0}}, ""regularization"": {""contractive"": {""params"": {""calculation_method"": ""exact_autograd_jacobian"", ""hinge_alpha"": 2.0, ""hinge_threshold"": 7.0, ""input_geometry"": ""fisher_rao"", ""latent_source"": ""auto"", ""penalized_space"": ""u"", ""penalty_metric"": ""spectral_plus_hinged""}, ""target"": ""ContractiveLoss"", ""weight"": 0.002}}}",{},True,True,pretrained (axis-200-900),P2_staged_base__pretrained__axis_200_900,"P2 staged, pretrained, 200-900 m/z",11,#9EDAE5,dotted,^,"{""axis"": ""axis-200-900"", ""components"": ""combined"", ""overlap"": 0, ""rare"": 0, ""role"": ""pretrained"", ""schedule"": ""staged"", ""variant"": ""P2_staged_base""}"
metaspace-pretrain-repaired-20260923-01__grid_0004__rep_01__pretrained,metaspace-pretrain-repaired-20260923-01,task_000053,grid_0004,1,axis-200-900,pretrained,pretrained,P2_staged_base,grid_0004__rep_01,"P2 staged, pretrained, 200-900 m/z",axis-200-900/pretrained,/home/max/repositories/MSIAutoEncoderWrapper/data/kidney_workspace/models/kidney/metaspace-pretrain-repaired-20260923-01__grid_0004__rep_01__pretrained,919377028,892754137,molecule_vpu,MultiLabelBCELoss,"{""contrastive"": {""peak_permutation"": {""params"": {""annotation_bin_radius"": 0, ""negative_weighting_method"": ""multilabel_jaccard"", ""overlapping_label_negative_weight"": 0.1, ""peak_catalog_limit"": 4096, ""peak_sample_size"": 10000, ""peak_selection_method"": ""permutation_label_invariant"", ""permutation_bank_size"": 7000, ""permutation_selection_attempts"": 64, ""permuted_peaks_per_view"": 3, ""preserve_input_normalization"": true, ""temperature"": 0.07}, ""target"": ""InfoNCELoss"", ""weight"": 0.001}}, ""heads"": {""molecule_vpu"": {""vpu"": {""params"": {""alpha"": 1.0, ""beta"": 1.0, ""consistency_weight"": 0.0, ""negative_weight"": 0.0, ""simulated_negative_weight"": 0.0}, ""target"": ""VariationalPULoss"", ""weight"": 0.2}}}, ""reconstruction"": {""masserstein"": {""target"": ""MassersteinLoss"", ""weight"": 1.0}}, ""regularization"": {""contractive"": {""params"": {""calculation_method"": ""exact_autograd_jacobian"", ""hinge_alpha"": 2.0, ""hinge_threshold"": 7.0, ""input_geometry"": ""fisher_rao"", ""latent_source"": ""auto"", ""penalized_space"": ""u"", ""penalty_metric"": ""spectral_plus_hinged""}, ""target"": ""ContractiveLoss"", ""weight"": 0.002}}}",{},True,True,pretrained (axis-200-900),P2_staged_base__pretrained__axis_200_900,"P2 staged, pretrained, 200-900 m/z",11,#9EDAE5,dotted,^,"{""axis"": ""axis-200-900"", ""components"": ""combined"", ""overlap"": 0, ""rare"": 0, ""role"": ""pretrained"", ""schedule"": ""staged"", ""variant"": ""P2_staged_base""}"
metaspace-pretrain-repaired-20260923-01__grid_0004__rep_02__pretrained,metaspace-pretrain-repaired-20260923-01,task_000056,grid_0004,2,axis-200-900,pretrained,pretrained,P2_staged_base,grid_0004__rep_02,"P2 staged, pretrained, 200-900 m/z",axis-200-900/pretrained,/home/max/repositories/MSIAutoEncoderWrapper/data/kidney_workspace/models/kidney/metaspace-pretrain-repaired-20260923-01__grid_0004__rep_02__pretrained,2136253289,442265914,molecule_vpu,MultiLabelBCELoss,"{""contrastive"": {""peak_permutation"": {""params"": {""annotation_bin_radius"": 0, ""negative_weighting_method"": ""multilabel_jaccard"", ""overlapping_label_negative_weight"": 0.1, ""peak_catalog_limit"": 4096, ""peak_sample_size"": 10000, ""peak_selection_method"": ""permutation_label_invariant"", ""permutation_bank_size"": 7000, ""permutation_selection_attempts"": 64, ""permuted_peaks_per_view"": 3, ""preserve_input_normalization"": true, ""temperature"": 0.07}, ""target"": ""InfoNCELoss"", ""weight"": 0.001}}, ""heads"": {""molecule_vpu"": {""vpu"": {""params"": {""alpha"": 1.0, ""beta"": 1.0, ""consistency_weight"": 0.0, ""negative_weight"": 0.0, ""simulated_negative_weight"": 0.0}, ""target"": ""VariationalPULoss"", ""weight"": 0.2}}}, ""reconstruction"": {""masserstein"": {""target"": ""MassersteinLoss"", ""weight"": 1.0}}, ""regularization"": {""contractive"": {""params"": {""calculation_method"": ""exact_autograd_jacobian"", ""hinge_alpha"": 2.0, ""hinge_threshold"": 7.0, ""input_geometry"": ""fisher_rao"", ""latent_source"": ""auto"", ""penalized_space"": ""u"", ""penalty_metric"": ""spectral_plus_hinged""}, ""target"": ""ContractiveLoss"", ""weight"": 0.002}}}",{},True,True,pretrained (axis-200-900),P2_staged_base__pretrained__axis_200_900,"P2 staged, pretrained, 200-900 m/z",11,#9EDAE5,dotted,^,"{""axis"": ""axis-200-900"", ""components"": ""combined"", ""overlap"": 0, ""rare"": 0, ""role"": ""pretrained"", ""schedule"": ""staged"", ""variant"": ""P2_staged_base""}"
metaspace-pretrain-repaired-20260923-01__grid_0004__rep_03__pretrained,metaspace-pretrain-repaired-20260923-01,task_000059,grid_0004,3,axis-200-900,pretrained,pretrained,P2_staged_base,grid_0004__rep_03,"P2 staged, pretrained, 200-900 m/z",axis-200-900/pretrained,/home/max/repositories/MSIAutoEncoderWrapper/data/kidney_workspace/models/kidney/metaspace-pretrain-repaired-20260923-01__grid_0004__rep_03__pretrained,276187349,194761695,molecule_vpu,MultiLabelBCELoss,"{""contrastive"": {""peak_permutation"": {""params"": {""annotation_bin_radius"": 0, ""negative_weighting_method"": ""multilabel_jaccard"", ""overlapping_label_negative_weight"": 0.1, ""peak_catalog_limit"": 4096, ""peak_sample_size"": 10000, ""peak_selection_method"": ""permutation_label_invariant"", ""permutation_bank_size"": 7000, ""permutation_selection_attempts"": 64, ""permuted_peaks_per_view"": 3, ""preserve_input_normalization"": true, ""temperature"": 0.07}, ""target"": ""InfoNCELoss"", ""weight"": 0.001}}, ""heads"": {""molecule_vpu"": {""vpu"": {""params"": {""alpha"": 1.0, ""beta"": 1.0, ""consistency_weight"": 0.0, ""negative_weight"": 0.0, ""simulated_negative_weight"": 0.0}, ""target"": ""VariationalPULoss"", ""weight"": 0.2}}}, ""reconstruction"": {""masserstein"": {""target"": ""MassersteinLoss"", ""weight"": 1.0}}, ""regularization"": {""contractive"": {""params"": {""calculation_method"": ""exact_autograd_jacobian"", ""hinge_alpha"": 2.0, ""hinge_threshold"": 7.0, ""input_geometry"": ""fisher_rao"", ""latent_source"": ""auto"", ""penalized_space"": ""u"", ""penalty_metric"": ""spectral_plus_hinged""}, ""target"": ""ContractiveLoss"", ""weight"": 0.002}}}",{},True,True,pretrained (axis-200-900),P2_staged_base__pretrained__axis_200_900,"P2 staged, pretrained, 200-900 m/z",11,#9EDAE5,dotted,^,"{""axis"": ""axis-200-900"", ""components"": ""combined"", ""overlap"": 0, ""rare"": 0, ""role"": ""pretrained"", ""schedule"": ""staged"", ""variant"": ""P2_staged_base""}"
metaspace-pretrain-repaired-20260923-01__grid_0004__rep_04__pretrained,metaspace-pretrain-repaired-20260923-01,task_000062,grid_0004,4,axis-200-900,pretrained,pretrained,P2_staged_base,grid_0004__rep_04,"P2 staged, pretrained, 200-900 m/z",axis-200-900/pretrained,/home/max/repositories/MSIAutoEncoderWrapper/data/kidney_workspace/models/kidney/metaspace-pretrain-repaired-20260923-01__grid_0004__rep_04__pretrained,1915557887,1927548799,molecule_vpu,MultiLabelBCELoss,"{""contrastive"": {""peak_permutation"": {""params"": {""annotation_bin_radius"": 0, ""negative_weighting_method"": ""multilabel_jaccard"", ""overlapping_label_negative_weight"": 0.1, ""peak_catalog_limit"": 4096, ""peak_sample_size"": 10000, ""peak_selection_method"": ""permutation_label_invariant"", ""permutation_bank_size"": 7000, ""permutation_selection_attempts"": 64, ""permuted_peaks_per_view"": 3, ""preserve_input_normalization"": true, ""temperature"": 0.07}, ""target"": ""InfoNCELoss"", ""weight"": 0.001}}, ""heads"": {""molecule_vpu"": {""vpu"": {""params"": {""alpha"": 1.0, ""beta"": 1.0, ""consistency_weight"": 0.0, ""negative_weight"": 0.0, ""simulated_negative_weight"": 0.0}, ""target"": ""VariationalPULoss"", ""weight"": 0.2}}}, ""reconstruction"": {""masserstein"": {""target"": ""MassersteinLoss"", ""weight"": 1.0}}, ""regularization"": {""contractive"": {""params"": {""calculation_method"": ""exact_autograd_jacobian"", ""hinge_alpha"": 2.0, ""hinge_threshold"": 7.0, ""input_geometry"": ""fisher_rao"", ""latent_source"": ""auto"", ""penalized_space"": ""u"", ""penalty_metric"": ""spectral_plus_hinged""}, ""target"": ""ContractiveLoss"", ""weight"": 0.002}}}",{},True,True,pretrained (axis-200-900),P2_staged_base__pretrained__axis_200_900,"P2 staged, pretrained, 200-900 m/z",11,#9EDAE5,dotted,^,"{""axis"": ""axis-200-900"", ""components"": ""combined"", ""overlap"": 0, ""rare"": 0, ""role"": ""pretrained"", ""schedule"": ""staged"", ""variant"": ""P2_staged_base""}"
metaspace-pretrain-repaired-20260923-01__grid_0004__rep_00__frozen_head,metaspace-pretrain-repaired-20260923-01,task_000051,grid_0004,0,axis-200-900,frozen_head,frozen_head,P2_staged_base,grid_0004__rep_00,"P2 staged, fine-tuned, frozen head, 200-900 m/z",axis-200-900/frozen_head,/home/max/repositories/MSIAutoEncoderWrapper/data/kidney_workspace/models/kidney/metaspace-pretrain-repaired-20260923-01__grid_0004__rep_00__frozen_head,91154199,32238397,molecule_vpu,MultiLabelBCELoss,"{""contrastive"": {""peak_permutation"": {""params"": {""annotation_bin_radius"": 0, ""negative_weighting_method"": ""multilabel_jaccard"", ""overlapping_label_negative_weight"": 0.1, ""peak_catalog_limit"": 4096, ""peak_sample_size"": 10000, ""peak_selection_method"": ""permutation_label_invariant"", ""permutation_bank_size"": 7000, ""permutation_selection_attempts"": 64, ""permuted_peaks_per_view"": 3, ""preserve_input_normalization"": true, ""temperature"": 0.07}, ""target"": ""InfoNCELoss"", ""weight"": 0.001}}, ""heads"": {""molecule_vpu"": {""vpu"": {""params"": {""alpha"": 1.0, ""beta"": 1.0, ""consistency_weight"": 0.0, ""negative_weight"": 0.0, ""simulated_negative_weight"": 0.0}, ""target"": ""VariationalPULoss"", ""weight"": 0.2}}}, ""reconstruction"": {""masserstein"": {""target"": ""MassersteinLoss"", ""weight"": 1.0}}, ""regularization"": {""contractive"": {""params"": {""calculation_method"": ""exact_autograd_jacobian"", ""hinge_alpha"": 2.0, ""hinge_threshold"": 7.0, ""input_geometry"": ""fisher_rao"", ""latent_source"": ""auto"", ""penalized_space"": ""u"", ""penalty_metric"": ""spectral_plus_hinged""}, ""target"": ""ContractiveLoss"", ""weight"": 0.002}}}",{},True,True,frozen_head (axis-200-900),P2_staged_base__frozen_head__axis_200_900,"P2 staged, fine-tuned, frozen head, 200-900 m/z",12,#9EDAE5,dashed,s,"{""axis"": ""axis-200-900"", ""components"": ""combined"", ""overlap"": 0, ""rare"": 0, ""role"": ""frozen_head"", ""schedule"": ""staged"", ""variant"": ""P2_staged_base""}"
metaspace-pretrain-repaired-20260923-01__grid_0004__rep_01__frozen_head,metaspace-pretrain-repaired-20260923-01,task_000054,grid_0004,1,axis-200-900,frozen_head,frozen_head,P2_staged_base,grid_0004__rep_01,"P2 staged, fine-tuned, frozen head, 200-900 m/z",axis-200-900/frozen_head,/home/max/repositories/MSIAutoEncoderWrapper/data/kidney_workspace/models/kidney/metaspace-pretrain-repaired-20260923-01__grid_0004__rep_01__frozen_head,919377028,892754137,molecule_vpu,MultiLabelBCELoss,"{""contrastive"": {""peak_permutation"": {""params"": {""annotation_bin_radius"": 0, ""negative_weighting_method"": ""multilabel_jaccard"", ""overlapping_label_negative_weight"": 0.1, ""peak_catalog_limit"": 4096, ""peak_sample_size"": 10000, ""peak_selection_method"": ""permutation_label_invariant"", ""permutation_bank_size"": 7000, ""permutation_selection_attempts"": 64, ""permuted_peaks_per_view"": 3, ""preserve_input_normalization"": true, ""temperature"": 0.07}, ""target"": ""InfoNCELoss"", ""weight"": 0.001}}, ""heads"": {""molecule_vpu"": {""vpu"": {""params"": {""alpha"": 1.0, ""beta"": 1.0, ""consistency_weight"": 0.0, ""negative_weight"": 0.0, ""simulated_negative_weight"": 0.0}, ""target"": ""VariationalPULoss"", ""weight"": 0.2}}}, ""reconstruction"": {""masserstein"": {""target"": ""MassersteinLoss"", ""weight"": 1.0}}, ""regularization"": {""contractive"": {""params"": {""calculation_method"": ""exact_autograd_jacobian"", ""hinge_alpha"": 2.0, ""hinge_threshold"": 7.0, ""input_geometry"": ""fisher_rao"", ""latent_source"": ""auto"", ""penalized_space"": ""u"", ""penalty_metric"": ""spectral_plus_hinged""}, ""target"": ""ContractiveLoss"", ""weight"": 0.002}}}",{},True,True,frozen_head (axis-200-900),P2_staged_base__frozen_head__axis_200_900,"P2 staged, fine-tuned, frozen head, 200-900 m/z",12,#9EDAE5,dashed,s,"{""axis"": ""axis-200-900"", ""components"": ""combined"", ""overlap"": 0, ""rare"": 0, ""role"": ""frozen_head"", ""schedule"": ""staged"", ""variant"": ""P2_staged_base""}"
metaspace-pretrain-repaired-20260923-01__grid_0004__rep_02__frozen_head,metaspace-pretrain-repaired-20260923-01,task_000057,grid_0004,2,axis-200-900,frozen_head,frozen_head,P2_staged_base,grid_0004__rep_02,"P2 staged, fine-tuned, frozen head, 200-900 m/z",axis-200-900/frozen_head,/home/max/repositories/MSIAutoEncoderWrapper/data/kidney_workspace/models/kidney/metaspace-pretrain-repaired-20260923-01__grid_0004__rep_02__frozen_head,2136253289,442265914,molecule_vpu,MultiLabelBCELoss,"{""contrastive"": {""peak_permutation"": {""params"": {""annotation_bin_radius"": 0, ""negative_weighting_method"": ""multilabel_jaccard"", ""overlapping_label_negative_weight"": 0.1, ""peak_catalog_limit"": 4096, ""peak_sample_size"": 10000, ""peak_selection_method"": ""permutation_label_invariant"", ""permutation_bank_size"": 7000, ""permutation_selection_attempts"": 64, ""permuted_peaks_per_view"": 3, ""preserve_input_normalization"": true, ""temperature"": 0.07}, ""target"": ""InfoNCELoss"", ""weight"": 0.001}}, ""heads"": {""molecule_vpu"": {""vpu"": {""params"": {""alpha"": 1.0, ""beta"": 1.0, ""consistency_weight"": 0.0, ""negative_weight"": 0.0, ""simulated_negative_weight"": 0.0}, ""target"": ""VariationalPULoss"", ""weight"": 0.2}}}, ""reconstruction"": {""masserstein"": {""target"": ""MassersteinLoss"", ""weight"": 1.0}}, ""regularization"": {""contractive"": {""params"": {""calculation_method"": ""exact_autograd_jacobian"", ""hinge_alpha"": 2.0, ""hinge_threshold"": 7.0, ""input_geometry"": ""fisher_rao"", ""latent_source"": ""auto"", ""penalized_space"": ""u"", ""penalty_metric"": ""spectral_plus_hinged""}, ""target"": ""ContractiveLoss"", ""weight"": 0.002}}}",{},True,True,frozen_head (axis-200-900),P2_staged_base__frozen_head__axis_200_900,"P2 staged, fine-tuned, frozen head, 200-900 m/z",12,#9EDAE5,dashed,s,"{""axis"": ""axis-200-900"", ""components"": ""combined"", ""overlap"": 0, ""rare"": 0, ""role"": ""frozen_head"", ""schedule"": ""staged"", ""variant"": ""P2_staged_base""}"
metaspace-pretrain-repaired-20260923-01__grid_0004__rep_03__frozen_head,metaspace-pretrain-repaired-20260923-01,task_000060,grid_0004,3,axis-200-900,frozen_head,frozen_head,P2_staged_base,grid_0004__rep_03,"P2 staged, fine-tuned, frozen head, 200-900 m/z",axis-200-900/frozen_head,/home/max/repositories/MSIAutoEncoderWrapper/data/kidney_workspace/models/kidney/metaspace-pretrain-repaired-20260923-01__grid_0004__rep_03__frozen_head,276187349,194761695,molecule_vpu,MultiLabelBCELoss,"{""contrastive"": {""peak_permutation"": {""params"": {""annotation_bin_radius"": 0, ""negative_weighting_method"": ""multilabel_jaccard"", ""overlapping_label_negative_weight"": 0.1, ""peak_catalog_limit"": 4096, ""peak_sample_size"": 10000, ""peak_selection_method"": ""permutation_label_invariant"", ""permutation_bank_size"": 7000, ""permutation_selection_attempts"": 64, ""permuted_peaks_per_view"": 3, ""preserve_input_normalization"": true, ""temperature"": 0.07}, ""target"": ""InfoNCELoss"", ""weight"": 0.001}}, ""heads"": {""molecule_vpu"": {""vpu"": {""params"": {""alpha"": 1.0, ""beta"": 1.0, ""consistency_weight"": 0.0, ""negative_weight"": 0.0, ""simulated_negative_weight"": 0.0}, ""target"": ""VariationalPULoss"", ""weight"": 0.2}}}, ""reconstruction"": {""masserstein"": {""target"": ""MassersteinLoss"", ""weight"": 1.0}}, ""regularization"": {""contractive"": {""params"": {""calculation_method"": ""exact_autograd_jacobian"", ""hinge_alpha"": 2.0, ""hinge_threshold"": 7.0, ""input_geometry"": ""fisher_rao"", ""latent_source"": ""auto"", ""penalized_space"": ""u"", ""penalty_metric"": ""spectral_plus_hinged""}, ""target"": ""ContractiveLoss"", ""weight"": 0.002}}}",{},True,True,frozen_head (axis-200-900),P2_staged_base__frozen_head__axis_200_900,"P2 staged, fine-tuned, frozen head, 200-900 m/z",12,#9EDAE5,dashed,s,"{""axis"": ""axis-200-900"", ""components"": ""combined"", ""overlap"": 0, ""rare"": 0, ""role"": ""frozen_head"", ""schedule"": ""staged"", ""variant"": ""P2_staged_base""}"
metaspace-pretrain-repaired-20260923-01__grid_0004__rep_04__frozen_head,metaspace-pretrain-repaired-20260923-01,task_000063,grid_0004,4,axis-200-900,frozen_head,frozen_head,P2_staged_base,grid_0004__rep_04,"P2 staged, fine-tuned, frozen head, 200-900 m/z",axis-200-900/frozen_head,/home/max/repositories/MSIAutoEncoderWrapper/data/kidney_workspace/models/kidney/metaspace-pretrain-repaired-20260923-01__grid_0004__rep_04__frozen_head,1915557887,1927548799,molecule_vpu,MultiLabelBCELoss,"{""contrastive"": {""peak_permutation"": {""params"": {""annotation_bin_radius"": 0, ""negative_weighting_method"": ""multilabel_jaccard"", ""overlapping_label_negative_weight"": 0.1, ""peak_catalog_limit"": 4096, ""peak_sample_size"": 10000, ""peak_selection_method"": ""permutation_label_invariant"", ""permutation_bank_size"": 7000, ""permutation_selection_attempts"": 64, ""permuted_peaks_per_view"": 3, ""preserve_input_normalization"": true, ""temperature"": 0.07}, ""target"": ""InfoNCELoss"", ""weight"": 0.001}}, ""heads"": {""molecule_vpu"": {""vpu"": {""params"": {""alpha"": 1.0, ""beta"": 1.0, ""consistency_weight"": 0.0, ""negative_weight"": 0.0, ""simulated_negative_weight"": 0.0}, ""target"": ""VariationalPULoss"", ""weight"": 0.2}}}, ""reconstruction"": {""masserstein"": {""target"": ""MassersteinLoss"", ""weight"": 1.0}}, ""regularization"": {""contractive"": {""params"": {""calculation_method"": ""exact_autograd_jacobian"", ""hinge_alpha"": 2.0, ""hinge_threshold"": 7.0, ""input_geometry"": ""fisher_rao"", ""latent_source"": ""auto"", ""penalized_space"": ""u"", ""penalty_metric"": ""spectral_plus_hinged""}, ""target"": ""ContractiveLoss"", ""weight"": 0.002}}}",{},True,True,frozen_head (axis-200-900),P2_staged_base__frozen_head__axis_200_900,"P2 staged, fine-tuned, frozen head, 200-900 m/z",12,#9EDAE5,dashed,s,"{""axis"": ""axis-200-900"", ""components"": ""combined"", ""overlap"": 0, ""rare"": 0, ""role"": ""frozen_head"", ""schedule"": ""staged"", ""variant"": ""P2_staged_base""}"
metaspace-pretrain-repaired-20260923-01__grid_0004__rep_00__unfrozen_head,metaspace-pretrain-repaired-20260923-01,task_000052,grid_0004,0,axis-200-900,unfrozen_head,unfrozen_head,P2_staged_base,grid_0004__rep_00,"P2 staged, fine-tuned, unfrozen head, 200-900 m/z",axis-200-900/unfrozen_head,/home/max/repositories/MSIAutoEncoderWrapper/data/kidney_workspace/models/kidney/metaspace-pretrain-repaired-20260923-01__grid_0004__rep_00__unfrozen_head,91154199,32238397,molecule_vpu,VariationalPULoss,"{""contrastive"": {""peak_permutation"": {""params"": {""annotation_bin_radius"": 0, ""negative_weighting_method"": ""multilabel_jaccard"", ""overlapping_label_negative_weight"": 0.1, ""peak_catalog_limit"": 4096, ""peak_sample_size"": 10000, ""peak_selection_method"": ""permutation_label_invariant"", ""permutation_bank_size"": 7000, ""permutation_selection_attempts"": 64, ""permuted_peaks_per_view"": 3, ""preserve_input_normalization"": true, ""temperature"": 0.07}, ""target"": ""InfoNCELoss"", ""weight"": 0.001}}, ""heads"": {""molecule_vpu"": {""vpu"": {""params"": {""alpha"": 1.0, ""beta"": 1.0, ""consistency_weight"": 0.0, ""negative_weight"": 0.0, ""simulated_negative_weight"": 0.0}, ""target"": ""VariationalPULoss"", ""weight"": 0.2}}}, ""reconstruction"": {""masserstein"": {""target"": ""MassersteinLoss"", ""weight"": 1.0}}, ""regularization"": {""contractive"": {""params"": {""calculation_method"": ""exact_autograd_jacobian"", ""hinge_alpha"": 2.0, ""hinge_threshold"": 7.0, ""input_geometry"": ""fisher_rao"", ""latent_source"": ""auto"", ""penalized_space"": ""u"", ""penalty_metric"": ""spectral_plus_hinged""}, ""target"": ""ContractiveLoss"", ""weight"": 0.002}}}",{},True,True,unfrozen_head (axis-200-900),P2_staged_base__unfrozen_head__axis_200_900,"P2 staged, fine-tuned, unfrozen head, 200-900 m/z",13,#9EDAE5,solid,o,"{""axis"": ""axis-200-900"", ""components"": ""combined"", ""overlap"": 0, ""rare"": 0, ""role"": ""unfrozen_head"", ""schedule"": ""staged"", ""variant"": ""P2_staged_base""}"
metaspace-pretrain-repaired-20260923-01__grid_0004__rep_01__unfrozen_head,metaspace-pretrain-repaired-20260923-01,task_000055,grid_0004,1,axis-200-900,unfrozen_head,unfrozen_head,P2_staged_base,grid_0004__rep_01,"P2 staged, fine-tuned, unfrozen head, 200-900 m/z",axis-200-900/unfrozen_head,/home/max/repositories/MSIAutoEncoderWrapper/data/kidney_workspace/models/kidney/metaspace-pretrain-repaired-20260923-01__grid_0004__rep_01__unfrozen_head,919377028,892754137,molecule_vpu,VariationalPULoss,"{""contrastive"": {""peak_permutation"": {""params"": {""annotation_bin_radius"": 0, ""negative_weighting_method"": ""multilabel_jaccard"", ""overlapping_label_negative_weight"": 0.1, ""peak_catalog_limit"": 4096, ""peak_sample_size"": 10000, ""peak_selection_method"": ""permutation_label_invariant"", ""permutation_bank_size"": 7000, ""permutation_selection_attempts"": 64, ""permuted_peaks_per_view"": 3, ""preserve_input_normalization"": true, ""temperature"": 0.07}, ""target"": ""InfoNCELoss"", ""weight"": 0.001}}, ""heads"": {""molecule_vpu"": {""vpu"": {""params"": {""alpha"": 1.0, ""beta"": 1.0, ""consistency_weight"": 0.0, ""negative_weight"": 0.0, ""simulated_negative_weight"": 0.0}, ""target"": ""VariationalPULoss"", ""weight"": 0.2}}}, ""reconstruction"": {""masserstein"": {""target"": ""MassersteinLoss"", ""weight"": 1.0}}, ""regularization"": {""contractive"": {""params"": {""calculation_method"": ""exact_autograd_jacobian"", ""hinge_alpha"": 2.0, ""hinge_threshold"": 7.0, ""input_geometry"": ""fisher_rao"", ""latent_source"": ""auto"", ""penalized_space"": ""u"", ""penalty_metric"": ""spectral_plus_hinged""}, ""target"": ""ContractiveLoss"", ""weight"": 0.002}}}",{},True,True,unfrozen_head (axis-200-900),P2_staged_base__unfrozen_head__axis_200_900,"P2 staged, fine-tuned, unfrozen head, 200-900 m/z",13,#9EDAE5,solid,o,"{""axis"": ""axis-200-900"", ""components"": ""combined"", ""overlap"": 0, ""rare"": 0, ""role"": ""unfrozen_head"", ""schedule"": ""staged"", ""variant"": ""P2_staged_base""}"
metaspace-pretrain-repaired-20260923-01__grid_0004__rep_02__unfrozen_head,metaspace-pretrain-repaired-20260923-01,task_000058,grid_0004,2,axis-200-900,unfrozen_head,unfrozen_head,P2_staged_base,grid_0004__rep_02,"P2 staged, fine-tuned, unfrozen head, 200-900 m/z",axis-200-900/unfrozen_head,/home/max/repositories/MSIAutoEncoderWrapper/data/kidney_workspace/models/kidney/metaspace-pretrain-repaired-20260923-01__grid_0004__rep_02__unfrozen_head,2136253289,442265914,molecule_vpu,VariationalPULoss,"{""contrastive"": {""peak_permutation"": {""params"": {""annotation_bin_radius"": 0, ""negative_weighting_method"": ""multilabel_jaccard"", ""overlapping_label_negative_weight"": 0.1, ""peak_catalog_limit"": 4096, ""peak_sample_size"": 10000, ""peak_selection_method"": ""permutation_label_invariant"", ""permutation_bank_size"": 7000, ""permutation_selection_attempts"": 64, ""permuted_peaks_per_view"": 3, ""preserve_input_normalization"": true, ""temperature"": 0.07}, ""target"": ""InfoNCELoss"", ""weight"": 0.001}}, ""heads"": {""molecule_vpu"": {""vpu"": {""params"": {""alpha"": 1.0, ""beta"": 1.0, ""consistency_weight"": 0.0, ""negative_weight"": 0.0, ""simulated_negative_weight"": 0.0}, ""target"": ""VariationalPULoss"", ""weight"": 0.2}}}, ""reconstruction"": {""masserstein"": {""target"": ""MassersteinLoss"", ""weight"": 1.0}}, ""regularization"": {""contractive"": {""params"": {""calculation_method"": ""exact_autograd_jacobian"", ""hinge_alpha"": 2.0, ""hinge_threshold"": 7.0, ""input_geometry"": ""fisher_rao"", ""latent_source"": ""auto"", ""penalized_space"": ""u"", ""penalty_metric"": ""spectral_plus_hinged""}, ""target"": ""ContractiveLoss"", ""weight"": 0.002}}}",{},True,True,unfrozen_head (axis-200-900),P2_staged_base__unfrozen_head__axis_200_900,"P2 staged, fine-tuned, unfrozen head, 200-900 m/z",13,#9EDAE5,solid,o,"{""axis"": ""axis-200-900"", ""components"": ""combined"", ""overlap"": 0, ""rare"": 0, ""role"": ""unfrozen_head"", ""schedule"": ""staged"", ""variant"": ""P2_staged_base""}"
metaspace-pretrain-repaired-20260923-01__grid_0004__rep_03__unfrozen_head,metaspace-pretrain-repaired-20260923-01,task_000061,grid_0004,3,axis-200-900,unfrozen_head,unfrozen_head,P2_staged_base,grid_0004__rep_03,"P2 staged, fine-tuned, unfrozen head, 200-900 m/z",axis-200-900/unfrozen_head,/home/max/repositories/MSIAutoEncoderWrapper/data/kidney_workspace/models/kidney/metaspace-pretrain-repaired-20260923-01__grid_0004__rep_03__unfrozen_head,276187349,194761695,molecule_vpu,VariationalPULoss,"{""contrastive"": {""peak_permutation"": {""params"": {""annotation_bin_radius"": 0, ""negative_weighting_method"": ""multilabel_jaccard"", ""overlapping_label_negative_weight"": 0.1, ""peak_catalog_limit"": 4096, ""peak_sample_size"": 10000, ""peak_selection_method"": ""permutation_label_invariant"", ""permutation_bank_size"": 7000, ""permutation_selection_attempts"": 64, ""permuted_peaks_per_view"": 3, ""preserve_input_normalization"": true, ""temperature"": 0.07}, ""target"": ""InfoNCELoss"", ""weight"": 0.001}}, ""heads"": {""molecule_vpu"": {""vpu"": {""params"": {""alpha"": 1.0, ""beta"": 1.0, ""consistency_weight"": 0.0, ""negative_weight"": 0.0, ""simulated_negative_weight"": 0.0}, ""target"": ""VariationalPULoss"", ""weight"": 0.2}}}, ""reconstruction"": {""masserstein"": {""target"": ""MassersteinLoss"", ""weight"": 1.0}}, ""regularization"": {""contractive"": {""params"": {""calculation_method"": ""exact_autograd_jacobian"", ""hinge_alpha"": 2.0, ""hinge_threshold"": 7.0, ""input_geometry"": ""fisher_rao"", ""latent_source"": ""auto"", ""penalized_space"": ""u"", ""penalty_metric"": ""spectral_plus_hinged""}, ""target"": ""ContractiveLoss"", ""weight"": 0.002}}}",{},True,True,unfrozen_head (axis-200-900),P2_staged_base__unfrozen_head__axis_200_900,"P2 staged, fine-tuned, unfrozen head, 200-900 m/z",13,#9EDAE5,solid,o,"{""axis"": ""axis-200-900"", ""components"": ""combined"", ""overlap"": 0, ""rare"": 0, ""role"": ""unfrozen_head"", ""schedule"": ""staged"", ""variant"": ""P2_staged_base""}"
metaspace-pretrain-repaired-20260923-01__grid_0004__rep_04__unfrozen_head,metaspace-pretrain-repaired-20260923-01,task_000064,grid_0004,4,axis-200-900,unfrozen_head,unfrozen_head,P2_staged_base,grid_0004__rep_04,"P2 staged, fine-tuned, unfrozen head, 200-900 m/z",axis-200-900/unfrozen_head,/home/max/repositories/MSIAutoEncoderWrapper/data/kidney_workspace/models/kidney/metaspace-pretrain-repaired-20260923-01__grid_0004__rep_04__unfrozen_head,1915557887,1927548799,molecule_vpu,VariationalPULoss,"{""contrastive"": {""peak_permutation"": {""params"": {""annotation_bin_radius"": 0, ""negative_weighting_method"": ""multilabel_jaccard"", ""overlapping_label_negative_weight"": 0.1, ""peak_catalog_limit"": 4096, ""peak_sample_size"": 10000, ""peak_selection_method"": ""permutation_label_invariant"", ""permutation_bank_size"": 7000, ""permutation_selection_attempts"": 64, ""permuted_peaks_per_view"": 3, ""preserve_input_normalization"": true, ""temperature"": 0.07}, ""target"": ""InfoNCELoss"", ""weight"": 0.001}}, ""heads"": {""molecule_vpu"": {""vpu"": {""params"": {""alpha"": 1.0, ""beta"": 1.0, ""consistency_weight"": 0.0, ""negative_weight"": 0.0, ""simulated_negative_weight"": 0.0}, ""target"": ""VariationalPULoss"", ""weight"": 0.2}}}, ""reconstruction"": {""masserstein"": {""target"": ""MassersteinLoss"", ""weight"": 1.0}}, ""regularization"": {""contractive"": {""params"": {""calculation_method"": ""exact_autograd_jacobian"", ""hinge_alpha"": 2.0, ""hinge_threshold"": 7.0, ""input_geometry"": ""fisher_rao"", ""latent_source"": ""auto"", ""penalized_space"": ""u"", ""penalty_metric"": ""spectral_plus_hinged""}, ""target"": ""ContractiveLoss"", ""weight"": 0.002}}}",{},True,True,unfrozen_head (axis-200-900),P2_staged_base__unfrozen_head__axis_200_900,"P2 staged, fine-tuned, unfrozen head, 200-900 m/z",13,#9EDAE5,solid,o,"{""axis"": ""axis-200-900"", ""components"": ""combined"", ""overlap"": 0, ""rare"": 0, ""role"": ""unfrozen_head"", ""schedule"": ""staged"", ""variant"": ""P2_staged_base""}"
metaspace-pretrain-repaired-20260923-01__grid_0005__rep_00__pretrained,metaspace-pretrain-repaired-20260923-01,task_000065,grid_0005,0,axis-200-900,pretrained,pretrained,P3_joint_overlap,grid_0005__rep_00,"P3 joint + overlap, pretrained, 200-900 m/z",axis-200-900/pretrained,/home/max/repositories/MSIAutoEncoderWrapper/data/kidney_workspace/models/kidney/metaspace-pretrain-repaired-20260923-01__grid_0005__rep_00__pretrained,91154199,32238397,molecule_vpu,MultiLabelBCELoss,"{""contrastive"": {""peak_permutation"": {""params"": {""annotation_bin_radius"": 0, ""negative_weighting_method"": ""multilabel_jaccard"", ""overlapping_label_negative_weight"": 0.1, ""peak_catalog_limit"": 4096, ""peak_sample_size"": 10000, ""peak_selection_method"": ""permutation_label_invariant"", ""permutation_bank_size"": 7000, ""permutation_selection_attempts"": 64, ""permuted_peaks_per_view"": 3, ""preserve_input_normalization"": true, ""temperature"": 0.07}, ""target"": ""InfoNCELoss"", ""weight"": 0.001}}, ""heads"": {""molecule_vpu"": {""vpu"": {""params"": {""alpha"": 1.0, ""beta"": 1.0, ""consistency_weight"": 0.0, ""negative_weight"": 0.0, ""simulated_negative_weight"": 0.0}, ""target"": ""VariationalPULoss"", ""weight"": 0.2}}}, ""reconstruction"": {""masserstein"": {""target"": ""MassersteinLoss"", ""weight"": 1.0}}, ""regularization"": {""contractive"": {""params"": {""calculation_method"": ""exact_autograd_jacobian"", ""hinge_alpha"": 2.0, ""hinge_threshold"": 7.0, ""input_geometry"": ""fisher_rao"", ""latent_source"": ""auto"", ""penalized_space"": ""u"", ""penalty_metric"": ""spectral_plus_hinged""}, ""target"": ""ContractiveLoss"", ""weight"": 0.002}}}",{},True,True,pretrained (axis-200-900),P3_joint_overlap__pretrained__axis_200_900,"P3 joint + overlap, pretrained, 200-900 m/z",14,#BCBD22,dotted,^,"{""axis"": ""axis-200-900"", ""components"": ""combined"", ""overlap"": 1, ""rare"": 0, ""role"": ""pretrained"", ""schedule"": ""joint"", ""variant"": ""P3_joint_overlap""}"
metaspace-pretrain-repaired-20260923-01__grid_0005__rep_01__pretrained,metaspace-pretrain-repaired-20260923-01,task_000068,grid_0005,1,axis-200-900,pretrained,pretrained,P3_joint_overlap,grid_0005__rep_01,"P3 joint + overlap, pretrained, 200-900 m/z",axis-200-900/pretrained,/home/max/repositories/MSIAutoEncoderWrapper/data/kidney_workspace/models/kidney/metaspace-pretrain-repaired-20260923-01__grid_0005__rep_01__pretrained,919377028,892754137,molecule_vpu,MultiLabelBCELoss,"{""contrastive"": {""peak_permutation"": {""params"": {""annotation_bin_radius"": 0, ""negative_weighting_method"": ""multilabel_jaccard"", ""overlapping_label_negative_weight"": 0.1, ""peak_catalog_limit"": 4096, ""peak_sample_size"": 10000, ""peak_selection_method"": ""permutation_label_invariant"", ""permutation_bank_size"": 7000, ""permutation_selection_attempts"": 64, ""permuted_peaks_per_view"": 3, ""preserve_input_normalization"": true, ""temperature"": 0.07}, ""target"": ""InfoNCELoss"", ""weight"": 0.001}}, ""heads"": {""molecule_vpu"": {""vpu"": {""params"": {""alpha"": 1.0, ""beta"": 1.0, ""consistency_weight"": 0.0, ""negative_weight"": 0.0, ""simulated_negative_weight"": 0.0}, ""target"": ""VariationalPULoss"", ""weight"": 0.2}}}, ""reconstruction"": {""masserstein"": {""target"": ""MassersteinLoss"", ""weight"": 1.0}}, ""regularization"": {""contractive"": {""params"": {""calculation_method"": ""exact_autograd_jacobian"", ""hinge_alpha"": 2.0, ""hinge_threshold"": 7.0, ""input_geometry"": ""fisher_rao"", ""latent_source"": ""auto"", ""penalized_space"": ""u"", ""penalty_metric"": ""spectral_plus_hinged""}, ""target"": ""ContractiveLoss"", ""weight"": 0.002}}}",{},True,True,pretrained (axis-200-900),P3_joint_overlap__pretrained__axis_200_900,"P3 joint + overlap, pretrained, 200-900 m/z",14,#BCBD22,dotted,^,"{""axis"": ""axis-200-900"", ""components"": ""combined"", ""overlap"": 1, ""rare"": 0, ""role"": ""pretrained"", ""schedule"": ""joint"", ""variant"": ""P3_joint_overlap""}"
metaspace-pretrain-repaired-20260923-01__grid_0005__rep_02__pretrained,metaspace-pretrain-repaired-20260923-01,task_000071,grid_0005,2,axis-200-900,pretrained,pretrained,P3_joint_overlap,grid_0005__rep_02,"P3 joint + overlap, pretrained, 200-900 m/z",axis-200-900/pretrained,/home/max/repositories/MSIAutoEncoderWrapper/data/kidney_workspace/models/kidney/metaspace-pretrain-repaired-20260923-01__grid_0005__rep_02__pretrained,2136253289,442265914,molecule_vpu,MultiLabelBCELoss,"{""contrastive"": {""peak_permutation"": {""params"": {""annotation_bin_radius"": 0, ""negative_weighting_method"": ""multilabel_jaccard"", ""overlapping_label_negative_weight"": 0.1, ""peak_catalog_limit"": 4096, ""peak_sample_size"": 10000, ""peak_selection_method"": ""permutation_label_invariant"", ""permutation_bank_size"": 7000, ""permutation_selection_attempts"": 64, ""permuted_peaks_per_view"": 3, ""preserve_input_normalization"": true, ""temperature"": 0.07}, ""target"": ""InfoNCELoss"", ""weight"": 0.001}}, ""heads"": {""molecule_vpu"": {""vpu"": {""params"": {""alpha"": 1.0, ""beta"": 1.0, ""consistency_weight"": 0.0, ""negative_weight"": 0.0, ""simulated_negative_weight"": 0.0}, ""target"": ""VariationalPULoss"", ""weight"": 0.2}}}, ""reconstruction"": {""masserstein"": {""target"": ""MassersteinLoss"", ""weight"": 1.0}}, ""regularization"": {""contractive"": {""params"": {""calculation_method"": ""exact_autograd_jacobian"", ""hinge_alpha"": 2.0, ""hinge_threshold"": 7.0, ""input_geometry"": ""fisher_rao"", ""latent_source"": ""auto"", ""penalized_space"": ""u"", ""penalty_metric"": ""spectral_plus_hinged""}, ""target"": ""ContractiveLoss"", ""weight"": 0.002}}}",{},True,True,pretrained (axis-200-900),P3_joint_overlap__pretrained__axis_200_900,"P3 joint + overlap, pretrained, 200-900 m/z",14,#BCBD22,dotted,^,"{""axis"": ""axis-200-900"", ""components"": ""combined"", ""overlap"": 1, ""rare"": 0, ""role"": ""pretrained"", ""schedule"": ""joint"", ""variant"": ""P3_joint_overlap""}"
metaspace-pretrain-repaired-20260923-01__grid_0005__rep_03__pretrained,metaspace-pretrain-repaired-20260923-01,task_000074,grid_0005,3,axis-200-900,pretrained,pretrained,P3_joint_overlap,grid_0005__rep_03,"P3 joint + overlap, pretrained, 200-900 m/z",axis-200-900/pretrained,/home/max/repositories/MSIAutoEncoderWrapper/data/kidney_workspace/models/kidney/metaspace-pretrain-repaired-20260923-01__grid_0005__rep_03__pretrained,276187349,194761695,molecule_vpu,MultiLabelBCELoss,"{""contrastive"": {""peak_permutation"": {""params"": {""annotation_bin_radius"": 0, ""negative_weighting_method"": ""multilabel_jaccard"", ""overlapping_label_negative_weight"": 0.1, ""peak_catalog_limit"": 4096, ""peak_sample_size"": 10000, ""peak_selection_method"": ""permutation_label_invariant"", ""permutation_bank_size"": 7000, ""permutation_selection_attempts"": 64, ""permuted_peaks_per_view"": 3, ""preserve_input_normalization"": true, ""temperature"": 0.07}, ""target"": ""InfoNCELoss"", ""weight"": 0.001}}, ""heads"": {""molecule_vpu"": {""vpu"": {""params"": {""alpha"": 1.0, ""beta"": 1.0, ""consistency_weight"": 0.0, ""negative_weight"": 0.0, ""simulated_negative_weight"": 0.0}, ""target"": ""VariationalPULoss"", ""weight"": 0.2}}}, ""reconstruction"": {""masserstein"": {""target"": ""MassersteinLoss"", ""weight"": 1.0}}, ""regularization"": {""contractive"": {""params"": {""calculation_method"": ""exact_autograd_jacobian"", ""hinge_alpha"": 2.0, ""hinge_threshold"": 7.0, ""input_geometry"": ""fisher_rao"", ""latent_source"": ""auto"", ""penalized_space"": ""u"", ""penalty_metric"": ""spectral_plus_hinged""}, ""target"": ""ContractiveLoss"", ""weight"": 0.002}}}",{},True,True,pretrained (axis-200-900),P3_joint_overlap__pretrained__axis_200_900,"P3 joint + overlap, pretrained, 200-900 m/z",14,#BCBD22,dotted,^,"{""axis"": ""axis-200-900"", ""components"": ""combined"", ""overlap"": 1, ""rare"": 0, ""role"": ""pretrained"", ""schedule"": ""joint"", ""variant"": ""P3_joint_overlap""}"
metaspace-pretrain-repaired-20260923-01__grid_0005__rep_04__pretrained,metaspace-pretrain-repaired-20260923-01,task_000077,grid_0005,4,axis-200-900,pretrained,pretrained,P3_joint_overlap,grid_0005__rep_04,"P3 joint + overlap, pretrained, 200-900 m/z",axis-200-900/pretrained,/home/max/repositories/MSIAutoEncoderWrapper/data/kidney_workspace/models/kidney/metaspace-pretrain-repaired-20260923-01__grid_0005__rep_04__pretrained,1915557887,1927548799,molecule_vpu,MultiLabelBCELoss,"{""contrastive"": {""peak_permutation"": {""params"": {""annotation_bin_radius"": 0, ""negative_weighting_method"": ""multilabel_jaccard"", ""overlapping_label_negative_weight"": 0.1, ""peak_catalog_limit"": 4096, ""peak_sample_size"": 10000, ""peak_selection_method"": ""permutation_label_invariant"", ""permutation_bank_size"": 7000, ""permutation_selection_attempts"": 64, ""permuted_peaks_per_view"": 3, ""preserve_input_normalization"": true, ""temperature"": 0.07}, ""target"": ""InfoNCELoss"", ""weight"": 0.001}}, ""heads"": {""molecule_vpu"": {""vpu"": {""params"": {""alpha"": 1.0, ""beta"": 1.0, ""consistency_weight"": 0.0, ""negative_weight"": 0.0, ""simulated_negative_weight"": 0.0}, ""target"": ""VariationalPULoss"", ""weight"": 0.2}}}, ""reconstruction"": {""masserstein"": {""target"": ""MassersteinLoss"", ""weight"": 1.0}}, ""regularization"": {""contractive"": {""params"": {""calculation_method"": ""exact_autograd_jacobian"", ""hinge_alpha"": 2.0, ""hinge_threshold"": 7.0, ""input_geometry"": ""fisher_rao"", ""latent_source"": ""auto"", ""penalized_space"": ""u"", ""penalty_metric"": ""spectral_plus_hinged""}, ""target"": ""ContractiveLoss"", ""weight"": 0.002}}}",{},True,True,pretrained (axis-200-900),P3_joint_overlap__pretrained__axis_200_900,"P3 joint + overlap, pretrained, 200-900 m/z",14,#BCBD22,dotted,^,"{""axis"": ""axis-200-900"", ""components"": ""combined"", ""overlap"": 1, ""rare"": 0, ""role"": ""pretrained"", ""schedule"": ""joint"", ""variant"": ""P3_joint_overlap""}"
metaspace-pretrain-repaired-20260923-01__grid_0005__rep_00__frozen_head,metaspace-pretrain-repaired-20260923-01,task_000066,grid_0005,0,axis-200-900,frozen_head,frozen_head,P3_joint_overlap,grid_0005__rep_00,"P3 joint + overlap, fine-tuned, frozen head, 200-900 m/z",axis-200-900/frozen_head,/home/max/repositories/MSIAutoEncoderWrapper/data/kidney_workspace/models/kidney/metaspace-pretrain-repaired-20260923-01__grid_0005__rep_00__frozen_head,91154199,32238397,molecule_vpu,MultiLabelBCELoss,"{""contrastive"": {""peak_permutation"": {""params"": {""annotation_bin_radius"": 0, ""negative_weighting_method"": ""multilabel_jaccard"", ""overlapping_label_negative_weight"": 0.1, ""peak_catalog_limit"": 4096, ""peak_sample_size"": 10000, ""peak_selection_method"": ""permutation_label_invariant"", ""permutation_bank_size"": 7000, ""permutation_selection_attempts"": 64, ""permuted_peaks_per_view"": 3, ""preserve_input_normalization"": true, ""temperature"": 0.07}, ""target"": ""InfoNCELoss"", ""weight"": 0.001}}, ""heads"": {""molecule_vpu"": {""vpu"": {""params"": {""alpha"": 1.0, ""beta"": 1.0, ""consistency_weight"": 0.0, ""negative_weight"": 0.0, ""simulated_negative_weight"": 0.0}, ""target"": ""VariationalPULoss"", ""weight"": 0.2}}}, ""reconstruction"": {""masserstein"": {""target"": ""MassersteinLoss"", ""weight"": 1.0}}, ""regularization"": {""contractive"": {""params"": {""calculation_method"": ""exact_autograd_jacobian"", ""hinge_alpha"": 2.0, ""hinge_threshold"": 7.0, ""input_geometry"": ""fisher_rao"", ""latent_source"": ""auto"", ""penalized_space"": ""u"", ""penalty_metric"": ""spectral_plus_hinged""}, ""target"": ""ContractiveLoss"", ""weight"": 0.002}}}",{},True,True,frozen_head (axis-200-900),P3_joint_overlap__frozen_head__axis_200_900,"P3 joint + overlap, fine-tuned, frozen head, 200-900 m/z",15,#BCBD22,dashed,s,"{""axis"": ""axis-200-900"", ""components"": ""combined"", ""overlap"": 1, ""rare"": 0, ""role"": ""frozen_head"", ""schedule"": ""joint"", ""variant"": ""P3_joint_overlap""}"
metaspace-pretrain-repaired-20260923-01__grid_0005__rep_01__frozen_head,metaspace-pretrain-repaired-20260923-01,task_000069,grid_0005,1,axis-200-900,frozen_head,frozen_head,P3_joint_overlap,grid_0005__rep_01,"P3 joint + overlap, fine-tuned, frozen head, 200-900 m/z",axis-200-900/frozen_head,/home/max/repositories/MSIAutoEncoderWrapper/data/kidney_workspace/models/kidney/metaspace-pretrain-repaired-20260923-01__grid_0005__rep_01__frozen_head,919377028,892754137,molecule_vpu,MultiLabelBCELoss,"{""contrastive"": {""peak_permutation"": {""params"": {""annotation_bin_radius"": 0, ""negative_weighting_method"": ""multilabel_jaccard"", ""overlapping_label_negative_weight"": 0.1, ""peak_catalog_limit"": 4096, ""peak_sample_size"": 10000, ""peak_selection_method"": ""permutation_label_invariant"", ""permutation_bank_size"": 7000, ""permutation_selection_attempts"": 64, ""permuted_peaks_per_view"": 3, ""preserve_input_normalization"": true, ""temperature"": 0.07}, ""target"": ""InfoNCELoss"", ""weight"": 0.001}}, ""heads"": {""molecule_vpu"": {""vpu"": {""params"": {""alpha"": 1.0, ""beta"": 1.0, ""consistency_weight"": 0.0, ""negative_weight"": 0.0, ""simulated_negative_weight"": 0.0}, ""target"": ""VariationalPULoss"", ""weight"": 0.2}}}, ""reconstruction"": {""masserstein"": {""target"": ""MassersteinLoss"", ""weight"": 1.0}}, ""regularization"": {""contractive"": {""params"": {""calculation_method"": ""exact_autograd_jacobian"", ""hinge_alpha"": 2.0, ""hinge_threshold"": 7.0, ""input_geometry"": ""fisher_rao"", ""latent_source"": ""auto"", ""penalized_space"": ""u"", ""penalty_metric"": ""spectral_plus_hinged""}, ""target"": ""ContractiveLoss"", ""weight"": 0.002}}}",{},True,True,frozen_head (axis-200-900),P3_joint_overlap__frozen_head__axis_200_900,"P3 joint + overlap, fine-tuned, frozen head, 200-900 m/z",15,#BCBD22,dashed,s,"{""axis"": ""axis-200-900"", ""components"": ""combined"", ""overlap"": 1, ""rare"": 0, ""role"": ""frozen_head"", ""schedule"": ""joint"", ""variant"": ""P3_joint_overlap""}"
metaspace-pretrain-repaired-20260923-01__grid_0005__rep_02__frozen_head,metaspace-pretrain-repaired-20260923-01,task_000072,grid_0005,2,axis-200-900,frozen_head,frozen_head,P3_joint_overlap,grid_0005__rep_02,"P3 joint + overlap, fine-tuned, frozen head, 200-900 m/z",axis-200-900/frozen_head,/home/max/repositories/MSIAutoEncoderWrapper/data/kidney_workspace/models/kidney/metaspace-pretrain-repaired-20260923-01__grid_0005__rep_02__frozen_head,2136253289,442265914,molecule_vpu,MultiLabelBCELoss,"{""contrastive"": {""peak_permutation"": {""params"": {""annotation_bin_radius"": 0, ""negative_weighting_method"": ""multilabel_jaccard"", ""overlapping_label_negative_weight"": 0.1, ""peak_catalog_limit"": 4096, ""peak_sample_size"": 10000, ""peak_selection_method"": ""permutation_label_invariant"", ""permutation_bank_size"": 7000, ""permutation_selection_attempts"": 64, ""permuted_peaks_per_view"": 3, ""preserve_input_normalization"": true, ""temperature"": 0.07}, ""target"": ""InfoNCELoss"", ""weight"": 0.001}}, ""heads"": {""molecule_vpu"": {""vpu"": {""params"": {""alpha"": 1.0, ""beta"": 1.0, ""consistency_weight"": 0.0, ""negative_weight"": 0.0, ""simulated_negative_weight"": 0.0}, ""target"": ""VariationalPULoss"", ""weight"": 0.2}}}, ""reconstruction"": {""masserstein"": {""target"": ""MassersteinLoss"", ""weight"": 1.0}}, ""regularization"": {""contractive"": {""params"": {""calculation_method"": ""exact_autograd_jacobian"", ""hinge_alpha"": 2.0, ""hinge_threshold"": 7.0, ""input_geometry"": ""fisher_rao"", ""latent_source"": ""auto"", ""penalized_space"": ""u"", ""penalty_metric"": ""spectral_plus_hinged""}, ""target"": ""ContractiveLoss"", ""weight"": 0.002}}}",{},True,True,frozen_head (axis-200-900),P3_joint_overlap__frozen_head__axis_200_900,"P3 joint + overlap, fine-tuned, frozen head, 200-900 m/z",15,#BCBD22,dashed,s,"{""axis"": ""axis-200-900"", ""components"": ""combined"", ""overlap"": 1, ""rare"": 0, ""role"": ""frozen_head"", ""schedule"": ""joint"", ""variant"": ""P3_joint_overlap""}"
metaspace-pretrain-repaired-20260923-01__grid_0005__rep_03__frozen_head,metaspace-pretrain-repaired-20260923-01,task_000075,grid_0005,3,axis-200-900,frozen_head,frozen_head,P3_joint_overlap,grid_0005__rep_03,"P3 joint + overlap, fine-tuned, frozen head, 200-900 m/z",axis-200-900/frozen_head,/home/max/repositories/MSIAutoEncoderWrapper/data/kidney_workspace/models/kidney/metaspace-pretrain-repaired-20260923-01__grid_0005__rep_03__frozen_head,276187349,194761695,molecule_vpu,MultiLabelBCELoss,"{""contrastive"": {""peak_permutation"": {""params"": {""annotation_bin_radius"": 0, ""negative_weighting_method"": ""multilabel_jaccard"", ""overlapping_label_negative_weight"": 0.1, ""peak_catalog_limit"": 4096, ""peak_sample_size"": 10000, ""peak_selection_method"": ""permutation_label_invariant"", ""permutation_bank_size"": 7000, ""permutation_selection_attempts"": 64, ""permuted_peaks_per_view"": 3, ""preserve_input_normalization"": true, ""temperature"": 0.07}, ""target"": ""InfoNCELoss"", ""weight"": 0.001}}, ""heads"": {""molecule_vpu"": {""vpu"": {""params"": {""alpha"": 1.0, ""beta"": 1.0, ""consistency_weight"": 0.0, ""negative_weight"": 0.0, ""simulated_negative_weight"": 0.0}, ""target"": ""VariationalPULoss"", ""weight"": 0.2}}}, ""reconstruction"": {""masserstein"": {""target"": ""MassersteinLoss"", ""weight"": 1.0}}, ""regularization"": {""contractive"": {""params"": {""calculation_method"": ""exact_autograd_jacobian"", ""hinge_alpha"": 2.0, ""hinge_threshold"": 7.0, ""input_geometry"": ""fisher_rao"", ""latent_source"": ""auto"", ""penalized_space"": ""u"", ""penalty_metric"": ""spectral_plus_hinged""}, ""target"": ""ContractiveLoss"", ""weight"": 0.002}}}",{},True,True,frozen_head (axis-200-900),P3_joint_overlap__frozen_head__axis_200_900,"P3 joint + overlap, fine-tuned, frozen head, 200-900 m/z",15,#BCBD22,dashed,s,"{""axis"": ""axis-200-900"", ""components"": ""combined"", ""overlap"": 1, ""rare"": 0, ""role"": ""frozen_head"", ""schedule"": ""joint"", ""variant"": ""P3_joint_overlap""}"
metaspace-pretrain-repaired-20260923-01__grid_0005__rep_04__frozen_head,metaspace-pretrain-repaired-20260923-01,task_000078,grid_0005,4,axis-200-900,frozen_head,frozen_head,P3_joint_overlap,grid_0005__rep_04,"P3 joint + overlap, fine-tuned, frozen head, 200-900 m/z",axis-200-900/frozen_head,/home/max/repositories/MSIAutoEncoderWrapper/data/kidney_workspace/models/kidney/metaspace-pretrain-repaired-20260923-01__grid_0005__rep_04__frozen_head,1915557887,1927548799,molecule_vpu,MultiLabelBCELoss,"{""contrastive"": {""peak_permutation"": {""params"": {""annotation_bin_radius"": 0, ""negative_weighting_method"": ""multilabel_jaccard"", ""overlapping_label_negative_weight"": 0.1, ""peak_catalog_limit"": 4096, ""peak_sample_size"": 10000, ""peak_selection_method"": ""permutation_label_invariant"", ""permutation_bank_size"": 7000, ""permutation_selection_attempts"": 64, ""permuted_peaks_per_view"": 3, ""preserve_input_normalization"": true, ""temperature"": 0.07}, ""target"": ""InfoNCELoss"", ""weight"": 0.001}}, ""heads"": {""molecule_vpu"": {""vpu"": {""params"": {""alpha"": 1.0, ""beta"": 1.0, ""consistency_weight"": 0.0, ""negative_weight"": 0.0, ""simulated_negative_weight"": 0.0}, ""target"": ""VariationalPULoss"", ""weight"": 0.2}}}, ""reconstruction"": {""masserstein"": {""target"": ""MassersteinLoss"", ""weight"": 1.0}}, ""regularization"": {""contractive"": {""params"": {""calculation_method"": ""exact_autograd_jacobian"", ""hinge_alpha"": 2.0, ""hinge_threshold"": 7.0, ""input_geometry"": ""fisher_rao"", ""latent_source"": ""auto"", ""penalized_space"": ""u"", ""penalty_metric"": ""spectral_plus_hinged""}, ""target"": ""ContractiveLoss"", ""weight"": 0.002}}}",{},True,True,frozen_head (axis-200-900),P3_joint_overlap__frozen_head__axis_200_900,"P3 joint + overlap, fine-tuned, frozen head, 200-900 m/z",15,#BCBD22,dashed,s,"{""axis"": ""axis-200-900"", ""components"": ""combined"", ""overlap"": 1, ""rare"": 0, ""role"": ""frozen_head"", ""schedule"": ""joint"", ""variant"": ""P3_joint_overlap""}"
metaspace-pretrain-repaired-20260923-01__grid_0005__rep_00__unfrozen_head,metaspace-pretrain-repaired-20260923-01,task_000067,grid_0005,0,axis-200-900,unfrozen_head,unfrozen_head,P3_joint_overlap,grid_0005__rep_00,"P3 joint + overlap, fine-tuned, unfrozen head, 200-900 m/z",axis-200-900/unfrozen_head,/home/max/repositories/MSIAutoEncoderWrapper/data/kidney_workspace/models/kidney/metaspace-pretrain-repaired-20260923-01__grid_0005__rep_00__unfrozen_head,91154199,32238397,molecule_vpu,VariationalPULoss,"{""contrastive"": {""peak_permutation"": {""params"": {""annotation_bin_radius"": 0, ""negative_weighting_method"": ""multilabel_jaccard"", ""overlapping_label_negative_weight"": 0.1, ""peak_catalog_limit"": 4096, ""peak_sample_size"": 10000, ""peak_selection_method"": ""permutation_label_invariant"", ""permutation_bank_size"": 7000, ""permutation_selection_attempts"": 64, ""permuted_peaks_per_view"": 3, ""preserve_input_normalization"": true, ""temperature"": 0.07}, ""target"": ""InfoNCELoss"", ""weight"": 0.001}}, ""heads"": {""molecule_vpu"": {""vpu"": {""params"": {""alpha"": 1.0, ""beta"": 1.0, ""consistency_weight"": 0.0, ""negative_weight"": 0.0, ""simulated_negative_weight"": 0.0}, ""target"": ""VariationalPULoss"", ""weight"": 0.2}}}, ""reconstruction"": {""masserstein"": {""target"": ""MassersteinLoss"", ""weight"": 1.0}}, ""regularization"": {""contractive"": {""params"": {""calculation_method"": ""exact_autograd_jacobian"", ""hinge_alpha"": 2.0, ""hinge_threshold"": 7.0, ""input_geometry"": ""fisher_rao"", ""latent_source"": ""auto"", ""penalized_space"": ""u"", ""penalty_metric"": ""spectral_plus_hinged""}, ""target"": ""ContractiveLoss"", ""weight"": 0.002}}}",{},True,True,unfrozen_head (axis-200-900),P3_joint_overlap__unfrozen_head__axis_200_900,"P3 joint + overlap, fine-tuned, unfrozen head, 200-900 m/z",16,#BCBD22,solid,o,"{""axis"": ""axis-200-900"", ""components"": ""combined"", ""overlap"": 1, ""rare"": 0, ""role"": ""unfrozen_head"", ""schedule"": ""joint"", ""variant"": ""P3_joint_overlap""}"
metaspace-pretrain-repaired-20260923-01__grid_0005__rep_01__unfrozen_head,metaspace-pretrain-repaired-20260923-01,task_000070,grid_0005,1,axis-200-900,unfrozen_head,unfrozen_head,P3_joint_overlap,grid_0005__rep_01,"P3 joint + overlap, fine-tuned, unfrozen head, 200-900 m/z",axis-200-900/unfrozen_head,/home/max/repositories/MSIAutoEncoderWrapper/data/kidney_workspace/models/kidney/metaspace-pretrain-repaired-20260923-01__grid_0005__rep_01__unfrozen_head,919377028,892754137,molecule_vpu,VariationalPULoss,"{""contrastive"": {""peak_permutation"": {""params"": {""annotation_bin_radius"": 0, ""negative_weighting_method"": ""multilabel_jaccard"", ""overlapping_label_negative_weight"": 0.1, ""peak_catalog_limit"": 4096, ""peak_sample_size"": 10000, ""peak_selection_method"": ""permutation_label_invariant"", ""permutation_bank_size"": 7000, ""permutation_selection_attempts"": 64, ""permuted_peaks_per_view"": 3, ""preserve_input_normalization"": true, ""temperature"": 0.07}, ""target"": ""InfoNCELoss"", ""weight"": 0.001}}, ""heads"": {""molecule_vpu"": {""vpu"": {""params"": {""alpha"": 1.0, ""beta"": 1.0, ""consistency_weight"": 0.0, ""negative_weight"": 0.0, ""simulated_negative_weight"": 0.0}, ""target"": ""VariationalPULoss"", ""weight"": 0.2}}}, ""reconstruction"": {""masserstein"": {""target"": ""MassersteinLoss"", ""weight"": 1.0}}, ""regularization"": {""contractive"": {""params"": {""calculation_method"": ""exact_autograd_jacobian"", ""hinge_alpha"": 2.0, ""hinge_threshold"": 7.0, ""input_geometry"": ""fisher_rao"", ""latent_source"": ""auto"", ""penalized_space"": ""u"", ""penalty_metric"": ""spectral_plus_hinged""}, ""target"": ""ContractiveLoss"", ""weight"": 0.002}}}",{},True,True,unfrozen_head (axis-200-900),P3_joint_overlap__unfrozen_head__axis_200_900,"P3 joint + overlap, fine-tuned, unfrozen head, 200-900 m/z",16,#BCBD22,solid,o,"{""axis"": ""axis-200-900"", ""components"": ""combined"", ""overlap"": 1, ""rare"": 0, ""role"": ""unfrozen_head"", ""schedule"": ""joint"", ""variant"": ""P3_joint_overlap""}"
metaspace-pretrain-repaired-20260923-01__grid_0005__rep_02__unfrozen_head,metaspace-pretrain-repaired-20260923-01,task_000073,grid_0005,2,axis-200-900,unfrozen_head,unfrozen_head,P3_joint_overlap,grid_0005__rep_02,"P3 joint + overlap, fine-tuned, unfrozen head, 200-900 m/z",axis-200-900/unfrozen_head,/home/max/repositories/MSIAutoEncoderWrapper/data/kidney_workspace/models/kidney/metaspace-pretrain-repaired-20260923-01__grid_0005__rep_02__unfrozen_head,2136253289,442265914,molecule_vpu,VariationalPULoss,"{""contrastive"": {""peak_permutation"": {""params"": {""annotation_bin_radius"": 0, ""negative_weighting_method"": ""multilabel_jaccard"", ""overlapping_label_negative_weight"": 0.1, ""peak_catalog_limit"": 4096, ""peak_sample_size"": 10000, ""peak_selection_method"": ""permutation_label_invariant"", ""permutation_bank_size"": 7000, ""permutation_selection_attempts"": 64, ""permuted_peaks_per_view"": 3, ""preserve_input_normalization"": true, ""temperature"": 0.07}, ""target"": ""InfoNCELoss"", ""weight"": 0.001}}, ""heads"": {""molecule_vpu"": {""vpu"": {""params"": {""alpha"": 1.0, ""beta"": 1.0, ""consistency_weight"": 0.0, ""negative_weight"": 0.0, ""simulated_negative_weight"": 0.0}, ""target"": ""VariationalPULoss"", ""weight"": 0.2}}}, ""reconstruction"": {""masserstein"": {""target"": ""MassersteinLoss"", ""weight"": 1.0}}, ""regularization"": {""contractive"": {""params"": {""calculation_method"": ""exact_autograd_jacobian"", ""hinge_alpha"": 2.0, ""hinge_threshold"": 7.0, ""input_geometry"": ""fisher_rao"", ""latent_source"": ""auto"", ""penalized_space"": ""u"", ""penalty_metric"": ""spectral_plus_hinged""}, ""target"": ""ContractiveLoss"", ""weight"": 0.002}}}",{},True,True,unfrozen_head (axis-200-900),P3_joint_overlap__unfrozen_head__axis_200_900,"P3 joint + overlap, fine-tuned, unfrozen head, 200-900 m/z",16,#BCBD22,solid,o,"{""axis"": ""axis-200-900"", ""components"": ""combined"", ""overlap"": 1, ""rare"": 0, ""role"": ""unfrozen_head"", ""schedule"": ""joint"", ""variant"": ""P3_joint_overlap""}"
metaspace-pretrain-repaired-20260923-01__grid_0005__rep_03__unfrozen_head,metaspace-pretrain-repaired-20260923-01,task_000076,grid_0005,3,axis-200-900,unfrozen_head,unfrozen_head,P3_joint_overlap,grid_0005__rep_03,"P3 joint + overlap, fine-tuned, unfrozen head, 200-900 m/z",axis-200-900/unfrozen_head,/home/max/repositories/MSIAutoEncoderWrapper/data/kidney_workspace/models/kidney/metaspace-pretrain-repaired-20260923-01__grid_0005__rep_03__unfrozen_head,276187349,194761695,molecule_vpu,VariationalPULoss,"{""contrastive"": {""peak_permutation"": {""params"": {""annotation_bin_radius"": 0, ""negative_weighting_method"": ""multilabel_jaccard"", ""overlapping_label_negative_weight"": 0.1, ""peak_catalog_limit"": 4096, ""peak_sample_size"": 10000, ""peak_selection_method"": ""permutation_label_invariant"", ""permutation_bank_size"": 7000, ""permutation_selection_attempts"": 64, ""permuted_peaks_per_view"": 3, ""preserve_input_normalization"": true, ""temperature"": 0.07}, ""target"": ""InfoNCELoss"", ""weight"": 0.001}}, ""heads"": {""molecule_vpu"": {""vpu"": {""params"": {""alpha"": 1.0, ""beta"": 1.0, ""consistency_weight"": 0.0, ""negative_weight"": 0.0, ""simulated_negative_weight"": 0.0}, ""target"": ""VariationalPULoss"", ""weight"": 0.2}}}, ""reconstruction"": {""masserstein"": {""target"": ""MassersteinLoss"", ""weight"": 1.0}}, ""regularization"": {""contractive"": {""params"": {""calculation_method"": ""exact_autograd_jacobian"", ""hinge_alpha"": 2.0, ""hinge_threshold"": 7.0, ""input_geometry"": ""fisher_rao"", ""latent_source"": ""auto"", ""penalized_space"": ""u"", ""penalty_metric"": ""spectral_plus_hinged""}, ""target"": ""ContractiveLoss"", ""weight"": 0.002}}}",{},True,True,unfrozen_head (axis-200-900),P3_joint_overlap__unfrozen_head__axis_200_900,"P3 joint + overlap, fine-tuned, unfrozen head, 200-900 m/z",16,#BCBD22,solid,o,"{""axis"": ""axis-200-900"", ""components"": ""combined"", ""overlap"": 1, ""rare"": 0, ""role"": ""unfrozen_head"", ""schedule"": ""joint"", ""variant"": ""P3_joint_overlap""}"
metaspace-pretrain-repaired-20260923-01__grid_0005__rep_04__unfrozen_head,metaspace-pretrain-repaired-20260923-01,task_000079,grid_0005,4,axis-200-900,unfrozen_head,unfrozen_head,P3_joint_overlap,grid_0005__rep_04,"P3 joint + overlap, fine-tuned, unfrozen head, 200-900 m/z",axis-200-900/unfrozen_head,/home/max/repositories/MSIAutoEncoderWrapper/data/kidney_workspace/models/kidney/metaspace-pretrain-repaired-20260923-01__grid_0005__rep_04__unfrozen_head,1915557887,1927548799,molecule_vpu,VariationalPULoss,"{""contrastive"": {""peak_permutation"": {""params"": {""annotation_bin_radius"": 0, ""negative_weighting_method"": ""multilabel_jaccard"", ""overlapping_label_negative_weight"": 0.1, ""peak_catalog_limit"": 4096, ""peak_sample_size"": 10000, ""peak_selection_method"": ""permutation_label_invariant"", ""permutation_bank_size"": 7000, ""permutation_selection_attempts"": 64, ""permuted_peaks_per_view"": 3, ""preserve_input_normalization"": true, ""temperature"": 0.07}, ""target"": ""InfoNCELoss"", ""weight"": 0.001}}, ""heads"": {""molecule_vpu"": {""vpu"": {""params"": {""alpha"": 1.0, ""beta"": 1.0, ""consistency_weight"": 0.0, ""negative_weight"": 0.0, ""simulated_negative_weight"": 0.0}, ""target"": ""VariationalPULoss"", ""weight"": 0.2}}}, ""reconstruction"": {""masserstein"": {""target"": ""MassersteinLoss"", ""weight"": 1.0}}, ""regularization"": {""contractive"": {""params"": {""calculation_method"": ""exact_autograd_jacobian"", ""hinge_alpha"": 2.0, ""hinge_threshold"": 7.0, ""input_geometry"": ""fisher_rao"", ""latent_source"": ""auto"", ""penalized_space"": ""u"", ""penalty_metric"": ""spectral_plus_hinged""}, ""target"": ""ContractiveLoss"", ""weight"": 0.002}}}",{},True,True,unfrozen_head (axis-200-900),P3_joint_overlap__unfrozen_head__axis_200_900,"P3 joint + overlap, fine-tuned, unfrozen head, 200-900 m/z",16,#BCBD22,solid,o,"{""axis"": ""axis-200-900"", ""components"": ""combined"", ""overlap"": 1, ""rare"": 0, ""role"": ""unfrozen_head"", ""schedule"": ""joint"", ""variant"": ""P3_joint_overlap""}"
metaspace-pretrain-repaired-20260923-01__grid_0006__rep_00__pretrained,metaspace-pretrain-repaired-20260923-01,task_000080,grid_0006,0,axis-200-900,pretrained,pretrained,P3_staged_overlap,grid_0006__rep_00,"P3 staged + overlap, pretrained, 200-900 m/z",axis-200-900/pretrained,/home/max/repositories/MSIAutoEncoderWrapper/data/kidney_workspace/models/kidney/metaspace-pretrain-repaired-20260923-01__grid_0006__rep_00__pretrained,91154199,32238397,molecule_vpu,MultiLabelBCELoss,"{""contrastive"": {""peak_permutation"": {""params"": {""annotation_bin_radius"": 0, ""negative_weighting_method"": ""multilabel_jaccard"", ""overlapping_label_negative_weight"": 0.1, ""peak_catalog_limit"": 4096, ""peak_sample_size"": 10000, ""peak_selection_method"": ""permutation_label_invariant"", ""permutation_bank_size"": 7000, ""permutation_selection_attempts"": 64, ""permuted_peaks_per_view"": 3, ""preserve_input_normalization"": true, ""temperature"": 0.07}, ""target"": ""InfoNCELoss"", ""weight"": 0.001}}, ""heads"": {""molecule_vpu"": {""vpu"": {""params"": {""alpha"": 1.0, ""beta"": 1.0, ""consistency_weight"": 0.0, ""negative_weight"": 0.0, ""simulated_negative_weight"": 0.0}, ""target"": ""VariationalPULoss"", ""weight"": 0.2}}}, ""reconstruction"": {""masserstein"": {""target"": ""MassersteinLoss"", ""weight"": 1.0}}, ""regularization"": {""contractive"": {""params"": {""calculation_method"": ""exact_autograd_jacobian"", ""hinge_alpha"": 2.0, ""hinge_threshold"": 7.0, ""input_geometry"": ""fisher_rao"", ""latent_source"": ""auto"", ""penalized_space"": ""u"", ""penalty_metric"": ""spectral_plus_hinged""}, ""target"": ""ContractiveLoss"", ""weight"": 0.002}}}",{},True,True,pretrained (axis-200-900),P3_staged_overlap__pretrained__axis_200_900,"P3 staged + overlap, pretrained, 200-900 m/z",17,#DBDB8D,dotted,^,"{""axis"": ""axis-200-900"", ""components"": ""combined"", ""overlap"": 1, ""rare"": 0, ""role"": ""pretrained"", ""schedule"": ""staged"", ""variant"": ""P3_staged_overlap""}"
metaspace-pretrain-repaired-20260923-01__grid_0006__rep_01__pretrained,metaspace-pretrain-repaired-20260923-01,task_000083,grid_0006,1,axis-200-900,pretrained,pretrained,P3_staged_overlap,grid_0006__rep_01,"P3 staged + overlap, pretrained, 200-900 m/z",axis-200-900/pretrained,/home/max/repositories/MSIAutoEncoderWrapper/data/kidney_workspace/models/kidney/metaspace-pretrain-repaired-20260923-01__grid_0006__rep_01__pretrained,919377028,892754137,molecule_vpu,MultiLabelBCELoss,"{""contrastive"": {""peak_permutation"": {""params"": {""annotation_bin_radius"": 0, ""negative_weighting_method"": ""multilabel_jaccard"", ""overlapping_label_negative_weight"": 0.1, ""peak_catalog_limit"": 4096, ""peak_sample_size"": 10000, ""peak_selection_method"": ""permutation_label_invariant"", ""permutation_bank_size"": 7000, ""permutation_selection_attempts"": 64, ""permuted_peaks_per_view"": 3, ""preserve_input_normalization"": true, ""temperature"": 0.07}, ""target"": ""InfoNCELoss"", ""weight"": 0.001}}, ""heads"": {""molecule_vpu"": {""vpu"": {""params"": {""alpha"": 1.0, ""beta"": 1.0, ""consistency_weight"": 0.0, ""negative_weight"": 0.0, ""simulated_negative_weight"": 0.0}, ""target"": ""VariationalPULoss"", ""weight"": 0.2}}}, ""reconstruction"": {""masserstein"": {""target"": ""MassersteinLoss"", ""weight"": 1.0}}, ""regularization"": {""contractive"": {""params"": {""calculation_method"": ""exact_autograd_jacobian"", ""hinge_alpha"": 2.0, ""hinge_threshold"": 7.0, ""input_geometry"": ""fisher_rao"", ""latent_source"": ""auto"", ""penalized_space"": ""u"", ""penalty_metric"": ""spectral_plus_hinged""}, ""target"": ""ContractiveLoss"", ""weight"": 0.002}}}",{},True,True,pretrained (axis-200-900),P3_staged_overlap__pretrained__axis_200_900,"P3 staged + overlap, pretrained, 200-900 m/z",17,#DBDB8D,dotted,^,"{""axis"": ""axis-200-900"", ""components"": ""combined"", ""overlap"": 1, ""rare"": 0, ""role"": ""pretrained"", ""schedule"": ""staged"", ""variant"": ""P3_staged_overlap""}"
metaspace-pretrain-repaired-20260923-01__grid_0006__rep_02__pretrained,metaspace-pretrain-repaired-20260923-01,task_000086,grid_0006,2,axis-200-900,pretrained,pretrained,P3_staged_overlap,grid_0006__rep_02,"P3 staged + overlap, pretrained, 200-900 m/z",axis-200-900/pretrained,/home/max/repositories/MSIAutoEncoderWrapper/data/kidney_workspace/models/kidney/metaspace-pretrain-repaired-20260923-01__grid_0006__rep_02__pretrained,2136253289,442265914,molecule_vpu,MultiLabelBCELoss,"{""contrastive"": {""peak_permutation"": {""params"": {""annotation_bin_radius"": 0, ""negative_weighting_method"": ""multilabel_jaccard"", ""overlapping_label_negative_weight"": 0.1, ""peak_catalog_limit"": 4096, ""peak_sample_size"": 10000, ""peak_selection_method"": ""permutation_label_invariant"", ""permutation_bank_size"": 7000, ""permutation_selection_attempts"": 64, ""permuted_peaks_per_view"": 3, ""preserve_input_normalization"": true, ""temperature"": 0.07}, ""target"": ""InfoNCELoss"", ""weight"": 0.001}}, ""heads"": {""molecule_vpu"": {""vpu"": {""params"": {""alpha"": 1.0, ""beta"": 1.0, ""consistency_weight"": 0.0, ""negative_weight"": 0.0, ""simulated_negative_weight"": 0.0}, ""target"": ""VariationalPULoss"", ""weight"": 0.2}}}, ""reconstruction"": {""masserstein"": {""target"": ""MassersteinLoss"", ""weight"": 1.0}}, ""regularization"": {""contractive"": {""params"": {""calculation_method"": ""exact_autograd_jacobian"", ""hinge_alpha"": 2.0, ""hinge_threshold"": 7.0, ""input_geometry"": ""fisher_rao"", ""latent_source"": ""auto"", ""penalized_space"": ""u"", ""penalty_metric"": ""spectral_plus_hinged""}, ""target"": ""ContractiveLoss"", ""weight"": 0.002}}}",{},True,True,pretrained (axis-200-900),P3_staged_overlap__pretrained__axis_200_900,"P3 staged + overlap, pretrained, 200-900 m/z",17,#DBDB8D,dotted,^,"{""axis"": ""axis-200-900"", ""components"": ""combined"", ""overlap"": 1, ""rare"": 0, ""role"": ""pretrained"", ""schedule"": ""staged"", ""variant"": ""P3_staged_overlap""}"
metaspace-pretrain-repaired-20260923-01__grid_0006__rep_03__pretrained,metaspace-pretrain-repaired-20260923-01,task_000089,grid_0006,3,axis-200-900,pretrained,pretrained,P3_staged_overlap,grid_0006__rep_03,"P3 staged + overlap, pretrained, 200-900 m/z",axis-200-900/pretrained,/home/max/repositories/MSIAutoEncoderWrapper/data/kidney_workspace/models/kidney/metaspace-pretrain-repaired-20260923-01__grid_0006__rep_03__pretrained,276187349,194761695,molecule_vpu,MultiLabelBCELoss,"{""contrastive"": {""peak_permutation"": {""params"": {""annotation_bin_radius"": 0, ""negative_weighting_method"": ""multilabel_jaccard"", ""overlapping_label_negative_weight"": 0.1, ""peak_catalog_limit"": 4096, ""peak_sample_size"": 10000, ""peak_selection_method"": ""permutation_label_invariant"", ""permutation_bank_size"": 7000, ""permutation_selection_attempts"": 64, ""permuted_peaks_per_view"": 3, ""preserve_input_normalization"": true, ""temperature"": 0.07}, ""target"": ""InfoNCELoss"", ""weight"": 0.001}}, ""heads"": {""molecule_vpu"": {""vpu"": {""params"": {""alpha"": 1.0, ""beta"": 1.0, ""consistency_weight"": 0.0, ""negative_weight"": 0.0, ""simulated_negative_weight"": 0.0}, ""target"": ""VariationalPULoss"", ""weight"": 0.2}}}, ""reconstruction"": {""masserstein"": {""target"": ""MassersteinLoss"", ""weight"": 1.0}}, ""regularization"": {""contractive"": {""params"": {""calculation_method"": ""exact_autograd_jacobian"", ""hinge_alpha"": 2.0, ""hinge_threshold"": 7.0, ""input_geometry"": ""fisher_rao"", ""latent_source"": ""auto"", ""penalized_space"": ""u"", ""penalty_metric"": ""spectral_plus_hinged""}, ""target"": ""ContractiveLoss"", ""weight"": 0.002}}}",{},True,True,pretrained (axis-200-900),P3_staged_overlap__pretrained__axis_200_900,"P3 staged + overlap, pretrained, 200-900 m/z",17,#DBDB8D,dotted,^,"{""axis"": ""axis-200-900"", ""components"": ""combined"", ""overlap"": 1, ""rare"": 0, ""role"": ""pretrained"", ""schedule"": ""staged"", ""variant"": ""P3_staged_overlap""}"
metaspace-pretrain-repaired-20260923-01__grid_0006__rep_04__pretrained,metaspace-pretrain-repaired-20260923-01,task_000092,grid_0006,4,axis-200-900,pretrained,pretrained,P3_staged_overlap,grid_0006__rep_04,"P3 staged + overlap, pretrained, 200-900 m/z",axis-200-900/pretrained,/home/max/repositories/MSIAutoEncoderWrapper/data/kidney_workspace/models/kidney/metaspace-pretrain-repaired-20260923-01__grid_0006__rep_04__pretrained,1915557887,1927548799,molecule_vpu,MultiLabelBCELoss,"{""contrastive"": {""peak_permutation"": {""params"": {""annotation_bin_radius"": 0, ""negative_weighting_method"": ""multilabel_jaccard"", ""overlapping_label_negative_weight"": 0.1, ""peak_catalog_limit"": 4096, ""peak_sample_size"": 10000, ""peak_selection_method"": ""permutation_label_invariant"", ""permutation_bank_size"": 7000, ""permutation_selection_attempts"": 64, ""permuted_peaks_per_view"": 3, ""preserve_input_normalization"": true, ""temperature"": 0.07}, ""target"": ""InfoNCELoss"", ""weight"": 0.001}}, ""heads"": {""molecule_vpu"": {""vpu"": {""params"": {""alpha"": 1.0, ""beta"": 1.0, ""consistency_weight"": 0.0, ""negative_weight"": 0.0, ""simulated_negative_weight"": 0.0}, ""target"": ""VariationalPULoss"", ""weight"": 0.2}}}, ""reconstruction"": {""masserstein"": {""target"": ""MassersteinLoss"", ""weight"": 1.0}}, ""regularization"": {""contractive"": {""params"": {""calculation_method"": ""exact_autograd_jacobian"", ""hinge_alpha"": 2.0, ""hinge_threshold"": 7.0, ""input_geometry"": ""fisher_rao"", ""latent_source"": ""auto"", ""penalized_space"": ""u"", ""penalty_metric"": ""spectral_plus_hinged""}, ""target"": ""ContractiveLoss"", ""weight"": 0.002}}}",{},True,True,pretrained (axis-200-900),P3_staged_overlap__pretrained__axis_200_900,"P3 staged + overlap, pretrained, 200-900 m/z",17,#DBDB8D,dotted,^,"{""axis"": ""axis-200-900"", ""components"": ""combined"", ""overlap"": 1, ""rare"": 0, ""role"": ""pretrained"", ""schedule"": ""staged"", ""variant"": ""P3_staged_overlap""}"
metaspace-pretrain-repaired-20260923-01__grid_0006__rep_00__frozen_head,metaspace-pretrain-repaired-20260923-01,task_000081,grid_0006,0,axis-200-900,frozen_head,frozen_head,P3_staged_overlap,grid_0006__rep_00,"P3 staged + overlap, fine-tuned, frozen head, 200-900 m/z",axis-200-900/frozen_head,/home/max/repositories/MSIAutoEncoderWrapper/data/kidney_workspace/models/kidney/metaspace-pretrain-repaired-20260923-01__grid_0006__rep_00__frozen_head,91154199,32238397,molecule_vpu,MultiLabelBCELoss,"{""contrastive"": {""peak_permutation"": {""params"": {""annotation_bin_radius"": 0, ""negative_weighting_method"": ""multilabel_jaccard"", ""overlapping_label_negative_weight"": 0.1, ""peak_catalog_limit"": 4096, ""peak_sample_size"": 10000, ""peak_selection_method"": ""permutation_label_invariant"", ""permutation_bank_size"": 7000, ""permutation_selection_attempts"": 64, ""permuted_peaks_per_view"": 3, ""preserve_input_normalization"": true, ""temperature"": 0.07}, ""target"": ""InfoNCELoss"", ""weight"": 0.001}}, ""heads"": {""molecule_vpu"": {""vpu"": {""params"": {""alpha"": 1.0, ""beta"": 1.0, ""consistency_weight"": 0.0, ""negative_weight"": 0.0, ""simulated_negative_weight"": 0.0}, ""target"": ""VariationalPULoss"", ""weight"": 0.2}}}, ""reconstruction"": {""masserstein"": {""target"": ""MassersteinLoss"", ""weight"": 1.0}}, ""regularization"": {""contractive"": {""params"": {""calculation_method"": ""exact_autograd_jacobian"", ""hinge_alpha"": 2.0, ""hinge_threshold"": 7.0, ""input_geometry"": ""fisher_rao"", ""latent_source"": ""auto"", ""penalized_space"": ""u"", ""penalty_metric"": ""spectral_plus_hinged""}, ""target"": ""ContractiveLoss"", ""weight"": 0.002}}}",{},True,True,frozen_head (axis-200-900),P3_staged_overlap__frozen_head__axis_200_900,"P3 staged + overlap, fine-tuned, frozen head, 200-900 m/z",18,#DBDB8D,dashed,s,"{""axis"": ""axis-200-900"", ""components"": ""combined"", ""overlap"": 1, ""rare"": 0, ""role"": ""frozen_head"", ""schedule"": ""staged"", ""variant"": ""P3_staged_overlap""}"
metaspace-pretrain-repaired-20260923-01__grid_0006__rep_01__frozen_head,metaspace-pretrain-repaired-20260923-01,task_000084,grid_0006,1,axis-200-900,frozen_head,frozen_head,P3_staged_overlap,grid_0006__rep_01,"P3 staged + overlap, fine-tuned, frozen head, 200-900 m/z",axis-200-900/frozen_head,/home/max/repositories/MSIAutoEncoderWrapper/data/kidney_workspace/models/kidney/metaspace-pretrain-repaired-20260923-01__grid_0006__rep_01__frozen_head,919377028,892754137,molecule_vpu,MultiLabelBCELoss,"{""contrastive"": {""peak_permutation"": {""params"": {""annotation_bin_radius"": 0, ""negative_weighting_method"": ""multilabel_jaccard"", ""overlapping_label_negative_weight"": 0.1, ""peak_catalog_limit"": 4096, ""peak_sample_size"": 10000, ""peak_selection_method"": ""permutation_label_invariant"", ""permutation_bank_size"": 7000, ""permutation_selection_attempts"": 64, ""permuted_peaks_per_view"": 3, ""preserve_input_normalization"": true, ""temperature"": 0.07}, ""target"": ""InfoNCELoss"", ""weight"": 0.001}}, ""heads"": {""molecule_vpu"": {""vpu"": {""params"": {""alpha"": 1.0, ""beta"": 1.0, ""consistency_weight"": 0.0, ""negative_weight"": 0.0, ""simulated_negative_weight"": 0.0}, ""target"": ""VariationalPULoss"", ""weight"": 0.2}}}, ""reconstruction"": {""masserstein"": {""target"": ""MassersteinLoss"", ""weight"": 1.0}}, ""regularization"": {""contractive"": {""params"": {""calculation_method"": ""exact_autograd_jacobian"", ""hinge_alpha"": 2.0, ""hinge_threshold"": 7.0, ""input_geometry"": ""fisher_rao"", ""latent_source"": ""auto"", ""penalized_space"": ""u"", ""penalty_metric"": ""spectral_plus_hinged""}, ""target"": ""ContractiveLoss"", ""weight"": 0.002}}}",{},True,True,frozen_head (axis-200-900),P3_staged_overlap__frozen_head__axis_200_900,"P3 staged + overlap, fine-tuned, frozen head, 200-900 m/z",18,#DBDB8D,dashed,s,"{""axis"": ""axis-200-900"", ""components"": ""combined"", ""overlap"": 1, ""rare"": 0, ""role"": ""frozen_head"", ""schedule"": ""staged"", ""variant"": ""P3_staged_overlap""}"
metaspace-pretrain-repaired-20260923-01__grid_0006__rep_02__frozen_head,metaspace-pretrain-repaired-20260923-01,task_000087,grid_0006,2,axis-200-900,frozen_head,frozen_head,P3_staged_overlap,grid_0006__rep_02,"P3 staged + overlap, fine-tuned, frozen head, 200-900 m/z",axis-200-900/frozen_head,/home/max/repositories/MSIAutoEncoderWrapper/data/kidney_workspace/models/kidney/metaspace-pretrain-repaired-20260923-01__grid_0006__rep_02__frozen_head,2136253289,442265914,molecule_vpu,MultiLabelBCELoss,"{""contrastive"": {""peak_permutation"": {""params"": {""annotation_bin_radius"": 0, ""negative_weighting_method"": ""multilabel_jaccard"", ""overlapping_label_negative_weight"": 0.1, ""peak_catalog_limit"": 4096, ""peak_sample_size"": 10000, ""peak_selection_method"": ""permutation_label_invariant"", ""permutation_bank_size"": 7000, ""permutation_selection_attempts"": 64, ""permuted_peaks_per_view"": 3, ""preserve_input_normalization"": true, ""temperature"": 0.07}, ""target"": ""InfoNCELoss"", ""weight"": 0.001}}, ""heads"": {""molecule_vpu"": {""vpu"": {""params"": {""alpha"": 1.0, ""beta"": 1.0, ""consistency_weight"": 0.0, ""negative_weight"": 0.0, ""simulated_negative_weight"": 0.0}, ""target"": ""VariationalPULoss"", ""weight"": 0.2}}}, ""reconstruction"": {""masserstein"": {""target"": ""MassersteinLoss"", ""weight"": 1.0}}, ""regularization"": {""contractive"": {""params"": {""calculation_method"": ""exact_autograd_jacobian"", ""hinge_alpha"": 2.0, ""hinge_threshold"": 7.0, ""input_geometry"": ""fisher_rao"", ""latent_source"": ""auto"", ""penalized_space"": ""u"", ""penalty_metric"": ""spectral_plus_hinged""}, ""target"": ""ContractiveLoss"", ""weight"": 0.002}}}",{},True,True,frozen_head (axis-200-900),P3_staged_overlap__frozen_head__axis_200_900,"P3 staged + overlap, fine-tuned, frozen head, 200-900 m/z",18,#DBDB8D,dashed,s,"{""axis"": ""axis-200-900"", ""components"": ""combined"", ""overlap"": 1, ""rare"": 0, ""role"": ""frozen_head"", ""schedule"": ""staged"", ""variant"": ""P3_staged_overlap""}"
metaspace-pretrain-repaired-20260923-01__grid_0006__rep_03__frozen_head,metaspace-pretrain-repaired-20260923-01,task_000090,grid_0006,3,axis-200-900,frozen_head,frozen_head,P3_staged_overlap,grid_0006__rep_03,"P3 staged + overlap, fine-tuned, frozen head, 200-900 m/z",axis-200-900/frozen_head,/home/max/repositories/MSIAutoEncoderWrapper/data/kidney_workspace/models/kidney/metaspace-pretrain-repaired-20260923-01__grid_0006__rep_03__frozen_head,276187349,194761695,molecule_vpu,MultiLabelBCELoss,"{""contrastive"": {""peak_permutation"": {""params"": {""annotation_bin_radius"": 0, ""negative_weighting_method"": ""multilabel_jaccard"", ""overlapping_label_negative_weight"": 0.1, ""peak_catalog_limit"": 4096, ""peak_sample_size"": 10000, ""peak_selection_method"": ""permutation_label_invariant"", ""permutation_bank_size"": 7000, ""permutation_selection_attempts"": 64, ""permuted_peaks_per_view"": 3, ""preserve_input_normalization"": true, ""temperature"": 0.07}, ""target"": ""InfoNCELoss"", ""weight"": 0.001}}, ""heads"": {""molecule_vpu"": {""vpu"": {""params"": {""alpha"": 1.0, ""beta"": 1.0, ""consistency_weight"": 0.0, ""negative_weight"": 0.0, ""simulated_negative_weight"": 0.0}, ""target"": ""VariationalPULoss"", ""weight"": 0.2}}}, ""reconstruction"": {""masserstein"": {""target"": ""MassersteinLoss"", ""weight"": 1.0}}, ""regularization"": {""contractive"": {""params"": {""calculation_method"": ""exact_autograd_jacobian"", ""hinge_alpha"": 2.0, ""hinge_threshold"": 7.0, ""input_geometry"": ""fisher_rao"", ""latent_source"": ""auto"", ""penalized_space"": ""u"", ""penalty_metric"": ""spectral_plus_hinged""}, ""target"": ""ContractiveLoss"", ""weight"": 0.002}}}",{},True,True,frozen_head (axis-200-900),P3_staged_overlap__frozen_head__axis_200_900,"P3 staged + overlap, fine-tuned, frozen head, 200-900 m/z",18,#DBDB8D,dashed,s,"{""axis"": ""axis-200-900"", ""components"": ""combined"", ""overlap"": 1, ""rare"": 0, ""role"": ""frozen_head"", ""schedule"": ""staged"", ""variant"": ""P3_staged_overlap""}"
metaspace-pretrain-repaired-20260923-01__grid_0006__rep_04__frozen_head,metaspace-pretrain-repaired-20260923-01,task_000093,grid_0006,4,axis-200-900,frozen_head,frozen_head,P3_staged_overlap,grid_0006__rep_04,"P3 staged + overlap, fine-tuned, frozen head, 200-900 m/z",axis-200-900/frozen_head,/home/max/repositories/MSIAutoEncoderWrapper/data/kidney_workspace/models/kidney/metaspace-pretrain-repaired-20260923-01__grid_0006__rep_04__frozen_head,1915557887,1927548799,molecule_vpu,MultiLabelBCELoss,"{""contrastive"": {""peak_permutation"": {""params"": {""annotation_bin_radius"": 0, ""negative_weighting_method"": ""multilabel_jaccard"", ""overlapping_label_negative_weight"": 0.1, ""peak_catalog_limit"": 4096, ""peak_sample_size"": 10000, ""peak_selection_method"": ""permutation_label_invariant"", ""permutation_bank_size"": 7000, ""permutation_selection_attempts"": 64, ""permuted_peaks_per_view"": 3, ""preserve_input_normalization"": true, ""temperature"": 0.07}, ""target"": ""InfoNCELoss"", ""weight"": 0.001}}, ""heads"": {""molecule_vpu"": {""vpu"": {""params"": {""alpha"": 1.0, ""beta"": 1.0, ""consistency_weight"": 0.0, ""negative_weight"": 0.0, ""simulated_negative_weight"": 0.0}, ""target"": ""VariationalPULoss"", ""weight"": 0.2}}}, ""reconstruction"": {""masserstein"": {""target"": ""MassersteinLoss"", ""weight"": 1.0}}, ""regularization"": {""contractive"": {""params"": {""calculation_method"": ""exact_autograd_jacobian"", ""hinge_alpha"": 2.0, ""hinge_threshold"": 7.0, ""input_geometry"": ""fisher_rao"", ""latent_source"": ""auto"", ""penalized_space"": ""u"", ""penalty_metric"": ""spectral_plus_hinged""}, ""target"": ""ContractiveLoss"", ""weight"": 0.002}}}",{},True,True,frozen_head (axis-200-900),P3_staged_overlap__frozen_head__axis_200_900,"P3 staged + overlap, fine-tuned, frozen head, 200-900 m/z",18,#DBDB8D,dashed,s,"{""axis"": ""axis-200-900"", ""components"": ""combined"", ""overlap"": 1, ""rare"": 0, ""role"": ""frozen_head"", ""schedule"": ""staged"", ""variant"": ""P3_staged_overlap""}"
metaspace-pretrain-repaired-20260923-01__grid_0006__rep_00__unfrozen_head,metaspace-pretrain-repaired-20260923-01,task_000082,grid_0006,0,axis-200-900,unfrozen_head,unfrozen_head,P3_staged_overlap,grid_0006__rep_00,"P3 staged + overlap, fine-tuned, unfrozen head, 200-900 m/z",axis-200-900/unfrozen_head,/home/max/repositories/MSIAutoEncoderWrapper/data/kidney_workspace/models/kidney/metaspace-pretrain-repaired-20260923-01__grid_0006__rep_00__unfrozen_head,91154199,32238397,molecule_vpu,VariationalPULoss,"{""contrastive"": {""peak_permutation"": {""params"": {""annotation_bin_radius"": 0, ""negative_weighting_method"": ""multilabel_jaccard"", ""overlapping_label_negative_weight"": 0.1, ""peak_catalog_limit"": 4096, ""peak_sample_size"": 10000, ""peak_selection_method"": ""permutation_label_invariant"", ""permutation_bank_size"": 7000, ""permutation_selection_attempts"": 64, ""permuted_peaks_per_view"": 3, ""preserve_input_normalization"": true, ""temperature"": 0.07}, ""target"": ""InfoNCELoss"", ""weight"": 0.001}}, ""heads"": {""molecule_vpu"": {""vpu"": {""params"": {""alpha"": 1.0, ""beta"": 1.0, ""consistency_weight"": 0.0, ""negative_weight"": 0.0, ""simulated_negative_weight"": 0.0}, ""target"": ""VariationalPULoss"", ""weight"": 0.2}}}, ""reconstruction"": {""masserstein"": {""target"": ""MassersteinLoss"", ""weight"": 1.0}}, ""regularization"": {""contractive"": {""params"": {""calculation_method"": ""exact_autograd_jacobian"", ""hinge_alpha"": 2.0, ""hinge_threshold"": 7.0, ""input_geometry"": ""fisher_rao"", ""latent_source"": ""auto"", ""penalized_space"": ""u"", ""penalty_metric"": ""spectral_plus_hinged""}, ""target"": ""ContractiveLoss"", ""weight"": 0.002}}}",{},True,True,unfrozen_head (axis-200-900),P3_staged_overlap__unfrozen_head__axis_200_900,"P3 staged + overlap, fine-tuned, unfrozen head, 200-900 m/z",19,#DBDB8D,solid,o,"{""axis"": ""axis-200-900"", ""components"": ""combined"", ""overlap"": 1, ""rare"": 0, ""role"": ""unfrozen_head"", ""schedule"": ""staged"", ""variant"": ""P3_staged_overlap""}"
metaspace-pretrain-repaired-20260923-01__grid_0006__rep_01__unfrozen_head,metaspace-pretrain-repaired-20260923-01,task_000085,grid_0006,1,axis-200-900,unfrozen_head,unfrozen_head,P3_staged_overlap,grid_0006__rep_01,"P3 staged + overlap, fine-tuned, unfrozen head, 200-900 m/z",axis-200-900/unfrozen_head,/home/max/repositories/MSIAutoEncoderWrapper/data/kidney_workspace/models/kidney/metaspace-pretrain-repaired-20260923-01__grid_0006__rep_01__unfrozen_head,919377028,892754137,molecule_vpu,VariationalPULoss,"{""contrastive"": {""peak_permutation"": {""params"": {""annotation_bin_radius"": 0, ""negative_weighting_method"": ""multilabel_jaccard"", ""overlapping_label_negative_weight"": 0.1, ""peak_catalog_limit"": 4096, ""peak_sample_size"": 10000, ""peak_selection_method"": ""permutation_label_invariant"", ""permutation_bank_size"": 7000, ""permutation_selection_attempts"": 64, ""permuted_peaks_per_view"": 3, ""preserve_input_normalization"": true, ""temperature"": 0.07}, ""target"": ""InfoNCELoss"", ""weight"": 0.001}}, ""heads"": {""molecule_vpu"": {""vpu"": {""params"": {""alpha"": 1.0, ""beta"": 1.0, ""consistency_weight"": 0.0, ""negative_weight"": 0.0, ""simulated_negative_weight"": 0.0}, ""target"": ""VariationalPULoss"", ""weight"": 0.2}}}, ""reconstruction"": {""masserstein"": {""target"": ""MassersteinLoss"", ""weight"": 1.0}}, ""regularization"": {""contractive"": {""params"": {""calculation_method"": ""exact_autograd_jacobian"", ""hinge_alpha"": 2.0, ""hinge_threshold"": 7.0, ""input_geometry"": ""fisher_rao"", ""latent_source"": ""auto"", ""penalized_space"": ""u"", ""penalty_metric"": ""spectral_plus_hinged""}, ""target"": ""ContractiveLoss"", ""weight"": 0.002}}}",{},True,True,unfrozen_head (axis-200-900),P3_staged_overlap__unfrozen_head__axis_200_900,"P3 staged + overlap, fine-tuned, unfrozen head, 200-900 m/z",19,#DBDB8D,solid,o,"{""axis"": ""axis-200-900"", ""components"": ""combined"", ""overlap"": 1, ""rare"": 0, ""role"": ""unfrozen_head"", ""schedule"": ""staged"", ""variant"": ""P3_staged_overlap""}"
metaspace-pretrain-repaired-20260923-01__grid_0006__rep_02__unfrozen_head,metaspace-pretrain-repaired-20260923-01,task_000088,grid_0006,2,axis-200-900,unfrozen_head,unfrozen_head,P3_staged_overlap,grid_0006__rep_02,"P3 staged + overlap, fine-tuned, unfrozen head, 200-900 m/z",axis-200-900/unfrozen_head,/home/max/repositories/MSIAutoEncoderWrapper/data/kidney_workspace/models/kidney/metaspace-pretrain-repaired-20260923-01__grid_0006__rep_02__unfrozen_head,2136253289,442265914,molecule_vpu,VariationalPULoss,"{""contrastive"": {""peak_permutation"": {""params"": {""annotation_bin_radius"": 0, ""negative_weighting_method"": ""multilabel_jaccard"", ""overlapping_label_negative_weight"": 0.1, ""peak_catalog_limit"": 4096, ""peak_sample_size"": 10000, ""peak_selection_method"": ""permutation_label_invariant"", ""permutation_bank_size"": 7000, ""permutation_selection_attempts"": 64, ""permuted_peaks_per_view"": 3, ""preserve_input_normalization"": true, ""temperature"": 0.07}, ""target"": ""InfoNCELoss"", ""weight"": 0.001}}, ""heads"": {""molecule_vpu"": {""vpu"": {""params"": {""alpha"": 1.0, ""beta"": 1.0, ""consistency_weight"": 0.0, ""negative_weight"": 0.0, ""simulated_negative_weight"": 0.0}, ""target"": ""VariationalPULoss"", ""weight"": 0.2}}}, ""reconstruction"": {""masserstein"": {""target"": ""MassersteinLoss"", ""weight"": 1.0}}, ""regularization"": {""contractive"": {""params"": {""calculation_method"": ""exact_autograd_jacobian"", ""hinge_alpha"": 2.0, ""hinge_threshold"": 7.0, ""input_geometry"": ""fisher_rao"", ""latent_source"": ""auto"", ""penalized_space"": ""u"", ""penalty_metric"": ""spectral_plus_hinged""}, ""target"": ""ContractiveLoss"", ""weight"": 0.002}}}",{},True,True,unfrozen_head (axis-200-900),P3_staged_overlap__unfrozen_head__axis_200_900,"P3 staged + overlap, fine-tuned, unfrozen head, 200-900 m/z",19,#DBDB8D,solid,o,"{""axis"": ""axis-200-900"", ""components"": ""combined"", ""overlap"": 1, ""rare"": 0, ""role"": ""unfrozen_head"", ""schedule"": ""staged"", ""variant"": ""P3_staged_overlap""}"
metaspace-pretrain-repaired-20260923-01__grid_0006__rep_03__unfrozen_head,metaspace-pretrain-repaired-20260923-01,task_000091,grid_0006,3,axis-200-900,unfrozen_head,unfrozen_head,P3_staged_overlap,grid_0006__rep_03,"P3 staged + overlap, fine-tuned, unfrozen head, 200-900 m/z",axis-200-900/unfrozen_head,/home/max/repositories/MSIAutoEncoderWrapper/data/kidney_workspace/models/kidney/metaspace-pretrain-repaired-20260923-01__grid_0006__rep_03__unfrozen_head,276187349,194761695,molecule_vpu,VariationalPULoss,"{""contrastive"": {""peak_permutation"": {""params"": {""annotation_bin_radius"": 0, ""negative_weighting_method"": ""multilabel_jaccard"", ""overlapping_label_negative_weight"": 0.1, ""peak_catalog_limit"": 4096, ""peak_sample_size"": 10000, ""peak_selection_method"": ""permutation_label_invariant"", ""permutation_bank_size"": 7000, ""permutation_selection_attempts"": 64, ""permuted_peaks_per_view"": 3, ""preserve_input_normalization"": true, ""temperature"": 0.07}, ""target"": ""InfoNCELoss"", ""weight"": 0.001}}, ""heads"": {""molecule_vpu"": {""vpu"": {""params"": {""alpha"": 1.0, ""beta"": 1.0, ""consistency_weight"": 0.0, ""negative_weight"": 0.0, ""simulated_negative_weight"": 0.0}, ""target"": ""VariationalPULoss"", ""weight"": 0.2}}}, ""reconstruction"": {""masserstein"": {""target"": ""MassersteinLoss"", ""weight"": 1.0}}, ""regularization"": {""contractive"": {""params"": {""calculation_method"": ""exact_autograd_jacobian"", ""hinge_alpha"": 2.0, ""hinge_threshold"": 7.0, ""input_geometry"": ""fisher_rao"", ""latent_source"": ""auto"", ""penalized_space"": ""u"", ""penalty_metric"": ""spectral_plus_hinged""}, ""target"": ""ContractiveLoss"", ""weight"": 0.002}}}",{},True,True,unfrozen_head (axis-200-900),P3_staged_overlap__unfrozen_head__axis_200_900,"P3 staged + overlap, fine-tuned, unfrozen head, 200-900 m/z",19,#DBDB8D,solid,o,"{""axis"": ""axis-200-900"", ""components"": ""combined"", ""overlap"": 1, ""rare"": 0, ""role"": ""unfrozen_head"", ""schedule"": ""staged"", ""variant"": ""P3_staged_overlap""}"
metaspace-pretrain-repaired-20260923-01__grid_0006__rep_04__unfrozen_head,metaspace-pretrain-repaired-20260923-01,task_000094,grid_0006,4,axis-200-900,unfrozen_head,unfrozen_head,P3_staged_overlap,grid_0006__rep_04,"P3 staged + overlap, fine-tuned, unfrozen head, 200-900 m/z",axis-200-900/unfrozen_head,/home/max/repositories/MSIAutoEncoderWrapper/data/kidney_workspace/models/kidney/metaspace-pretrain-repaired-20260923-01__grid_0006__rep_04__unfrozen_head,1915557887,1927548799,molecule_vpu,VariationalPULoss,"{""contrastive"": {""peak_permutation"": {""params"": {""annotation_bin_radius"": 0, ""negative_weighting_method"": ""multilabel_jaccard"", ""overlapping_label_negative_weight"": 0.1, ""peak_catalog_limit"": 4096, ""peak_sample_size"": 10000, ""peak_selection_method"": ""permutation_label_invariant"", ""permutation_bank_size"": 7000, ""permutation_selection_attempts"": 64, ""permuted_peaks_per_view"": 3, ""preserve_input_normalization"": true, ""temperature"": 0.07}, ""target"": ""InfoNCELoss"", ""weight"": 0.001}}, ""heads"": {""molecule_vpu"": {""vpu"": {""params"": {""alpha"": 1.0, ""beta"": 1.0, ""consistency_weight"": 0.0, ""negative_weight"": 0.0, ""simulated_negative_weight"": 0.0}, ""target"": ""VariationalPULoss"", ""weight"": 0.2}}}, ""reconstruction"": {""masserstein"": {""target"": ""MassersteinLoss"", ""weight"": 1.0}}, ""regularization"": {""contractive"": {""params"": {""calculation_method"": ""exact_autograd_jacobian"", ""hinge_alpha"": 2.0, ""hinge_threshold"": 7.0, ""input_geometry"": ""fisher_rao"", ""latent_source"": ""auto"", ""penalized_space"": ""u"", ""penalty_metric"": ""spectral_plus_hinged""}, ""target"": ""ContractiveLoss"", ""weight"": 0.002}}}",{},True,True,unfrozen_head (axis-200-900),P3_staged_overlap__unfrozen_head__axis_200_900,"P3 staged + overlap, fine-tuned, unfrozen head, 200-900 m/z",19,#DBDB8D,solid,o,"{""axis"": ""axis-200-900"", ""components"": ""combined"", ""overlap"": 1, ""rare"": 0, ""role"": ""unfrozen_head"", ""schedule"": ""staged"", ""variant"": ""P3_staged_overlap""}"
metaspace-pretrain-repaired-20260923-01__grid_0007__rep_00__pretrained,metaspace-pretrain-repaired-20260923-01,task_000095,grid_0007,0,axis-200-900,pretrained,pretrained,P4_joint_rare,grid_0007__rep_00,"P4 joint + rare, pretrained, 200-900 m/z",axis-200-900/pretrained,/home/max/repositories/MSIAutoEncoderWrapper/data/kidney_workspace/models/kidney/metaspace-pretrain-repaired-20260923-01__grid_0007__rep_00__pretrained,91154199,32238397,molecule_vpu,MultiLabelBCELoss,"{""contrastive"": {""peak_permutation"": {""params"": {""annotation_bin_radius"": 0, ""negative_weighting_method"": ""multilabel_jaccard"", ""overlapping_label_negative_weight"": 0.1, ""peak_catalog_limit"": 4096, ""peak_sample_size"": 10000, ""peak_selection_method"": ""permutation_label_invariant"", ""permutation_bank_size"": 7000, ""permutation_selection_attempts"": 64, ""permuted_peaks_per_view"": 3, ""preserve_input_normalization"": true, ""temperature"": 0.07}, ""target"": ""InfoNCELoss"", ""weight"": 0.001}}, ""heads"": {""molecule_vpu"": {""vpu"": {""params"": {""alpha"": 1.0, ""beta"": 1.0, ""consistency_weight"": 0.0, ""negative_weight"": 0.0, ""simulated_negative_weight"": 0.0}, ""target"": ""VariationalPULoss"", ""weight"": 0.2}}}, ""reconstruction"": {""masserstein"": {""target"": ""MassersteinLoss"", ""weight"": 1.0}}, ""regularization"": {""contractive"": {""params"": {""calculation_method"": ""exact_autograd_jacobian"", ""hinge_alpha"": 2.0, ""hinge_threshold"": 7.0, ""input_geometry"": ""fisher_rao"", ""latent_source"": ""auto"", ""penalized_space"": ""u"", ""penalty_metric"": ""spectral_plus_hinged""}, ""target"": ""ContractiveLoss"", ""weight"": 0.002}}}",{},True,True,pretrained (axis-200-900),P4_joint_rare__pretrained__axis_200_900,"P4 joint + rare, pretrained, 200-900 m/z",20,#2CA02C,dotted,^,"{""axis"": ""axis-200-900"", ""components"": ""combined"", ""overlap"": 0, ""rare"": 1, ""role"": ""pretrained"", ""schedule"": ""joint"", ""variant"": ""P4_joint_rare""}"
metaspace-pretrain-repaired-20260923-01__grid_0007__rep_01__pretrained,metaspace-pretrain-repaired-20260923-01,task_000098,grid_0007,1,axis-200-900,pretrained,pretrained,P4_joint_rare,grid_0007__rep_01,"P4 joint + rare, pretrained, 200-900 m/z",axis-200-900/pretrained,/home/max/repositories/MSIAutoEncoderWrapper/data/kidney_workspace/models/kidney/metaspace-pretrain-repaired-20260923-01__grid_0007__rep_01__pretrained,919377028,892754137,molecule_vpu,MultiLabelBCELoss,"{""contrastive"": {""peak_permutation"": {""params"": {""annotation_bin_radius"": 0, ""negative_weighting_method"": ""multilabel_jaccard"", ""overlapping_label_negative_weight"": 0.1, ""peak_catalog_limit"": 4096, ""peak_sample_size"": 10000, ""peak_selection_method"": ""permutation_label_invariant"", ""permutation_bank_size"": 7000, ""permutation_selection_attempts"": 64, ""permuted_peaks_per_view"": 3, ""preserve_input_normalization"": true, ""temperature"": 0.07}, ""target"": ""InfoNCELoss"", ""weight"": 0.001}}, ""heads"": {""molecule_vpu"": {""vpu"": {""params"": {""alpha"": 1.0, ""beta"": 1.0, ""consistency_weight"": 0.0, ""negative_weight"": 0.0, ""simulated_negative_weight"": 0.0}, ""target"": ""VariationalPULoss"", ""weight"": 0.2}}}, ""reconstruction"": {""masserstein"": {""target"": ""MassersteinLoss"", ""weight"": 1.0}}, ""regularization"": {""contractive"": {""params"": {""calculation_method"": ""exact_autograd_jacobian"", ""hinge_alpha"": 2.0, ""hinge_threshold"": 7.0, ""input_geometry"": ""fisher_rao"", ""latent_source"": ""auto"", ""penalized_space"": ""u"", ""penalty_metric"": ""spectral_plus_hinged""}, ""target"": ""ContractiveLoss"", ""weight"": 0.002}}}",{},True,True,pretrained (axis-200-900),P4_joint_rare__pretrained__axis_200_900,"P4 joint + rare, pretrained, 200-900 m/z",20,#2CA02C,dotted,^,"{""axis"": ""axis-200-900"", ""components"": ""combined"", ""overlap"": 0, ""rare"": 1, ""role"": ""pretrained"", ""schedule"": ""joint"", ""variant"": ""P4_joint_rare""}"
metaspace-pretrain-repaired-20260923-01__grid_0007__rep_02__pretrained,metaspace-pretrain-repaired-20260923-01,task_000101,grid_0007,2,axis-200-900,pretrained,pretrained,P4_joint_rare,grid_0007__rep_02,"P4 joint + rare, pretrained, 200-900 m/z",axis-200-900/pretrained,/home/max/repositories/MSIAutoEncoderWrapper/data/kidney_workspace/models/kidney/metaspace-pretrain-repaired-20260923-01__grid_0007__rep_02__pretrained,2136253289,442265914,molecule_vpu,MultiLabelBCELoss,"{""contrastive"": {""peak_permutation"": {""params"": {""annotation_bin_radius"": 0, ""negative_weighting_method"": ""multilabel_jaccard"", ""overlapping_label_negative_weight"": 0.1, ""peak_catalog_limit"": 4096, ""peak_sample_size"": 10000, ""peak_selection_method"": ""permutation_label_invariant"", ""permutation_bank_size"": 7000, ""permutation_selection_attempts"": 64, ""permuted_peaks_per_view"": 3, ""preserve_input_normalization"": true, ""temperature"": 0.07}, ""target"": ""InfoNCELoss"", ""weight"": 0.001}}, ""heads"": {""molecule_vpu"": {""vpu"": {""params"": {""alpha"": 1.0, ""beta"": 1.0, ""consistency_weight"": 0.0, ""negative_weight"": 0.0, ""simulated_negative_weight"": 0.0}, ""target"": ""VariationalPULoss"", ""weight"": 0.2}}}, ""reconstruction"": {""masserstein"": {""target"": ""MassersteinLoss"", ""weight"": 1.0}}, ""regularization"": {""contractive"": {""params"": {""calculation_method"": ""exact_autograd_jacobian"", ""hinge_alpha"": 2.0, ""hinge_threshold"": 7.0, ""input_geometry"": ""fisher_rao"", ""latent_source"": ""auto"", ""penalized_space"": ""u"", ""penalty_metric"": ""spectral_plus_hinged""}, ""target"": ""ContractiveLoss"", ""weight"": 0.002}}}",{},True,True,pretrained (axis-200-900),P4_joint_rare__pretrained__axis_200_900,"P4 joint + rare, pretrained, 200-900 m/z",20,#2CA02C,dotted,^,"{""axis"": ""axis-200-900"", ""components"": ""combined"", ""overlap"": 0, ""rare"": 1, ""role"": ""pretrained"", ""schedule"": ""joint"", ""variant"": ""P4_joint_rare""}"
metaspace-pretrain-repaired-20260923-01__grid_0007__rep_03__pretrained,metaspace-pretrain-repaired-20260923-01,task_000104,grid_0007,3,axis-200-900,pretrained,pretrained,P4_joint_rare,grid_0007__rep_03,"P4 joint + rare, pretrained, 200-900 m/z",axis-200-900/pretrained,/home/max/repositories/MSIAutoEncoderWrapper/data/kidney_workspace/models/kidney/metaspace-pretrain-repaired-20260923-01__grid_0007__rep_03__pretrained,276187349,194761695,molecule_vpu,MultiLabelBCELoss,"{""contrastive"": {""peak_permutation"": {""params"": {""annotation_bin_radius"": 0, ""negative_weighting_method"": ""multilabel_jaccard"", ""overlapping_label_negative_weight"": 0.1, ""peak_catalog_limit"": 4096, ""peak_sample_size"": 10000, ""peak_selection_method"": ""permutation_label_invariant"", ""permutation_bank_size"": 7000, ""permutation_selection_attempts"": 64, ""permuted_peaks_per_view"": 3, ""preserve_input_normalization"": true, ""temperature"": 0.07}, ""target"": ""InfoNCELoss"", ""weight"": 0.001}}, ""heads"": {""molecule_vpu"": {""vpu"": {""params"": {""alpha"": 1.0, ""beta"": 1.0, ""consistency_weight"": 0.0, ""negative_weight"": 0.0, ""simulated_negative_weight"": 0.0}, ""target"": ""VariationalPULoss"", ""weight"": 0.2}}}, ""reconstruction"": {""masserstein"": {""target"": ""MassersteinLoss"", ""weight"": 1.0}}, ""regularization"": {""contractive"": {""params"": {""calculation_method"": ""exact_autograd_jacobian"", ""hinge_alpha"": 2.0, ""hinge_threshold"": 7.0, ""input_geometry"": ""fisher_rao"", ""latent_source"": ""auto"", ""penalized_space"": ""u"", ""penalty_metric"": ""spectral_plus_hinged""}, ""target"": ""ContractiveLoss"", ""weight"": 0.002}}}",{},True,True,pretrained (axis-200-900),P4_joint_rare__pretrained__axis_200_900,"P4 joint + rare, pretrained, 200-900 m/z",20,#2CA02C,dotted,^,"{""axis"": ""axis-200-900"", ""components"": ""combined"", ""overlap"": 0, ""rare"": 1, ""role"": ""pretrained"", ""schedule"": ""joint"", ""variant"": ""P4_joint_rare""}"
metaspace-pretrain-repaired-20260923-01__grid_0007__rep_04__pretrained,metaspace-pretrain-repaired-20260923-01,task_000107,grid_0007,4,axis-200-900,pretrained,pretrained,P4_joint_rare,grid_0007__rep_04,"P4 joint + rare, pretrained, 200-900 m/z",axis-200-900/pretrained,/home/max/repositories/MSIAutoEncoderWrapper/data/kidney_workspace/models/kidney/metaspace-pretrain-repaired-20260923-01__grid_0007__rep_04__pretrained,1915557887,1927548799,molecule_vpu,MultiLabelBCELoss,"{""contrastive"": {""peak_permutation"": {""params"": {""annotation_bin_radius"": 0, ""negative_weighting_method"": ""multilabel_jaccard"", ""overlapping_label_negative_weight"": 0.1, ""peak_catalog_limit"": 4096, ""peak_sample_size"": 10000, ""peak_selection_method"": ""permutation_label_invariant"", ""permutation_bank_size"": 7000, ""permutation_selection_attempts"": 64, ""permuted_peaks_per_view"": 3, ""preserve_input_normalization"": true, ""temperature"": 0.07}, ""target"": ""InfoNCELoss"", ""weight"": 0.001}}, ""heads"": {""molecule_vpu"": {""vpu"": {""params"": {""alpha"": 1.0, ""beta"": 1.0, ""consistency_weight"": 0.0, ""negative_weight"": 0.0, ""simulated_negative_weight"": 0.0}, ""target"": ""VariationalPULoss"", ""weight"": 0.2}}}, ""reconstruction"": {""masserstein"": {""target"": ""MassersteinLoss"", ""weight"": 1.0}}, ""regularization"": {""contractive"": {""params"": {""calculation_method"": ""exact_autograd_jacobian"", ""hinge_alpha"": 2.0, ""hinge_threshold"": 7.0, ""input_geometry"": ""fisher_rao"", ""latent_source"": ""auto"", ""penalized_space"": ""u"", ""penalty_metric"": ""spectral_plus_hinged""}, ""target"": ""ContractiveLoss"", ""weight"": 0.002}}}",{},True,True,pretrained (axis-200-900),P4_joint_rare__pretrained__axis_200_900,"P4 joint + rare, pretrained, 200-900 m/z",20,#2CA02C,dotted,^,"{""axis"": ""axis-200-900"", ""components"": ""combined"", ""overlap"": 0, ""rare"": 1, ""role"": ""pretrained"", ""schedule"": ""joint"", ""variant"": ""P4_joint_rare""}"
metaspace-pretrain-repaired-20260923-01__grid_0007__rep_00__frozen_head,metaspace-pretrain-repaired-20260923-01,task_000096,grid_0007,0,axis-200-900,frozen_head,frozen_head,P4_joint_rare,grid_0007__rep_00,"P4 joint + rare, fine-tuned, frozen head, 200-900 m/z",axis-200-900/frozen_head,/home/max/repositories/MSIAutoEncoderWrapper/data/kidney_workspace/models/kidney/metaspace-pretrain-repaired-20260923-01__grid_0007__rep_00__frozen_head,91154199,32238397,molecule_vpu,MultiLabelBCELoss,"{""contrastive"": {""peak_permutation"": {""params"": {""annotation_bin_radius"": 0, ""negative_weighting_method"": ""multilabel_jaccard"", ""overlapping_label_negative_weight"": 0.1, ""peak_catalog_limit"": 4096, ""peak_sample_size"": 10000, ""peak_selection_method"": ""permutation_label_invariant"", ""permutation_bank_size"": 7000, ""permutation_selection_attempts"": 64, ""permuted_peaks_per_view"": 3, ""preserve_input_normalization"": true, ""temperature"": 0.07}, ""target"": ""InfoNCELoss"", ""weight"": 0.001}}, ""heads"": {""molecule_vpu"": {""vpu"": {""params"": {""alpha"": 1.0, ""beta"": 1.0, ""consistency_weight"": 0.0, ""negative_weight"": 0.0, ""simulated_negative_weight"": 0.0}, ""target"": ""VariationalPULoss"", ""weight"": 0.2}}}, ""reconstruction"": {""masserstein"": {""target"": ""MassersteinLoss"", ""weight"": 1.0}}, ""regularization"": {""contractive"": {""params"": {""calculation_method"": ""exact_autograd_jacobian"", ""hinge_alpha"": 2.0, ""hinge_threshold"": 7.0, ""input_geometry"": ""fisher_rao"", ""latent_source"": ""auto"", ""penalized_space"": ""u"", ""penalty_metric"": ""spectral_plus_hinged""}, ""target"": ""ContractiveLoss"", ""weight"": 0.002}}}",{},True,True,frozen_head (axis-200-900),P4_joint_rare__frozen_head__axis_200_900,"P4 joint + rare, fine-tuned, frozen head, 200-900 m/z",21,#2CA02C,dashed,s,"{""axis"": ""axis-200-900"", ""components"": ""combined"", ""overlap"": 0, ""rare"": 1, ""role"": ""frozen_head"", ""schedule"": ""joint"", ""variant"": ""P4_joint_rare""}"
metaspace-pretrain-repaired-20260923-01__grid_0007__rep_01__frozen_head,metaspace-pretrain-repaired-20260923-01,task_000099,grid_0007,1,axis-200-900,frozen_head,frozen_head,P4_joint_rare,grid_0007__rep_01,"P4 joint + rare, fine-tuned, frozen head, 200-900 m/z",axis-200-900/frozen_head,/home/max/repositories/MSIAutoEncoderWrapper/data/kidney_workspace/models/kidney/metaspace-pretrain-repaired-20260923-01__grid_0007__rep_01__frozen_head,919377028,892754137,molecule_vpu,MultiLabelBCELoss,"{""contrastive"": {""peak_permutation"": {""params"": {""annotation_bin_radius"": 0, ""negative_weighting_method"": ""multilabel_jaccard"", ""overlapping_label_negative_weight"": 0.1, ""peak_catalog_limit"": 4096, ""peak_sample_size"": 10000, ""peak_selection_method"": ""permutation_label_invariant"", ""permutation_bank_size"": 7000, ""permutation_selection_attempts"": 64, ""permuted_peaks_per_view"": 3, ""preserve_input_normalization"": true, ""temperature"": 0.07}, ""target"": ""InfoNCELoss"", ""weight"": 0.001}}, ""heads"": {""molecule_vpu"": {""vpu"": {""params"": {""alpha"": 1.0, ""beta"": 1.0, ""consistency_weight"": 0.0, ""negative_weight"": 0.0, ""simulated_negative_weight"": 0.0}, ""target"": ""VariationalPULoss"", ""weight"": 0.2}}}, ""reconstruction"": {""masserstein"": {""target"": ""MassersteinLoss"", ""weight"": 1.0}}, ""regularization"": {""contractive"": {""params"": {""calculation_method"": ""exact_autograd_jacobian"", ""hinge_alpha"": 2.0, ""hinge_threshold"": 7.0, ""input_geometry"": ""fisher_rao"", ""latent_source"": ""auto"", ""penalized_space"": ""u"", ""penalty_metric"": ""spectral_plus_hinged""}, ""target"": ""ContractiveLoss"", ""weight"": 0.002}}}",{},True,True,frozen_head (axis-200-900),P4_joint_rare__frozen_head__axis_200_900,"P4 joint + rare, fine-tuned, frozen head, 200-900 m/z",21,#2CA02C,dashed,s,"{""axis"": ""axis-200-900"", ""components"": ""combined"", ""overlap"": 0, ""rare"": 1, ""role"": ""frozen_head"", ""schedule"": ""joint"", ""variant"": ""P4_joint_rare""}"
metaspace-pretrain-repaired-20260923-01__grid_0007__rep_02__frozen_head,metaspace-pretrain-repaired-20260923-01,task_000102,grid_0007,2,axis-200-900,frozen_head,frozen_head,P4_joint_rare,grid_0007__rep_02,"P4 joint + rare, fine-tuned, frozen head, 200-900 m/z",axis-200-900/frozen_head,/home/max/repositories/MSIAutoEncoderWrapper/data/kidney_workspace/models/kidney/metaspace-pretrain-repaired-20260923-01__grid_0007__rep_02__frozen_head,2136253289,442265914,molecule_vpu,MultiLabelBCELoss,"{""contrastive"": {""peak_permutation"": {""params"": {""annotation_bin_radius"": 0, ""negative_weighting_method"": ""multilabel_jaccard"", ""overlapping_label_negative_weight"": 0.1, ""peak_catalog_limit"": 4096, ""peak_sample_size"": 10000, ""peak_selection_method"": ""permutation_label_invariant"", ""permutation_bank_size"": 7000, ""permutation_selection_attempts"": 64, ""permuted_peaks_per_view"": 3, ""preserve_input_normalization"": true, ""temperature"": 0.07}, ""target"": ""InfoNCELoss"", ""weight"": 0.001}}, ""heads"": {""molecule_vpu"": {""vpu"": {""params"": {""alpha"": 1.0, ""beta"": 1.0, ""consistency_weight"": 0.0, ""negative_weight"": 0.0, ""simulated_negative_weight"": 0.0}, ""target"": ""VariationalPULoss"", ""weight"": 0.2}}}, ""reconstruction"": {""masserstein"": {""target"": ""MassersteinLoss"", ""weight"": 1.0}}, ""regularization"": {""contractive"": {""params"": {""calculation_method"": ""exact_autograd_jacobian"", ""hinge_alpha"": 2.0, ""hinge_threshold"": 7.0, ""input_geometry"": ""fisher_rao"", ""latent_source"": ""auto"", ""penalized_space"": ""u"", ""penalty_metric"": ""spectral_plus_hinged""}, ""target"": ""ContractiveLoss"", ""weight"": 0.002}}}",{},True,True,frozen_head (axis-200-900),P4_joint_rare__frozen_head__axis_200_900,"P4 joint + rare, fine-tuned, frozen head, 200-900 m/z",21,#2CA02C,dashed,s,"{""axis"": ""axis-200-900"", ""components"": ""combined"", ""overlap"": 0, ""rare"": 1, ""role"": ""frozen_head"", ""schedule"": ""joint"", ""variant"": ""P4_joint_rare""}"
metaspace-pretrain-repaired-20260923-01__grid_0007__rep_03__frozen_head,metaspace-pretrain-repaired-20260923-01,task_000105,grid_0007,3,axis-200-900,frozen_head,frozen_head,P4_joint_rare,grid_0007__rep_03,"P4 joint + rare, fine-tuned, frozen head, 200-900 m/z",axis-200-900/frozen_head,/home/max/repositories/MSIAutoEncoderWrapper/data/kidney_workspace/models/kidney/metaspace-pretrain-repaired-20260923-01__grid_0007__rep_03__frozen_head,276187349,194761695,molecule_vpu,MultiLabelBCELoss,"{""contrastive"": {""peak_permutation"": {""params"": {""annotation_bin_radius"": 0, ""negative_weighting_method"": ""multilabel_jaccard"", ""overlapping_label_negative_weight"": 0.1, ""peak_catalog_limit"": 4096, ""peak_sample_size"": 10000, ""peak_selection_method"": ""permutation_label_invariant"", ""permutation_bank_size"": 7000, ""permutation_selection_attempts"": 64, ""permuted_peaks_per_view"": 3, ""preserve_input_normalization"": true, ""temperature"": 0.07}, ""target"": ""InfoNCELoss"", ""weight"": 0.001}}, ""heads"": {""molecule_vpu"": {""vpu"": {""params"": {""alpha"": 1.0, ""beta"": 1.0, ""consistency_weight"": 0.0, ""negative_weight"": 0.0, ""simulated_negative_weight"": 0.0}, ""target"": ""VariationalPULoss"", ""weight"": 0.2}}}, ""reconstruction"": {""masserstein"": {""target"": ""MassersteinLoss"", ""weight"": 1.0}}, ""regularization"": {""contractive"": {""params"": {""calculation_method"": ""exact_autograd_jacobian"", ""hinge_alpha"": 2.0, ""hinge_threshold"": 7.0, ""input_geometry"": ""fisher_rao"", ""latent_source"": ""auto"", ""penalized_space"": ""u"", ""penalty_metric"": ""spectral_plus_hinged""}, ""target"": ""ContractiveLoss"", ""weight"": 0.002}}}",{},True,True,frozen_head (axis-200-900),P4_joint_rare__frozen_head__axis_200_900,"P4 joint + rare, fine-tuned, frozen head, 200-900 m/z",21,#2CA02C,dashed,s,"{""axis"": ""axis-200-900"", ""components"": ""combined"", ""overlap"": 0, ""rare"": 1, ""role"": ""frozen_head"", ""schedule"": ""joint"", ""variant"": ""P4_joint_rare""}"
metaspace-pretrain-repaired-20260923-01__grid_0007__rep_04__frozen_head,metaspace-pretrain-repaired-20260923-01,task_000108,grid_0007,4,axis-200-900,frozen_head,frozen_head,P4_joint_rare,grid_0007__rep_04,"P4 joint + rare, fine-tuned, frozen head, 200-900 m/z",axis-200-900/frozen_head,/home/max/repositories/MSIAutoEncoderWrapper/data/kidney_workspace/models/kidney/metaspace-pretrain-repaired-20260923-01__grid_0007__rep_04__frozen_head,1915557887,1927548799,molecule_vpu,MultiLabelBCELoss,"{""contrastive"": {""peak_permutation"": {""params"": {""annotation_bin_radius"": 0, ""negative_weighting_method"": ""multilabel_jaccard"", ""overlapping_label_negative_weight"": 0.1, ""peak_catalog_limit"": 4096, ""peak_sample_size"": 10000, ""peak_selection_method"": ""permutation_label_invariant"", ""permutation_bank_size"": 7000, ""permutation_selection_attempts"": 64, ""permuted_peaks_per_view"": 3, ""preserve_input_normalization"": true, ""temperature"": 0.07}, ""target"": ""InfoNCELoss"", ""weight"": 0.001}}, ""heads"": {""molecule_vpu"": {""vpu"": {""params"": {""alpha"": 1.0, ""beta"": 1.0, ""consistency_weight"": 0.0, ""negative_weight"": 0.0, ""simulated_negative_weight"": 0.0}, ""target"": ""VariationalPULoss"", ""weight"": 0.2}}}, ""reconstruction"": {""masserstein"": {""target"": ""MassersteinLoss"", ""weight"": 1.0}}, ""regularization"": {""contractive"": {""params"": {""calculation_method"": ""exact_autograd_jacobian"", ""hinge_alpha"": 2.0, ""hinge_threshold"": 7.0, ""input_geometry"": ""fisher_rao"", ""latent_source"": ""auto"", ""penalized_space"": ""u"", ""penalty_metric"": ""spectral_plus_hinged""}, ""target"": ""ContractiveLoss"", ""weight"": 0.002}}}",{},True,True,frozen_head (axis-200-900),P4_joint_rare__frozen_head__axis_200_900,"P4 joint + rare, fine-tuned, frozen head, 200-900 m/z",21,#2CA02C,dashed,s,"{""axis"": ""axis-200-900"", ""components"": ""combined"", ""overlap"": 0, ""rare"": 1, ""role"": ""frozen_head"", ""schedule"": ""joint"", ""variant"": ""P4_joint_rare""}"
metaspace-pretrain-repaired-20260923-01__grid_0007__rep_00__unfrozen_head,metaspace-pretrain-repaired-20260923-01,task_000097,grid_0007,0,axis-200-900,unfrozen_head,unfrozen_head,P4_joint_rare,grid_0007__rep_00,"P4 joint + rare, fine-tuned, unfrozen head, 200-900 m/z",axis-200-900/unfrozen_head,/home/max/repositories/MSIAutoEncoderWrapper/data/kidney_workspace/models/kidney/metaspace-pretrain-repaired-20260923-01__grid_0007__rep_00__unfrozen_head,91154199,32238397,molecule_vpu,VariationalPULoss,"{""contrastive"": {""peak_permutation"": {""params"": {""annotation_bin_radius"": 0, ""negative_weighting_method"": ""multilabel_jaccard"", ""overlapping_label_negative_weight"": 0.1, ""peak_catalog_limit"": 4096, ""peak_sample_size"": 10000, ""peak_selection_method"": ""permutation_label_invariant"", ""permutation_bank_size"": 7000, ""permutation_selection_attempts"": 64, ""permuted_peaks_per_view"": 3, ""preserve_input_normalization"": true, ""temperature"": 0.07}, ""target"": ""InfoNCELoss"", ""weight"": 0.001}}, ""heads"": {""molecule_vpu"": {""vpu"": {""params"": {""alpha"": 1.0, ""beta"": 1.0, ""consistency_weight"": 0.0, ""negative_weight"": 0.0, ""simulated_negative_weight"": 0.0}, ""target"": ""VariationalPULoss"", ""weight"": 0.2}}}, ""reconstruction"": {""masserstein"": {""target"": ""MassersteinLoss"", ""weight"": 1.0}}, ""regularization"": {""contractive"": {""params"": {""calculation_method"": ""exact_autograd_jacobian"", ""hinge_alpha"": 2.0, ""hinge_threshold"": 7.0, ""input_geometry"": ""fisher_rao"", ""latent_source"": ""auto"", ""penalized_space"": ""u"", ""penalty_metric"": ""spectral_plus_hinged""}, ""target"": ""ContractiveLoss"", ""weight"": 0.002}}}",{},True,True,unfrozen_head (axis-200-900),P4_joint_rare__unfrozen_head__axis_200_900,"P4 joint + rare, fine-tuned, unfrozen head, 200-900 m/z",22,#2CA02C,solid,o,"{""axis"": ""axis-200-900"", ""components"": ""combined"", ""overlap"": 0, ""rare"": 1, ""role"": ""unfrozen_head"", ""schedule"": ""joint"", ""variant"": ""P4_joint_rare""}"
metaspace-pretrain-repaired-20260923-01__grid_0007__rep_01__unfrozen_head,metaspace-pretrain-repaired-20260923-01,task_000100,grid_0007,1,axis-200-900,unfrozen_head,unfrozen_head,P4_joint_rare,grid_0007__rep_01,"P4 joint + rare, fine-tuned, unfrozen head, 200-900 m/z",axis-200-900/unfrozen_head,/home/max/repositories/MSIAutoEncoderWrapper/data/kidney_workspace/models/kidney/metaspace-pretrain-repaired-20260923-01__grid_0007__rep_01__unfrozen_head,919377028,892754137,molecule_vpu,VariationalPULoss,"{""contrastive"": {""peak_permutation"": {""params"": {""annotation_bin_radius"": 0, ""negative_weighting_method"": ""multilabel_jaccard"", ""overlapping_label_negative_weight"": 0.1, ""peak_catalog_limit"": 4096, ""peak_sample_size"": 10000, ""peak_selection_method"": ""permutation_label_invariant"", ""permutation_bank_size"": 7000, ""permutation_selection_attempts"": 64, ""permuted_peaks_per_view"": 3, ""preserve_input_normalization"": true, ""temperature"": 0.07}, ""target"": ""InfoNCELoss"", ""weight"": 0.001}}, ""heads"": {""molecule_vpu"": {""vpu"": {""params"": {""alpha"": 1.0, ""beta"": 1.0, ""consistency_weight"": 0.0, ""negative_weight"": 0.0, ""simulated_negative_weight"": 0.0}, ""target"": ""VariationalPULoss"", ""weight"": 0.2}}}, ""reconstruction"": {""masserstein"": {""target"": ""MassersteinLoss"", ""weight"": 1.0}}, ""regularization"": {""contractive"": {""params"": {""calculation_method"": ""exact_autograd_jacobian"", ""hinge_alpha"": 2.0, ""hinge_threshold"": 7.0, ""input_geometry"": ""fisher_rao"", ""latent_source"": ""auto"", ""penalized_space"": ""u"", ""penalty_metric"": ""spectral_plus_hinged""}, ""target"": ""ContractiveLoss"", ""weight"": 0.002}}}",{},True,True,unfrozen_head (axis-200-900),P4_joint_rare__unfrozen_head__axis_200_900,"P4 joint + rare, fine-tuned, unfrozen head, 200-900 m/z",22,#2CA02C,solid,o,"{""axis"": ""axis-200-900"", ""components"": ""combined"", ""overlap"": 0, ""rare"": 1, ""role"": ""unfrozen_head"", ""schedule"": ""joint"", ""variant"": ""P4_joint_rare""}"
metaspace-pretrain-repaired-20260923-01__grid_0007__rep_02__unfrozen_head,metaspace-pretrain-repaired-20260923-01,task_000103,grid_0007,2,axis-200-900,unfrozen_head,unfrozen_head,P4_joint_rare,grid_0007__rep_02,"P4 joint + rare, fine-tuned, unfrozen head, 200-900 m/z",axis-200-900/unfrozen_head,/home/max/repositories/MSIAutoEncoderWrapper/data/kidney_workspace/models/kidney/metaspace-pretrain-repaired-20260923-01__grid_0007__rep_02__unfrozen_head,2136253289,442265914,molecule_vpu,VariationalPULoss,"{""contrastive"": {""peak_permutation"": {""params"": {""annotation_bin_radius"": 0, ""negative_weighting_method"": ""multilabel_jaccard"", ""overlapping_label_negative_weight"": 0.1, ""peak_catalog_limit"": 4096, ""peak_sample_size"": 10000, ""peak_selection_method"": ""permutation_label_invariant"", ""permutation_bank_size"": 7000, ""permutation_selection_attempts"": 64, ""permuted_peaks_per_view"": 3, ""preserve_input_normalization"": true, ""temperature"": 0.07}, ""target"": ""InfoNCELoss"", ""weight"": 0.001}}, ""heads"": {""molecule_vpu"": {""vpu"": {""params"": {""alpha"": 1.0, ""beta"": 1.0, ""consistency_weight"": 0.0, ""negative_weight"": 0.0, ""simulated_negative_weight"": 0.0}, ""target"": ""VariationalPULoss"", ""weight"": 0.2}}}, ""reconstruction"": {""masserstein"": {""target"": ""MassersteinLoss"", ""weight"": 1.0}}, ""regularization"": {""contractive"": {""params"": {""calculation_method"": ""exact_autograd_jacobian"", ""hinge_alpha"": 2.0, ""hinge_threshold"": 7.0, ""input_geometry"": ""fisher_rao"", ""latent_source"": ""auto"", ""penalized_space"": ""u"", ""penalty_metric"": ""spectral_plus_hinged""}, ""target"": ""ContractiveLoss"", ""weight"": 0.002}}}",{},True,True,unfrozen_head (axis-200-900),P4_joint_rare__unfrozen_head__axis_200_900,"P4 joint + rare, fine-tuned, unfrozen head, 200-900 m/z",22,#2CA02C,solid,o,"{""axis"": ""axis-200-900"", ""components"": ""combined"", ""overlap"": 0, ""rare"": 1, ""role"": ""unfrozen_head"", ""schedule"": ""joint"", ""variant"": ""P4_joint_rare""}"
metaspace-pretrain-repaired-20260923-01__grid_0007__rep_03__unfrozen_head,metaspace-pretrain-repaired-20260923-01,task_000106,grid_0007,3,axis-200-900,unfrozen_head,unfrozen_head,P4_joint_rare,grid_0007__rep_03,"P4 joint + rare, fine-tuned, unfrozen head, 200-900 m/z",axis-200-900/unfrozen_head,/home/max/repositories/MSIAutoEncoderWrapper/data/kidney_workspace/models/kidney/metaspace-pretrain-repaired-20260923-01__grid_0007__rep_03__unfrozen_head,276187349,194761695,molecule_vpu,VariationalPULoss,"{""contrastive"": {""peak_permutation"": {""params"": {""annotation_bin_radius"": 0, ""negative_weighting_method"": ""multilabel_jaccard"", ""overlapping_label_negative_weight"": 0.1, ""peak_catalog_limit"": 4096, ""peak_sample_size"": 10000, ""peak_selection_method"": ""permutation_label_invariant"", ""permutation_bank_size"": 7000, ""permutation_selection_attempts"": 64, ""permuted_peaks_per_view"": 3, ""preserve_input_normalization"": true, ""temperature"": 0.07}, ""target"": ""InfoNCELoss"", ""weight"": 0.001}}, ""heads"": {""molecule_vpu"": {""vpu"": {""params"": {""alpha"": 1.0, ""beta"": 1.0, ""consistency_weight"": 0.0, ""negative_weight"": 0.0, ""simulated_negative_weight"": 0.0}, ""target"": ""VariationalPULoss"", ""weight"": 0.2}}}, ""reconstruction"": {""masserstein"": {""target"": ""MassersteinLoss"", ""weight"": 1.0}}, ""regularization"": {""contractive"": {""params"": {""calculation_method"": ""exact_autograd_jacobian"", ""hinge_alpha"": 2.0, ""hinge_threshold"": 7.0, ""input_geometry"": ""fisher_rao"", ""latent_source"": ""auto"", ""penalized_space"": ""u"", ""penalty_metric"": ""spectral_plus_hinged""}, ""target"": ""ContractiveLoss"", ""weight"": 0.002}}}",{},True,True,unfrozen_head (axis-200-900),P4_joint_rare__unfrozen_head__axis_200_900,"P4 joint + rare, fine-tuned, unfrozen head, 200-900 m/z",22,#2CA02C,solid,o,"{""axis"": ""axis-200-900"", ""components"": ""combined"", ""overlap"": 0, ""rare"": 1, ""role"": ""unfrozen_head"", ""schedule"": ""joint"", ""variant"": ""P4_joint_rare""}"
metaspace-pretrain-repaired-20260923-01__grid_0007__rep_04__unfrozen_head,metaspace-pretrain-repaired-20260923-01,task_000109,grid_0007,4,axis-200-900,unfrozen_head,unfrozen_head,P4_joint_rare,grid_0007__rep_04,"P4 joint + rare, fine-tuned, unfrozen head, 200-900 m/z",axis-200-900/unfrozen_head,/home/max/repositories/MSIAutoEncoderWrapper/data/kidney_workspace/models/kidney/metaspace-pretrain-repaired-20260923-01__grid_0007__rep_04__unfrozen_head,1915557887,1927548799,molecule_vpu,VariationalPULoss,"{""contrastive"": {""peak_permutation"": {""params"": {""annotation_bin_radius"": 0, ""negative_weighting_method"": ""multilabel_jaccard"", ""overlapping_label_negative_weight"": 0.1, ""peak_catalog_limit"": 4096, ""peak_sample_size"": 10000, ""peak_selection_method"": ""permutation_label_invariant"", ""permutation_bank_size"": 7000, ""permutation_selection_attempts"": 64, ""permuted_peaks_per_view"": 3, ""preserve_input_normalization"": true, ""temperature"": 0.07}, ""target"": ""InfoNCELoss"", ""weight"": 0.001}}, ""heads"": {""molecule_vpu"": {""vpu"": {""params"": {""alpha"": 1.0, ""beta"": 1.0, ""consistency_weight"": 0.0, ""negative_weight"": 0.0, ""simulated_negative_weight"": 0.0}, ""target"": ""VariationalPULoss"", ""weight"": 0.2}}}, ""reconstruction"": {""masserstein"": {""target"": ""MassersteinLoss"", ""weight"": 1.0}}, ""regularization"": {""contractive"": {""params"": {""calculation_method"": ""exact_autograd_jacobian"", ""hinge_alpha"": 2.0, ""hinge_threshold"": 7.0, ""input_geometry"": ""fisher_rao"", ""latent_source"": ""auto"", ""penalized_space"": ""u"", ""penalty_metric"": ""spectral_plus_hinged""}, ""target"": ""ContractiveLoss"", ""weight"": 0.002}}}",{},True,True,unfrozen_head (axis-200-900),P4_joint_rare__unfrozen_head__axis_200_900,"P4 joint + rare, fine-tuned, unfrozen head, 200-900 m/z",22,#2CA02C,solid,o,"{""axis"": ""axis-200-900"", ""components"": ""combined"", ""overlap"": 0, ""rare"": 1, ""role"": ""unfrozen_head"", ""schedule"": ""joint"", ""variant"": ""P4_joint_rare""}"
metaspace-pretrain-repaired-20260923-01__grid_0008__rep_00__pretrained,metaspace-pretrain-repaired-20260923-01,task_000110,grid_0008,0,axis-200-900,pretrained,pretrained,P4_staged_rare,grid_0008__rep_00,"P4 staged + rare, pretrained, 200-900 m/z",axis-200-900/pretrained,/home/max/repositories/MSIAutoEncoderWrapper/data/kidney_workspace/models/kidney/metaspace-pretrain-repaired-20260923-01__grid_0008__rep_00__pretrained,91154199,32238397,molecule_vpu,MultiLabelBCELoss,"{""contrastive"": {""peak_permutation"": {""params"": {""annotation_bin_radius"": 0, ""negative_weighting_method"": ""multilabel_jaccard"", ""overlapping_label_negative_weight"": 0.1, ""peak_catalog_limit"": 4096, ""peak_sample_size"": 10000, ""peak_selection_method"": ""permutation_label_invariant"", ""permutation_bank_size"": 7000, ""permutation_selection_attempts"": 64, ""permuted_peaks_per_view"": 3, ""preserve_input_normalization"": true, ""temperature"": 0.07}, ""target"": ""InfoNCELoss"", ""weight"": 0.001}}, ""heads"": {""molecule_vpu"": {""vpu"": {""params"": {""alpha"": 1.0, ""beta"": 1.0, ""consistency_weight"": 0.0, ""negative_weight"": 0.0, ""simulated_negative_weight"": 0.0}, ""target"": ""VariationalPULoss"", ""weight"": 0.2}}}, ""reconstruction"": {""masserstein"": {""target"": ""MassersteinLoss"", ""weight"": 1.0}}, ""regularization"": {""contractive"": {""params"": {""calculation_method"": ""exact_autograd_jacobian"", ""hinge_alpha"": 2.0, ""hinge_threshold"": 7.0, ""input_geometry"": ""fisher_rao"", ""latent_source"": ""auto"", ""penalized_space"": ""u"", ""penalty_metric"": ""spectral_plus_hinged""}, ""target"": ""ContractiveLoss"", ""weight"": 0.002}}}",{},True,True,pretrained (axis-200-900),P4_staged_rare__pretrained__axis_200_900,"P4 staged + rare, pretrained, 200-900 m/z",23,#98DF8A,dotted,^,"{""axis"": ""axis-200-900"", ""components"": ""combined"", ""overlap"": 0, ""rare"": 1, ""role"": ""pretrained"", ""schedule"": ""staged"", ""variant"": ""P4_staged_rare""}"
metaspace-pretrain-repaired-20260923-01__grid_0008__rep_01__pretrained,metaspace-pretrain-repaired-20260923-01,task_000113,grid_0008,1,axis-200-900,pretrained,pretrained,P4_staged_rare,grid_0008__rep_01,"P4 staged + rare, pretrained, 200-900 m/z",axis-200-900/pretrained,/home/max/repositories/MSIAutoEncoderWrapper/data/kidney_workspace/models/kidney/metaspace-pretrain-repaired-20260923-01__grid_0008__rep_01__pretrained,919377028,892754137,molecule_vpu,MultiLabelBCELoss,"{""contrastive"": {""peak_permutation"": {""params"": {""annotation_bin_radius"": 0, ""negative_weighting_method"": ""multilabel_jaccard"", ""overlapping_label_negative_weight"": 0.1, ""peak_catalog_limit"": 4096, ""peak_sample_size"": 10000, ""peak_selection_method"": ""permutation_label_invariant"", ""permutation_bank_size"": 7000, ""permutation_selection_attempts"": 64, ""permuted_peaks_per_view"": 3, ""preserve_input_normalization"": true, ""temperature"": 0.07}, ""target"": ""InfoNCELoss"", ""weight"": 0.001}}, ""heads"": {""molecule_vpu"": {""vpu"": {""params"": {""alpha"": 1.0, ""beta"": 1.0, ""consistency_weight"": 0.0, ""negative_weight"": 0.0, ""simulated_negative_weight"": 0.0}, ""target"": ""VariationalPULoss"", ""weight"": 0.2}}}, ""reconstruction"": {""masserstein"": {""target"": ""MassersteinLoss"", ""weight"": 1.0}}, ""regularization"": {""contractive"": {""params"": {""calculation_method"": ""exact_autograd_jacobian"", ""hinge_alpha"": 2.0, ""hinge_threshold"": 7.0, ""input_geometry"": ""fisher_rao"", ""latent_source"": ""auto"", ""penalized_space"": ""u"", ""penalty_metric"": ""spectral_plus_hinged""}, ""target"": ""ContractiveLoss"", ""weight"": 0.002}}}",{},True,True,pretrained (axis-200-900),P4_staged_rare__pretrained__axis_200_900,"P4 staged + rare, pretrained, 200-900 m/z",23,#98DF8A,dotted,^,"{""axis"": ""axis-200-900"", ""components"": ""combined"", ""overlap"": 0, ""rare"": 1, ""role"": ""pretrained"", ""schedule"": ""staged"", ""variant"": ""P4_staged_rare""}"
metaspace-pretrain-repaired-20260923-01__grid_0008__rep_02__pretrained,metaspace-pretrain-repaired-20260923-01,task_000116,grid_0008,2,axis-200-900,pretrained,pretrained,P4_staged_rare,grid_0008__rep_02,"P4 staged + rare, pretrained, 200-900 m/z",axis-200-900/pretrained,/home/max/repositories/MSIAutoEncoderWrapper/data/kidney_workspace/models/kidney/metaspace-pretrain-repaired-20260923-01__grid_0008__rep_02__pretrained,2136253289,442265914,molecule_vpu,MultiLabelBCELoss,"{""contrastive"": {""peak_permutation"": {""params"": {""annotation_bin_radius"": 0, ""negative_weighting_method"": ""multilabel_jaccard"", ""overlapping_label_negative_weight"": 0.1, ""peak_catalog_limit"": 4096, ""peak_sample_size"": 10000, ""peak_selection_method"": ""permutation_label_invariant"", ""permutation_bank_size"": 7000, ""permutation_selection_attempts"": 64, ""permuted_peaks_per_view"": 3, ""preserve_input_normalization"": true, ""temperature"": 0.07}, ""target"": ""InfoNCELoss"", ""weight"": 0.001}}, ""heads"": {""molecule_vpu"": {""vpu"": {""params"": {""alpha"": 1.0, ""beta"": 1.0, ""consistency_weight"": 0.0, ""negative_weight"": 0.0, ""simulated_negative_weight"": 0.0}, ""target"": ""VariationalPULoss"", ""weight"": 0.2}}}, ""reconstruction"": {""masserstein"": {""target"": ""MassersteinLoss"", ""weight"": 1.0}}, ""regularization"": {""contractive"": {""params"": {""calculation_method"": ""exact_autograd_jacobian"", ""hinge_alpha"": 2.0, ""hinge_threshold"": 7.0, ""input_geometry"": ""fisher_rao"", ""latent_source"": ""auto"", ""penalized_space"": ""u"", ""penalty_metric"": ""spectral_plus_hinged""}, ""target"": ""ContractiveLoss"", ""weight"": 0.002}}}",{},True,True,pretrained (axis-200-900),P4_staged_rare__pretrained__axis_200_900,"P4 staged + rare, pretrained, 200-900 m/z",23,#98DF8A,dotted,^,"{""axis"": ""axis-200-900"", ""components"": ""combined"", ""overlap"": 0, ""rare"": 1, ""role"": ""pretrained"", ""schedule"": ""staged"", ""variant"": ""P4_staged_rare""}"
metaspace-pretrain-repaired-20260923-01__grid_0008__rep_03__pretrained,metaspace-pretrain-repaired-20260923-01,task_000119,grid_0008,3,axis-200-900,pretrained,pretrained,P4_staged_rare,grid_0008__rep_03,"P4 staged + rare, pretrained, 200-900 m/z",axis-200-900/pretrained,/home/max/repositories/MSIAutoEncoderWrapper/data/kidney_workspace/models/kidney/metaspace-pretrain-repaired-20260923-01__grid_0008__rep_03__pretrained,276187349,194761695,molecule_vpu,MultiLabelBCELoss,"{""contrastive"": {""peak_permutation"": {""params"": {""annotation_bin_radius"": 0, ""negative_weighting_method"": ""multilabel_jaccard"", ""overlapping_label_negative_weight"": 0.1, ""peak_catalog_limit"": 4096, ""peak_sample_size"": 10000, ""peak_selection_method"": ""permutation_label_invariant"", ""permutation_bank_size"": 7000, ""permutation_selection_attempts"": 64, ""permuted_peaks_per_view"": 3, ""preserve_input_normalization"": true, ""temperature"": 0.07}, ""target"": ""InfoNCELoss"", ""weight"": 0.001}}, ""heads"": {""molecule_vpu"": {""vpu"": {""params"": {""alpha"": 1.0, ""beta"": 1.0, ""consistency_weight"": 0.0, ""negative_weight"": 0.0, ""simulated_negative_weight"": 0.0}, ""target"": ""VariationalPULoss"", ""weight"": 0.2}}}, ""reconstruction"": {""masserstein"": {""target"": ""MassersteinLoss"", ""weight"": 1.0}}, ""regularization"": {""contractive"": {""params"": {""calculation_method"": ""exact_autograd_jacobian"", ""hinge_alpha"": 2.0, ""hinge_threshold"": 7.0, ""input_geometry"": ""fisher_rao"", ""latent_source"": ""auto"", ""penalized_space"": ""u"", ""penalty_metric"": ""spectral_plus_hinged""}, ""target"": ""ContractiveLoss"", ""weight"": 0.002}}}",{},True,True,pretrained (axis-200-900),P4_staged_rare__pretrained__axis_200_900,"P4 staged + rare, pretrained, 200-900 m/z",23,#98DF8A,dotted,^,"{""axis"": ""axis-200-900"", ""components"": ""combined"", ""overlap"": 0, ""rare"": 1, ""role"": ""pretrained"", ""schedule"": ""staged"", ""variant"": ""P4_staged_rare""}"
metaspace-pretrain-repaired-20260923-01__grid_0008__rep_04__pretrained,metaspace-pretrain-repaired-20260923-01,task_000122,grid_0008,4,axis-200-900,pretrained,pretrained,P4_staged_rare,grid_0008__rep_04,"P4 staged + rare, pretrained, 200-900 m/z",axis-200-900/pretrained,/home/max/repositories/MSIAutoEncoderWrapper/data/kidney_workspace/models/kidney/metaspace-pretrain-repaired-20260923-01__grid_0008__rep_04__pretrained,1915557887,1927548799,molecule_vpu,MultiLabelBCELoss,"{""contrastive"": {""peak_permutation"": {""params"": {""annotation_bin_radius"": 0, ""negative_weighting_method"": ""multilabel_jaccard"", ""overlapping_label_negative_weight"": 0.1, ""peak_catalog_limit"": 4096, ""peak_sample_size"": 10000, ""peak_selection_method"": ""permutation_label_invariant"", ""permutation_bank_size"": 7000, ""permutation_selection_attempts"": 64, ""permuted_peaks_per_view"": 3, ""preserve_input_normalization"": true, ""temperature"": 0.07}, ""target"": ""InfoNCELoss"", ""weight"": 0.001}}, ""heads"": {""molecule_vpu"": {""vpu"": {""params"": {""alpha"": 1.0, ""beta"": 1.0, ""consistency_weight"": 0.0, ""negative_weight"": 0.0, ""simulated_negative_weight"": 0.0}, ""target"": ""VariationalPULoss"", ""weight"": 0.2}}}, ""reconstruction"": {""masserstein"": {""target"": ""MassersteinLoss"", ""weight"": 1.0}}, ""regularization"": {""contractive"": {""params"": {""calculation_method"": ""exact_autograd_jacobian"", ""hinge_alpha"": 2.0, ""hinge_threshold"": 7.0, ""input_geometry"": ""fisher_rao"", ""latent_source"": ""auto"", ""penalized_space"": ""u"", ""penalty_metric"": ""spectral_plus_hinged""}, ""target"": ""ContractiveLoss"", ""weight"": 0.002}}}",{},True,True,pretrained (axis-200-900),P4_staged_rare__pretrained__axis_200_900,"P4 staged + rare, pretrained, 200-900 m/z",23,#98DF8A,dotted,^,"{""axis"": ""axis-200-900"", ""components"": ""combined"", ""overlap"": 0, ""rare"": 1, ""role"": ""pretrained"", ""schedule"": ""staged"", ""variant"": ""P4_staged_rare""}"
metaspace-pretrain-repaired-20260923-01__grid_0008__rep_00__frozen_head,metaspace-pretrain-repaired-20260923-01,task_000111,grid_0008,0,axis-200-900,frozen_head,frozen_head,P4_staged_rare,grid_0008__rep_00,"P4 staged + rare, fine-tuned, frozen head, 200-900 m/z",axis-200-900/frozen_head,/home/max/repositories/MSIAutoEncoderWrapper/data/kidney_workspace/models/kidney/metaspace-pretrain-repaired-20260923-01__grid_0008__rep_00__frozen_head,91154199,32238397,molecule_vpu,MultiLabelBCELoss,"{""contrastive"": {""peak_permutation"": {""params"": {""annotation_bin_radius"": 0, ""negative_weighting_method"": ""multilabel_jaccard"", ""overlapping_label_negative_weight"": 0.1, ""peak_catalog_limit"": 4096, ""peak_sample_size"": 10000, ""peak_selection_method"": ""permutation_label_invariant"", ""permutation_bank_size"": 7000, ""permutation_selection_attempts"": 64, ""permuted_peaks_per_view"": 3, ""preserve_input_normalization"": true, ""temperature"": 0.07}, ""target"": ""InfoNCELoss"", ""weight"": 0.001}}, ""heads"": {""molecule_vpu"": {""vpu"": {""params"": {""alpha"": 1.0, ""beta"": 1.0, ""consistency_weight"": 0.0, ""negative_weight"": 0.0, ""simulated_negative_weight"": 0.0}, ""target"": ""VariationalPULoss"", ""weight"": 0.2}}}, ""reconstruction"": {""masserstein"": {""target"": ""MassersteinLoss"", ""weight"": 1.0}}, ""regularization"": {""contractive"": {""params"": {""calculation_method"": ""exact_autograd_jacobian"", ""hinge_alpha"": 2.0, ""hinge_threshold"": 7.0, ""input_geometry"": ""fisher_rao"", ""latent_source"": ""auto"", ""penalized_space"": ""u"", ""penalty_metric"": ""spectral_plus_hinged""}, ""target"": ""ContractiveLoss"", ""weight"": 0.002}}}",{},True,True,frozen_head (axis-200-900),P4_staged_rare__frozen_head__axis_200_900,"P4 staged + rare, fine-tuned, frozen head, 200-900 m/z",24,#98DF8A,dashed,s,"{""axis"": ""axis-200-900"", ""components"": ""combined"", ""overlap"": 0, ""rare"": 1, ""role"": ""frozen_head"", ""schedule"": ""staged"", ""variant"": ""P4_staged_rare""}"
metaspace-pretrain-repaired-20260923-01__grid_0008__rep_01__frozen_head,metaspace-pretrain-repaired-20260923-01,task_000114,grid_0008,1,axis-200-900,frozen_head,frozen_head,P4_staged_rare,grid_0008__rep_01,"P4 staged + rare, fine-tuned, frozen head, 200-900 m/z",axis-200-900/frozen_head,/home/max/repositories/MSIAutoEncoderWrapper/data/kidney_workspace/models/kidney/metaspace-pretrain-repaired-20260923-01__grid_0008__rep_01__frozen_head,919377028,892754137,molecule_vpu,MultiLabelBCELoss,"{""contrastive"": {""peak_permutation"": {""params"": {""annotation_bin_radius"": 0, ""negative_weighting_method"": ""multilabel_jaccard"", ""overlapping_label_negative_weight"": 0.1, ""peak_catalog_limit"": 4096, ""peak_sample_size"": 10000, ""peak_selection_method"": ""permutation_label_invariant"", ""permutation_bank_size"": 7000, ""permutation_selection_attempts"": 64, ""permuted_peaks_per_view"": 3, ""preserve_input_normalization"": true, ""temperature"": 0.07}, ""target"": ""InfoNCELoss"", ""weight"": 0.001}}, ""heads"": {""molecule_vpu"": {""vpu"": {""params"": {""alpha"": 1.0, ""beta"": 1.0, ""consistency_weight"": 0.0, ""negative_weight"": 0.0, ""simulated_negative_weight"": 0.0}, ""target"": ""VariationalPULoss"", ""weight"": 0.2}}}, ""reconstruction"": {""masserstein"": {""target"": ""MassersteinLoss"", ""weight"": 1.0}}, ""regularization"": {""contractive"": {""params"": {""calculation_method"": ""exact_autograd_jacobian"", ""hinge_alpha"": 2.0, ""hinge_threshold"": 7.0, ""input_geometry"": ""fisher_rao"", ""latent_source"": ""auto"", ""penalized_space"": ""u"", ""penalty_metric"": ""spectral_plus_hinged""}, ""target"": ""ContractiveLoss"", ""weight"": 0.002}}}",{},True,True,frozen_head (axis-200-900),P4_staged_rare__frozen_head__axis_200_900,"P4 staged + rare, fine-tuned, frozen head, 200-900 m/z",24,#98DF8A,dashed,s,"{""axis"": ""axis-200-900"", ""components"": ""combined"", ""overlap"": 0, ""rare"": 1, ""role"": ""frozen_head"", ""schedule"": ""staged"", ""variant"": ""P4_staged_rare""}"
metaspace-pretrain-repaired-20260923-01__grid_0008__rep_02__frozen_head,metaspace-pretrain-repaired-20260923-01,task_000117,grid_0008,2,axis-200-900,frozen_head,frozen_head,P4_staged_rare,grid_0008__rep_02,"P4 staged + rare, fine-tuned, frozen head, 200-900 m/z",axis-200-900/frozen_head,/home/max/repositories/MSIAutoEncoderWrapper/data/kidney_workspace/models/kidney/metaspace-pretrain-repaired-20260923-01__grid_0008__rep_02__frozen_head,2136253289,442265914,molecule_vpu,MultiLabelBCELoss,"{""contrastive"": {""peak_permutation"": {""params"": {""annotation_bin_radius"": 0, ""negative_weighting_method"": ""multilabel_jaccard"", ""overlapping_label_negative_weight"": 0.1, ""peak_catalog_limit"": 4096, ""peak_sample_size"": 10000, ""peak_selection_method"": ""permutation_label_invariant"", ""permutation_bank_size"": 7000, ""permutation_selection_attempts"": 64, ""permuted_peaks_per_view"": 3, ""preserve_input_normalization"": true, ""temperature"": 0.07}, ""target"": ""InfoNCELoss"", ""weight"": 0.001}}, ""heads"": {""molecule_vpu"": {""vpu"": {""params"": {""alpha"": 1.0, ""beta"": 1.0, ""consistency_weight"": 0.0, ""negative_weight"": 0.0, ""simulated_negative_weight"": 0.0}, ""target"": ""VariationalPULoss"", ""weight"": 0.2}}}, ""reconstruction"": {""masserstein"": {""target"": ""MassersteinLoss"", ""weight"": 1.0}}, ""regularization"": {""contractive"": {""params"": {""calculation_method"": ""exact_autograd_jacobian"", ""hinge_alpha"": 2.0, ""hinge_threshold"": 7.0, ""input_geometry"": ""fisher_rao"", ""latent_source"": ""auto"", ""penalized_space"": ""u"", ""penalty_metric"": ""spectral_plus_hinged""}, ""target"": ""ContractiveLoss"", ""weight"": 0.002}}}",{},True,True,frozen_head (axis-200-900),P4_staged_rare__frozen_head__axis_200_900,"P4 staged + rare, fine-tuned, frozen head, 200-900 m/z",24,#98DF8A,dashed,s,"{""axis"": ""axis-200-900"", ""components"": ""combined"", ""overlap"": 0, ""rare"": 1, ""role"": ""frozen_head"", ""schedule"": ""staged"", ""variant"": ""P4_staged_rare""}"
metaspace-pretrain-repaired-20260923-01__grid_0008__rep_03__frozen_head,metaspace-pretrain-repaired-20260923-01,task_000120,grid_0008,3,axis-200-900,frozen_head,frozen_head,P4_staged_rare,grid_0008__rep_03,"P4 staged + rare, fine-tuned, frozen head, 200-900 m/z",axis-200-900/frozen_head,/home/max/repositories/MSIAutoEncoderWrapper/data/kidney_workspace/models/kidney/metaspace-pretrain-repaired-20260923-01__grid_0008__rep_03__frozen_head,276187349,194761695,molecule_vpu,MultiLabelBCELoss,"{""contrastive"": {""peak_permutation"": {""params"": {""annotation_bin_radius"": 0, ""negative_weighting_method"": ""multilabel_jaccard"", ""overlapping_label_negative_weight"": 0.1, ""peak_catalog_limit"": 4096, ""peak_sample_size"": 10000, ""peak_selection_method"": ""permutation_label_invariant"", ""permutation_bank_size"": 7000, ""permutation_selection_attempts"": 64, ""permuted_peaks_per_view"": 3, ""preserve_input_normalization"": true, ""temperature"": 0.07}, ""target"": ""InfoNCELoss"", ""weight"": 0.001}}, ""heads"": {""molecule_vpu"": {""vpu"": {""params"": {""alpha"": 1.0, ""beta"": 1.0, ""consistency_weight"": 0.0, ""negative_weight"": 0.0, ""simulated_negative_weight"": 0.0}, ""target"": ""VariationalPULoss"", ""weight"": 0.2}}}, ""reconstruction"": {""masserstein"": {""target"": ""MassersteinLoss"", ""weight"": 1.0}}, ""regularization"": {""contractive"": {""params"": {""calculation_method"": ""exact_autograd_jacobian"", ""hinge_alpha"": 2.0, ""hinge_threshold"": 7.0, ""input_geometry"": ""fisher_rao"", ""latent_source"": ""auto"", ""penalized_space"": ""u"", ""penalty_metric"": ""spectral_plus_hinged""}, ""target"": ""ContractiveLoss"", ""weight"": 0.002}}}",{},True,True,frozen_head (axis-200-900),P4_staged_rare__frozen_head__axis_200_900,"P4 staged + rare, fine-tuned, frozen head, 200-900 m/z",24,#98DF8A,dashed,s,"{""axis"": ""axis-200-900"", ""components"": ""combined"", ""overlap"": 0, ""rare"": 1, ""role"": ""frozen_head"", ""schedule"": ""staged"", ""variant"": ""P4_staged_rare""}"
metaspace-pretrain-repaired-20260923-01__grid_0008__rep_04__frozen_head,metaspace-pretrain-repaired-20260923-01,task_000123,grid_0008,4,axis-200-900,frozen_head,frozen_head,P4_staged_rare,grid_0008__rep_04,"P4 staged + rare, fine-tuned, frozen head, 200-900 m/z",axis-200-900/frozen_head,/home/max/repositories/MSIAutoEncoderWrapper/data/kidney_workspace/models/kidney/metaspace-pretrain-repaired-20260923-01__grid_0008__rep_04__frozen_head,1915557887,1927548799,molecule_vpu,MultiLabelBCELoss,"{""contrastive"": {""peak_permutation"": {""params"": {""annotation_bin_radius"": 0, ""negative_weighting_method"": ""multilabel_jaccard"", ""overlapping_label_negative_weight"": 0.1, ""peak_catalog_limit"": 4096, ""peak_sample_size"": 10000, ""peak_selection_method"": ""permutation_label_invariant"", ""permutation_bank_size"": 7000, ""permutation_selection_attempts"": 64, ""permuted_peaks_per_view"": 3, ""preserve_input_normalization"": true, ""temperature"": 0.07}, ""target"": ""InfoNCELoss"", ""weight"": 0.001}}, ""heads"": {""molecule_vpu"": {""vpu"": {""params"": {""alpha"": 1.0, ""beta"": 1.0, ""consistency_weight"": 0.0, ""negative_weight"": 0.0, ""simulated_negative_weight"": 0.0}, ""target"": ""VariationalPULoss"", ""weight"": 0.2}}}, ""reconstruction"": {""masserstein"": {""target"": ""MassersteinLoss"", ""weight"": 1.0}}, ""regularization"": {""contractive"": {""params"": {""calculation_method"": ""exact_autograd_jacobian"", ""hinge_alpha"": 2.0, ""hinge_threshold"": 7.0, ""input_geometry"": ""fisher_rao"", ""latent_source"": ""auto"", ""penalized_space"": ""u"", ""penalty_metric"": ""spectral_plus_hinged""}, ""target"": ""ContractiveLoss"", ""weight"": 0.002}}}",{},True,True,frozen_head (axis-200-900),P4_staged_rare__frozen_head__axis_200_900,"P4 staged + rare, fine-tuned, frozen head, 200-900 m/z",24,#98DF8A,dashed,s,"{""axis"": ""axis-200-900"", ""components"": ""combined"", ""overlap"": 0, ""rare"": 1, ""role"": ""frozen_head"", ""schedule"": ""staged"", ""variant"": ""P4_staged_rare""}"
metaspace-pretrain-repaired-20260923-01__grid_0008__rep_00__unfrozen_head,metaspace-pretrain-repaired-20260923-01,task_000112,grid_0008,0,axis-200-900,unfrozen_head,unfrozen_head,P4_staged_rare,grid_0008__rep_00,"P4 staged + rare, fine-tuned, unfrozen head, 200-900 m/z",axis-200-900/unfrozen_head,/home/max/repositories/MSIAutoEncoderWrapper/data/kidney_workspace/models/kidney/metaspace-pretrain-repaired-20260923-01__grid_0008__rep_00__unfrozen_head,91154199,32238397,molecule_vpu,VariationalPULoss,"{""contrastive"": {""peak_permutation"": {""params"": {""annotation_bin_radius"": 0, ""negative_weighting_method"": ""multilabel_jaccard"", ""overlapping_label_negative_weight"": 0.1, ""peak_catalog_limit"": 4096, ""peak_sample_size"": 10000, ""peak_selection_method"": ""permutation_label_invariant"", ""permutation_bank_size"": 7000, ""permutation_selection_attempts"": 64, ""permuted_peaks_per_view"": 3, ""preserve_input_normalization"": true, ""temperature"": 0.07}, ""target"": ""InfoNCELoss"", ""weight"": 0.001}}, ""heads"": {""molecule_vpu"": {""vpu"": {""params"": {""alpha"": 1.0, ""beta"": 1.0, ""consistency_weight"": 0.0, ""negative_weight"": 0.0, ""simulated_negative_weight"": 0.0}, ""target"": ""VariationalPULoss"", ""weight"": 0.2}}}, ""reconstruction"": {""masserstein"": {""target"": ""MassersteinLoss"", ""weight"": 1.0}}, ""regularization"": {""contractive"": {""params"": {""calculation_method"": ""exact_autograd_jacobian"", ""hinge_alpha"": 2.0, ""hinge_threshold"": 7.0, ""input_geometry"": ""fisher_rao"", ""latent_source"": ""auto"", ""penalized_space"": ""u"", ""penalty_metric"": ""spectral_plus_hinged""}, ""target"": ""ContractiveLoss"", ""weight"": 0.002}}}",{},True,True,unfrozen_head (axis-200-900),P4_staged_rare__unfrozen_head__axis_200_900,"P4 staged + rare, fine-tuned, unfrozen head, 200-900 m/z",25,#98DF8A,solid,o,"{""axis"": ""axis-200-900"", ""components"": ""combined"", ""overlap"": 0, ""rare"": 1, ""role"": ""unfrozen_head"", ""schedule"": ""staged"", ""variant"": ""P4_staged_rare""}"
metaspace-pretrain-repaired-20260923-01__grid_0008__rep_01__unfrozen_head,metaspace-pretrain-repaired-20260923-01,task_000115,grid_0008,1,axis-200-900,unfrozen_head,unfrozen_head,P4_staged_rare,grid_0008__rep_01,"P4 staged + rare, fine-tuned, unfrozen head, 200-900 m/z",axis-200-900/unfrozen_head,/home/max/repositories/MSIAutoEncoderWrapper/data/kidney_workspace/models/kidney/metaspace-pretrain-repaired-20260923-01__grid_0008__rep_01__unfrozen_head,919377028,892754137,molecule_vpu,VariationalPULoss,"{""contrastive"": {""peak_permutation"": {""params"": {""annotation_bin_radius"": 0, ""negative_weighting_method"": ""multilabel_jaccard"", ""overlapping_label_negative_weight"": 0.1, ""peak_catalog_limit"": 4096, ""peak_sample_size"": 10000, ""peak_selection_method"": ""permutation_label_invariant"", ""permutation_bank_size"": 7000, ""permutation_selection_attempts"": 64, ""permuted_peaks_per_view"": 3, ""preserve_input_normalization"": true, ""temperature"": 0.07}, ""target"": ""InfoNCELoss"", ""weight"": 0.001}}, ""heads"": {""molecule_vpu"": {""vpu"": {""params"": {""alpha"": 1.0, ""beta"": 1.0, ""consistency_weight"": 0.0, ""negative_weight"": 0.0, ""simulated_negative_weight"": 0.0}, ""target"": ""VariationalPULoss"", ""weight"": 0.2}}}, ""reconstruction"": {""masserstein"": {""target"": ""MassersteinLoss"", ""weight"": 1.0}}, ""regularization"": {""contractive"": {""params"": {""calculation_method"": ""exact_autograd_jacobian"", ""hinge_alpha"": 2.0, ""hinge_threshold"": 7.0, ""input_geometry"": ""fisher_rao"", ""latent_source"": ""auto"", ""penalized_space"": ""u"", ""penalty_metric"": ""spectral_plus_hinged""}, ""target"": ""ContractiveLoss"", ""weight"": 0.002}}}",{},True,True,unfrozen_head (axis-200-900),P4_staged_rare__unfrozen_head__axis_200_900,"P4 staged + rare, fine-tuned, unfrozen head, 200-900 m/z",25,#98DF8A,solid,o,"{""axis"": ""axis-200-900"", ""components"": ""combined"", ""overlap"": 0, ""rare"": 1, ""role"": ""unfrozen_head"", ""schedule"": ""staged"", ""variant"": ""P4_staged_rare""}"
metaspace-pretrain-repaired-20260923-01__grid_0008__rep_02__unfrozen_head,metaspace-pretrain-repaired-20260923-01,task_000118,grid_0008,2,axis-200-900,unfrozen_head,unfrozen_head,P4_staged_rare,grid_0008__rep_02,"P4 staged + rare, fine-tuned, unfrozen head, 200-900 m/z",axis-200-900/unfrozen_head,/home/max/repositories/MSIAutoEncoderWrapper/data/kidney_workspace/models/kidney/metaspace-pretrain-repaired-20260923-01__grid_0008__rep_02__unfrozen_head,2136253289,442265914,molecule_vpu,VariationalPULoss,"{""contrastive"": {""peak_permutation"": {""params"": {""annotation_bin_radius"": 0, ""negative_weighting_method"": ""multilabel_jaccard"", ""overlapping_label_negative_weight"": 0.1, ""peak_catalog_limit"": 4096, ""peak_sample_size"": 10000, ""peak_selection_method"": ""permutation_label_invariant"", ""permutation_bank_size"": 7000, ""permutation_selection_attempts"": 64, ""permuted_peaks_per_view"": 3, ""preserve_input_normalization"": true, ""temperature"": 0.07}, ""target"": ""InfoNCELoss"", ""weight"": 0.001}}, ""heads"": {""molecule_vpu"": {""vpu"": {""params"": {""alpha"": 1.0, ""beta"": 1.0, ""consistency_weight"": 0.0, ""negative_weight"": 0.0, ""simulated_negative_weight"": 0.0}, ""target"": ""VariationalPULoss"", ""weight"": 0.2}}}, ""reconstruction"": {""masserstein"": {""target"": ""MassersteinLoss"", ""weight"": 1.0}}, ""regularization"": {""contractive"": {""params"": {""calculation_method"": ""exact_autograd_jacobian"", ""hinge_alpha"": 2.0, ""hinge_threshold"": 7.0, ""input_geometry"": ""fisher_rao"", ""latent_source"": ""auto"", ""penalized_space"": ""u"", ""penalty_metric"": ""spectral_plus_hinged""}, ""target"": ""ContractiveLoss"", ""weight"": 0.002}}}",{},True,True,unfrozen_head (axis-200-900),P4_staged_rare__unfrozen_head__axis_200_900,"P4 staged + rare, fine-tuned, unfrozen head, 200-900 m/z",25,#98DF8A,solid,o,"{""axis"": ""axis-200-900"", ""components"": ""combined"", ""overlap"": 0, ""rare"": 1, ""role"": ""unfrozen_head"", ""schedule"": ""staged"", ""variant"": ""P4_staged_rare""}"
metaspace-pretrain-repaired-20260923-01__grid_0008__rep_03__unfrozen_head,metaspace-pretrain-repaired-20260923-01,task_000121,grid_0008,3,axis-200-900,unfrozen_head,unfrozen_head,P4_staged_rare,grid_0008__rep_03,"P4 staged + rare, fine-tuned, unfrozen head, 200-900 m/z",axis-200-900/unfrozen_head,/home/max/repositories/MSIAutoEncoderWrapper/data/kidney_workspace/models/kidney/metaspace-pretrain-repaired-20260923-01__grid_0008__rep_03__unfrozen_head,276187349,194761695,molecule_vpu,VariationalPULoss,"{""contrastive"": {""peak_permutation"": {""params"": {""annotation_bin_radius"": 0, ""negative_weighting_method"": ""multilabel_jaccard"", ""overlapping_label_negative_weight"": 0.1, ""peak_catalog_limit"": 4096, ""peak_sample_size"": 10000, ""peak_selection_method"": ""permutation_label_invariant"", ""permutation_bank_size"": 7000, ""permutation_selection_attempts"": 64, ""permuted_peaks_per_view"": 3, ""preserve_input_normalization"": true, ""temperature"": 0.07}, ""target"": ""InfoNCELoss"", ""weight"": 0.001}}, ""heads"": {""molecule_vpu"": {""vpu"": {""params"": {""alpha"": 1.0, ""beta"": 1.0, ""consistency_weight"": 0.0, ""negative_weight"": 0.0, ""simulated_negative_weight"": 0.0}, ""target"": ""VariationalPULoss"", ""weight"": 0.2}}}, ""reconstruction"": {""masserstein"": {""target"": ""MassersteinLoss"", ""weight"": 1.0}}, ""regularization"": {""contractive"": {""params"": {""calculation_method"": ""exact_autograd_jacobian"", ""hinge_alpha"": 2.0, ""hinge_threshold"": 7.0, ""input_geometry"": ""fisher_rao"", ""latent_source"": ""auto"", ""penalized_space"": ""u"", ""penalty_metric"": ""spectral_plus_hinged""}, ""target"": ""ContractiveLoss"", ""weight"": 0.002}}}",{},True,True,unfrozen_head (axis-200-900),P4_staged_rare__unfrozen_head__axis_200_900,"P4 staged + rare, fine-tuned, unfrozen head, 200-900 m/z",25,#98DF8A,solid,o,"{""axis"": ""axis-200-900"", ""components"": ""combined"", ""overlap"": 0, ""rare"": 1, ""role"": ""unfrozen_head"", ""schedule"": ""staged"", ""variant"": ""P4_staged_rare""}"
metaspace-pretrain-repaired-20260923-01__grid_0008__rep_04__unfrozen_head,metaspace-pretrain-repaired-20260923-01,task_000124,grid_0008,4,axis-200-900,unfrozen_head,unfrozen_head,P4_staged_rare,grid_0008__rep_04,"P4 staged + rare, fine-tuned, unfrozen head, 200-900 m/z",axis-200-900/unfrozen_head,/home/max/repositories/MSIAutoEncoderWrapper/data/kidney_workspace/models/kidney/metaspace-pretrain-repaired-20260923-01__grid_0008__rep_04__unfrozen_head,1915557887,1927548799,molecule_vpu,VariationalPULoss,"{""contrastive"": {""peak_permutation"": {""params"": {""annotation_bin_radius"": 0, ""negative_weighting_method"": ""multilabel_jaccard"", ""overlapping_label_negative_weight"": 0.1, ""peak_catalog_limit"": 4096, ""peak_sample_size"": 10000, ""peak_selection_method"": ""permutation_label_invariant"", ""permutation_bank_size"": 7000, ""permutation_selection_attempts"": 64, ""permuted_peaks_per_view"": 3, ""preserve_input_normalization"": true, ""temperature"": 0.07}, ""target"": ""InfoNCELoss"", ""weight"": 0.001}}, ""heads"": {""molecule_vpu"": {""vpu"": {""params"": {""alpha"": 1.0, ""beta"": 1.0, ""consistency_weight"": 0.0, ""negative_weight"": 0.0, ""simulated_negative_weight"": 0.0}, ""target"": ""VariationalPULoss"", ""weight"": 0.2}}}, ""reconstruction"": {""masserstein"": {""target"": ""MassersteinLoss"", ""weight"": 1.0}}, ""regularization"": {""contractive"": {""params"": {""calculation_method"": ""exact_autograd_jacobian"", ""hinge_alpha"": 2.0, ""hinge_threshold"": 7.0, ""input_geometry"": ""fisher_rao"", ""latent_source"": ""auto"", ""penalized_space"": ""u"", ""penalty_metric"": ""spectral_plus_hinged""}, ""target"": ""ContractiveLoss"", ""weight"": 0.002}}}",{},True,True,unfrozen_head (axis-200-900),P4_staged_rare__unfrozen_head__axis_200_900,"P4 staged + rare, fine-tuned, unfrozen head, 200-900 m/z",25,#98DF8A,solid,o,"{""axis"": ""axis-200-900"", ""components"": ""combined"", ""overlap"": 0, ""rare"": 1, ""role"": ""unfrozen_head"", ""schedule"": ""staged"", ""variant"": ""P4_staged_rare""}"
metaspace-pretrain-repaired-20260923-01__grid_0009__rep_00__pretrained,metaspace-pretrain-repaired-20260923-01,task_000125,grid_0009,0,axis-200-900,pretrained,pretrained,P5_joint_all,grid_0009__rep_00,"P5 joint + overlap + rare, pretrained, 200-900 m/z",axis-200-900/pretrained,/home/max/repositories/MSIAutoEncoderWrapper/data/kidney_workspace/models/kidney/metaspace-pretrain-repaired-20260923-01__grid_0009__rep_00__pretrained,91154199,32238397,molecule_vpu,MultiLabelBCELoss,"{""contrastive"": {""peak_permutation"": {""params"": {""annotation_bin_radius"": 0, ""negative_weighting_method"": ""multilabel_jaccard"", ""overlapping_label_negative_weight"": 0.1, ""peak_catalog_limit"": 4096, ""peak_sample_size"": 10000, ""peak_selection_method"": ""permutation_label_invariant"", ""permutation_bank_size"": 7000, ""permutation_selection_attempts"": 64, ""permuted_peaks_per_view"": 3, ""preserve_input_normalization"": true, ""temperature"": 0.07}, ""target"": ""InfoNCELoss"", ""weight"": 0.001}}, ""heads"": {""molecule_vpu"": {""vpu"": {""params"": {""alpha"": 1.0, ""beta"": 1.0, ""consistency_weight"": 0.0, ""negative_weight"": 0.0, ""simulated_negative_weight"": 0.0}, ""target"": ""VariationalPULoss"", ""weight"": 0.2}}}, ""reconstruction"": {""masserstein"": {""target"": ""MassersteinLoss"", ""weight"": 1.0}}, ""regularization"": {""contractive"": {""params"": {""calculation_method"": ""exact_autograd_jacobian"", ""hinge_alpha"": 2.0, ""hinge_threshold"": 7.0, ""input_geometry"": ""fisher_rao"", ""latent_source"": ""auto"", ""penalized_space"": ""u"", ""penalty_metric"": ""spectral_plus_hinged""}, ""target"": ""ContractiveLoss"", ""weight"": 0.002}}}",{},True,True,pretrained (axis-200-900),P5_joint_all__pretrained__axis_200_900,"P5 joint + overlap + rare, pretrained, 200-900 m/z",26,#D62728,dotted,^,"{""axis"": ""axis-200-900"", ""components"": ""combined"", ""overlap"": 1, ""rare"": 1, ""role"": ""pretrained"", ""schedule"": ""joint"", ""variant"": ""P5_joint_all""}"
metaspace-pretrain-repaired-20260923-01__grid_0009__rep_01__pretrained,metaspace-pretrain-repaired-20260923-01,task_000128,grid_0009,1,axis-200-900,pretrained,pretrained,P5_joint_all,grid_0009__rep_01,"P5 joint + overlap + rare, pretrained, 200-900 m/z",axis-200-900/pretrained,/home/max/repositories/MSIAutoEncoderWrapper/data/kidney_workspace/models/kidney/metaspace-pretrain-repaired-20260923-01__grid_0009__rep_01__pretrained,919377028,892754137,molecule_vpu,MultiLabelBCELoss,"{""contrastive"": {""peak_permutation"": {""params"": {""annotation_bin_radius"": 0, ""negative_weighting_method"": ""multilabel_jaccard"", ""overlapping_label_negative_weight"": 0.1, ""peak_catalog_limit"": 4096, ""peak_sample_size"": 10000, ""peak_selection_method"": ""permutation_label_invariant"", ""permutation_bank_size"": 7000, ""permutation_selection_attempts"": 64, ""permuted_peaks_per_view"": 3, ""preserve_input_normalization"": true, ""temperature"": 0.07}, ""target"": ""InfoNCELoss"", ""weight"": 0.001}}, ""heads"": {""molecule_vpu"": {""vpu"": {""params"": {""alpha"": 1.0, ""beta"": 1.0, ""consistency_weight"": 0.0, ""negative_weight"": 0.0, ""simulated_negative_weight"": 0.0}, ""target"": ""VariationalPULoss"", ""weight"": 0.2}}}, ""reconstruction"": {""masserstein"": {""target"": ""MassersteinLoss"", ""weight"": 1.0}}, ""regularization"": {""contractive"": {""params"": {""calculation_method"": ""exact_autograd_jacobian"", ""hinge_alpha"": 2.0, ""hinge_threshold"": 7.0, ""input_geometry"": ""fisher_rao"", ""latent_source"": ""auto"", ""penalized_space"": ""u"", ""penalty_metric"": ""spectral_plus_hinged""}, ""target"": ""ContractiveLoss"", ""weight"": 0.002}}}",{},True,True,pretrained (axis-200-900),P5_joint_all__pretrained__axis_200_900,"P5 joint + overlap + rare, pretrained, 200-900 m/z",26,#D62728,dotted,^,"{""axis"": ""axis-200-900"", ""components"": ""combined"", ""overlap"": 1, ""rare"": 1, ""role"": ""pretrained"", ""schedule"": ""joint"", ""variant"": ""P5_joint_all""}"
metaspace-pretrain-repaired-20260923-01__grid_0009__rep_02__pretrained,metaspace-pretrain-repaired-20260923-01,task_000131,grid_0009,2,axis-200-900,pretrained,pretrained,P5_joint_all,grid_0009__rep_02,"P5 joint + overlap + rare, pretrained, 200-900 m/z",axis-200-900/pretrained,/home/max/repositories/MSIAutoEncoderWrapper/data/kidney_workspace/models/kidney/metaspace-pretrain-repaired-20260923-01__grid_0009__rep_02__pretrained,2136253289,442265914,molecule_vpu,MultiLabelBCELoss,"{""contrastive"": {""peak_permutation"": {""params"": {""annotation_bin_radius"": 0, ""negative_weighting_method"": ""multilabel_jaccard"", ""overlapping_label_negative_weight"": 0.1, ""peak_catalog_limit"": 4096, ""peak_sample_size"": 10000, ""peak_selection_method"": ""permutation_label_invariant"", ""permutation_bank_size"": 7000, ""permutation_selection_attempts"": 64, ""permuted_peaks_per_view"": 3, ""preserve_input_normalization"": true, ""temperature"": 0.07}, ""target"": ""InfoNCELoss"", ""weight"": 0.001}}, ""heads"": {""molecule_vpu"": {""vpu"": {""params"": {""alpha"": 1.0, ""beta"": 1.0, ""consistency_weight"": 0.0, ""negative_weight"": 0.0, ""simulated_negative_weight"": 0.0}, ""target"": ""VariationalPULoss"", ""weight"": 0.2}}}, ""reconstruction"": {""masserstein"": {""target"": ""MassersteinLoss"", ""weight"": 1.0}}, ""regularization"": {""contractive"": {""params"": {""calculation_method"": ""exact_autograd_jacobian"", ""hinge_alpha"": 2.0, ""hinge_threshold"": 7.0, ""input_geometry"": ""fisher_rao"", ""latent_source"": ""auto"", ""penalized_space"": ""u"", ""penalty_metric"": ""spectral_plus_hinged""}, ""target"": ""ContractiveLoss"", ""weight"": 0.002}}}",{},True,True,pretrained (axis-200-900),P5_joint_all__pretrained__axis_200_900,"P5 joint + overlap + rare, pretrained, 200-900 m/z",26,#D62728,dotted,^,"{""axis"": ""axis-200-900"", ""components"": ""combined"", ""overlap"": 1, ""rare"": 1, ""role"": ""pretrained"", ""schedule"": ""joint"", ""variant"": ""P5_joint_all""}"
metaspace-pretrain-repaired-20260923-01__grid_0009__rep_03__pretrained,metaspace-pretrain-repaired-20260923-01,task_000134,grid_0009,3,axis-200-900,pretrained,pretrained,P5_joint_all,grid_0009__rep_03,"P5 joint + overlap + rare, pretrained, 200-900 m/z",axis-200-900/pretrained,/home/max/repositories/MSIAutoEncoderWrapper/data/kidney_workspace/models/kidney/metaspace-pretrain-repaired-20260923-01__grid_0009__rep_03__pretrained,276187349,194761695,molecule_vpu,MultiLabelBCELoss,"{""contrastive"": {""peak_permutation"": {""params"": {""annotation_bin_radius"": 0, ""negative_weighting_method"": ""multilabel_jaccard"", ""overlapping_label_negative_weight"": 0.1, ""peak_catalog_limit"": 4096, ""peak_sample_size"": 10000, ""peak_selection_method"": ""permutation_label_invariant"", ""permutation_bank_size"": 7000, ""permutation_selection_attempts"": 64, ""permuted_peaks_per_view"": 3, ""preserve_input_normalization"": true, ""temperature"": 0.07}, ""target"": ""InfoNCELoss"", ""weight"": 0.001}}, ""heads"": {""molecule_vpu"": {""vpu"": {""params"": {""alpha"": 1.0, ""beta"": 1.0, ""consistency_weight"": 0.0, ""negative_weight"": 0.0, ""simulated_negative_weight"": 0.0}, ""target"": ""VariationalPULoss"", ""weight"": 0.2}}}, ""reconstruction"": {""masserstein"": {""target"": ""MassersteinLoss"", ""weight"": 1.0}}, ""regularization"": {""contractive"": {""params"": {""calculation_method"": ""exact_autograd_jacobian"", ""hinge_alpha"": 2.0, ""hinge_threshold"": 7.0, ""input_geometry"": ""fisher_rao"", ""latent_source"": ""auto"", ""penalized_space"": ""u"", ""penalty_metric"": ""spectral_plus_hinged""}, ""target"": ""ContractiveLoss"", ""weight"": 0.002}}}",{},True,True,pretrained (axis-200-900),P5_joint_all__pretrained__axis_200_900,"P5 joint + overlap + rare, pretrained, 200-900 m/z",26,#D62728,dotted,^,"{""axis"": ""axis-200-900"", ""components"": ""combined"", ""overlap"": 1, ""rare"": 1, ""role"": ""pretrained"", ""schedule"": ""joint"", ""variant"": ""P5_joint_all""}"
metaspace-pretrain-repaired-20260923-01__grid_0009__rep_04__pretrained,metaspace-pretrain-repaired-20260923-01,task_000137,grid_0009,4,axis-200-900,pretrained,pretrained,P5_joint_all,grid_0009__rep_04,"P5 joint + overlap + rare, pretrained, 200-900 m/z",axis-200-900/pretrained,/home/max/repositories/MSIAutoEncoderWrapper/data/kidney_workspace/models/kidney/metaspace-pretrain-repaired-20260923-01__grid_0009__rep_04__pretrained,1915557887,1927548799,molecule_vpu,MultiLabelBCELoss,"{""contrastive"": {""peak_permutation"": {""params"": {""annotation_bin_radius"": 0, ""negative_weighting_method"": ""multilabel_jaccard"", ""overlapping_label_negative_weight"": 0.1, ""peak_catalog_limit"": 4096, ""peak_sample_size"": 10000, ""peak_selection_method"": ""permutation_label_invariant"", ""permutation_bank_size"": 7000, ""permutation_selection_attempts"": 64, ""permuted_peaks_per_view"": 3, ""preserve_input_normalization"": true, ""temperature"": 0.07}, ""target"": ""InfoNCELoss"", ""weight"": 0.001}}, ""heads"": {""molecule_vpu"": {""vpu"": {""params"": {""alpha"": 1.0, ""beta"": 1.0, ""consistency_weight"": 0.0, ""negative_weight"": 0.0, ""simulated_negative_weight"": 0.0}, ""target"": ""VariationalPULoss"", ""weight"": 0.2}}}, ""reconstruction"": {""masserstein"": {""target"": ""MassersteinLoss"", ""weight"": 1.0}}, ""regularization"": {""contractive"": {""params"": {""calculation_method"": ""exact_autograd_jacobian"", ""hinge_alpha"": 2.0, ""hinge_threshold"": 7.0, ""input_geometry"": ""fisher_rao"", ""latent_source"": ""auto"", ""penalized_space"": ""u"", ""penalty_metric"": ""spectral_plus_hinged""}, ""target"": ""ContractiveLoss"", ""weight"": 0.002}}}",{},True,True,pretrained (axis-200-900),P5_joint_all__pretrained__axis_200_900,"P5 joint + overlap + rare, pretrained, 200-900 m/z",26,#D62728,dotted,^,"{""axis"": ""axis-200-900"", ""components"": ""combined"", ""overlap"": 1, ""rare"": 1, ""role"": ""pretrained"", ""schedule"": ""joint"", ""variant"": ""P5_joint_all""}"
metaspace-pretrain-repaired-20260923-01__grid_0009__rep_00__frozen_head,metaspace-pretrain-repaired-20260923-01,task_000126,grid_0009,0,axis-200-900,frozen_head,frozen_head,P5_joint_all,grid_0009__rep_00,"P5 joint + overlap + rare, fine-tuned, frozen head, 200-900 m/z",axis-200-900/frozen_head,/home/max/repositories/MSIAutoEncoderWrapper/data/kidney_workspace/models/kidney/metaspace-pretrain-repaired-20260923-01__grid_0009__rep_00__frozen_head,91154199,32238397,molecule_vpu,MultiLabelBCELoss,"{""contrastive"": {""peak_permutation"": {""params"": {""annotation_bin_radius"": 0, ""negative_weighting_method"": ""multilabel_jaccard"", ""overlapping_label_negative_weight"": 0.1, ""peak_catalog_limit"": 4096, ""peak_sample_size"": 10000, ""peak_selection_method"": ""permutation_label_invariant"", ""permutation_bank_size"": 7000, ""permutation_selection_attempts"": 64, ""permuted_peaks_per_view"": 3, ""preserve_input_normalization"": true, ""temperature"": 0.07}, ""target"": ""InfoNCELoss"", ""weight"": 0.001}}, ""heads"": {""molecule_vpu"": {""vpu"": {""params"": {""alpha"": 1.0, ""beta"": 1.0, ""consistency_weight"": 0.0, ""negative_weight"": 0.0, ""simulated_negative_weight"": 0.0}, ""target"": ""VariationalPULoss"", ""weight"": 0.2}}}, ""reconstruction"": {""masserstein"": {""target"": ""MassersteinLoss"", ""weight"": 1.0}}, ""regularization"": {""contractive"": {""params"": {""calculation_method"": ""exact_autograd_jacobian"", ""hinge_alpha"": 2.0, ""hinge_threshold"": 7.0, ""input_geometry"": ""fisher_rao"", ""latent_source"": ""auto"", ""penalized_space"": ""u"", ""penalty_metric"": ""spectral_plus_hinged""}, ""target"": ""ContractiveLoss"", ""weight"": 0.002}}}",{},True,True,frozen_head (axis-200-900),P5_joint_all__frozen_head__axis_200_900,"P5 joint + overlap + rare, fine-tuned, frozen head, 200-900 m/z",27,#D62728,dashed,s,"{""axis"": ""axis-200-900"", ""components"": ""combined"", ""overlap"": 1, ""rare"": 1, ""role"": ""frozen_head"", ""schedule"": ""joint"", ""variant"": ""P5_joint_all""}"
metaspace-pretrain-repaired-20260923-01__grid_0009__rep_01__frozen_head,metaspace-pretrain-repaired-20260923-01,task_000129,grid_0009,1,axis-200-900,frozen_head,frozen_head,P5_joint_all,grid_0009__rep_01,"P5 joint + overlap + rare, fine-tuned, frozen head, 200-900 m/z",axis-200-900/frozen_head,/home/max/repositories/MSIAutoEncoderWrapper/data/kidney_workspace/models/kidney/metaspace-pretrain-repaired-20260923-01__grid_0009__rep_01__frozen_head,919377028,892754137,molecule_vpu,MultiLabelBCELoss,"{""contrastive"": {""peak_permutation"": {""params"": {""annotation_bin_radius"": 0, ""negative_weighting_method"": ""multilabel_jaccard"", ""overlapping_label_negative_weight"": 0.1, ""peak_catalog_limit"": 4096, ""peak_sample_size"": 10000, ""peak_selection_method"": ""permutation_label_invariant"", ""permutation_bank_size"": 7000, ""permutation_selection_attempts"": 64, ""permuted_peaks_per_view"": 3, ""preserve_input_normalization"": true, ""temperature"": 0.07}, ""target"": ""InfoNCELoss"", ""weight"": 0.001}}, ""heads"": {""molecule_vpu"": {""vpu"": {""params"": {""alpha"": 1.0, ""beta"": 1.0, ""consistency_weight"": 0.0, ""negative_weight"": 0.0, ""simulated_negative_weight"": 0.0}, ""target"": ""VariationalPULoss"", ""weight"": 0.2}}}, ""reconstruction"": {""masserstein"": {""target"": ""MassersteinLoss"", ""weight"": 1.0}}, ""regularization"": {""contractive"": {""params"": {""calculation_method"": ""exact_autograd_jacobian"", ""hinge_alpha"": 2.0, ""hinge_threshold"": 7.0, ""input_geometry"": ""fisher_rao"", ""latent_source"": ""auto"", ""penalized_space"": ""u"", ""penalty_metric"": ""spectral_plus_hinged""}, ""target"": ""ContractiveLoss"", ""weight"": 0.002}}}",{},True,True,frozen_head (axis-200-900),P5_joint_all__frozen_head__axis_200_900,"P5 joint + overlap + rare, fine-tuned, frozen head, 200-900 m/z",27,#D62728,dashed,s,"{""axis"": ""axis-200-900"", ""components"": ""combined"", ""overlap"": 1, ""rare"": 1, ""role"": ""frozen_head"", ""schedule"": ""joint"", ""variant"": ""P5_joint_all""}"
metaspace-pretrain-repaired-20260923-01__grid_0009__rep_02__frozen_head,metaspace-pretrain-repaired-20260923-01,task_000132,grid_0009,2,axis-200-900,frozen_head,frozen_head,P5_joint_all,grid_0009__rep_02,"P5 joint + overlap + rare, fine-tuned, frozen head, 200-900 m/z",axis-200-900/frozen_head,/home/max/repositories/MSIAutoEncoderWrapper/data/kidney_workspace/models/kidney/metaspace-pretrain-repaired-20260923-01__grid_0009__rep_02__frozen_head,2136253289,442265914,molecule_vpu,MultiLabelBCELoss,"{""contrastive"": {""peak_permutation"": {""params"": {""annotation_bin_radius"": 0, ""negative_weighting_method"": ""multilabel_jaccard"", ""overlapping_label_negative_weight"": 0.1, ""peak_catalog_limit"": 4096, ""peak_sample_size"": 10000, ""peak_selection_method"": ""permutation_label_invariant"", ""permutation_bank_size"": 7000, ""permutation_selection_attempts"": 64, ""permuted_peaks_per_view"": 3, ""preserve_input_normalization"": true, ""temperature"": 0.07}, ""target"": ""InfoNCELoss"", ""weight"": 0.001}}, ""heads"": {""molecule_vpu"": {""vpu"": {""params"": {""alpha"": 1.0, ""beta"": 1.0, ""consistency_weight"": 0.0, ""negative_weight"": 0.0, ""simulated_negative_weight"": 0.0}, ""target"": ""VariationalPULoss"", ""weight"": 0.2}}}, ""reconstruction"": {""masserstein"": {""target"": ""MassersteinLoss"", ""weight"": 1.0}}, ""regularization"": {""contractive"": {""params"": {""calculation_method"": ""exact_autograd_jacobian"", ""hinge_alpha"": 2.0, ""hinge_threshold"": 7.0, ""input_geometry"": ""fisher_rao"", ""latent_source"": ""auto"", ""penalized_space"": ""u"", ""penalty_metric"": ""spectral_plus_hinged""}, ""target"": ""ContractiveLoss"", ""weight"": 0.002}}}",{},True,True,frozen_head (axis-200-900),P5_joint_all__frozen_head__axis_200_900,"P5 joint + overlap + rare, fine-tuned, frozen head, 200-900 m/z",27,#D62728,dashed,s,"{""axis"": ""axis-200-900"", ""components"": ""combined"", ""overlap"": 1, ""rare"": 1, ""role"": ""frozen_head"", ""schedule"": ""joint"", ""variant"": ""P5_joint_all""}"
metaspace-pretrain-repaired-20260923-01__grid_0009__rep_03__frozen_head,metaspace-pretrain-repaired-20260923-01,task_000135,grid_0009,3,axis-200-900,frozen_head,frozen_head,P5_joint_all,grid_0009__rep_03,"P5 joint + overlap + rare, fine-tuned, frozen head, 200-900 m/z",axis-200-900/frozen_head,/home/max/repositories/MSIAutoEncoderWrapper/data/kidney_workspace/models/kidney/metaspace-pretrain-repaired-20260923-01__grid_0009__rep_03__frozen_head,276187349,194761695,molecule_vpu,MultiLabelBCELoss,"{""contrastive"": {""peak_permutation"": {""params"": {""annotation_bin_radius"": 0, ""negative_weighting_method"": ""multilabel_jaccard"", ""overlapping_label_negative_weight"": 0.1, ""peak_catalog_limit"": 4096, ""peak_sample_size"": 10000, ""peak_selection_method"": ""permutation_label_invariant"", ""permutation_bank_size"": 7000, ""permutation_selection_attempts"": 64, ""permuted_peaks_per_view"": 3, ""preserve_input_normalization"": true, ""temperature"": 0.07}, ""target"": ""InfoNCELoss"", ""weight"": 0.001}}, ""heads"": {""molecule_vpu"": {""vpu"": {""params"": {""alpha"": 1.0, ""beta"": 1.0, ""consistency_weight"": 0.0, ""negative_weight"": 0.0, ""simulated_negative_weight"": 0.0}, ""target"": ""VariationalPULoss"", ""weight"": 0.2}}}, ""reconstruction"": {""masserstein"": {""target"": ""MassersteinLoss"", ""weight"": 1.0}}, ""regularization"": {""contractive"": {""params"": {""calculation_method"": ""exact_autograd_jacobian"", ""hinge_alpha"": 2.0, ""hinge_threshold"": 7.0, ""input_geometry"": ""fisher_rao"", ""latent_source"": ""auto"", ""penalized_space"": ""u"", ""penalty_metric"": ""spectral_plus_hinged""}, ""target"": ""ContractiveLoss"", ""weight"": 0.002}}}",{},True,True,frozen_head (axis-200-900),P5_joint_all__frozen_head__axis_200_900,"P5 joint + overlap + rare, fine-tuned, frozen head, 200-900 m/z",27,#D62728,dashed,s,"{""axis"": ""axis-200-900"", ""components"": ""combined"", ""overlap"": 1, ""rare"": 1, ""role"": ""frozen_head"", ""schedule"": ""joint"", ""variant"": ""P5_joint_all""}"
metaspace-pretrain-repaired-20260923-01__grid_0009__rep_04__frozen_head,metaspace-pretrain-repaired-20260923-01,task_000138,grid_0009,4,axis-200-900,frozen_head,frozen_head,P5_joint_all,grid_0009__rep_04,"P5 joint + overlap + rare, fine-tuned, frozen head, 200-900 m/z",axis-200-900/frozen_head,/home/max/repositories/MSIAutoEncoderWrapper/data/kidney_workspace/models/kidney/metaspace-pretrain-repaired-20260923-01__grid_0009__rep_04__frozen_head,1915557887,1927548799,molecule_vpu,MultiLabelBCELoss,"{""contrastive"": {""peak_permutation"": {""params"": {""annotation_bin_radius"": 0, ""negative_weighting_method"": ""multilabel_jaccard"", ""overlapping_label_negative_weight"": 0.1, ""peak_catalog_limit"": 4096, ""peak_sample_size"": 10000, ""peak_selection_method"": ""permutation_label_invariant"", ""permutation_bank_size"": 7000, ""permutation_selection_attempts"": 64, ""permuted_peaks_per_view"": 3, ""preserve_input_normalization"": true, ""temperature"": 0.07}, ""target"": ""InfoNCELoss"", ""weight"": 0.001}}, ""heads"": {""molecule_vpu"": {""vpu"": {""params"": {""alpha"": 1.0, ""beta"": 1.0, ""consistency_weight"": 0.0, ""negative_weight"": 0.0, ""simulated_negative_weight"": 0.0}, ""target"": ""VariationalPULoss"", ""weight"": 0.2}}}, ""reconstruction"": {""masserstein"": {""target"": ""MassersteinLoss"", ""weight"": 1.0}}, ""regularization"": {""contractive"": {""params"": {""calculation_method"": ""exact_autograd_jacobian"", ""hinge_alpha"": 2.0, ""hinge_threshold"": 7.0, ""input_geometry"": ""fisher_rao"", ""latent_source"": ""auto"", ""penalized_space"": ""u"", ""penalty_metric"": ""spectral_plus_hinged""}, ""target"": ""ContractiveLoss"", ""weight"": 0.002}}}",{},True,True,frozen_head (axis-200-900),P5_joint_all__frozen_head__axis_200_900,"P5 joint + overlap + rare, fine-tuned, frozen head, 200-900 m/z",27,#D62728,dashed,s,"{""axis"": ""axis-200-900"", ""components"": ""combined"", ""overlap"": 1, ""rare"": 1, ""role"": ""frozen_head"", ""schedule"": ""joint"", ""variant"": ""P5_joint_all""}"
metaspace-pretrain-repaired-20260923-01__grid_0009__rep_00__unfrozen_head,metaspace-pretrain-repaired-20260923-01,task_000127,grid_0009,0,axis-200-900,unfrozen_head,unfrozen_head,P5_joint_all,grid_0009__rep_00,"P5 joint + overlap + rare, fine-tuned, unfrozen head, 200-900 m/z",axis-200-900/unfrozen_head,/home/max/repositories/MSIAutoEncoderWrapper/data/kidney_workspace/models/kidney/metaspace-pretrain-repaired-20260923-01__grid_0009__rep_00__unfrozen_head,91154199,32238397,molecule_vpu,VariationalPULoss,"{""contrastive"": {""peak_permutation"": {""params"": {""annotation_bin_radius"": 0, ""negative_weighting_method"": ""multilabel_jaccard"", ""overlapping_label_negative_weight"": 0.1, ""peak_catalog_limit"": 4096, ""peak_sample_size"": 10000, ""peak_selection_method"": ""permutation_label_invariant"", ""permutation_bank_size"": 7000, ""permutation_selection_attempts"": 64, ""permuted_peaks_per_view"": 3, ""preserve_input_normalization"": true, ""temperature"": 0.07}, ""target"": ""InfoNCELoss"", ""weight"": 0.001}}, ""heads"": {""molecule_vpu"": {""vpu"": {""params"": {""alpha"": 1.0, ""beta"": 1.0, ""consistency_weight"": 0.0, ""negative_weight"": 0.0, ""simulated_negative_weight"": 0.0}, ""target"": ""VariationalPULoss"", ""weight"": 0.2}}}, ""reconstruction"": {""masserstein"": {""target"": ""MassersteinLoss"", ""weight"": 1.0}}, ""regularization"": {""contractive"": {""params"": {""calculation_method"": ""exact_autograd_jacobian"", ""hinge_alpha"": 2.0, ""hinge_threshold"": 7.0, ""input_geometry"": ""fisher_rao"", ""latent_source"": ""auto"", ""penalized_space"": ""u"", ""penalty_metric"": ""spectral_plus_hinged""}, ""target"": ""ContractiveLoss"", ""weight"": 0.002}}}",{},True,True,unfrozen_head (axis-200-900),P5_joint_all__unfrozen_head__axis_200_900,"P5 joint + overlap + rare, fine-tuned, unfrozen head, 200-900 m/z",28,#D62728,solid,o,"{""axis"": ""axis-200-900"", ""components"": ""combined"", ""overlap"": 1, ""rare"": 1, ""role"": ""unfrozen_head"", ""schedule"": ""joint"", ""variant"": ""P5_joint_all""}"
metaspace-pretrain-repaired-20260923-01__grid_0009__rep_01__unfrozen_head,metaspace-pretrain-repaired-20260923-01,task_000130,grid_0009,1,axis-200-900,unfrozen_head,unfrozen_head,P5_joint_all,grid_0009__rep_01,"P5 joint + overlap + rare, fine-tuned, unfrozen head, 200-900 m/z",axis-200-900/unfrozen_head,/home/max/repositories/MSIAutoEncoderWrapper/data/kidney_workspace/models/kidney/metaspace-pretrain-repaired-20260923-01__grid_0009__rep_01__unfrozen_head,919377028,892754137,molecule_vpu,VariationalPULoss,"{""contrastive"": {""peak_permutation"": {""params"": {""annotation_bin_radius"": 0, ""negative_weighting_method"": ""multilabel_jaccard"", ""overlapping_label_negative_weight"": 0.1, ""peak_catalog_limit"": 4096, ""peak_sample_size"": 10000, ""peak_selection_method"": ""permutation_label_invariant"", ""permutation_bank_size"": 7000, ""permutation_selection_attempts"": 64, ""permuted_peaks_per_view"": 3, ""preserve_input_normalization"": true, ""temperature"": 0.07}, ""target"": ""InfoNCELoss"", ""weight"": 0.001}}, ""heads"": {""molecule_vpu"": {""vpu"": {""params"": {""alpha"": 1.0, ""beta"": 1.0, ""consistency_weight"": 0.0, ""negative_weight"": 0.0, ""simulated_negative_weight"": 0.0}, ""target"": ""VariationalPULoss"", ""weight"": 0.2}}}, ""reconstruction"": {""masserstein"": {""target"": ""MassersteinLoss"", ""weight"": 1.0}}, ""regularization"": {""contractive"": {""params"": {""calculation_method"": ""exact_autograd_jacobian"", ""hinge_alpha"": 2.0, ""hinge_threshold"": 7.0, ""input_geometry"": ""fisher_rao"", ""latent_source"": ""auto"", ""penalized_space"": ""u"", ""penalty_metric"": ""spectral_plus_hinged""}, ""target"": ""ContractiveLoss"", ""weight"": 0.002}}}",{},True,True,unfrozen_head (axis-200-900),P5_joint_all__unfrozen_head__axis_200_900,"P5 joint + overlap + rare, fine-tuned, unfrozen head, 200-900 m/z",28,#D62728,solid,o,"{""axis"": ""axis-200-900"", ""components"": ""combined"", ""overlap"": 1, ""rare"": 1, ""role"": ""unfrozen_head"", ""schedule"": ""joint"", ""variant"": ""P5_joint_all""}"
metaspace-pretrain-repaired-20260923-01__grid_0009__rep_02__unfrozen_head,metaspace-pretrain-repaired-20260923-01,task_000133,grid_0009,2,axis-200-900,unfrozen_head,unfrozen_head,P5_joint_all,grid_0009__rep_02,"P5 joint + overlap + rare, fine-tuned, unfrozen head, 200-900 m/z",axis-200-900/unfrozen_head,/home/max/repositories/MSIAutoEncoderWrapper/data/kidney_workspace/models/kidney/metaspace-pretrain-repaired-20260923-01__grid_0009__rep_02__unfrozen_head,2136253289,442265914,molecule_vpu,VariationalPULoss,"{""contrastive"": {""peak_permutation"": {""params"": {""annotation_bin_radius"": 0, ""negative_weighting_method"": ""multilabel_jaccard"", ""overlapping_label_negative_weight"": 0.1, ""peak_catalog_limit"": 4096, ""peak_sample_size"": 10000, ""peak_selection_method"": ""permutation_label_invariant"", ""permutation_bank_size"": 7000, ""permutation_selection_attempts"": 64, ""permuted_peaks_per_view"": 3, ""preserve_input_normalization"": true, ""temperature"": 0.07}, ""target"": ""InfoNCELoss"", ""weight"": 0.001}}, ""heads"": {""molecule_vpu"": {""vpu"": {""params"": {""alpha"": 1.0, ""beta"": 1.0, ""consistency_weight"": 0.0, ""negative_weight"": 0.0, ""simulated_negative_weight"": 0.0}, ""target"": ""VariationalPULoss"", ""weight"": 0.2}}}, ""reconstruction"": {""masserstein"": {""target"": ""MassersteinLoss"", ""weight"": 1.0}}, ""regularization"": {""contractive"": {""params"": {""calculation_method"": ""exact_autograd_jacobian"", ""hinge_alpha"": 2.0, ""hinge_threshold"": 7.0, ""input_geometry"": ""fisher_rao"", ""latent_source"": ""auto"", ""penalized_space"": ""u"", ""penalty_metric"": ""spectral_plus_hinged""}, ""target"": ""ContractiveLoss"", ""weight"": 0.002}}}",{},True,True,unfrozen_head (axis-200-900),P5_joint_all__unfrozen_head__axis_200_900,"P5 joint + overlap + rare, fine-tuned, unfrozen head, 200-900 m/z",28,#D62728,solid,o,"{""axis"": ""axis-200-900"", ""components"": ""combined"", ""overlap"": 1, ""rare"": 1, ""role"": ""unfrozen_head"", ""schedule"": ""joint"", ""variant"": ""P5_joint_all""}"
metaspace-pretrain-repaired-20260923-01__grid_0009__rep_03__unfrozen_head,metaspace-pretrain-repaired-20260923-01,task_000136,grid_0009,3,axis-200-900,unfrozen_head,unfrozen_head,P5_joint_all,grid_0009__rep_03,"P5 joint + overlap + rare, fine-tuned, unfrozen head, 200-900 m/z",axis-200-900/unfrozen_head,/home/max/repositories/MSIAutoEncoderWrapper/data/kidney_workspace/models/kidney/metaspace-pretrain-repaired-20260923-01__grid_0009__rep_03__unfrozen_head,276187349,194761695,molecule_vpu,VariationalPULoss,"{""contrastive"": {""peak_permutation"": {""params"": {""annotation_bin_radius"": 0, ""negative_weighting_method"": ""multilabel_jaccard"", ""overlapping_label_negative_weight"": 0.1, ""peak_catalog_limit"": 4096, ""peak_sample_size"": 10000, ""peak_selection_method"": ""permutation_label_invariant"", ""permutation_bank_size"": 7000, ""permutation_selection_attempts"": 64, ""permuted_peaks_per_view"": 3, ""preserve_input_normalization"": true, ""temperature"": 0.07}, ""target"": ""InfoNCELoss"", ""weight"": 0.001}}, ""heads"": {""molecule_vpu"": {""vpu"": {""params"": {""alpha"": 1.0, ""beta"": 1.0, ""consistency_weight"": 0.0, ""negative_weight"": 0.0, ""simulated_negative_weight"": 0.0}, ""target"": ""VariationalPULoss"", ""weight"": 0.2}}}, ""reconstruction"": {""masserstein"": {""target"": ""MassersteinLoss"", ""weight"": 1.0}}, ""regularization"": {""contractive"": {""params"": {""calculation_method"": ""exact_autograd_jacobian"", ""hinge_alpha"": 2.0, ""hinge_threshold"": 7.0, ""input_geometry"": ""fisher_rao"", ""latent_source"": ""auto"", ""penalized_space"": ""u"", ""penalty_metric"": ""spectral_plus_hinged""}, ""target"": ""ContractiveLoss"", ""weight"": 0.002}}}",{},True,True,unfrozen_head (axis-200-900),P5_joint_all__unfrozen_head__axis_200_900,"P5 joint + overlap + rare, fine-tuned, unfrozen head, 200-900 m/z",28,#D62728,solid,o,"{""axis"": ""axis-200-900"", ""components"": ""combined"", ""overlap"": 1, ""rare"": 1, ""role"": ""unfrozen_head"", ""schedule"": ""joint"", ""variant"": ""P5_joint_all""}"
metaspace-pretrain-repaired-20260923-01__grid_0009__rep_04__unfrozen_head,metaspace-pretrain-repaired-20260923-01,task_000139,grid_0009,4,axis-200-900,unfrozen_head,unfrozen_head,P5_joint_all,grid_0009__rep_04,"P5 joint + overlap + rare, fine-tuned, unfrozen head, 200-900 m/z",axis-200-900/unfrozen_head,/home/max/repositories/MSIAutoEncoderWrapper/data/kidney_workspace/models/kidney/metaspace-pretrain-repaired-20260923-01__grid_0009__rep_04__unfrozen_head,1915557887,1927548799,molecule_vpu,VariationalPULoss,"{""contrastive"": {""peak_permutation"": {""params"": {""annotation_bin_radius"": 0, ""negative_weighting_method"": ""multilabel_jaccard"", ""overlapping_label_negative_weight"": 0.1, ""peak_catalog_limit"": 4096, ""peak_sample_size"": 10000, ""peak_selection_method"": ""permutation_label_invariant"", ""permutation_bank_size"": 7000, ""permutation_selection_attempts"": 64, ""permuted_peaks_per_view"": 3, ""preserve_input_normalization"": true, ""temperature"": 0.07}, ""target"": ""InfoNCELoss"", ""weight"": 0.001}}, ""heads"": {""molecule_vpu"": {""vpu"": {""params"": {""alpha"": 1.0, ""beta"": 1.0, ""consistency_weight"": 0.0, ""negative_weight"": 0.0, ""simulated_negative_weight"": 0.0}, ""target"": ""VariationalPULoss"", ""weight"": 0.2}}}, ""reconstruction"": {""masserstein"": {""target"": ""MassersteinLoss"", ""weight"": 1.0}}, ""regularization"": {""contractive"": {""params"": {""calculation_method"": ""exact_autograd_jacobian"", ""hinge_alpha"": 2.0, ""hinge_threshold"": 7.0, ""input_geometry"": ""fisher_rao"", ""latent_source"": ""auto"", ""penalized_space"": ""u"", ""penalty_metric"": ""spectral_plus_hinged""}, ""target"": ""ContractiveLoss"", ""weight"": 0.002}}}",{},True,True,unfrozen_head (axis-200-900),P5_joint_all__unfrozen_head__axis_200_900,"P5 joint + overlap + rare, fine-tuned, unfrozen head, 200-900 m/z",28,#D62728,solid,o,"{""axis"": ""axis-200-900"", ""components"": ""combined"", ""overlap"": 1, ""rare"": 1, ""role"": ""unfrozen_head"", ""schedule"": ""joint"", ""variant"": ""P5_joint_all""}"
metaspace-pretrain-repaired-20260923-01__grid_0010__rep_00__pretrained,metaspace-pretrain-repaired-20260923-01,task_000140,grid_0010,0,axis-200-900,pretrained,pretrained,P5_staged_all,grid_0010__rep_00,"P5 staged + overlap + rare, pretrained, 200-900 m/z",axis-200-900/pretrained,/home/max/repositories/MSIAutoEncoderWrapper/data/kidney_workspace/models/kidney/metaspace-pretrain-repaired-20260923-01__grid_0010__rep_00__pretrained,91154199,32238397,molecule_vpu,MultiLabelBCELoss,"{""contrastive"": {""peak_permutation"": {""params"": {""annotation_bin_radius"": 0, ""negative_weighting_method"": ""multilabel_jaccard"", ""overlapping_label_negative_weight"": 0.1, ""peak_catalog_limit"": 4096, ""peak_sample_size"": 10000, ""peak_selection_method"": ""permutation_label_invariant"", ""permutation_bank_size"": 7000, ""permutation_selection_attempts"": 64, ""permuted_peaks_per_view"": 3, ""preserve_input_normalization"": true, ""temperature"": 0.07}, ""target"": ""InfoNCELoss"", ""weight"": 0.001}}, ""heads"": {""molecule_vpu"": {""vpu"": {""params"": {""alpha"": 1.0, ""beta"": 1.0, ""consistency_weight"": 0.0, ""negative_weight"": 0.0, ""simulated_negative_weight"": 0.0}, ""target"": ""VariationalPULoss"", ""weight"": 0.2}}}, ""reconstruction"": {""masserstein"": {""target"": ""MassersteinLoss"", ""weight"": 1.0}}, ""regularization"": {""contractive"": {""params"": {""calculation_method"": ""exact_autograd_jacobian"", ""hinge_alpha"": 2.0, ""hinge_threshold"": 7.0, ""input_geometry"": ""fisher_rao"", ""latent_source"": ""auto"", ""penalized_space"": ""u"", ""penalty_metric"": ""spectral_plus_hinged""}, ""target"": ""ContractiveLoss"", ""weight"": 0.002}}}",{},True,True,pretrained (axis-200-900),P5_staged_all__pretrained__axis_200_900,"P5 staged + overlap + rare, pretrained, 200-900 m/z",29,#FF9896,dotted,^,"{""axis"": ""axis-200-900"", ""components"": ""combined"", ""overlap"": 1, ""rare"": 1, ""role"": ""pretrained"", ""schedule"": ""staged"", ""variant"": ""P5_staged_all""}"
metaspace-pretrain-repaired-20260923-01__grid_0010__rep_01__pretrained,metaspace-pretrain-repaired-20260923-01,task_000143,grid_0010,1,axis-200-900,pretrained,pretrained,P5_staged_all,grid_0010__rep_01,"P5 staged + overlap + rare, pretrained, 200-900 m/z",axis-200-900/pretrained,/home/max/repositories/MSIAutoEncoderWrapper/data/kidney_workspace/models/kidney/metaspace-pretrain-repaired-20260923-01__grid_0010__rep_01__pretrained,919377028,892754137,molecule_vpu,MultiLabelBCELoss,"{""contrastive"": {""peak_permutation"": {""params"": {""annotation_bin_radius"": 0, ""negative_weighting_method"": ""multilabel_jaccard"", ""overlapping_label_negative_weight"": 0.1, ""peak_catalog_limit"": 4096, ""peak_sample_size"": 10000, ""peak_selection_method"": ""permutation_label_invariant"", ""permutation_bank_size"": 7000, ""permutation_selection_attempts"": 64, ""permuted_peaks_per_view"": 3, ""preserve_input_normalization"": true, ""temperature"": 0.07}, ""target"": ""InfoNCELoss"", ""weight"": 0.001}}, ""heads"": {""molecule_vpu"": {""vpu"": {""params"": {""alpha"": 1.0, ""beta"": 1.0, ""consistency_weight"": 0.0, ""negative_weight"": 0.0, ""simulated_negative_weight"": 0.0}, ""target"": ""VariationalPULoss"", ""weight"": 0.2}}}, ""reconstruction"": {""masserstein"": {""target"": ""MassersteinLoss"", ""weight"": 1.0}}, ""regularization"": {""contractive"": {""params"": {""calculation_method"": ""exact_autograd_jacobian"", ""hinge_alpha"": 2.0, ""hinge_threshold"": 7.0, ""input_geometry"": ""fisher_rao"", ""latent_source"": ""auto"", ""penalized_space"": ""u"", ""penalty_metric"": ""spectral_plus_hinged""}, ""target"": ""ContractiveLoss"", ""weight"": 0.002}}}",{},True,True,pretrained (axis-200-900),P5_staged_all__pretrained__axis_200_900,"P5 staged + overlap + rare, pretrained, 200-900 m/z",29,#FF9896,dotted,^,"{""axis"": ""axis-200-900"", ""components"": ""combined"", ""overlap"": 1, ""rare"": 1, ""role"": ""pretrained"", ""schedule"": ""staged"", ""variant"": ""P5_staged_all""}"
metaspace-pretrain-repaired-20260923-01__grid_0010__rep_02__pretrained,metaspace-pretrain-repaired-20260923-01,task_000146,grid_0010,2,axis-200-900,pretrained,pretrained,P5_staged_all,grid_0010__rep_02,"P5 staged + overlap + rare, pretrained, 200-900 m/z",axis-200-900/pretrained,/home/max/repositories/MSIAutoEncoderWrapper/data/kidney_workspace/models/kidney/metaspace-pretrain-repaired-20260923-01__grid_0010__rep_02__pretrained,2136253289,442265914,molecule_vpu,MultiLabelBCELoss,"{""contrastive"": {""peak_permutation"": {""params"": {""annotation_bin_radius"": 0, ""negative_weighting_method"": ""multilabel_jaccard"", ""overlapping_label_negative_weight"": 0.1, ""peak_catalog_limit"": 4096, ""peak_sample_size"": 10000, ""peak_selection_method"": ""permutation_label_invariant"", ""permutation_bank_size"": 7000, ""permutation_selection_attempts"": 64, ""permuted_peaks_per_view"": 3, ""preserve_input_normalization"": true, ""temperature"": 0.07}, ""target"": ""InfoNCELoss"", ""weight"": 0.001}}, ""heads"": {""molecule_vpu"": {""vpu"": {""params"": {""alpha"": 1.0, ""beta"": 1.0, ""consistency_weight"": 0.0, ""negative_weight"": 0.0, ""simulated_negative_weight"": 0.0}, ""target"": ""VariationalPULoss"", ""weight"": 0.2}}}, ""reconstruction"": {""masserstein"": {""target"": ""MassersteinLoss"", ""weight"": 1.0}}, ""regularization"": {""contractive"": {""params"": {""calculation_method"": ""exact_autograd_jacobian"", ""hinge_alpha"": 2.0, ""hinge_threshold"": 7.0, ""input_geometry"": ""fisher_rao"", ""latent_source"": ""auto"", ""penalized_space"": ""u"", ""penalty_metric"": ""spectral_plus_hinged""}, ""target"": ""ContractiveLoss"", ""weight"": 0.002}}}",{},True,True,pretrained (axis-200-900),P5_staged_all__pretrained__axis_200_900,"P5 staged + overlap + rare, pretrained, 200-900 m/z",29,#FF9896,dotted,^,"{""axis"": ""axis-200-900"", ""components"": ""combined"", ""overlap"": 1, ""rare"": 1, ""role"": ""pretrained"", ""schedule"": ""staged"", ""variant"": ""P5_staged_all""}"
metaspace-pretrain-repaired-20260923-01__grid_0010__rep_03__pretrained,metaspace-pretrain-repaired-20260923-01,task_000149,grid_0010,3,axis-200-900,pretrained,pretrained,P5_staged_all,grid_0010__rep_03,"P5 staged + overlap + rare, pretrained, 200-900 m/z",axis-200-900/pretrained,/home/max/repositories/MSIAutoEncoderWrapper/data/kidney_workspace/models/kidney/metaspace-pretrain-repaired-20260923-01__grid_0010__rep_03__pretrained,276187349,194761695,molecule_vpu,MultiLabelBCELoss,"{""contrastive"": {""peak_permutation"": {""params"": {""annotation_bin_radius"": 0, ""negative_weighting_method"": ""multilabel_jaccard"", ""overlapping_label_negative_weight"": 0.1, ""peak_catalog_limit"": 4096, ""peak_sample_size"": 10000, ""peak_selection_method"": ""permutation_label_invariant"", ""permutation_bank_size"": 7000, ""permutation_selection_attempts"": 64, ""permuted_peaks_per_view"": 3, ""preserve_input_normalization"": true, ""temperature"": 0.07}, ""target"": ""InfoNCELoss"", ""weight"": 0.001}}, ""heads"": {""molecule_vpu"": {""vpu"": {""params"": {""alpha"": 1.0, ""beta"": 1.0, ""consistency_weight"": 0.0, ""negative_weight"": 0.0, ""simulated_negative_weight"": 0.0}, ""target"": ""VariationalPULoss"", ""weight"": 0.2}}}, ""reconstruction"": {""masserstein"": {""target"": ""MassersteinLoss"", ""weight"": 1.0}}, ""regularization"": {""contractive"": {""params"": {""calculation_method"": ""exact_autograd_jacobian"", ""hinge_alpha"": 2.0, ""hinge_threshold"": 7.0, ""input_geometry"": ""fisher_rao"", ""latent_source"": ""auto"", ""penalized_space"": ""u"", ""penalty_metric"": ""spectral_plus_hinged""}, ""target"": ""ContractiveLoss"", ""weight"": 0.002}}}",{},True,True,pretrained (axis-200-900),P5_staged_all__pretrained__axis_200_900,"P5 staged + overlap + rare, pretrained, 200-900 m/z",29,#FF9896,dotted,^,"{""axis"": ""axis-200-900"", ""components"": ""combined"", ""overlap"": 1, ""rare"": 1, ""role"": ""pretrained"", ""schedule"": ""staged"", ""variant"": ""P5_staged_all""}"
metaspace-pretrain-repaired-20260923-01__grid_0010__rep_04__pretrained,metaspace-pretrain-repaired-20260923-01,task_000152,grid_0010,4,axis-200-900,pretrained,pretrained,P5_staged_all,grid_0010__rep_04,"P5 staged + overlap + rare, pretrained, 200-900 m/z",axis-200-900/pretrained,/home/max/repositories/MSIAutoEncoderWrapper/data/kidney_workspace/models/kidney/metaspace-pretrain-repaired-20260923-01__grid_0010__rep_04__pretrained,1915557887,1927548799,molecule_vpu,MultiLabelBCELoss,"{""contrastive"": {""peak_permutation"": {""params"": {""annotation_bin_radius"": 0, ""negative_weighting_method"": ""multilabel_jaccard"", ""overlapping_label_negative_weight"": 0.1, ""peak_catalog_limit"": 4096, ""peak_sample_size"": 10000, ""peak_selection_method"": ""permutation_label_invariant"", ""permutation_bank_size"": 7000, ""permutation_selection_attempts"": 64, ""permuted_peaks_per_view"": 3, ""preserve_input_normalization"": true, ""temperature"": 0.07}, ""target"": ""InfoNCELoss"", ""weight"": 0.001}}, ""heads"": {""molecule_vpu"": {""vpu"": {""params"": {""alpha"": 1.0, ""beta"": 1.0, ""consistency_weight"": 0.0, ""negative_weight"": 0.0, ""simulated_negative_weight"": 0.0}, ""target"": ""VariationalPULoss"", ""weight"": 0.2}}}, ""reconstruction"": {""masserstein"": {""target"": ""MassersteinLoss"", ""weight"": 1.0}}, ""regularization"": {""contractive"": {""params"": {""calculation_method"": ""exact_autograd_jacobian"", ""hinge_alpha"": 2.0, ""hinge_threshold"": 7.0, ""input_geometry"": ""fisher_rao"", ""latent_source"": ""auto"", ""penalized_space"": ""u"", ""penalty_metric"": ""spectral_plus_hinged""}, ""target"": ""ContractiveLoss"", ""weight"": 0.002}}}",{},True,True,pretrained (axis-200-900),P5_staged_all__pretrained__axis_200_900,"P5 staged + overlap + rare, pretrained, 200-900 m/z",29,#FF9896,dotted,^,"{""axis"": ""axis-200-900"", ""components"": ""combined"", ""overlap"": 1, ""rare"": 1, ""role"": ""pretrained"", ""schedule"": ""staged"", ""variant"": ""P5_staged_all""}"
metaspace-pretrain-repaired-20260923-01__grid_0010__rep_00__frozen_head,metaspace-pretrain-repaired-20260923-01,task_000141,grid_0010,0,axis-200-900,frozen_head,frozen_head,P5_staged_all,grid_0010__rep_00,"P5 staged + overlap + rare, fine-tuned, frozen head, 200-900 m/z",axis-200-900/frozen_head,/home/max/repositories/MSIAutoEncoderWrapper/data/kidney_workspace/models/kidney/metaspace-pretrain-repaired-20260923-01__grid_0010__rep_00__frozen_head,91154199,32238397,molecule_vpu,MultiLabelBCELoss,"{""contrastive"": {""peak_permutation"": {""params"": {""annotation_bin_radius"": 0, ""negative_weighting_method"": ""multilabel_jaccard"", ""overlapping_label_negative_weight"": 0.1, ""peak_catalog_limit"": 4096, ""peak_sample_size"": 10000, ""peak_selection_method"": ""permutation_label_invariant"", ""permutation_bank_size"": 7000, ""permutation_selection_attempts"": 64, ""permuted_peaks_per_view"": 3, ""preserve_input_normalization"": true, ""temperature"": 0.07}, ""target"": ""InfoNCELoss"", ""weight"": 0.001}}, ""heads"": {""molecule_vpu"": {""vpu"": {""params"": {""alpha"": 1.0, ""beta"": 1.0, ""consistency_weight"": 0.0, ""negative_weight"": 0.0, ""simulated_negative_weight"": 0.0}, ""target"": ""VariationalPULoss"", ""weight"": 0.2}}}, ""reconstruction"": {""masserstein"": {""target"": ""MassersteinLoss"", ""weight"": 1.0}}, ""regularization"": {""contractive"": {""params"": {""calculation_method"": ""exact_autograd_jacobian"", ""hinge_alpha"": 2.0, ""hinge_threshold"": 7.0, ""input_geometry"": ""fisher_rao"", ""latent_source"": ""auto"", ""penalized_space"": ""u"", ""penalty_metric"": ""spectral_plus_hinged""}, ""target"": ""ContractiveLoss"", ""weight"": 0.002}}}",{},True,True,frozen_head (axis-200-900),P5_staged_all__frozen_head__axis_200_900,"P5 staged + overlap + rare, fine-tuned, frozen head, 200-900 m/z",30,#FF9896,dashed,s,"{""axis"": ""axis-200-900"", ""components"": ""combined"", ""overlap"": 1, ""rare"": 1, ""role"": ""frozen_head"", ""schedule"": ""staged"", ""variant"": ""P5_staged_all""}"
metaspace-pretrain-repaired-20260923-01__grid_0010__rep_01__frozen_head,metaspace-pretrain-repaired-20260923-01,task_000144,grid_0010,1,axis-200-900,frozen_head,frozen_head,P5_staged_all,grid_0010__rep_01,"P5 staged + overlap + rare, fine-tuned, frozen head, 200-900 m/z",axis-200-900/frozen_head,/home/max/repositories/MSIAutoEncoderWrapper/data/kidney_workspace/models/kidney/metaspace-pretrain-repaired-20260923-01__grid_0010__rep_01__frozen_head,919377028,892754137,molecule_vpu,MultiLabelBCELoss,"{""contrastive"": {""peak_permutation"": {""params"": {""annotation_bin_radius"": 0, ""negative_weighting_method"": ""multilabel_jaccard"", ""overlapping_label_negative_weight"": 0.1, ""peak_catalog_limit"": 4096, ""peak_sample_size"": 10000, ""peak_selection_method"": ""permutation_label_invariant"", ""permutation_bank_size"": 7000, ""permutation_selection_attempts"": 64, ""permuted_peaks_per_view"": 3, ""preserve_input_normalization"": true, ""temperature"": 0.07}, ""target"": ""InfoNCELoss"", ""weight"": 0.001}}, ""heads"": {""molecule_vpu"": {""vpu"": {""params"": {""alpha"": 1.0, ""beta"": 1.0, ""consistency_weight"": 0.0, ""negative_weight"": 0.0, ""simulated_negative_weight"": 0.0}, ""target"": ""VariationalPULoss"", ""weight"": 0.2}}}, ""reconstruction"": {""masserstein"": {""target"": ""MassersteinLoss"", ""weight"": 1.0}}, ""regularization"": {""contractive"": {""params"": {""calculation_method"": ""exact_autograd_jacobian"", ""hinge_alpha"": 2.0, ""hinge_threshold"": 7.0, ""input_geometry"": ""fisher_rao"", ""latent_source"": ""auto"", ""penalized_space"": ""u"", ""penalty_metric"": ""spectral_plus_hinged""}, ""target"": ""ContractiveLoss"", ""weight"": 0.002}}}",{},True,True,frozen_head (axis-200-900),P5_staged_all__frozen_head__axis_200_900,"P5 staged + overlap + rare, fine-tuned, frozen head, 200-900 m/z",30,#FF9896,dashed,s,"{""axis"": ""axis-200-900"", ""components"": ""combined"", ""overlap"": 1, ""rare"": 1, ""role"": ""frozen_head"", ""schedule"": ""staged"", ""variant"": ""P5_staged_all""}"
metaspace-pretrain-repaired-20260923-01__grid_0010__rep_02__frozen_head,metaspace-pretrain-repaired-20260923-01,task_000147,grid_0010,2,axis-200-900,frozen_head,frozen_head,P5_staged_all,grid_0010__rep_02,"P5 staged + overlap + rare, fine-tuned, frozen head, 200-900 m/z",axis-200-900/frozen_head,/home/max/repositories/MSIAutoEncoderWrapper/data/kidney_workspace/models/kidney/metaspace-pretrain-repaired-20260923-01__grid_0010__rep_02__frozen_head,2136253289,442265914,molecule_vpu,MultiLabelBCELoss,"{""contrastive"": {""peak_permutation"": {""params"": {""annotation_bin_radius"": 0, ""negative_weighting_method"": ""multilabel_jaccard"", ""overlapping_label_negative_weight"": 0.1, ""peak_catalog_limit"": 4096, ""peak_sample_size"": 10000, ""peak_selection_method"": ""permutation_label_invariant"", ""permutation_bank_size"": 7000, ""permutation_selection_attempts"": 64, ""permuted_peaks_per_view"": 3, ""preserve_input_normalization"": true, ""temperature"": 0.07}, ""target"": ""InfoNCELoss"", ""weight"": 0.001}}, ""heads"": {""molecule_vpu"": {""vpu"": {""params"": {""alpha"": 1.0, ""beta"": 1.0, ""consistency_weight"": 0.0, ""negative_weight"": 0.0, ""simulated_negative_weight"": 0.0}, ""target"": ""VariationalPULoss"", ""weight"": 0.2}}}, ""reconstruction"": {""masserstein"": {""target"": ""MassersteinLoss"", ""weight"": 1.0}}, ""regularization"": {""contractive"": {""params"": {""calculation_method"": ""exact_autograd_jacobian"", ""hinge_alpha"": 2.0, ""hinge_threshold"": 7.0, ""input_geometry"": ""fisher_rao"", ""latent_source"": ""auto"", ""penalized_space"": ""u"", ""penalty_metric"": ""spectral_plus_hinged""}, ""target"": ""ContractiveLoss"", ""weight"": 0.002}}}",{},True,True,frozen_head (axis-200-900),P5_staged_all__frozen_head__axis_200_900,"P5 staged + overlap + rare, fine-tuned, frozen head, 200-900 m/z",30,#FF9896,dashed,s,"{""axis"": ""axis-200-900"", ""components"": ""combined"", ""overlap"": 1, ""rare"": 1, ""role"": ""frozen_head"", ""schedule"": ""staged"", ""variant"": ""P5_staged_all""}"
metaspace-pretrain-repaired-20260923-01__grid_0010__rep_03__frozen_head,metaspace-pretrain-repaired-20260923-01,task_000150,grid_0010,3,axis-200-900,frozen_head,frozen_head,P5_staged_all,grid_0010__rep_03,"P5 staged + overlap + rare, fine-tuned, frozen head, 200-900 m/z",axis-200-900/frozen_head,/home/max/repositories/MSIAutoEncoderWrapper/data/kidney_workspace/models/kidney/metaspace-pretrain-repaired-20260923-01__grid_0010__rep_03__frozen_head,276187349,194761695,molecule_vpu,MultiLabelBCELoss,"{""contrastive"": {""peak_permutation"": {""params"": {""annotation_bin_radius"": 0, ""negative_weighting_method"": ""multilabel_jaccard"", ""overlapping_label_negative_weight"": 0.1, ""peak_catalog_limit"": 4096, ""peak_sample_size"": 10000, ""peak_selection_method"": ""permutation_label_invariant"", ""permutation_bank_size"": 7000, ""permutation_selection_attempts"": 64, ""permuted_peaks_per_view"": 3, ""preserve_input_normalization"": true, ""temperature"": 0.07}, ""target"": ""InfoNCELoss"", ""weight"": 0.001}}, ""heads"": {""molecule_vpu"": {""vpu"": {""params"": {""alpha"": 1.0, ""beta"": 1.0, ""consistency_weight"": 0.0, ""negative_weight"": 0.0, ""simulated_negative_weight"": 0.0}, ""target"": ""VariationalPULoss"", ""weight"": 0.2}}}, ""reconstruction"": {""masserstein"": {""target"": ""MassersteinLoss"", ""weight"": 1.0}}, ""regularization"": {""contractive"": {""params"": {""calculation_method"": ""exact_autograd_jacobian"", ""hinge_alpha"": 2.0, ""hinge_threshold"": 7.0, ""input_geometry"": ""fisher_rao"", ""latent_source"": ""auto"", ""penalized_space"": ""u"", ""penalty_metric"": ""spectral_plus_hinged""}, ""target"": ""ContractiveLoss"", ""weight"": 0.002}}}",{},True,True,frozen_head (axis-200-900),P5_staged_all__frozen_head__axis_200_900,"P5 staged + overlap + rare, fine-tuned, frozen head, 200-900 m/z",30,#FF9896,dashed,s,"{""axis"": ""axis-200-900"", ""components"": ""combined"", ""overlap"": 1, ""rare"": 1, ""role"": ""frozen_head"", ""schedule"": ""staged"", ""variant"": ""P5_staged_all""}"
metaspace-pretrain-repaired-20260923-01__grid_0010__rep_04__frozen_head,metaspace-pretrain-repaired-20260923-01,task_000153,grid_0010,4,axis-200-900,frozen_head,frozen_head,P5_staged_all,grid_0010__rep_04,"P5 staged + overlap + rare, fine-tuned, frozen head, 200-900 m/z",axis-200-900/frozen_head,/home/max/repositories/MSIAutoEncoderWrapper/data/kidney_workspace/models/kidney/metaspace-pretrain-repaired-20260923-01__grid_0010__rep_04__frozen_head,1915557887,1927548799,molecule_vpu,MultiLabelBCELoss,"{""contrastive"": {""peak_permutation"": {""params"": {""annotation_bin_radius"": 0, ""negative_weighting_method"": ""multilabel_jaccard"", ""overlapping_label_negative_weight"": 0.1, ""peak_catalog_limit"": 4096, ""peak_sample_size"": 10000, ""peak_selection_method"": ""permutation_label_invariant"", ""permutation_bank_size"": 7000, ""permutation_selection_attempts"": 64, ""permuted_peaks_per_view"": 3, ""preserve_input_normalization"": true, ""temperature"": 0.07}, ""target"": ""InfoNCELoss"", ""weight"": 0.001}}, ""heads"": {""molecule_vpu"": {""vpu"": {""params"": {""alpha"": 1.0, ""beta"": 1.0, ""consistency_weight"": 0.0, ""negative_weight"": 0.0, ""simulated_negative_weight"": 0.0}, ""target"": ""VariationalPULoss"", ""weight"": 0.2}}}, ""reconstruction"": {""masserstein"": {""target"": ""MassersteinLoss"", ""weight"": 1.0}}, ""regularization"": {""contractive"": {""params"": {""calculation_method"": ""exact_autograd_jacobian"", ""hinge_alpha"": 2.0, ""hinge_threshold"": 7.0, ""input_geometry"": ""fisher_rao"", ""latent_source"": ""auto"", ""penalized_space"": ""u"", ""penalty_metric"": ""spectral_plus_hinged""}, ""target"": ""ContractiveLoss"", ""weight"": 0.002}}}",{},True,True,frozen_head (axis-200-900),P5_staged_all__frozen_head__axis_200_900,"P5 staged + overlap + rare, fine-tuned, frozen head, 200-900 m/z",30,#FF9896,dashed,s,"{""axis"": ""axis-200-900"", ""components"": ""combined"", ""overlap"": 1, ""rare"": 1, ""role"": ""frozen_head"", ""schedule"": ""staged"", ""variant"": ""P5_staged_all""}"
metaspace-pretrain-repaired-20260923-01__grid_0010__rep_00__unfrozen_head,metaspace-pretrain-repaired-20260923-01,task_000142,grid_0010,0,axis-200-900,unfrozen_head,unfrozen_head,P5_staged_all,grid_0010__rep_00,"P5 staged + overlap + rare, fine-tuned, unfrozen head, 200-900 m/z",axis-200-900/unfrozen_head,/home/max/repositories/MSIAutoEncoderWrapper/data/kidney_workspace/models/kidney/metaspace-pretrain-repaired-20260923-01__grid_0010__rep_00__unfrozen_head,91154199,32238397,molecule_vpu,VariationalPULoss,"{""contrastive"": {""peak_permutation"": {""params"": {""annotation_bin_radius"": 0, ""negative_weighting_method"": ""multilabel_jaccard"", ""overlapping_label_negative_weight"": 0.1, ""peak_catalog_limit"": 4096, ""peak_sample_size"": 10000, ""peak_selection_method"": ""permutation_label_invariant"", ""permutation_bank_size"": 7000, ""permutation_selection_attempts"": 64, ""permuted_peaks_per_view"": 3, ""preserve_input_normalization"": true, ""temperature"": 0.07}, ""target"": ""InfoNCELoss"", ""weight"": 0.001}}, ""heads"": {""molecule_vpu"": {""vpu"": {""params"": {""alpha"": 1.0, ""beta"": 1.0, ""consistency_weight"": 0.0, ""negative_weight"": 0.0, ""simulated_negative_weight"": 0.0}, ""target"": ""VariationalPULoss"", ""weight"": 0.2}}}, ""reconstruction"": {""masserstein"": {""target"": ""MassersteinLoss"", ""weight"": 1.0}}, ""regularization"": {""contractive"": {""params"": {""calculation_method"": ""exact_autograd_jacobian"", ""hinge_alpha"": 2.0, ""hinge_threshold"": 7.0, ""input_geometry"": ""fisher_rao"", ""latent_source"": ""auto"", ""penalized_space"": ""u"", ""penalty_metric"": ""spectral_plus_hinged""}, ""target"": ""ContractiveLoss"", ""weight"": 0.002}}}",{},True,True,unfrozen_head (axis-200-900),P5_staged_all__unfrozen_head__axis_200_900,"P5 staged + overlap + rare, fine-tuned, unfrozen head, 200-900 m/z",31,#FF9896,solid,o,"{""axis"": ""axis-200-900"", ""components"": ""combined"", ""overlap"": 1, ""rare"": 1, ""role"": ""unfrozen_head"", ""schedule"": ""staged"", ""variant"": ""P5_staged_all""}"
metaspace-pretrain-repaired-20260923-01__grid_0010__rep_01__unfrozen_head,metaspace-pretrain-repaired-20260923-01,task_000145,grid_0010,1,axis-200-900,unfrozen_head,unfrozen_head,P5_staged_all,grid_0010__rep_01,"P5 staged + overlap + rare, fine-tuned, unfrozen head, 200-900 m/z",axis-200-900/unfrozen_head,/home/max/repositories/MSIAutoEncoderWrapper/data/kidney_workspace/models/kidney/metaspace-pretrain-repaired-20260923-01__grid_0010__rep_01__unfrozen_head,919377028,892754137,molecule_vpu,VariationalPULoss,"{""contrastive"": {""peak_permutation"": {""params"": {""annotation_bin_radius"": 0, ""negative_weighting_method"": ""multilabel_jaccard"", ""overlapping_label_negative_weight"": 0.1, ""peak_catalog_limit"": 4096, ""peak_sample_size"": 10000, ""peak_selection_method"": ""permutation_label_invariant"", ""permutation_bank_size"": 7000, ""permutation_selection_attempts"": 64, ""permuted_peaks_per_view"": 3, ""preserve_input_normalization"": true, ""temperature"": 0.07}, ""target"": ""InfoNCELoss"", ""weight"": 0.001}}, ""heads"": {""molecule_vpu"": {""vpu"": {""params"": {""alpha"": 1.0, ""beta"": 1.0, ""consistency_weight"": 0.0, ""negative_weight"": 0.0, ""simulated_negative_weight"": 0.0}, ""target"": ""VariationalPULoss"", ""weight"": 0.2}}}, ""reconstruction"": {""masserstein"": {""target"": ""MassersteinLoss"", ""weight"": 1.0}}, ""regularization"": {""contractive"": {""params"": {""calculation_method"": ""exact_autograd_jacobian"", ""hinge_alpha"": 2.0, ""hinge_threshold"": 7.0, ""input_geometry"": ""fisher_rao"", ""latent_source"": ""auto"", ""penalized_space"": ""u"", ""penalty_metric"": ""spectral_plus_hinged""}, ""target"": ""ContractiveLoss"", ""weight"": 0.002}}}",{},True,True,unfrozen_head (axis-200-900),P5_staged_all__unfrozen_head__axis_200_900,"P5 staged + overlap + rare, fine-tuned, unfrozen head, 200-900 m/z",31,#FF9896,solid,o,"{""axis"": ""axis-200-900"", ""components"": ""combined"", ""overlap"": 1, ""rare"": 1, ""role"": ""unfrozen_head"", ""schedule"": ""staged"", ""variant"": ""P5_staged_all""}"
metaspace-pretrain-repaired-20260923-01__grid_0010__rep_02__unfrozen_head,metaspace-pretrain-repaired-20260923-01,task_000148,grid_0010,2,axis-200-900,unfrozen_head,unfrozen_head,P5_staged_all,grid_0010__rep_02,"P5 staged + overlap + rare, fine-tuned, unfrozen head, 200-900 m/z",axis-200-900/unfrozen_head,/home/max/repositories/MSIAutoEncoderWrapper/data/kidney_workspace/models/kidney/metaspace-pretrain-repaired-20260923-01__grid_0010__rep_02__unfrozen_head,2136253289,442265914,molecule_vpu,VariationalPULoss,"{""contrastive"": {""peak_permutation"": {""params"": {""annotation_bin_radius"": 0, ""negative_weighting_method"": ""multilabel_jaccard"", ""overlapping_label_negative_weight"": 0.1, ""peak_catalog_limit"": 4096, ""peak_sample_size"": 10000, ""peak_selection_method"": ""permutation_label_invariant"", ""permutation_bank_size"": 7000, ""permutation_selection_attempts"": 64, ""permuted_peaks_per_view"": 3, ""preserve_input_normalization"": true, ""temperature"": 0.07}, ""target"": ""InfoNCELoss"", ""weight"": 0.001}}, ""heads"": {""molecule_vpu"": {""vpu"": {""params"": {""alpha"": 1.0, ""beta"": 1.0, ""consistency_weight"": 0.0, ""negative_weight"": 0.0, ""simulated_negative_weight"": 0.0}, ""target"": ""VariationalPULoss"", ""weight"": 0.2}}}, ""reconstruction"": {""masserstein"": {""target"": ""MassersteinLoss"", ""weight"": 1.0}}, ""regularization"": {""contractive"": {""params"": {""calculation_method"": ""exact_autograd_jacobian"", ""hinge_alpha"": 2.0, ""hinge_threshold"": 7.0, ""input_geometry"": ""fisher_rao"", ""latent_source"": ""auto"", ""penalized_space"": ""u"", ""penalty_metric"": ""spectral_plus_hinged""}, ""target"": ""ContractiveLoss"", ""weight"": 0.002}}}",{},True,True,unfrozen_head (axis-200-900),P5_staged_all__unfrozen_head__axis_200_900,"P5 staged + overlap + rare, fine-tuned, unfrozen head, 200-900 m/z",31,#FF9896,solid,o,"{""axis"": ""axis-200-900"", ""components"": ""combined"", ""overlap"": 1, ""rare"": 1, ""role"": ""unfrozen_head"", ""schedule"": ""staged"", ""variant"": ""P5_staged_all""}"
metaspace-pretrain-repaired-20260923-01__grid_0010__rep_03__unfrozen_head,metaspace-pretrain-repaired-20260923-01,task_000151,grid_0010,3,axis-200-900,unfrozen_head,unfrozen_head,P5_staged_all,grid_0010__rep_03,"P5 staged + overlap + rare, fine-tuned, unfrozen head, 200-900 m/z",axis-200-900/unfrozen_head,/home/max/repositories/MSIAutoEncoderWrapper/data/kidney_workspace/models/kidney/metaspace-pretrain-repaired-20260923-01__grid_0010__rep_03__unfrozen_head,276187349,194761695,molecule_vpu,VariationalPULoss,"{""contrastive"": {""peak_permutation"": {""params"": {""annotation_bin_radius"": 0, ""negative_weighting_method"": ""multilabel_jaccard"", ""overlapping_label_negative_weight"": 0.1, ""peak_catalog_limit"": 4096, ""peak_sample_size"": 10000, ""peak_selection_method"": ""permutation_label_invariant"", ""permutation_bank_size"": 7000, ""permutation_selection_attempts"": 64, ""permuted_peaks_per_view"": 3, ""preserve_input_normalization"": true, ""temperature"": 0.07}, ""target"": ""InfoNCELoss"", ""weight"": 0.001}}, ""heads"": {""molecule_vpu"": {""vpu"": {""params"": {""alpha"": 1.0, ""beta"": 1.0, ""consistency_weight"": 0.0, ""negative_weight"": 0.0, ""simulated_negative_weight"": 0.0}, ""target"": ""VariationalPULoss"", ""weight"": 0.2}}}, ""reconstruction"": {""masserstein"": {""target"": ""MassersteinLoss"", ""weight"": 1.0}}, ""regularization"": {""contractive"": {""params"": {""calculation_method"": ""exact_autograd_jacobian"", ""hinge_alpha"": 2.0, ""hinge_threshold"": 7.0, ""input_geometry"": ""fisher_rao"", ""latent_source"": ""auto"", ""penalized_space"": ""u"", ""penalty_metric"": ""spectral_plus_hinged""}, ""target"": ""ContractiveLoss"", ""weight"": 0.002}}}",{},True,True,unfrozen_head (axis-200-900),P5_staged_all__unfrozen_head__axis_200_900,"P5 staged + overlap + rare, fine-tuned, unfrozen head, 200-900 m/z",31,#FF9896,solid,o,"{""axis"": ""axis-200-900"", ""components"": ""combined"", ""overlap"": 1, ""rare"": 1, ""role"": ""unfrozen_head"", ""schedule"": ""staged"", ""variant"": ""P5_staged_all""}"
metaspace-pretrain-repaired-20260923-01__grid_0010__rep_04__unfrozen_head,metaspace-pretrain-repaired-20260923-01,task_000154,grid_0010,4,axis-200-900,unfrozen_head,unfrozen_head,P5_staged_all,grid_0010__rep_04,"P5 staged + overlap + rare, fine-tuned, unfrozen head, 200-900 m/z",axis-200-900/unfrozen_head,/home/max/repositories/MSIAutoEncoderWrapper/data/kidney_workspace/models/kidney/metaspace-pretrain-repaired-20260923-01__grid_0010__rep_04__unfrozen_head,1915557887,1927548799,molecule_vpu,VariationalPULoss,"{""contrastive"": {""peak_permutation"": {""params"": {""annotation_bin_radius"": 0, ""negative_weighting_method"": ""multilabel_jaccard"", ""overlapping_label_negative_weight"": 0.1, ""peak_catalog_limit"": 4096, ""peak_sample_size"": 10000, ""peak_selection_method"": ""permutation_label_invariant"", ""permutation_bank_size"": 7000, ""permutation_selection_attempts"": 64, ""permuted_peaks_per_view"": 3, ""preserve_input_normalization"": true, ""temperature"": 0.07}, ""target"": ""InfoNCELoss"", ""weight"": 0.001}}, ""heads"": {""molecule_vpu"": {""vpu"": {""params"": {""alpha"": 1.0, ""beta"": 1.0, ""consistency_weight"": 0.0, ""negative_weight"": 0.0, ""simulated_negative_weight"": 0.0}, ""target"": ""VariationalPULoss"", ""weight"": 0.2}}}, ""reconstruction"": {""masserstein"": {""target"": ""MassersteinLoss"", ""weight"": 1.0}}, ""regularization"": {""contractive"": {""params"": {""calculation_method"": ""exact_autograd_jacobian"", ""hinge_alpha"": 2.0, ""hinge_threshold"": 7.0, ""input_geometry"": ""fisher_rao"", ""latent_source"": ""auto"", ""penalized_space"": ""u"", ""penalty_metric"": ""spectral_plus_hinged""}, ""target"": ""ContractiveLoss"", ""weight"": 0.002}}}",{},True,True,unfrozen_head (axis-200-900),P5_staged_all__unfrozen_head__axis_200_900,"P5 staged + overlap + rare, fine-tuned, unfrozen head, 200-900 m/z",31,#FF9896,solid,o,"{""axis"": ""axis-200-900"", ""components"": ""combined"", ""overlap"": 1, ""rare"": 1, ""role"": ""unfrozen_head"", ""schedule"": ""staged"", ""variant"": ""P5_staged_all""}"
metaspace-pretrain-repaired-20260923-01__grid_0012__rep_00__pretrained,metaspace-pretrain-repaired-20260923-01,task_000160,grid_0012,0,axis-100-3000,pretrained,pretrained,P0_single,grid_0012__rep_00,"P0 single bins, pretrained, 100-3000 m/z",axis-100-3000/pretrained,/home/max/repositories/MSIAutoEncoderWrapper/data/kidney_workspace/models/kidney/metaspace-pretrain-repaired-20260923-01__grid_0012__rep_00__pretrained,91154199,32238397,molecule_vpu,MultiLabelBCELoss,"{""contrastive"": {""peak_permutation"": {""params"": {""annotation_bin_radius"": 0, ""negative_weighting_method"": ""multilabel_jaccard"", ""overlapping_label_negative_weight"": 0.1, ""peak_catalog_limit"": 4096, ""peak_sample_size"": 10000, ""peak_selection_method"": ""permutation_label_invariant"", ""permutation_bank_size"": 7000, ""permutation_selection_attempts"": 64, ""permuted_peaks_per_view"": 3, ""preserve_input_normalization"": true, ""temperature"": 0.07}, ""target"": ""InfoNCELoss"", ""weight"": 0.001}}, ""heads"": {""molecule_vpu"": {""vpu"": {""params"": {""alpha"": 1.0, ""beta"": 1.0, ""consistency_weight"": 0.0, ""negative_weight"": 0.0, ""simulated_negative_weight"": 0.0}, ""target"": ""VariationalPULoss"", ""weight"": 0.2}}}, ""reconstruction"": {""masserstein"": {""target"": ""MassersteinLoss"", ""weight"": 1.0}}, ""regularization"": {""contractive"": {""params"": {""calculation_method"": ""exact_autograd_jacobian"", ""hinge_alpha"": 2.0, ""hinge_threshold"": 7.0, ""input_geometry"": ""fisher_rao"", ""latent_source"": ""auto"", ""penalized_space"": ""u"", ""penalty_metric"": ""spectral_plus_hinged""}, ""target"": ""ContractiveLoss"", ""weight"": 0.002}}}",{},True,True,pretrained (axis-100-3000),P0_single__pretrained__axis_100_3000,"P0 single bins, pretrained, 100-3000 m/z",32,#7F7F7F,dotted,^,"{""axis"": ""axis-100-3000"", ""components"": ""single"", ""role"": ""pretrained"", ""variant"": ""P0_single""}"
metaspace-pretrain-repaired-20260923-01__grid_0012__rep_01__pretrained,metaspace-pretrain-repaired-20260923-01,task_000163,grid_0012,1,axis-100-3000,pretrained,pretrained,P0_single,grid_0012__rep_01,"P0 single bins, pretrained, 100-3000 m/z",axis-100-3000/pretrained,/home/max/repositories/MSIAutoEncoderWrapper/data/kidney_workspace/models/kidney/metaspace-pretrain-repaired-20260923-01__grid_0012__rep_01__pretrained,919377028,892754137,molecule_vpu,MultiLabelBCELoss,"{""contrastive"": {""peak_permutation"": {""params"": {""annotation_bin_radius"": 0, ""negative_weighting_method"": ""multilabel_jaccard"", ""overlapping_label_negative_weight"": 0.1, ""peak_catalog_limit"": 4096, ""peak_sample_size"": 10000, ""peak_selection_method"": ""permutation_label_invariant"", ""permutation_bank_size"": 7000, ""permutation_selection_attempts"": 64, ""permuted_peaks_per_view"": 3, ""preserve_input_normalization"": true, ""temperature"": 0.07}, ""target"": ""InfoNCELoss"", ""weight"": 0.001}}, ""heads"": {""molecule_vpu"": {""vpu"": {""params"": {""alpha"": 1.0, ""beta"": 1.0, ""consistency_weight"": 0.0, ""negative_weight"": 0.0, ""simulated_negative_weight"": 0.0}, ""target"": ""VariationalPULoss"", ""weight"": 0.2}}}, ""reconstruction"": {""masserstein"": {""target"": ""MassersteinLoss"", ""weight"": 1.0}}, ""regularization"": {""contractive"": {""params"": {""calculation_method"": ""exact_autograd_jacobian"", ""hinge_alpha"": 2.0, ""hinge_threshold"": 7.0, ""input_geometry"": ""fisher_rao"", ""latent_source"": ""auto"", ""penalized_space"": ""u"", ""penalty_metric"": ""spectral_plus_hinged""}, ""target"": ""ContractiveLoss"", ""weight"": 0.002}}}",{},True,True,pretrained (axis-100-3000),P0_single__pretrained__axis_100_3000,"P0 single bins, pretrained, 100-3000 m/z",32,#7F7F7F,dotted,^,"{""axis"": ""axis-100-3000"", ""components"": ""single"", ""role"": ""pretrained"", ""variant"": ""P0_single""}"
metaspace-pretrain-repaired-20260923-01__grid_0012__rep_02__pretrained,metaspace-pretrain-repaired-20260923-01,task_000166,grid_0012,2,axis-100-3000,pretrained,pretrained,P0_single,grid_0012__rep_02,"P0 single bins, pretrained, 100-3000 m/z",axis-100-3000/pretrained,/home/max/repositories/MSIAutoEncoderWrapper/data/kidney_workspace/models/kidney/metaspace-pretrain-repaired-20260923-01__grid_0012__rep_02__pretrained,2136253289,442265914,molecule_vpu,MultiLabelBCELoss,"{""contrastive"": {""peak_permutation"": {""params"": {""annotation_bin_radius"": 0, ""negative_weighting_method"": ""multilabel_jaccard"", ""overlapping_label_negative_weight"": 0.1, ""peak_catalog_limit"": 4096, ""peak_sample_size"": 10000, ""peak_selection_method"": ""permutation_label_invariant"", ""permutation_bank_size"": 7000, ""permutation_selection_attempts"": 64, ""permuted_peaks_per_view"": 3, ""preserve_input_normalization"": true, ""temperature"": 0.07}, ""target"": ""InfoNCELoss"", ""weight"": 0.001}}, ""heads"": {""molecule_vpu"": {""vpu"": {""params"": {""alpha"": 1.0, ""beta"": 1.0, ""consistency_weight"": 0.0, ""negative_weight"": 0.0, ""simulated_negative_weight"": 0.0}, ""target"": ""VariationalPULoss"", ""weight"": 0.2}}}, ""reconstruction"": {""masserstein"": {""target"": ""MassersteinLoss"", ""weight"": 1.0}}, ""regularization"": {""contractive"": {""params"": {""calculation_method"": ""exact_autograd_jacobian"", ""hinge_alpha"": 2.0, ""hinge_threshold"": 7.0, ""input_geometry"": ""fisher_rao"", ""latent_source"": ""auto"", ""penalized_space"": ""u"", ""penalty_metric"": ""spectral_plus_hinged""}, ""target"": ""ContractiveLoss"", ""weight"": 0.002}}}",{},True,True,pretrained (axis-100-3000),P0_single__pretrained__axis_100_3000,"P0 single bins, pretrained, 100-3000 m/z",32,#7F7F7F,dotted,^,"{""axis"": ""axis-100-3000"", ""components"": ""single"", ""role"": ""pretrained"", ""variant"": ""P0_single""}"
metaspace-pretrain-repaired-20260923-01__grid_0012__rep_03__pretrained,metaspace-pretrain-repaired-20260923-01,task_000169,grid_0012,3,axis-100-3000,pretrained,pretrained,P0_single,grid_0012__rep_03,"P0 single bins, pretrained, 100-3000 m/z",axis-100-3000/pretrained,/home/max/repositories/MSIAutoEncoderWrapper/data/kidney_workspace/models/kidney/metaspace-pretrain-repaired-20260923-01__grid_0012__rep_03__pretrained,276187349,194761695,molecule_vpu,MultiLabelBCELoss,"{""contrastive"": {""peak_permutation"": {""params"": {""annotation_bin_radius"": 0, ""negative_weighting_method"": ""multilabel_jaccard"", ""overlapping_label_negative_weight"": 0.1, ""peak_catalog_limit"": 4096, ""peak_sample_size"": 10000, ""peak_selection_method"": ""permutation_label_invariant"", ""permutation_bank_size"": 7000, ""permutation_selection_attempts"": 64, ""permuted_peaks_per_view"": 3, ""preserve_input_normalization"": true, ""temperature"": 0.07}, ""target"": ""InfoNCELoss"", ""weight"": 0.001}}, ""heads"": {""molecule_vpu"": {""vpu"": {""params"": {""alpha"": 1.0, ""beta"": 1.0, ""consistency_weight"": 0.0, ""negative_weight"": 0.0, ""simulated_negative_weight"": 0.0}, ""target"": ""VariationalPULoss"", ""weight"": 0.2}}}, ""reconstruction"": {""masserstein"": {""target"": ""MassersteinLoss"", ""weight"": 1.0}}, ""regularization"": {""contractive"": {""params"": {""calculation_method"": ""exact_autograd_jacobian"", ""hinge_alpha"": 2.0, ""hinge_threshold"": 7.0, ""input_geometry"": ""fisher_rao"", ""latent_source"": ""auto"", ""penalized_space"": ""u"", ""penalty_metric"": ""spectral_plus_hinged""}, ""target"": ""ContractiveLoss"", ""weight"": 0.002}}}",{},True,True,pretrained (axis-100-3000),P0_single__pretrained__axis_100_3000,"P0 single bins, pretrained, 100-3000 m/z",32,#7F7F7F,dotted,^,"{""axis"": ""axis-100-3000"", ""components"": ""single"", ""role"": ""pretrained"", ""variant"": ""P0_single""}"
metaspace-pretrain-repaired-20260923-01__grid_0012__rep_04__pretrained,metaspace-pretrain-repaired-20260923-01,task_000172,grid_0012,4,axis-100-3000,pretrained,pretrained,P0_single,grid_0012__rep_04,"P0 single bins, pretrained, 100-3000 m/z",axis-100-3000/pretrained,/home/max/repositories/MSIAutoEncoderWrapper/data/kidney_workspace/models/kidney/metaspace-pretrain-repaired-20260923-01__grid_0012__rep_04__pretrained,1915557887,1927548799,molecule_vpu,MultiLabelBCELoss,"{""contrastive"": {""peak_permutation"": {""params"": {""annotation_bin_radius"": 0, ""negative_weighting_method"": ""multilabel_jaccard"", ""overlapping_label_negative_weight"": 0.1, ""peak_catalog_limit"": 4096, ""peak_sample_size"": 10000, ""peak_selection_method"": ""permutation_label_invariant"", ""permutation_bank_size"": 7000, ""permutation_selection_attempts"": 64, ""permuted_peaks_per_view"": 3, ""preserve_input_normalization"": true, ""temperature"": 0.07}, ""target"": ""InfoNCELoss"", ""weight"": 0.001}}, ""heads"": {""molecule_vpu"": {""vpu"": {""params"": {""alpha"": 1.0, ""beta"": 1.0, ""consistency_weight"": 0.0, ""negative_weight"": 0.0, ""simulated_negative_weight"": 0.0}, ""target"": ""VariationalPULoss"", ""weight"": 0.2}}}, ""reconstruction"": {""masserstein"": {""target"": ""MassersteinLoss"", ""weight"": 1.0}}, ""regularization"": {""contractive"": {""params"": {""calculation_method"": ""exact_autograd_jacobian"", ""hinge_alpha"": 2.0, ""hinge_threshold"": 7.0, ""input_geometry"": ""fisher_rao"", ""latent_source"": ""auto"", ""penalized_space"": ""u"", ""penalty_metric"": ""spectral_plus_hinged""}, ""target"": ""ContractiveLoss"", ""weight"": 0.002}}}",{},True,True,pretrained (axis-100-3000),P0_single__pretrained__axis_100_3000,"P0 single bins, pretrained, 100-3000 m/z",32,#7F7F7F,dotted,^,"{""axis"": ""axis-100-3000"", ""components"": ""single"", ""role"": ""pretrained"", ""variant"": ""P0_single""}"
metaspace-pretrain-repaired-20260923-01__grid_0012__rep_00__frozen_head,metaspace-pretrain-repaired-20260923-01,task_000161,grid_0012,0,axis-100-3000,frozen_head,frozen_head,P0_single,grid_0012__rep_00,"P0 single bins, fine-tuned, frozen head, 100-3000 m/z",axis-100-3000/frozen_head,/home/max/repositories/MSIAutoEncoderWrapper/data/kidney_workspace/models/kidney/metaspace-pretrain-repaired-20260923-01__grid_0012__rep_00__frozen_head,91154199,32238397,molecule_vpu,MultiLabelBCELoss,"{""contrastive"": {""peak_permutation"": {""params"": {""annotation_bin_radius"": 0, ""negative_weighting_method"": ""multilabel_jaccard"", ""overlapping_label_negative_weight"": 0.1, ""peak_catalog_limit"": 4096, ""peak_sample_size"": 10000, ""peak_selection_method"": ""permutation_label_invariant"", ""permutation_bank_size"": 7000, ""permutation_selection_attempts"": 64, ""permuted_peaks_per_view"": 3, ""preserve_input_normalization"": true, ""temperature"": 0.07}, ""target"": ""InfoNCELoss"", ""weight"": 0.001}}, ""heads"": {""molecule_vpu"": {""vpu"": {""params"": {""alpha"": 1.0, ""beta"": 1.0, ""consistency_weight"": 0.0, ""negative_weight"": 0.0, ""simulated_negative_weight"": 0.0}, ""target"": ""VariationalPULoss"", ""weight"": 0.2}}}, ""reconstruction"": {""masserstein"": {""target"": ""MassersteinLoss"", ""weight"": 1.0}}, ""regularization"": {""contractive"": {""params"": {""calculation_method"": ""exact_autograd_jacobian"", ""hinge_alpha"": 2.0, ""hinge_threshold"": 7.0, ""input_geometry"": ""fisher_rao"", ""latent_source"": ""auto"", ""penalized_space"": ""u"", ""penalty_metric"": ""spectral_plus_hinged""}, ""target"": ""ContractiveLoss"", ""weight"": 0.002}}}",{},True,True,frozen_head (axis-100-3000),P0_single__frozen_head__axis_100_3000,"P0 single bins, fine-tuned, frozen head, 100-3000 m/z",33,#7F7F7F,dashed,s,"{""axis"": ""axis-100-3000"", ""components"": ""single"", ""role"": ""frozen_head"", ""variant"": ""P0_single""}"
metaspace-pretrain-repaired-20260923-01__grid_0012__rep_01__frozen_head,metaspace-pretrain-repaired-20260923-01,task_000164,grid_0012,1,axis-100-3000,frozen_head,frozen_head,P0_single,grid_0012__rep_01,"P0 single bins, fine-tuned, frozen head, 100-3000 m/z",axis-100-3000/frozen_head,/home/max/repositories/MSIAutoEncoderWrapper/data/kidney_workspace/models/kidney/metaspace-pretrain-repaired-20260923-01__grid_0012__rep_01__frozen_head,919377028,892754137,molecule_vpu,MultiLabelBCELoss,"{""contrastive"": {""peak_permutation"": {""params"": {""annotation_bin_radius"": 0, ""negative_weighting_method"": ""multilabel_jaccard"", ""overlapping_label_negative_weight"": 0.1, ""peak_catalog_limit"": 4096, ""peak_sample_size"": 10000, ""peak_selection_method"": ""permutation_label_invariant"", ""permutation_bank_size"": 7000, ""permutation_selection_attempts"": 64, ""permuted_peaks_per_view"": 3, ""preserve_input_normalization"": true, ""temperature"": 0.07}, ""target"": ""InfoNCELoss"", ""weight"": 0.001}}, ""heads"": {""molecule_vpu"": {""vpu"": {""params"": {""alpha"": 1.0, ""beta"": 1.0, ""consistency_weight"": 0.0, ""negative_weight"": 0.0, ""simulated_negative_weight"": 0.0}, ""target"": ""VariationalPULoss"", ""weight"": 0.2}}}, ""reconstruction"": {""masserstein"": {""target"": ""MassersteinLoss"", ""weight"": 1.0}}, ""regularization"": {""contractive"": {""params"": {""calculation_method"": ""exact_autograd_jacobian"", ""hinge_alpha"": 2.0, ""hinge_threshold"": 7.0, ""input_geometry"": ""fisher_rao"", ""latent_source"": ""auto"", ""penalized_space"": ""u"", ""penalty_metric"": ""spectral_plus_hinged""}, ""target"": ""ContractiveLoss"", ""weight"": 0.002}}}",{},True,True,frozen_head (axis-100-3000),P0_single__frozen_head__axis_100_3000,"P0 single bins, fine-tuned, frozen head, 100-3000 m/z",33,#7F7F7F,dashed,s,"{""axis"": ""axis-100-3000"", ""components"": ""single"", ""role"": ""frozen_head"", ""variant"": ""P0_single""}"
metaspace-pretrain-repaired-20260923-01__grid_0012__rep_02__frozen_head,metaspace-pretrain-repaired-20260923-01,task_000167,grid_0012,2,axis-100-3000,frozen_head,frozen_head,P0_single,grid_0012__rep_02,"P0 single bins, fine-tuned, frozen head, 100-3000 m/z",axis-100-3000/frozen_head,/home/max/repositories/MSIAutoEncoderWrapper/data/kidney_workspace/models/kidney/metaspace-pretrain-repaired-20260923-01__grid_0012__rep_02__frozen_head,2136253289,442265914,molecule_vpu,MultiLabelBCELoss,"{""contrastive"": {""peak_permutation"": {""params"": {""annotation_bin_radius"": 0, ""negative_weighting_method"": ""multilabel_jaccard"", ""overlapping_label_negative_weight"": 0.1, ""peak_catalog_limit"": 4096, ""peak_sample_size"": 10000, ""peak_selection_method"": ""permutation_label_invariant"", ""permutation_bank_size"": 7000, ""permutation_selection_attempts"": 64, ""permuted_peaks_per_view"": 3, ""preserve_input_normalization"": true, ""temperature"": 0.07}, ""target"": ""InfoNCELoss"", ""weight"": 0.001}}, ""heads"": {""molecule_vpu"": {""vpu"": {""params"": {""alpha"": 1.0, ""beta"": 1.0, ""consistency_weight"": 0.0, ""negative_weight"": 0.0, ""simulated_negative_weight"": 0.0}, ""target"": ""VariationalPULoss"", ""weight"": 0.2}}}, ""reconstruction"": {""masserstein"": {""target"": ""MassersteinLoss"", ""weight"": 1.0}}, ""regularization"": {""contractive"": {""params"": {""calculation_method"": ""exact_autograd_jacobian"", ""hinge_alpha"": 2.0, ""hinge_threshold"": 7.0, ""input_geometry"": ""fisher_rao"", ""latent_source"": ""auto"", ""penalized_space"": ""u"", ""penalty_metric"": ""spectral_plus_hinged""}, ""target"": ""ContractiveLoss"", ""weight"": 0.002}}}",{},True,True,frozen_head (axis-100-3000),P0_single__frozen_head__axis_100_3000,"P0 single bins, fine-tuned, frozen head, 100-3000 m/z",33,#7F7F7F,dashed,s,"{""axis"": ""axis-100-3000"", ""components"": ""single"", ""role"": ""frozen_head"", ""variant"": ""P0_single""}"
metaspace-pretrain-repaired-20260923-01__grid_0012__rep_03__frozen_head,metaspace-pretrain-repaired-20260923-01,task_000170,grid_0012,3,axis-100-3000,frozen_head,frozen_head,P0_single,grid_0012__rep_03,"P0 single bins, fine-tuned, frozen head, 100-3000 m/z",axis-100-3000/frozen_head,/home/max/repositories/MSIAutoEncoderWrapper/data/kidney_workspace/models/kidney/metaspace-pretrain-repaired-20260923-01__grid_0012__rep_03__frozen_head,276187349,194761695,molecule_vpu,MultiLabelBCELoss,"{""contrastive"": {""peak_permutation"": {""params"": {""annotation_bin_radius"": 0, ""negative_weighting_method"": ""multilabel_jaccard"", ""overlapping_label_negative_weight"": 0.1, ""peak_catalog_limit"": 4096, ""peak_sample_size"": 10000, ""peak_selection_method"": ""permutation_label_invariant"", ""permutation_bank_size"": 7000, ""permutation_selection_attempts"": 64, ""permuted_peaks_per_view"": 3, ""preserve_input_normalization"": true, ""temperature"": 0.07}, ""target"": ""InfoNCELoss"", ""weight"": 0.001}}, ""heads"": {""molecule_vpu"": {""vpu"": {""params"": {""alpha"": 1.0, ""beta"": 1.0, ""consistency_weight"": 0.0, ""negative_weight"": 0.0, ""simulated_negative_weight"": 0.0}, ""target"": ""VariationalPULoss"", ""weight"": 0.2}}}, ""reconstruction"": {""masserstein"": {""target"": ""MassersteinLoss"", ""weight"": 1.0}}, ""regularization"": {""contractive"": {""params"": {""calculation_method"": ""exact_autograd_jacobian"", ""hinge_alpha"": 2.0, ""hinge_threshold"": 7.0, ""input_geometry"": ""fisher_rao"", ""latent_source"": ""auto"", ""penalized_space"": ""u"", ""penalty_metric"": ""spectral_plus_hinged""}, ""target"": ""ContractiveLoss"", ""weight"": 0.002}}}",{},True,True,frozen_head (axis-100-3000),P0_single__frozen_head__axis_100_3000,"P0 single bins, fine-tuned, frozen head, 100-3000 m/z",33,#7F7F7F,dashed,s,"{""axis"": ""axis-100-3000"", ""components"": ""single"", ""role"": ""frozen_head"", ""variant"": ""P0_single""}"
metaspace-pretrain-repaired-20260923-01__grid_0012__rep_04__frozen_head,metaspace-pretrain-repaired-20260923-01,task_000173,grid_0012,4,axis-100-3000,frozen_head,frozen_head,P0_single,grid_0012__rep_04,"P0 single bins, fine-tuned, frozen head, 100-3000 m/z",axis-100-3000/frozen_head,/home/max/repositories/MSIAutoEncoderWrapper/data/kidney_workspace/models/kidney/metaspace-pretrain-repaired-20260923-01__grid_0012__rep_04__frozen_head,1915557887,1927548799,molecule_vpu,MultiLabelBCELoss,"{""contrastive"": {""peak_permutation"": {""params"": {""annotation_bin_radius"": 0, ""negative_weighting_method"": ""multilabel_jaccard"", ""overlapping_label_negative_weight"": 0.1, ""peak_catalog_limit"": 4096, ""peak_sample_size"": 10000, ""peak_selection_method"": ""permutation_label_invariant"", ""permutation_bank_size"": 7000, ""permutation_selection_attempts"": 64, ""permuted_peaks_per_view"": 3, ""preserve_input_normalization"": true, ""temperature"": 0.07}, ""target"": ""InfoNCELoss"", ""weight"": 0.001}}, ""heads"": {""molecule_vpu"": {""vpu"": {""params"": {""alpha"": 1.0, ""beta"": 1.0, ""consistency_weight"": 0.0, ""negative_weight"": 0.0, ""simulated_negative_weight"": 0.0}, ""target"": ""VariationalPULoss"", ""weight"": 0.2}}}, ""reconstruction"": {""masserstein"": {""target"": ""MassersteinLoss"", ""weight"": 1.0}}, ""regularization"": {""contractive"": {""params"": {""calculation_method"": ""exact_autograd_jacobian"", ""hinge_alpha"": 2.0, ""hinge_threshold"": 7.0, ""input_geometry"": ""fisher_rao"", ""latent_source"": ""auto"", ""penalized_space"": ""u"", ""penalty_metric"": ""spectral_plus_hinged""}, ""target"": ""ContractiveLoss"", ""weight"": 0.002}}}",{},True,True,frozen_head (axis-100-3000),P0_single__frozen_head__axis_100_3000,"P0 single bins, fine-tuned, frozen head, 100-3000 m/z",33,#7F7F7F,dashed,s,"{""axis"": ""axis-100-3000"", ""components"": ""single"", ""role"": ""frozen_head"", ""variant"": ""P0_single""}"
metaspace-pretrain-repaired-20260923-01__grid_0012__rep_00__unfrozen_head,metaspace-pretrain-repaired-20260923-01,task_000162,grid_0012,0,axis-100-3000,unfrozen_head,unfrozen_head,P0_single,grid_0012__rep_00,"P0 single bins, fine-tuned, unfrozen head, 100-3000 m/z",axis-100-3000/unfrozen_head,/home/max/repositories/MSIAutoEncoderWrapper/data/kidney_workspace/models/kidney/metaspace-pretrain-repaired-20260923-01__grid_0012__rep_00__unfrozen_head,91154199,32238397,molecule_vpu,VariationalPULoss,"{""contrastive"": {""peak_permutation"": {""params"": {""annotation_bin_radius"": 0, ""negative_weighting_method"": ""multilabel_jaccard"", ""overlapping_label_negative_weight"": 0.1, ""peak_catalog_limit"": 4096, ""peak_sample_size"": 10000, ""peak_selection_method"": ""permutation_label_invariant"", ""permutation_bank_size"": 7000, ""permutation_selection_attempts"": 64, ""permuted_peaks_per_view"": 3, ""preserve_input_normalization"": true, ""temperature"": 0.07}, ""target"": ""InfoNCELoss"", ""weight"": 0.001}}, ""heads"": {""molecule_vpu"": {""vpu"": {""params"": {""alpha"": 1.0, ""beta"": 1.0, ""consistency_weight"": 0.0, ""negative_weight"": 0.0, ""simulated_negative_weight"": 0.0}, ""target"": ""VariationalPULoss"", ""weight"": 0.2}}}, ""reconstruction"": {""masserstein"": {""target"": ""MassersteinLoss"", ""weight"": 1.0}}, ""regularization"": {""contractive"": {""params"": {""calculation_method"": ""exact_autograd_jacobian"", ""hinge_alpha"": 2.0, ""hinge_threshold"": 7.0, ""input_geometry"": ""fisher_rao"", ""latent_source"": ""auto"", ""penalized_space"": ""u"", ""penalty_metric"": ""spectral_plus_hinged""}, ""target"": ""ContractiveLoss"", ""weight"": 0.002}}}",{},True,True,unfrozen_head (axis-100-3000),P0_single__unfrozen_head__axis_100_3000,"P0 single bins, fine-tuned, unfrozen head, 100-3000 m/z",34,#7F7F7F,solid,o,"{""axis"": ""axis-100-3000"", ""components"": ""single"", ""role"": ""unfrozen_head"", ""variant"": ""P0_single""}"
metaspace-pretrain-repaired-20260923-01__grid_0012__rep_01__unfrozen_head,metaspace-pretrain-repaired-20260923-01,task_000165,grid_0012,1,axis-100-3000,unfrozen_head,unfrozen_head,P0_single,grid_0012__rep_01,"P0 single bins, fine-tuned, unfrozen head, 100-3000 m/z",axis-100-3000/unfrozen_head,/home/max/repositories/MSIAutoEncoderWrapper/data/kidney_workspace/models/kidney/metaspace-pretrain-repaired-20260923-01__grid_0012__rep_01__unfrozen_head,919377028,892754137,molecule_vpu,VariationalPULoss,"{""contrastive"": {""peak_permutation"": {""params"": {""annotation_bin_radius"": 0, ""negative_weighting_method"": ""multilabel_jaccard"", ""overlapping_label_negative_weight"": 0.1, ""peak_catalog_limit"": 4096, ""peak_sample_size"": 10000, ""peak_selection_method"": ""permutation_label_invariant"", ""permutation_bank_size"": 7000, ""permutation_selection_attempts"": 64, ""permuted_peaks_per_view"": 3, ""preserve_input_normalization"": true, ""temperature"": 0.07}, ""target"": ""InfoNCELoss"", ""weight"": 0.001}}, ""heads"": {""molecule_vpu"": {""vpu"": {""params"": {""alpha"": 1.0, ""beta"": 1.0, ""consistency_weight"": 0.0, ""negative_weight"": 0.0, ""simulated_negative_weight"": 0.0}, ""target"": ""VariationalPULoss"", ""weight"": 0.2}}}, ""reconstruction"": {""masserstein"": {""target"": ""MassersteinLoss"", ""weight"": 1.0}}, ""regularization"": {""contractive"": {""params"": {""calculation_method"": ""exact_autograd_jacobian"", ""hinge_alpha"": 2.0, ""hinge_threshold"": 7.0, ""input_geometry"": ""fisher_rao"", ""latent_source"": ""auto"", ""penalized_space"": ""u"", ""penalty_metric"": ""spectral_plus_hinged""}, ""target"": ""ContractiveLoss"", ""weight"": 0.002}}}",{},True,True,unfrozen_head (axis-100-3000),P0_single__unfrozen_head__axis_100_3000,"P0 single bins, fine-tuned, unfrozen head, 100-3000 m/z",34,#7F7F7F,solid,o,"{""axis"": ""axis-100-3000"", ""components"": ""single"", ""role"": ""unfrozen_head"", ""variant"": ""P0_single""}"
metaspace-pretrain-repaired-20260923-01__grid_0012__rep_02__unfrozen_head,metaspace-pretrain-repaired-20260923-01,task_000168,grid_0012,2,axis-100-3000,unfrozen_head,unfrozen_head,P0_single,grid_0012__rep_02,"P0 single bins, fine-tuned, unfrozen head, 100-3000 m/z",axis-100-3000/unfrozen_head,/home/max/repositories/MSIAutoEncoderWrapper/data/kidney_workspace/models/kidney/metaspace-pretrain-repaired-20260923-01__grid_0012__rep_02__unfrozen_head,2136253289,442265914,molecule_vpu,VariationalPULoss,"{""contrastive"": {""peak_permutation"": {""params"": {""annotation_bin_radius"": 0, ""negative_weighting_method"": ""multilabel_jaccard"", ""overlapping_label_negative_weight"": 0.1, ""peak_catalog_limit"": 4096, ""peak_sample_size"": 10000, ""peak_selection_method"": ""permutation_label_invariant"", ""permutation_bank_size"": 7000, ""permutation_selection_attempts"": 64, ""permuted_peaks_per_view"": 3, ""preserve_input_normalization"": true, ""temperature"": 0.07}, ""target"": ""InfoNCELoss"", ""weight"": 0.001}}, ""heads"": {""molecule_vpu"": {""vpu"": {""params"": {""alpha"": 1.0, ""beta"": 1.0, ""consistency_weight"": 0.0, ""negative_weight"": 0.0, ""simulated_negative_weight"": 0.0}, ""target"": ""VariationalPULoss"", ""weight"": 0.2}}}, ""reconstruction"": {""masserstein"": {""target"": ""MassersteinLoss"", ""weight"": 1.0}}, ""regularization"": {""contractive"": {""params"": {""calculation_method"": ""exact_autograd_jacobian"", ""hinge_alpha"": 2.0, ""hinge_threshold"": 7.0, ""input_geometry"": ""fisher_rao"", ""latent_source"": ""auto"", ""penalized_space"": ""u"", ""penalty_metric"": ""spectral_plus_hinged""}, ""target"": ""ContractiveLoss"", ""weight"": 0.002}}}",{},True,True,unfrozen_head (axis-100-3000),P0_single__unfrozen_head__axis_100_3000,"P0 single bins, fine-tuned, unfrozen head, 100-3000 m/z",34,#7F7F7F,solid,o,"{""axis"": ""axis-100-3000"", ""components"": ""single"", ""role"": ""unfrozen_head"", ""variant"": ""P0_single""}"
metaspace-pretrain-repaired-20260923-01__grid_0012__rep_03__unfrozen_head,metaspace-pretrain-repaired-20260923-01,task_000171,grid_0012,3,axis-100-3000,unfrozen_head,unfrozen_head,P0_single,grid_0012__rep_03,"P0 single bins, fine-tuned, unfrozen head, 100-3000 m/z",axis-100-3000/unfrozen_head,/home/max/repositories/MSIAutoEncoderWrapper/data/kidney_workspace/models/kidney/metaspace-pretrain-repaired-20260923-01__grid_0012__rep_03__unfrozen_head,276187349,194761695,molecule_vpu,VariationalPULoss,"{""contrastive"": {""peak_permutation"": {""params"": {""annotation_bin_radius"": 0, ""negative_weighting_method"": ""multilabel_jaccard"", ""overlapping_label_negative_weight"": 0.1, ""peak_catalog_limit"": 4096, ""peak_sample_size"": 10000, ""peak_selection_method"": ""permutation_label_invariant"", ""permutation_bank_size"": 7000, ""permutation_selection_attempts"": 64, ""permuted_peaks_per_view"": 3, ""preserve_input_normalization"": true, ""temperature"": 0.07}, ""target"": ""InfoNCELoss"", ""weight"": 0.001}}, ""heads"": {""molecule_vpu"": {""vpu"": {""params"": {""alpha"": 1.0, ""beta"": 1.0, ""consistency_weight"": 0.0, ""negative_weight"": 0.0, ""simulated_negative_weight"": 0.0}, ""target"": ""VariationalPULoss"", ""weight"": 0.2}}}, ""reconstruction"": {""masserstein"": {""target"": ""MassersteinLoss"", ""weight"": 1.0}}, ""regularization"": {""contractive"": {""params"": {""calculation_method"": ""exact_autograd_jacobian"", ""hinge_alpha"": 2.0, ""hinge_threshold"": 7.0, ""input_geometry"": ""fisher_rao"", ""latent_source"": ""auto"", ""penalized_space"": ""u"", ""penalty_metric"": ""spectral_plus_hinged""}, ""target"": ""ContractiveLoss"", ""weight"": 0.002}}}",{},True,True,unfrozen_head (axis-100-3000),P0_single__unfrozen_head__axis_100_3000,"P0 single bins, fine-tuned, unfrozen head, 100-3000 m/z",34,#7F7F7F,solid,o,"{""axis"": ""axis-100-3000"", ""components"": ""single"", ""role"": ""unfrozen_head"", ""variant"": ""P0_single""}"
metaspace-pretrain-repaired-20260923-01__grid_0012__rep_04__unfrozen_head,metaspace-pretrain-repaired-20260923-01,task_000174,grid_0012,4,axis-100-3000,unfrozen_head,unfrozen_head,P0_single,grid_0012__rep_04,"P0 single bins, fine-tuned, unfrozen head, 100-3000 m/z",axis-100-3000/unfrozen_head,/home/max/repositories/MSIAutoEncoderWrapper/data/kidney_workspace/models/kidney/metaspace-pretrain-repaired-20260923-01__grid_0012__rep_04__unfrozen_head,1915557887,1927548799,molecule_vpu,VariationalPULoss,"{""contrastive"": {""peak_permutation"": {""params"": {""annotation_bin_radius"": 0, ""negative_weighting_method"": ""multilabel_jaccard"", ""overlapping_label_negative_weight"": 0.1, ""peak_catalog_limit"": 4096, ""peak_sample_size"": 10000, ""peak_selection_method"": ""permutation_label_invariant"", ""permutation_bank_size"": 7000, ""permutation_selection_attempts"": 64, ""permuted_peaks_per_view"": 3, ""preserve_input_normalization"": true, ""temperature"": 0.07}, ""target"": ""InfoNCELoss"", ""weight"": 0.001}}, ""heads"": {""molecule_vpu"": {""vpu"": {""params"": {""alpha"": 1.0, ""beta"": 1.0, ""consistency_weight"": 0.0, ""negative_weight"": 0.0, ""simulated_negative_weight"": 0.0}, ""target"": ""VariationalPULoss"", ""weight"": 0.2}}}, ""reconstruction"": {""masserstein"": {""target"": ""MassersteinLoss"", ""weight"": 1.0}}, ""regularization"": {""contractive"": {""params"": {""calculation_method"": ""exact_autograd_jacobian"", ""hinge_alpha"": 2.0, ""hinge_threshold"": 7.0, ""input_geometry"": ""fisher_rao"", ""latent_source"": ""auto"", ""penalized_space"": ""u"", ""penalty_metric"": ""spectral_plus_hinged""}, ""target"": ""ContractiveLoss"", ""weight"": 0.002}}}",{},True,True,unfrozen_head (axis-100-3000),P0_single__unfrozen_head__axis_100_3000,"P0 single bins, fine-tuned, unfrozen head, 100-3000 m/z",34,#7F7F7F,solid,o,"{""axis"": ""axis-100-3000"", ""components"": ""single"", ""role"": ""unfrozen_head"", ""variant"": ""P0_single""}"
metaspace-pretrain-repaired-20260923-01__grid_0013__rep_00__pretrained,metaspace-pretrain-repaired-20260923-01,task_000175,grid_0013,0,axis-100-3000,pretrained,pretrained,P1_permutation,grid_0013__rep_00,"P1 permutations, pretrained, 100-3000 m/z",axis-100-3000/pretrained,/home/max/repositories/MSIAutoEncoderWrapper/data/kidney_workspace/models/kidney/metaspace-pretrain-repaired-20260923-01__grid_0013__rep_00__pretrained,91154199,32238397,molecule_vpu,MultiLabelBCELoss,"{""contrastive"": {""peak_permutation"": {""params"": {""annotation_bin_radius"": 0, ""negative_weighting_method"": ""multilabel_jaccard"", ""overlapping_label_negative_weight"": 0.1, ""peak_catalog_limit"": 4096, ""peak_sample_size"": 10000, ""peak_selection_method"": ""permutation_label_invariant"", ""permutation_bank_size"": 7000, ""permutation_selection_attempts"": 64, ""permuted_peaks_per_view"": 3, ""preserve_input_normalization"": true, ""temperature"": 0.07}, ""target"": ""InfoNCELoss"", ""weight"": 0.001}}, ""heads"": {""molecule_vpu"": {""vpu"": {""params"": {""alpha"": 1.0, ""beta"": 1.0, ""consistency_weight"": 0.0, ""negative_weight"": 0.0, ""simulated_negative_weight"": 0.0}, ""target"": ""VariationalPULoss"", ""weight"": 0.2}}}, ""reconstruction"": {""masserstein"": {""target"": ""MassersteinLoss"", ""weight"": 1.0}}, ""regularization"": {""contractive"": {""params"": {""calculation_method"": ""exact_autograd_jacobian"", ""hinge_alpha"": 2.0, ""hinge_threshold"": 7.0, ""input_geometry"": ""fisher_rao"", ""latent_source"": ""auto"", ""penalized_space"": ""u"", ""penalty_metric"": ""spectral_plus_hinged""}, ""target"": ""ContractiveLoss"", ""weight"": 0.002}}}",{},True,True,pretrained (axis-100-3000),P1_permutation__pretrained__axis_100_3000,"P1 permutations, pretrained, 100-3000 m/z",35,#9467BD,dotted,^,"{""axis"": ""axis-100-3000"", ""components"": ""permutation"", ""role"": ""pretrained"", ""variant"": ""P1_permutation""}"
metaspace-pretrain-repaired-20260923-01__grid_0013__rep_01__pretrained,metaspace-pretrain-repaired-20260923-01,task_000178,grid_0013,1,axis-100-3000,pretrained,pretrained,P1_permutation,grid_0013__rep_01,"P1 permutations, pretrained, 100-3000 m/z",axis-100-3000/pretrained,/home/max/repositories/MSIAutoEncoderWrapper/data/kidney_workspace/models/kidney/metaspace-pretrain-repaired-20260923-01__grid_0013__rep_01__pretrained,919377028,892754137,molecule_vpu,MultiLabelBCELoss,"{""contrastive"": {""peak_permutation"": {""params"": {""annotation_bin_radius"": 0, ""negative_weighting_method"": ""multilabel_jaccard"", ""overlapping_label_negative_weight"": 0.1, ""peak_catalog_limit"": 4096, ""peak_sample_size"": 10000, ""peak_selection_method"": ""permutation_label_invariant"", ""permutation_bank_size"": 7000, ""permutation_selection_attempts"": 64, ""permuted_peaks_per_view"": 3, ""preserve_input_normalization"": true, ""temperature"": 0.07}, ""target"": ""InfoNCELoss"", ""weight"": 0.001}}, ""heads"": {""molecule_vpu"": {""vpu"": {""params"": {""alpha"": 1.0, ""beta"": 1.0, ""consistency_weight"": 0.0, ""negative_weight"": 0.0, ""simulated_negative_weight"": 0.0}, ""target"": ""VariationalPULoss"", ""weight"": 0.2}}}, ""reconstruction"": {""masserstein"": {""target"": ""MassersteinLoss"", ""weight"": 1.0}}, ""regularization"": {""contractive"": {""params"": {""calculation_method"": ""exact_autograd_jacobian"", ""hinge_alpha"": 2.0, ""hinge_threshold"": 7.0, ""input_geometry"": ""fisher_rao"", ""latent_source"": ""auto"", ""penalized_space"": ""u"", ""penalty_metric"": ""spectral_plus_hinged""}, ""target"": ""ContractiveLoss"", ""weight"": 0.002}}}",{},True,True,pretrained (axis-100-3000),P1_permutation__pretrained__axis_100_3000,"P1 permutations, pretrained, 100-3000 m/z",35,#9467BD,dotted,^,"{""axis"": ""axis-100-3000"", ""components"": ""permutation"", ""role"": ""pretrained"", ""variant"": ""P1_permutation""}"
metaspace-pretrain-repaired-20260923-01__grid_0013__rep_02__pretrained,metaspace-pretrain-repaired-20260923-01,task_000181,grid_0013,2,axis-100-3000,pretrained,pretrained,P1_permutation,grid_0013__rep_02,"P1 permutations, pretrained, 100-3000 m/z",axis-100-3000/pretrained,/home/max/repositories/MSIAutoEncoderWrapper/data/kidney_workspace/models/kidney/metaspace-pretrain-repaired-20260923-01__grid_0013__rep_02__pretrained,2136253289,442265914,molecule_vpu,MultiLabelBCELoss,"{""contrastive"": {""peak_permutation"": {""params"": {""annotation_bin_radius"": 0, ""negative_weighting_method"": ""multilabel_jaccard"", ""overlapping_label_negative_weight"": 0.1, ""peak_catalog_limit"": 4096, ""peak_sample_size"": 10000, ""peak_selection_method"": ""permutation_label_invariant"", ""permutation_bank_size"": 7000, ""permutation_selection_attempts"": 64, ""permuted_peaks_per_view"": 3, ""preserve_input_normalization"": true, ""temperature"": 0.07}, ""target"": ""InfoNCELoss"", ""weight"": 0.001}}, ""heads"": {""molecule_vpu"": {""vpu"": {""params"": {""alpha"": 1.0, ""beta"": 1.0, ""consistency_weight"": 0.0, ""negative_weight"": 0.0, ""simulated_negative_weight"": 0.0}, ""target"": ""VariationalPULoss"", ""weight"": 0.2}}}, ""reconstruction"": {""masserstein"": {""target"": ""MassersteinLoss"", ""weight"": 1.0}}, ""regularization"": {""contractive"": {""params"": {""calculation_method"": ""exact_autograd_jacobian"", ""hinge_alpha"": 2.0, ""hinge_threshold"": 7.0, ""input_geometry"": ""fisher_rao"", ""latent_source"": ""auto"", ""penalized_space"": ""u"", ""penalty_metric"": ""spectral_plus_hinged""}, ""target"": ""ContractiveLoss"", ""weight"": 0.002}}}",{},True,True,pretrained (axis-100-3000),P1_permutation__pretrained__axis_100_3000,"P1 permutations, pretrained, 100-3000 m/z",35,#9467BD,dotted,^,"{""axis"": ""axis-100-3000"", ""components"": ""permutation"", ""role"": ""pretrained"", ""variant"": ""P1_permutation""}"
metaspace-pretrain-repaired-20260923-01__grid_0013__rep_03__pretrained,metaspace-pretrain-repaired-20260923-01,task_000184,grid_0013,3,axis-100-3000,pretrained,pretrained,P1_permutation,grid_0013__rep_03,"P1 permutations, pretrained, 100-3000 m/z",axis-100-3000/pretrained,/home/max/repositories/MSIAutoEncoderWrapper/data/kidney_workspace/models/kidney/metaspace-pretrain-repaired-20260923-01__grid_0013__rep_03__pretrained,276187349,194761695,molecule_vpu,MultiLabelBCELoss,"{""contrastive"": {""peak_permutation"": {""params"": {""annotation_bin_radius"": 0, ""negative_weighting_method"": ""multilabel_jaccard"", ""overlapping_label_negative_weight"": 0.1, ""peak_catalog_limit"": 4096, ""peak_sample_size"": 10000, ""peak_selection_method"": ""permutation_label_invariant"", ""permutation_bank_size"": 7000, ""permutation_selection_attempts"": 64, ""permuted_peaks_per_view"": 3, ""preserve_input_normalization"": true, ""temperature"": 0.07}, ""target"": ""InfoNCELoss"", ""weight"": 0.001}}, ""heads"": {""molecule_vpu"": {""vpu"": {""params"": {""alpha"": 1.0, ""beta"": 1.0, ""consistency_weight"": 0.0, ""negative_weight"": 0.0, ""simulated_negative_weight"": 0.0}, ""target"": ""VariationalPULoss"", ""weight"": 0.2}}}, ""reconstruction"": {""masserstein"": {""target"": ""MassersteinLoss"", ""weight"": 1.0}}, ""regularization"": {""contractive"": {""params"": {""calculation_method"": ""exact_autograd_jacobian"", ""hinge_alpha"": 2.0, ""hinge_threshold"": 7.0, ""input_geometry"": ""fisher_rao"", ""latent_source"": ""auto"", ""penalized_space"": ""u"", ""penalty_metric"": ""spectral_plus_hinged""}, ""target"": ""ContractiveLoss"", ""weight"": 0.002}}}",{},True,True,pretrained (axis-100-3000),P1_permutation__pretrained__axis_100_3000,"P1 permutations, pretrained, 100-3000 m/z",35,#9467BD,dotted,^,"{""axis"": ""axis-100-3000"", ""components"": ""permutation"", ""role"": ""pretrained"", ""variant"": ""P1_permutation""}"
metaspace-pretrain-repaired-20260923-01__grid_0013__rep_04__pretrained,metaspace-pretrain-repaired-20260923-01,task_000187,grid_0013,4,axis-100-3000,pretrained,pretrained,P1_permutation,grid_0013__rep_04,"P1 permutations, pretrained, 100-3000 m/z",axis-100-3000/pretrained,/home/max/repositories/MSIAutoEncoderWrapper/data/kidney_workspace/models/kidney/metaspace-pretrain-repaired-20260923-01__grid_0013__rep_04__pretrained,1915557887,1927548799,molecule_vpu,MultiLabelBCELoss,"{""contrastive"": {""peak_permutation"": {""params"": {""annotation_bin_radius"": 0, ""negative_weighting_method"": ""multilabel_jaccard"", ""overlapping_label_negative_weight"": 0.1, ""peak_catalog_limit"": 4096, ""peak_sample_size"": 10000, ""peak_selection_method"": ""permutation_label_invariant"", ""permutation_bank_size"": 7000, ""permutation_selection_attempts"": 64, ""permuted_peaks_per_view"": 3, ""preserve_input_normalization"": true, ""temperature"": 0.07}, ""target"": ""InfoNCELoss"", ""weight"": 0.001}}, ""heads"": {""molecule_vpu"": {""vpu"": {""params"": {""alpha"": 1.0, ""beta"": 1.0, ""consistency_weight"": 0.0, ""negative_weight"": 0.0, ""simulated_negative_weight"": 0.0}, ""target"": ""VariationalPULoss"", ""weight"": 0.2}}}, ""reconstruction"": {""masserstein"": {""target"": ""MassersteinLoss"", ""weight"": 1.0}}, ""regularization"": {""contractive"": {""params"": {""calculation_method"": ""exact_autograd_jacobian"", ""hinge_alpha"": 2.0, ""hinge_threshold"": 7.0, ""input_geometry"": ""fisher_rao"", ""latent_source"": ""auto"", ""penalized_space"": ""u"", ""penalty_metric"": ""spectral_plus_hinged""}, ""target"": ""ContractiveLoss"", ""weight"": 0.002}}}",{},True,True,pretrained (axis-100-3000),P1_permutation__pretrained__axis_100_3000,"P1 permutations, pretrained, 100-3000 m/z",35,#9467BD,dotted,^,"{""axis"": ""axis-100-3000"", ""components"": ""permutation"", ""role"": ""pretrained"", ""variant"": ""P1_permutation""}"
metaspace-pretrain-repaired-20260923-01__grid_0013__rep_00__frozen_head,metaspace-pretrain-repaired-20260923-01,task_000176,grid_0013,0,axis-100-3000,frozen_head,frozen_head,P1_permutation,grid_0013__rep_00,"P1 permutations, fine-tuned, frozen head, 100-3000 m/z",axis-100-3000/frozen_head,/home/max/repositories/MSIAutoEncoderWrapper/data/kidney_workspace/models/kidney/metaspace-pretrain-repaired-20260923-01__grid_0013__rep_00__frozen_head,91154199,32238397,molecule_vpu,MultiLabelBCELoss,"{""contrastive"": {""peak_permutation"": {""params"": {""annotation_bin_radius"": 0, ""negative_weighting_method"": ""multilabel_jaccard"", ""overlapping_label_negative_weight"": 0.1, ""peak_catalog_limit"": 4096, ""peak_sample_size"": 10000, ""peak_selection_method"": ""permutation_label_invariant"", ""permutation_bank_size"": 7000, ""permutation_selection_attempts"": 64, ""permuted_peaks_per_view"": 3, ""preserve_input_normalization"": true, ""temperature"": 0.07}, ""target"": ""InfoNCELoss"", ""weight"": 0.001}}, ""heads"": {""molecule_vpu"": {""vpu"": {""params"": {""alpha"": 1.0, ""beta"": 1.0, ""consistency_weight"": 0.0, ""negative_weight"": 0.0, ""simulated_negative_weight"": 0.0}, ""target"": ""VariationalPULoss"", ""weight"": 0.2}}}, ""reconstruction"": {""masserstein"": {""target"": ""MassersteinLoss"", ""weight"": 1.0}}, ""regularization"": {""contractive"": {""params"": {""calculation_method"": ""exact_autograd_jacobian"", ""hinge_alpha"": 2.0, ""hinge_threshold"": 7.0, ""input_geometry"": ""fisher_rao"", ""latent_source"": ""auto"", ""penalized_space"": ""u"", ""penalty_metric"": ""spectral_plus_hinged""}, ""target"": ""ContractiveLoss"", ""weight"": 0.002}}}",{},True,True,frozen_head (axis-100-3000),P1_permutation__frozen_head__axis_100_3000,"P1 permutations, fine-tuned, frozen head, 100-3000 m/z",36,#9467BD,dashed,s,"{""axis"": ""axis-100-3000"", ""components"": ""permutation"", ""role"": ""frozen_head"", ""variant"": ""P1_permutation""}"
metaspace-pretrain-repaired-20260923-01__grid_0013__rep_01__frozen_head,metaspace-pretrain-repaired-20260923-01,task_000179,grid_0013,1,axis-100-3000,frozen_head,frozen_head,P1_permutation,grid_0013__rep_01,"P1 permutations, fine-tuned, frozen head, 100-3000 m/z",axis-100-3000/frozen_head,/home/max/repositories/MSIAutoEncoderWrapper/data/kidney_workspace/models/kidney/metaspace-pretrain-repaired-20260923-01__grid_0013__rep_01__frozen_head,919377028,892754137,molecule_vpu,MultiLabelBCELoss,"{""contrastive"": {""peak_permutation"": {""params"": {""annotation_bin_radius"": 0, ""negative_weighting_method"": ""multilabel_jaccard"", ""overlapping_label_negative_weight"": 0.1, ""peak_catalog_limit"": 4096, ""peak_sample_size"": 10000, ""peak_selection_method"": ""permutation_label_invariant"", ""permutation_bank_size"": 7000, ""permutation_selection_attempts"": 64, ""permuted_peaks_per_view"": 3, ""preserve_input_normalization"": true, ""temperature"": 0.07}, ""target"": ""InfoNCELoss"", ""weight"": 0.001}}, ""heads"": {""molecule_vpu"": {""vpu"": {""params"": {""alpha"": 1.0, ""beta"": 1.0, ""consistency_weight"": 0.0, ""negative_weight"": 0.0, ""simulated_negative_weight"": 0.0}, ""target"": ""VariationalPULoss"", ""weight"": 0.2}}}, ""reconstruction"": {""masserstein"": {""target"": ""MassersteinLoss"", ""weight"": 1.0}}, ""regularization"": {""contractive"": {""params"": {""calculation_method"": ""exact_autograd_jacobian"", ""hinge_alpha"": 2.0, ""hinge_threshold"": 7.0, ""input_geometry"": ""fisher_rao"", ""latent_source"": ""auto"", ""penalized_space"": ""u"", ""penalty_metric"": ""spectral_plus_hinged""}, ""target"": ""ContractiveLoss"", ""weight"": 0.002}}}",{},True,True,frozen_head (axis-100-3000),P1_permutation__frozen_head__axis_100_3000,"P1 permutations, fine-tuned, frozen head, 100-3000 m/z",36,#9467BD,dashed,s,"{""axis"": ""axis-100-3000"", ""components"": ""permutation"", ""role"": ""frozen_head"", ""variant"": ""P1_permutation""}"
metaspace-pretrain-repaired-20260923-01__grid_0013__rep_02__frozen_head,metaspace-pretrain-repaired-20260923-01,task_000182,grid_0013,2,axis-100-3000,frozen_head,frozen_head,P1_permutation,grid_0013__rep_02,"P1 permutations, fine-tuned, frozen head, 100-3000 m/z",axis-100-3000/frozen_head,/home/max/repositories/MSIAutoEncoderWrapper/data/kidney_workspace/models/kidney/metaspace-pretrain-repaired-20260923-01__grid_0013__rep_02__frozen_head,2136253289,442265914,molecule_vpu,MultiLabelBCELoss,"{""contrastive"": {""peak_permutation"": {""params"": {""annotation_bin_radius"": 0, ""negative_weighting_method"": ""multilabel_jaccard"", ""overlapping_label_negative_weight"": 0.1, ""peak_catalog_limit"": 4096, ""peak_sample_size"": 10000, ""peak_selection_method"": ""permutation_label_invariant"", ""permutation_bank_size"": 7000, ""permutation_selection_attempts"": 64, ""permuted_peaks_per_view"": 3, ""preserve_input_normalization"": true, ""temperature"": 0.07}, ""target"": ""InfoNCELoss"", ""weight"": 0.001}}, ""heads"": {""molecule_vpu"": {""vpu"": {""params"": {""alpha"": 1.0, ""beta"": 1.0, ""consistency_weight"": 0.0, ""negative_weight"": 0.0, ""simulated_negative_weight"": 0.0}, ""target"": ""VariationalPULoss"", ""weight"": 0.2}}}, ""reconstruction"": {""masserstein"": {""target"": ""MassersteinLoss"", ""weight"": 1.0}}, ""regularization"": {""contractive"": {""params"": {""calculation_method"": ""exact_autograd_jacobian"", ""hinge_alpha"": 2.0, ""hinge_threshold"": 7.0, ""input_geometry"": ""fisher_rao"", ""latent_source"": ""auto"", ""penalized_space"": ""u"", ""penalty_metric"": ""spectral_plus_hinged""}, ""target"": ""ContractiveLoss"", ""weight"": 0.002}}}",{},True,True,frozen_head (axis-100-3000),P1_permutation__frozen_head__axis_100_3000,"P1 permutations, fine-tuned, frozen head, 100-3000 m/z",36,#9467BD,dashed,s,"{""axis"": ""axis-100-3000"", ""components"": ""permutation"", ""role"": ""frozen_head"", ""variant"": ""P1_permutation""}"
metaspace-pretrain-repaired-20260923-01__grid_0013__rep_03__frozen_head,metaspace-pretrain-repaired-20260923-01,task_000185,grid_0013,3,axis-100-3000,frozen_head,frozen_head,P1_permutation,grid_0013__rep_03,"P1 permutations, fine-tuned, frozen head, 100-3000 m/z",axis-100-3000/frozen_head,/home/max/repositories/MSIAutoEncoderWrapper/data/kidney_workspace/models/kidney/metaspace-pretrain-repaired-20260923-01__grid_0013__rep_03__frozen_head,276187349,194761695,molecule_vpu,MultiLabelBCELoss,"{""contrastive"": {""peak_permutation"": {""params"": {""annotation_bin_radius"": 0, ""negative_weighting_method"": ""multilabel_jaccard"", ""overlapping_label_negative_weight"": 0.1, ""peak_catalog_limit"": 4096, ""peak_sample_size"": 10000, ""peak_selection_method"": ""permutation_label_invariant"", ""permutation_bank_size"": 7000, ""permutation_selection_attempts"": 64, ""permuted_peaks_per_view"": 3, ""preserve_input_normalization"": true, ""temperature"": 0.07}, ""target"": ""InfoNCELoss"", ""weight"": 0.001}}, ""heads"": {""molecule_vpu"": {""vpu"": {""params"": {""alpha"": 1.0, ""beta"": 1.0, ""consistency_weight"": 0.0, ""negative_weight"": 0.0, ""simulated_negative_weight"": 0.0}, ""target"": ""VariationalPULoss"", ""weight"": 0.2}}}, ""reconstruction"": {""masserstein"": {""target"": ""MassersteinLoss"", ""weight"": 1.0}}, ""regularization"": {""contractive"": {""params"": {""calculation_method"": ""exact_autograd_jacobian"", ""hinge_alpha"": 2.0, ""hinge_threshold"": 7.0, ""input_geometry"": ""fisher_rao"", ""latent_source"": ""auto"", ""penalized_space"": ""u"", ""penalty_metric"": ""spectral_plus_hinged""}, ""target"": ""ContractiveLoss"", ""weight"": 0.002}}}",{},True,True,frozen_head (axis-100-3000),P1_permutation__frozen_head__axis_100_3000,"P1 permutations, fine-tuned, frozen head, 100-3000 m/z",36,#9467BD,dashed,s,"{""axis"": ""axis-100-3000"", ""components"": ""permutation"", ""role"": ""frozen_head"", ""variant"": ""P1_permutation""}"
metaspace-pretrain-repaired-20260923-01__grid_0013__rep_04__frozen_head,metaspace-pretrain-repaired-20260923-01,task_000188,grid_0013,4,axis-100-3000,frozen_head,frozen_head,P1_permutation,grid_0013__rep_04,"P1 permutations, fine-tuned, frozen head, 100-3000 m/z",axis-100-3000/frozen_head,/home/max/repositories/MSIAutoEncoderWrapper/data/kidney_workspace/models/kidney/metaspace-pretrain-repaired-20260923-01__grid_0013__rep_04__frozen_head,1915557887,1927548799,molecule_vpu,MultiLabelBCELoss,"{""contrastive"": {""peak_permutation"": {""params"": {""annotation_bin_radius"": 0, ""negative_weighting_method"": ""multilabel_jaccard"", ""overlapping_label_negative_weight"": 0.1, ""peak_catalog_limit"": 4096, ""peak_sample_size"": 10000, ""peak_selection_method"": ""permutation_label_invariant"", ""permutation_bank_size"": 7000, ""permutation_selection_attempts"": 64, ""permuted_peaks_per_view"": 3, ""preserve_input_normalization"": true, ""temperature"": 0.07}, ""target"": ""InfoNCELoss"", ""weight"": 0.001}}, ""heads"": {""molecule_vpu"": {""vpu"": {""params"": {""alpha"": 1.0, ""beta"": 1.0, ""consistency_weight"": 0.0, ""negative_weight"": 0.0, ""simulated_negative_weight"": 0.0}, ""target"": ""VariationalPULoss"", ""weight"": 0.2}}}, ""reconstruction"": {""masserstein"": {""target"": ""MassersteinLoss"", ""weight"": 1.0}}, ""regularization"": {""contractive"": {""params"": {""calculation_method"": ""exact_autograd_jacobian"", ""hinge_alpha"": 2.0, ""hinge_threshold"": 7.0, ""input_geometry"": ""fisher_rao"", ""latent_source"": ""auto"", ""penalized_space"": ""u"", ""penalty_metric"": ""spectral_plus_hinged""}, ""target"": ""ContractiveLoss"", ""weight"": 0.002}}}",{},True,True,frozen_head (axis-100-3000),P1_permutation__frozen_head__axis_100_3000,"P1 permutations, fine-tuned, frozen head, 100-3000 m/z",36,#9467BD,dashed,s,"{""axis"": ""axis-100-3000"", ""components"": ""permutation"", ""role"": ""frozen_head"", ""variant"": ""P1_permutation""}"
metaspace-pretrain-repaired-20260923-01__grid_0013__rep_00__unfrozen_head,metaspace-pretrain-repaired-20260923-01,task_000177,grid_0013,0,axis-100-3000,unfrozen_head,unfrozen_head,P1_permutation,grid_0013__rep_00,"P1 permutations, fine-tuned, unfrozen head, 100-3000 m/z",axis-100-3000/unfrozen_head,/home/max/repositories/MSIAutoEncoderWrapper/data/kidney_workspace/models/kidney/metaspace-pretrain-repaired-20260923-01__grid_0013__rep_00__unfrozen_head,91154199,32238397,molecule_vpu,VariationalPULoss,"{""contrastive"": {""peak_permutation"": {""params"": {""annotation_bin_radius"": 0, ""negative_weighting_method"": ""multilabel_jaccard"", ""overlapping_label_negative_weight"": 0.1, ""peak_catalog_limit"": 4096, ""peak_sample_size"": 10000, ""peak_selection_method"": ""permutation_label_invariant"", ""permutation_bank_size"": 7000, ""permutation_selection_attempts"": 64, ""permuted_peaks_per_view"": 3, ""preserve_input_normalization"": true, ""temperature"": 0.07}, ""target"": ""InfoNCELoss"", ""weight"": 0.001}}, ""heads"": {""molecule_vpu"": {""vpu"": {""params"": {""alpha"": 1.0, ""beta"": 1.0, ""consistency_weight"": 0.0, ""negative_weight"": 0.0, ""simulated_negative_weight"": 0.0}, ""target"": ""VariationalPULoss"", ""weight"": 0.2}}}, ""reconstruction"": {""masserstein"": {""target"": ""MassersteinLoss"", ""weight"": 1.0}}, ""regularization"": {""contractive"": {""params"": {""calculation_method"": ""exact_autograd_jacobian"", ""hinge_alpha"": 2.0, ""hinge_threshold"": 7.0, ""input_geometry"": ""fisher_rao"", ""latent_source"": ""auto"", ""penalized_space"": ""u"", ""penalty_metric"": ""spectral_plus_hinged""}, ""target"": ""ContractiveLoss"", ""weight"": 0.002}}}",{},True,True,unfrozen_head (axis-100-3000),P1_permutation__unfrozen_head__axis_100_3000,"P1 permutations, fine-tuned, unfrozen head, 100-3000 m/z",37,#9467BD,solid,o,"{""axis"": ""axis-100-3000"", ""components"": ""permutation"", ""role"": ""unfrozen_head"", ""variant"": ""P1_permutation""}"
metaspace-pretrain-repaired-20260923-01__grid_0013__rep_01__unfrozen_head,metaspace-pretrain-repaired-20260923-01,task_000180,grid_0013,1,axis-100-3000,unfrozen_head,unfrozen_head,P1_permutation,grid_0013__rep_01,"P1 permutations, fine-tuned, unfrozen head, 100-3000 m/z",axis-100-3000/unfrozen_head,/home/max/repositories/MSIAutoEncoderWrapper/data/kidney_workspace/models/kidney/metaspace-pretrain-repaired-20260923-01__grid_0013__rep_01__unfrozen_head,919377028,892754137,molecule_vpu,VariationalPULoss,"{""contrastive"": {""peak_permutation"": {""params"": {""annotation_bin_radius"": 0, ""negative_weighting_method"": ""multilabel_jaccard"", ""overlapping_label_negative_weight"": 0.1, ""peak_catalog_limit"": 4096, ""peak_sample_size"": 10000, ""peak_selection_method"": ""permutation_label_invariant"", ""permutation_bank_size"": 7000, ""permutation_selection_attempts"": 64, ""permuted_peaks_per_view"": 3, ""preserve_input_normalization"": true, ""temperature"": 0.07}, ""target"": ""InfoNCELoss"", ""weight"": 0.001}}, ""heads"": {""molecule_vpu"": {""vpu"": {""params"": {""alpha"": 1.0, ""beta"": 1.0, ""consistency_weight"": 0.0, ""negative_weight"": 0.0, ""simulated_negative_weight"": 0.0}, ""target"": ""VariationalPULoss"", ""weight"": 0.2}}}, ""reconstruction"": {""masserstein"": {""target"": ""MassersteinLoss"", ""weight"": 1.0}}, ""regularization"": {""contractive"": {""params"": {""calculation_method"": ""exact_autograd_jacobian"", ""hinge_alpha"": 2.0, ""hinge_threshold"": 7.0, ""input_geometry"": ""fisher_rao"", ""latent_source"": ""auto"", ""penalized_space"": ""u"", ""penalty_metric"": ""spectral_plus_hinged""}, ""target"": ""ContractiveLoss"", ""weight"": 0.002}}}",{},True,True,unfrozen_head (axis-100-3000),P1_permutation__unfrozen_head__axis_100_3000,"P1 permutations, fine-tuned, unfrozen head, 100-3000 m/z",37,#9467BD,solid,o,"{""axis"": ""axis-100-3000"", ""components"": ""permutation"", ""role"": ""unfrozen_head"", ""variant"": ""P1_permutation""}"
metaspace-pretrain-repaired-20260923-01__grid_0013__rep_02__unfrozen_head,metaspace-pretrain-repaired-20260923-01,task_000183,grid_0013,2,axis-100-3000,unfrozen_head,unfrozen_head,P1_permutation,grid_0013__rep_02,"P1 permutations, fine-tuned, unfrozen head, 100-3000 m/z",axis-100-3000/unfrozen_head,/home/max/repositories/MSIAutoEncoderWrapper/data/kidney_workspace/models/kidney/metaspace-pretrain-repaired-20260923-01__grid_0013__rep_02__unfrozen_head,2136253289,442265914,molecule_vpu,VariationalPULoss,"{""contrastive"": {""peak_permutation"": {""params"": {""annotation_bin_radius"": 0, ""negative_weighting_method"": ""multilabel_jaccard"", ""overlapping_label_negative_weight"": 0.1, ""peak_catalog_limit"": 4096, ""peak_sample_size"": 10000, ""peak_selection_method"": ""permutation_label_invariant"", ""permutation_bank_size"": 7000, ""permutation_selection_attempts"": 64, ""permuted_peaks_per_view"": 3, ""preserve_input_normalization"": true, ""temperature"": 0.07}, ""target"": ""InfoNCELoss"", ""weight"": 0.001}}, ""heads"": {""molecule_vpu"": {""vpu"": {""params"": {""alpha"": 1.0, ""beta"": 1.0, ""consistency_weight"": 0.0, ""negative_weight"": 0.0, ""simulated_negative_weight"": 0.0}, ""target"": ""VariationalPULoss"", ""weight"": 0.2}}}, ""reconstruction"": {""masserstein"": {""target"": ""MassersteinLoss"", ""weight"": 1.0}}, ""regularization"": {""contractive"": {""params"": {""calculation_method"": ""exact_autograd_jacobian"", ""hinge_alpha"": 2.0, ""hinge_threshold"": 7.0, ""input_geometry"": ""fisher_rao"", ""latent_source"": ""auto"", ""penalized_space"": ""u"", ""penalty_metric"": ""spectral_plus_hinged""}, ""target"": ""ContractiveLoss"", ""weight"": 0.002}}}",{},True,True,unfrozen_head (axis-100-3000),P1_permutation__unfrozen_head__axis_100_3000,"P1 permutations, fine-tuned, unfrozen head, 100-3000 m/z",37,#9467BD,solid,o,"{""axis"": ""axis-100-3000"", ""components"": ""permutation"", ""role"": ""unfrozen_head"", ""variant"": ""P1_permutation""}"
metaspace-pretrain-repaired-20260923-01__grid_0013__rep_03__unfrozen_head,metaspace-pretrain-repaired-20260923-01,task_000186,grid_0013,3,axis-100-3000,unfrozen_head,unfrozen_head,P1_permutation,grid_0013__rep_03,"P1 permutations, fine-tuned, unfrozen head, 100-3000 m/z",axis-100-3000/unfrozen_head,/home/max/repositories/MSIAutoEncoderWrapper/data/kidney_workspace/models/kidney/metaspace-pretrain-repaired-20260923-01__grid_0013__rep_03__unfrozen_head,276187349,194761695,molecule_vpu,VariationalPULoss,"{""contrastive"": {""peak_permutation"": {""params"": {""annotation_bin_radius"": 0, ""negative_weighting_method"": ""multilabel_jaccard"", ""overlapping_label_negative_weight"": 0.1, ""peak_catalog_limit"": 4096, ""peak_sample_size"": 10000, ""peak_selection_method"": ""permutation_label_invariant"", ""permutation_bank_size"": 7000, ""permutation_selection_attempts"": 64, ""permuted_peaks_per_view"": 3, ""preserve_input_normalization"": true, ""temperature"": 0.07}, ""target"": ""InfoNCELoss"", ""weight"": 0.001}}, ""heads"": {""molecule_vpu"": {""vpu"": {""params"": {""alpha"": 1.0, ""beta"": 1.0, ""consistency_weight"": 0.0, ""negative_weight"": 0.0, ""simulated_negative_weight"": 0.0}, ""target"": ""VariationalPULoss"", ""weight"": 0.2}}}, ""reconstruction"": {""masserstein"": {""target"": ""MassersteinLoss"", ""weight"": 1.0}}, ""regularization"": {""contractive"": {""params"": {""calculation_method"": ""exact_autograd_jacobian"", ""hinge_alpha"": 2.0, ""hinge_threshold"": 7.0, ""input_geometry"": ""fisher_rao"", ""latent_source"": ""auto"", ""penalized_space"": ""u"", ""penalty_metric"": ""spectral_plus_hinged""}, ""target"": ""ContractiveLoss"", ""weight"": 0.002}}}",{},True,True,unfrozen_head (axis-100-3000),P1_permutation__unfrozen_head__axis_100_3000,"P1 permutations, fine-tuned, unfrozen head, 100-3000 m/z",37,#9467BD,solid,o,"{""axis"": ""axis-100-3000"", ""components"": ""permutation"", ""role"": ""unfrozen_head"", ""variant"": ""P1_permutation""}"
metaspace-pretrain-repaired-20260923-01__grid_0013__rep_04__unfrozen_head,metaspace-pretrain-repaired-20260923-01,task_000189,grid_0013,4,axis-100-3000,unfrozen_head,unfrozen_head,P1_permutation,grid_0013__rep_04,"P1 permutations, fine-tuned, unfrozen head, 100-3000 m/z",axis-100-3000/unfrozen_head,/home/max/repositories/MSIAutoEncoderWrapper/data/kidney_workspace/models/kidney/metaspace-pretrain-repaired-20260923-01__grid_0013__rep_04__unfrozen_head,1915557887,1927548799,molecule_vpu,VariationalPULoss,"{""contrastive"": {""peak_permutation"": {""params"": {""annotation_bin_radius"": 0, ""negative_weighting_method"": ""multilabel_jaccard"", ""overlapping_label_negative_weight"": 0.1, ""peak_catalog_limit"": 4096, ""peak_sample_size"": 10000, ""peak_selection_method"": ""permutation_label_invariant"", ""permutation_bank_size"": 7000, ""permutation_selection_attempts"": 64, ""permuted_peaks_per_view"": 3, ""preserve_input_normalization"": true, ""temperature"": 0.07}, ""target"": ""InfoNCELoss"", ""weight"": 0.001}}, ""heads"": {""molecule_vpu"": {""vpu"": {""params"": {""alpha"": 1.0, ""beta"": 1.0, ""consistency_weight"": 0.0, ""negative_weight"": 0.0, ""simulated_negative_weight"": 0.0}, ""target"": ""VariationalPULoss"", ""weight"": 0.2}}}, ""reconstruction"": {""masserstein"": {""target"": ""MassersteinLoss"", ""weight"": 1.0}}, ""regularization"": {""contractive"": {""params"": {""calculation_method"": ""exact_autograd_jacobian"", ""hinge_alpha"": 2.0, ""hinge_threshold"": 7.0, ""input_geometry"": ""fisher_rao"", ""latent_source"": ""auto"", ""penalized_space"": ""u"", ""penalty_metric"": ""spectral_plus_hinged""}, ""target"": ""ContractiveLoss"", ""weight"": 0.002}}}",{},True,True,unfrozen_head (axis-100-3000),P1_permutation__unfrozen_head__axis_100_3000,"P1 permutations, fine-tuned, unfrozen head, 100-3000 m/z",37,#9467BD,solid,o,"{""axis"": ""axis-100-3000"", ""components"": ""permutation"", ""role"": ""unfrozen_head"", ""variant"": ""P1_permutation""}"
metaspace-pretrain-repaired-20260923-01__grid_0014__rep_00__pretrained,metaspace-pretrain-repaired-20260923-01,task_000190,grid_0014,0,axis-100-3000,pretrained,pretrained,P2_joint_base,grid_0014__rep_00,"P2 joint, pretrained, 100-3000 m/z",axis-100-3000/pretrained,/home/max/repositories/MSIAutoEncoderWrapper/data/kidney_workspace/models/kidney/metaspace-pretrain-repaired-20260923-01__grid_0014__rep_00__pretrained,91154199,32238397,molecule_vpu,MultiLabelBCELoss,"{""contrastive"": {""peak_permutation"": {""params"": {""annotation_bin_radius"": 0, ""negative_weighting_method"": ""multilabel_jaccard"", ""overlapping_label_negative_weight"": 0.1, ""peak_catalog_limit"": 4096, ""peak_sample_size"": 10000, ""peak_selection_method"": ""permutation_label_invariant"", ""permutation_bank_size"": 7000, ""permutation_selection_attempts"": 64, ""permuted_peaks_per_view"": 3, ""preserve_input_normalization"": true, ""temperature"": 0.07}, ""target"": ""InfoNCELoss"", ""weight"": 0.001}}, ""heads"": {""molecule_vpu"": {""vpu"": {""params"": {""alpha"": 1.0, ""beta"": 1.0, ""consistency_weight"": 0.0, ""negative_weight"": 0.0, ""simulated_negative_weight"": 0.0}, ""target"": ""VariationalPULoss"", ""weight"": 0.2}}}, ""reconstruction"": {""masserstein"": {""target"": ""MassersteinLoss"", ""weight"": 1.0}}, ""regularization"": {""contractive"": {""params"": {""calculation_method"": ""exact_autograd_jacobian"", ""hinge_alpha"": 2.0, ""hinge_threshold"": 7.0, ""input_geometry"": ""fisher_rao"", ""latent_source"": ""auto"", ""penalized_space"": ""u"", ""penalty_metric"": ""spectral_plus_hinged""}, ""target"": ""ContractiveLoss"", ""weight"": 0.002}}}",{},True,True,pretrained (axis-100-3000),P2_joint_base__pretrained__axis_100_3000,"P2 joint, pretrained, 100-3000 m/z",38,#17BECF,dotted,^,"{""axis"": ""axis-100-3000"", ""components"": ""combined"", ""overlap"": 0, ""rare"": 0, ""role"": ""pretrained"", ""schedule"": ""joint"", ""variant"": ""P2_joint_base""}"
metaspace-pretrain-repaired-20260923-01__grid_0014__rep_01__pretrained,metaspace-pretrain-repaired-20260923-01,task_000193,grid_0014,1,axis-100-3000,pretrained,pretrained,P2_joint_base,grid_0014__rep_01,"P2 joint, pretrained, 100-3000 m/z",axis-100-3000/pretrained,/home/max/repositories/MSIAutoEncoderWrapper/data/kidney_workspace/models/kidney/metaspace-pretrain-repaired-20260923-01__grid_0014__rep_01__pretrained,919377028,892754137,molecule_vpu,MultiLabelBCELoss,"{""contrastive"": {""peak_permutation"": {""params"": {""annotation_bin_radius"": 0, ""negative_weighting_method"": ""multilabel_jaccard"", ""overlapping_label_negative_weight"": 0.1, ""peak_catalog_limit"": 4096, ""peak_sample_size"": 10000, ""peak_selection_method"": ""permutation_label_invariant"", ""permutation_bank_size"": 7000, ""permutation_selection_attempts"": 64, ""permuted_peaks_per_view"": 3, ""preserve_input_normalization"": true, ""temperature"": 0.07}, ""target"": ""InfoNCELoss"", ""weight"": 0.001}}, ""heads"": {""molecule_vpu"": {""vpu"": {""params"": {""alpha"": 1.0, ""beta"": 1.0, ""consistency_weight"": 0.0, ""negative_weight"": 0.0, ""simulated_negative_weight"": 0.0}, ""target"": ""VariationalPULoss"", ""weight"": 0.2}}}, ""reconstruction"": {""masserstein"": {""target"": ""MassersteinLoss"", ""weight"": 1.0}}, ""regularization"": {""contractive"": {""params"": {""calculation_method"": ""exact_autograd_jacobian"", ""hinge_alpha"": 2.0, ""hinge_threshold"": 7.0, ""input_geometry"": ""fisher_rao"", ""latent_source"": ""auto"", ""penalized_space"": ""u"", ""penalty_metric"": ""spectral_plus_hinged""}, ""target"": ""ContractiveLoss"", ""weight"": 0.002}}}",{},True,True,pretrained (axis-100-3000),P2_joint_base__pretrained__axis_100_3000,"P2 joint, pretrained, 100-3000 m/z",38,#17BECF,dotted,^,"{""axis"": ""axis-100-3000"", ""components"": ""combined"", ""overlap"": 0, ""rare"": 0, ""role"": ""pretrained"", ""schedule"": ""joint"", ""variant"": ""P2_joint_base""}"
metaspace-pretrain-repaired-20260923-01__grid_0014__rep_02__pretrained,metaspace-pretrain-repaired-20260923-01,task_000196,grid_0014,2,axis-100-3000,pretrained,pretrained,P2_joint_base,grid_0014__rep_02,"P2 joint, pretrained, 100-3000 m/z",axis-100-3000/pretrained,/home/max/repositories/MSIAutoEncoderWrapper/data/kidney_workspace/models/kidney/metaspace-pretrain-repaired-20260923-01__grid_0014__rep_02__pretrained,2136253289,442265914,molecule_vpu,MultiLabelBCELoss,"{""contrastive"": {""peak_permutation"": {""params"": {""annotation_bin_radius"": 0, ""negative_weighting_method"": ""multilabel_jaccard"", ""overlapping_label_negative_weight"": 0.1, ""peak_catalog_limit"": 4096, ""peak_sample_size"": 10000, ""peak_selection_method"": ""permutation_label_invariant"", ""permutation_bank_size"": 7000, ""permutation_selection_attempts"": 64, ""permuted_peaks_per_view"": 3, ""preserve_input_normalization"": true, ""temperature"": 0.07}, ""target"": ""InfoNCELoss"", ""weight"": 0.001}}, ""heads"": {""molecule_vpu"": {""vpu"": {""params"": {""alpha"": 1.0, ""beta"": 1.0, ""consistency_weight"": 0.0, ""negative_weight"": 0.0, ""simulated_negative_weight"": 0.0}, ""target"": ""VariationalPULoss"", ""weight"": 0.2}}}, ""reconstruction"": {""masserstein"": {""target"": ""MassersteinLoss"", ""weight"": 1.0}}, ""regularization"": {""contractive"": {""params"": {""calculation_method"": ""exact_autograd_jacobian"", ""hinge_alpha"": 2.0, ""hinge_threshold"": 7.0, ""input_geometry"": ""fisher_rao"", ""latent_source"": ""auto"", ""penalized_space"": ""u"", ""penalty_metric"": ""spectral_plus_hinged""}, ""target"": ""ContractiveLoss"", ""weight"": 0.002}}}",{},True,True,pretrained (axis-100-3000),P2_joint_base__pretrained__axis_100_3000,"P2 joint, pretrained, 100-3000 m/z",38,#17BECF,dotted,^,"{""axis"": ""axis-100-3000"", ""components"": ""combined"", ""overlap"": 0, ""rare"": 0, ""role"": ""pretrained"", ""schedule"": ""joint"", ""variant"": ""P2_joint_base""}"
metaspace-pretrain-repaired-20260923-01__grid_0014__rep_03__pretrained,metaspace-pretrain-repaired-20260923-01,task_000199,grid_0014,3,axis-100-3000,pretrained,pretrained,P2_joint_base,grid_0014__rep_03,"P2 joint, pretrained, 100-3000 m/z",axis-100-3000/pretrained,/home/max/repositories/MSIAutoEncoderWrapper/data/kidney_workspace/models/kidney/metaspace-pretrain-repaired-20260923-01__grid_0014__rep_03__pretrained,276187349,194761695,molecule_vpu,MultiLabelBCELoss,"{""contrastive"": {""peak_permutation"": {""params"": {""annotation_bin_radius"": 0, ""negative_weighting_method"": ""multilabel_jaccard"", ""overlapping_label_negative_weight"": 0.1, ""peak_catalog_limit"": 4096, ""peak_sample_size"": 10000, ""peak_selection_method"": ""permutation_label_invariant"", ""permutation_bank_size"": 7000, ""permutation_selection_attempts"": 64, ""permuted_peaks_per_view"": 3, ""preserve_input_normalization"": true, ""temperature"": 0.07}, ""target"": ""InfoNCELoss"", ""weight"": 0.001}}, ""heads"": {""molecule_vpu"": {""vpu"": {""params"": {""alpha"": 1.0, ""beta"": 1.0, ""consistency_weight"": 0.0, ""negative_weight"": 0.0, ""simulated_negative_weight"": 0.0}, ""target"": ""VariationalPULoss"", ""weight"": 0.2}}}, ""reconstruction"": {""masserstein"": {""target"": ""MassersteinLoss"", ""weight"": 1.0}}, ""regularization"": {""contractive"": {""params"": {""calculation_method"": ""exact_autograd_jacobian"", ""hinge_alpha"": 2.0, ""hinge_threshold"": 7.0, ""input_geometry"": ""fisher_rao"", ""latent_source"": ""auto"", ""penalized_space"": ""u"", ""penalty_metric"": ""spectral_plus_hinged""}, ""target"": ""ContractiveLoss"", ""weight"": 0.002}}}",{},True,True,pretrained (axis-100-3000),P2_joint_base__pretrained__axis_100_3000,"P2 joint, pretrained, 100-3000 m/z",38,#17BECF,dotted,^,"{""axis"": ""axis-100-3000"", ""components"": ""combined"", ""overlap"": 0, ""rare"": 0, ""role"": ""pretrained"", ""schedule"": ""joint"", ""variant"": ""P2_joint_base""}"
metaspace-pretrain-repaired-20260923-01__grid_0014__rep_04__pretrained,metaspace-pretrain-repaired-20260923-01,task_000202,grid_0014,4,axis-100-3000,pretrained,pretrained,P2_joint_base,grid_0014__rep_04,"P2 joint, pretrained, 100-3000 m/z",axis-100-3000/pretrained,/home/max/repositories/MSIAutoEncoderWrapper/data/kidney_workspace/models/kidney/metaspace-pretrain-repaired-20260923-01__grid_0014__rep_04__pretrained,1915557887,1927548799,molecule_vpu,MultiLabelBCELoss,"{""contrastive"": {""peak_permutation"": {""params"": {""annotation_bin_radius"": 0, ""negative_weighting_method"": ""multilabel_jaccard"", ""overlapping_label_negative_weight"": 0.1, ""peak_catalog_limit"": 4096, ""peak_sample_size"": 10000, ""peak_selection_method"": ""permutation_label_invariant"", ""permutation_bank_size"": 7000, ""permutation_selection_attempts"": 64, ""permuted_peaks_per_view"": 3, ""preserve_input_normalization"": true, ""temperature"": 0.07}, ""target"": ""InfoNCELoss"", ""weight"": 0.001}}, ""heads"": {""molecule_vpu"": {""vpu"": {""params"": {""alpha"": 1.0, ""beta"": 1.0, ""consistency_weight"": 0.0, ""negative_weight"": 0.0, ""simulated_negative_weight"": 0.0}, ""target"": ""VariationalPULoss"", ""weight"": 0.2}}}, ""reconstruction"": {""masserstein"": {""target"": ""MassersteinLoss"", ""weight"": 1.0}}, ""regularization"": {""contractive"": {""params"": {""calculation_method"": ""exact_autograd_jacobian"", ""hinge_alpha"": 2.0, ""hinge_threshold"": 7.0, ""input_geometry"": ""fisher_rao"", ""latent_source"": ""auto"", ""penalized_space"": ""u"", ""penalty_metric"": ""spectral_plus_hinged""}, ""target"": ""ContractiveLoss"", ""weight"": 0.002}}}",{},True,True,pretrained (axis-100-3000),P2_joint_base__pretrained__axis_100_3000,"P2 joint, pretrained, 100-3000 m/z",38,#17BECF,dotted,^,"{""axis"": ""axis-100-3000"", ""components"": ""combined"", ""overlap"": 0, ""rare"": 0, ""role"": ""pretrained"", ""schedule"": ""joint"", ""variant"": ""P2_joint_base""}"
metaspace-pretrain-repaired-20260923-01__grid_0014__rep_00__frozen_head,metaspace-pretrain-repaired-20260923-01,task_000191,grid_0014,0,axis-100-3000,frozen_head,frozen_head,P2_joint_base,grid_0014__rep_00,"P2 joint, fine-tuned, frozen head, 100-3000 m/z",axis-100-3000/frozen_head,/home/max/repositories/MSIAutoEncoderWrapper/data/kidney_workspace/models/kidney/metaspace-pretrain-repaired-20260923-01__grid_0014__rep_00__frozen_head,91154199,32238397,molecule_vpu,MultiLabelBCELoss,"{""contrastive"": {""peak_permutation"": {""params"": {""annotation_bin_radius"": 0, ""negative_weighting_method"": ""multilabel_jaccard"", ""overlapping_label_negative_weight"": 0.1, ""peak_catalog_limit"": 4096, ""peak_sample_size"": 10000, ""peak_selection_method"": ""permutation_label_invariant"", ""permutation_bank_size"": 7000, ""permutation_selection_attempts"": 64, ""permuted_peaks_per_view"": 3, ""preserve_input_normalization"": true, ""temperature"": 0.07}, ""target"": ""InfoNCELoss"", ""weight"": 0.001}}, ""heads"": {""molecule_vpu"": {""vpu"": {""params"": {""alpha"": 1.0, ""beta"": 1.0, ""consistency_weight"": 0.0, ""negative_weight"": 0.0, ""simulated_negative_weight"": 0.0}, ""target"": ""VariationalPULoss"", ""weight"": 0.2}}}, ""reconstruction"": {""masserstein"": {""target"": ""MassersteinLoss"", ""weight"": 1.0}}, ""regularization"": {""contractive"": {""params"": {""calculation_method"": ""exact_autograd_jacobian"", ""hinge_alpha"": 2.0, ""hinge_threshold"": 7.0, ""input_geometry"": ""fisher_rao"", ""latent_source"": ""auto"", ""penalized_space"": ""u"", ""penalty_metric"": ""spectral_plus_hinged""}, ""target"": ""ContractiveLoss"", ""weight"": 0.002}}}",{},True,True,frozen_head (axis-100-3000),P2_joint_base__frozen_head__axis_100_3000,"P2 joint, fine-tuned, frozen head, 100-3000 m/z",39,#17BECF,dashed,s,"{""axis"": ""axis-100-3000"", ""components"": ""combined"", ""overlap"": 0, ""rare"": 0, ""role"": ""frozen_head"", ""schedule"": ""joint"", ""variant"": ""P2_joint_base""}"
metaspace-pretrain-repaired-20260923-01__grid_0014__rep_01__frozen_head,metaspace-pretrain-repaired-20260923-01,task_000194,grid_0014,1,axis-100-3000,frozen_head,frozen_head,P2_joint_base,grid_0014__rep_01,"P2 joint, fine-tuned, frozen head, 100-3000 m/z",axis-100-3000/frozen_head,/home/max/repositories/MSIAutoEncoderWrapper/data/kidney_workspace/models/kidney/metaspace-pretrain-repaired-20260923-01__grid_0014__rep_01__frozen_head,919377028,892754137,molecule_vpu,MultiLabelBCELoss,"{""contrastive"": {""peak_permutation"": {""params"": {""annotation_bin_radius"": 0, ""negative_weighting_method"": ""multilabel_jaccard"", ""overlapping_label_negative_weight"": 0.1, ""peak_catalog_limit"": 4096, ""peak_sample_size"": 10000, ""peak_selection_method"": ""permutation_label_invariant"", ""permutation_bank_size"": 7000, ""permutation_selection_attempts"": 64, ""permuted_peaks_per_view"": 3, ""preserve_input_normalization"": true, ""temperature"": 0.07}, ""target"": ""InfoNCELoss"", ""weight"": 0.001}}, ""heads"": {""molecule_vpu"": {""vpu"": {""params"": {""alpha"": 1.0, ""beta"": 1.0, ""consistency_weight"": 0.0, ""negative_weight"": 0.0, ""simulated_negative_weight"": 0.0}, ""target"": ""VariationalPULoss"", ""weight"": 0.2}}}, ""reconstruction"": {""masserstein"": {""target"": ""MassersteinLoss"", ""weight"": 1.0}}, ""regularization"": {""contractive"": {""params"": {""calculation_method"": ""exact_autograd_jacobian"", ""hinge_alpha"": 2.0, ""hinge_threshold"": 7.0, ""input_geometry"": ""fisher_rao"", ""latent_source"": ""auto"", ""penalized_space"": ""u"", ""penalty_metric"": ""spectral_plus_hinged""}, ""target"": ""ContractiveLoss"", ""weight"": 0.002}}}",{},True,True,frozen_head (axis-100-3000),P2_joint_base__frozen_head__axis_100_3000,"P2 joint, fine-tuned, frozen head, 100-3000 m/z",39,#17BECF,dashed,s,"{""axis"": ""axis-100-3000"", ""components"": ""combined"", ""overlap"": 0, ""rare"": 0, ""role"": ""frozen_head"", ""schedule"": ""joint"", ""variant"": ""P2_joint_base""}"
metaspace-pretrain-repaired-20260923-01__grid_0014__rep_02__frozen_head,metaspace-pretrain-repaired-20260923-01,task_000197,grid_0014,2,axis-100-3000,frozen_head,frozen_head,P2_joint_base,grid_0014__rep_02,"P2 joint, fine-tuned, frozen head, 100-3000 m/z",axis-100-3000/frozen_head,/home/max/repositories/MSIAutoEncoderWrapper/data/kidney_workspace/models/kidney/metaspace-pretrain-repaired-20260923-01__grid_0014__rep_02__frozen_head,2136253289,442265914,molecule_vpu,MultiLabelBCELoss,"{""contrastive"": {""peak_permutation"": {""params"": {""annotation_bin_radius"": 0, ""negative_weighting_method"": ""multilabel_jaccard"", ""overlapping_label_negative_weight"": 0.1, ""peak_catalog_limit"": 4096, ""peak_sample_size"": 10000, ""peak_selection_method"": ""permutation_label_invariant"", ""permutation_bank_size"": 7000, ""permutation_selection_attempts"": 64, ""permuted_peaks_per_view"": 3, ""preserve_input_normalization"": true, ""temperature"": 0.07}, ""target"": ""InfoNCELoss"", ""weight"": 0.001}}, ""heads"": {""molecule_vpu"": {""vpu"": {""params"": {""alpha"": 1.0, ""beta"": 1.0, ""consistency_weight"": 0.0, ""negative_weight"": 0.0, ""simulated_negative_weight"": 0.0}, ""target"": ""VariationalPULoss"", ""weight"": 0.2}}}, ""reconstruction"": {""masserstein"": {""target"": ""MassersteinLoss"", ""weight"": 1.0}}, ""regularization"": {""contractive"": {""params"": {""calculation_method"": ""exact_autograd_jacobian"", ""hinge_alpha"": 2.0, ""hinge_threshold"": 7.0, ""input_geometry"": ""fisher_rao"", ""latent_source"": ""auto"", ""penalized_space"": ""u"", ""penalty_metric"": ""spectral_plus_hinged""}, ""target"": ""ContractiveLoss"", ""weight"": 0.002}}}",{},True,True,frozen_head (axis-100-3000),P2_joint_base__frozen_head__axis_100_3000,"P2 joint, fine-tuned, frozen head, 100-3000 m/z",39,#17BECF,dashed,s,"{""axis"": ""axis-100-3000"", ""components"": ""combined"", ""overlap"": 0, ""rare"": 0, ""role"": ""frozen_head"", ""schedule"": ""joint"", ""variant"": ""P2_joint_base""}"
metaspace-pretrain-repaired-20260923-01__grid_0014__rep_03__frozen_head,metaspace-pretrain-repaired-20260923-01,task_000200,grid_0014,3,axis-100-3000,frozen_head,frozen_head,P2_joint_base,grid_0014__rep_03,"P2 joint, fine-tuned, frozen head, 100-3000 m/z",axis-100-3000/frozen_head,/home/max/repositories/MSIAutoEncoderWrapper/data/kidney_workspace/models/kidney/metaspace-pretrain-repaired-20260923-01__grid_0014__rep_03__frozen_head,276187349,194761695,molecule_vpu,MultiLabelBCELoss,"{""contrastive"": {""peak_permutation"": {""params"": {""annotation_bin_radius"": 0, ""negative_weighting_method"": ""multilabel_jaccard"", ""overlapping_label_negative_weight"": 0.1, ""peak_catalog_limit"": 4096, ""peak_sample_size"": 10000, ""peak_selection_method"": ""permutation_label_invariant"", ""permutation_bank_size"": 7000, ""permutation_selection_attempts"": 64, ""permuted_peaks_per_view"": 3, ""preserve_input_normalization"": true, ""temperature"": 0.07}, ""target"": ""InfoNCELoss"", ""weight"": 0.001}}, ""heads"": {""molecule_vpu"": {""vpu"": {""params"": {""alpha"": 1.0, ""beta"": 1.0, ""consistency_weight"": 0.0, ""negative_weight"": 0.0, ""simulated_negative_weight"": 0.0}, ""target"": ""VariationalPULoss"", ""weight"": 0.2}}}, ""reconstruction"": {""masserstein"": {""target"": ""MassersteinLoss"", ""weight"": 1.0}}, ""regularization"": {""contractive"": {""params"": {""calculation_method"": ""exact_autograd_jacobian"", ""hinge_alpha"": 2.0, ""hinge_threshold"": 7.0, ""input_geometry"": ""fisher_rao"", ""latent_source"": ""auto"", ""penalized_space"": ""u"", ""penalty_metric"": ""spectral_plus_hinged""}, ""target"": ""ContractiveLoss"", ""weight"": 0.002}}}",{},True,True,frozen_head (axis-100-3000),P2_joint_base__frozen_head__axis_100_3000,"P2 joint, fine-tuned, frozen head, 100-3000 m/z",39,#17BECF,dashed,s,"{""axis"": ""axis-100-3000"", ""components"": ""combined"", ""overlap"": 0, ""rare"": 0, ""role"": ""frozen_head"", ""schedule"": ""joint"", ""variant"": ""P2_joint_base""}"
metaspace-pretrain-repaired-20260923-01__grid_0014__rep_04__frozen_head,metaspace-pretrain-repaired-20260923-01,task_000203,grid_0014,4,axis-100-3000,frozen_head,frozen_head,P2_joint_base,grid_0014__rep_04,"P2 joint, fine-tuned, frozen head, 100-3000 m/z",axis-100-3000/frozen_head,/home/max/repositories/MSIAutoEncoderWrapper/data/kidney_workspace/models/kidney/metaspace-pretrain-repaired-20260923-01__grid_0014__rep_04__frozen_head,1915557887,1927548799,molecule_vpu,MultiLabelBCELoss,"{""contrastive"": {""peak_permutation"": {""params"": {""annotation_bin_radius"": 0, ""negative_weighting_method"": ""multilabel_jaccard"", ""overlapping_label_negative_weight"": 0.1, ""peak_catalog_limit"": 4096, ""peak_sample_size"": 10000, ""peak_selection_method"": ""permutation_label_invariant"", ""permutation_bank_size"": 7000, ""permutation_selection_attempts"": 64, ""permuted_peaks_per_view"": 3, ""preserve_input_normalization"": true, ""temperature"": 0.07}, ""target"": ""InfoNCELoss"", ""weight"": 0.001}}, ""heads"": {""molecule_vpu"": {""vpu"": {""params"": {""alpha"": 1.0, ""beta"": 1.0, ""consistency_weight"": 0.0, ""negative_weight"": 0.0, ""simulated_negative_weight"": 0.0}, ""target"": ""VariationalPULoss"", ""weight"": 0.2}}}, ""reconstruction"": {""masserstein"": {""target"": ""MassersteinLoss"", ""weight"": 1.0}}, ""regularization"": {""contractive"": {""params"": {""calculation_method"": ""exact_autograd_jacobian"", ""hinge_alpha"": 2.0, ""hinge_threshold"": 7.0, ""input_geometry"": ""fisher_rao"", ""latent_source"": ""auto"", ""penalized_space"": ""u"", ""penalty_metric"": ""spectral_plus_hinged""}, ""target"": ""ContractiveLoss"", ""weight"": 0.002}}}",{},True,True,frozen_head (axis-100-3000),P2_joint_base__frozen_head__axis_100_3000,"P2 joint, fine-tuned, frozen head, 100-3000 m/z",39,#17BECF,dashed,s,"{""axis"": ""axis-100-3000"", ""components"": ""combined"", ""overlap"": 0, ""rare"": 0, ""role"": ""frozen_head"", ""schedule"": ""joint"", ""variant"": ""P2_joint_base""}"
metaspace-pretrain-repaired-20260923-01__grid_0014__rep_00__unfrozen_head,metaspace-pretrain-repaired-20260923-01,task_000192,grid_0014,0,axis-100-3000,unfrozen_head,unfrozen_head,P2_joint_base,grid_0014__rep_00,"P2 joint, fine-tuned, unfrozen head, 100-3000 m/z",axis-100-3000/unfrozen_head,/home/max/repositories/MSIAutoEncoderWrapper/data/kidney_workspace/models/kidney/metaspace-pretrain-repaired-20260923-01__grid_0014__rep_00__unfrozen_head,91154199,32238397,molecule_vpu,VariationalPULoss,"{""contrastive"": {""peak_permutation"": {""params"": {""annotation_bin_radius"": 0, ""negative_weighting_method"": ""multilabel_jaccard"", ""overlapping_label_negative_weight"": 0.1, ""peak_catalog_limit"": 4096, ""peak_sample_size"": 10000, ""peak_selection_method"": ""permutation_label_invariant"", ""permutation_bank_size"": 7000, ""permutation_selection_attempts"": 64, ""permuted_peaks_per_view"": 3, ""preserve_input_normalization"": true, ""temperature"": 0.07}, ""target"": ""InfoNCELoss"", ""weight"": 0.001}}, ""heads"": {""molecule_vpu"": {""vpu"": {""params"": {""alpha"": 1.0, ""beta"": 1.0, ""consistency_weight"": 0.0, ""negative_weight"": 0.0, ""simulated_negative_weight"": 0.0}, ""target"": ""VariationalPULoss"", ""weight"": 0.2}}}, ""reconstruction"": {""masserstein"": {""target"": ""MassersteinLoss"", ""weight"": 1.0}}, ""regularization"": {""contractive"": {""params"": {""calculation_method"": ""exact_autograd_jacobian"", ""hinge_alpha"": 2.0, ""hinge_threshold"": 7.0, ""input_geometry"": ""fisher_rao"", ""latent_source"": ""auto"", ""penalized_space"": ""u"", ""penalty_metric"": ""spectral_plus_hinged""}, ""target"": ""ContractiveLoss"", ""weight"": 0.002}}}",{},True,True,unfrozen_head (axis-100-3000),P2_joint_base__unfrozen_head__axis_100_3000,"P2 joint, fine-tuned, unfrozen head, 100-3000 m/z",40,#17BECF,solid,o,"{""axis"": ""axis-100-3000"", ""components"": ""combined"", ""overlap"": 0, ""rare"": 0, ""role"": ""unfrozen_head"", ""schedule"": ""joint"", ""variant"": ""P2_joint_base""}"
metaspace-pretrain-repaired-20260923-01__grid_0014__rep_01__unfrozen_head,metaspace-pretrain-repaired-20260923-01,task_000195,grid_0014,1,axis-100-3000,unfrozen_head,unfrozen_head,P2_joint_base,grid_0014__rep_01,"P2 joint, fine-tuned, unfrozen head, 100-3000 m/z",axis-100-3000/unfrozen_head,/home/max/repositories/MSIAutoEncoderWrapper/data/kidney_workspace/models/kidney/metaspace-pretrain-repaired-20260923-01__grid_0014__rep_01__unfrozen_head,919377028,892754137,molecule_vpu,VariationalPULoss,"{""contrastive"": {""peak_permutation"": {""params"": {""annotation_bin_radius"": 0, ""negative_weighting_method"": ""multilabel_jaccard"", ""overlapping_label_negative_weight"": 0.1, ""peak_catalog_limit"": 4096, ""peak_sample_size"": 10000, ""peak_selection_method"": ""permutation_label_invariant"", ""permutation_bank_size"": 7000, ""permutation_selection_attempts"": 64, ""permuted_peaks_per_view"": 3, ""preserve_input_normalization"": true, ""temperature"": 0.07}, ""target"": ""InfoNCELoss"", ""weight"": 0.001}}, ""heads"": {""molecule_vpu"": {""vpu"": {""params"": {""alpha"": 1.0, ""beta"": 1.0, ""consistency_weight"": 0.0, ""negative_weight"": 0.0, ""simulated_negative_weight"": 0.0}, ""target"": ""VariationalPULoss"", ""weight"": 0.2}}}, ""reconstruction"": {""masserstein"": {""target"": ""MassersteinLoss"", ""weight"": 1.0}}, ""regularization"": {""contractive"": {""params"": {""calculation_method"": ""exact_autograd_jacobian"", ""hinge_alpha"": 2.0, ""hinge_threshold"": 7.0, ""input_geometry"": ""fisher_rao"", ""latent_source"": ""auto"", ""penalized_space"": ""u"", ""penalty_metric"": ""spectral_plus_hinged""}, ""target"": ""ContractiveLoss"", ""weight"": 0.002}}}",{},True,True,unfrozen_head (axis-100-3000),P2_joint_base__unfrozen_head__axis_100_3000,"P2 joint, fine-tuned, unfrozen head, 100-3000 m/z",40,#17BECF,solid,o,"{""axis"": ""axis-100-3000"", ""components"": ""combined"", ""overlap"": 0, ""rare"": 0, ""role"": ""unfrozen_head"", ""schedule"": ""joint"", ""variant"": ""P2_joint_base""}"
metaspace-pretrain-repaired-20260923-01__grid_0014__rep_02__unfrozen_head,metaspace-pretrain-repaired-20260923-01,task_000198,grid_0014,2,axis-100-3000,unfrozen_head,unfrozen_head,P2_joint_base,grid_0014__rep_02,"P2 joint, fine-tuned, unfrozen head, 100-3000 m/z",axis-100-3000/unfrozen_head,/home/max/repositories/MSIAutoEncoderWrapper/data/kidney_workspace/models/kidney/metaspace-pretrain-repaired-20260923-01__grid_0014__rep_02__unfrozen_head,2136253289,442265914,molecule_vpu,VariationalPULoss,"{""contrastive"": {""peak_permutation"": {""params"": {""annotation_bin_radius"": 0, ""negative_weighting_method"": ""multilabel_jaccard"", ""overlapping_label_negative_weight"": 0.1, ""peak_catalog_limit"": 4096, ""peak_sample_size"": 10000, ""peak_selection_method"": ""permutation_label_invariant"", ""permutation_bank_size"": 7000, ""permutation_selection_attempts"": 64, ""permuted_peaks_per_view"": 3, ""preserve_input_normalization"": true, ""temperature"": 0.07}, ""target"": ""InfoNCELoss"", ""weight"": 0.001}}, ""heads"": {""molecule_vpu"": {""vpu"": {""params"": {""alpha"": 1.0, ""beta"": 1.0, ""consistency_weight"": 0.0, ""negative_weight"": 0.0, ""simulated_negative_weight"": 0.0}, ""target"": ""VariationalPULoss"", ""weight"": 0.2}}}, ""reconstruction"": {""masserstein"": {""target"": ""MassersteinLoss"", ""weight"": 1.0}}, ""regularization"": {""contractive"": {""params"": {""calculation_method"": ""exact_autograd_jacobian"", ""hinge_alpha"": 2.0, ""hinge_threshold"": 7.0, ""input_geometry"": ""fisher_rao"", ""latent_source"": ""auto"", ""penalized_space"": ""u"", ""penalty_metric"": ""spectral_plus_hinged""}, ""target"": ""ContractiveLoss"", ""weight"": 0.002}}}",{},True,True,unfrozen_head (axis-100-3000),P2_joint_base__unfrozen_head__axis_100_3000,"P2 joint, fine-tuned, unfrozen head, 100-3000 m/z",40,#17BECF,solid,o,"{""axis"": ""axis-100-3000"", ""components"": ""combined"", ""overlap"": 0, ""rare"": 0, ""role"": ""unfrozen_head"", ""schedule"": ""joint"", ""variant"": ""P2_joint_base""}"
metaspace-pretrain-repaired-20260923-01__grid_0014__rep_03__unfrozen_head,metaspace-pretrain-repaired-20260923-01,task_000201,grid_0014,3,axis-100-3000,unfrozen_head,unfrozen_head,P2_joint_base,grid_0014__rep_03,"P2 joint, fine-tuned, unfrozen head, 100-3000 m/z",axis-100-3000/unfrozen_head,/home/max/repositories/MSIAutoEncoderWrapper/data/kidney_workspace/models/kidney/metaspace-pretrain-repaired-20260923-01__grid_0014__rep_03__unfrozen_head,276187349,194761695,molecule_vpu,VariationalPULoss,"{""contrastive"": {""peak_permutation"": {""params"": {""annotation_bin_radius"": 0, ""negative_weighting_method"": ""multilabel_jaccard"", ""overlapping_label_negative_weight"": 0.1, ""peak_catalog_limit"": 4096, ""peak_sample_size"": 10000, ""peak_selection_method"": ""permutation_label_invariant"", ""permutation_bank_size"": 7000, ""permutation_selection_attempts"": 64, ""permuted_peaks_per_view"": 3, ""preserve_input_normalization"": true, ""temperature"": 0.07}, ""target"": ""InfoNCELoss"", ""weight"": 0.001}}, ""heads"": {""molecule_vpu"": {""vpu"": {""params"": {""alpha"": 1.0, ""beta"": 1.0, ""consistency_weight"": 0.0, ""negative_weight"": 0.0, ""simulated_negative_weight"": 0.0}, ""target"": ""VariationalPULoss"", ""weight"": 0.2}}}, ""reconstruction"": {""masserstein"": {""target"": ""MassersteinLoss"", ""weight"": 1.0}}, ""regularization"": {""contractive"": {""params"": {""calculation_method"": ""exact_autograd_jacobian"", ""hinge_alpha"": 2.0, ""hinge_threshold"": 7.0, ""input_geometry"": ""fisher_rao"", ""latent_source"": ""auto"", ""penalized_space"": ""u"", ""penalty_metric"": ""spectral_plus_hinged""}, ""target"": ""ContractiveLoss"", ""weight"": 0.002}}}",{},True,True,unfrozen_head (axis-100-3000),P2_joint_base__unfrozen_head__axis_100_3000,"P2 joint, fine-tuned, unfrozen head, 100-3000 m/z",40,#17BECF,solid,o,"{""axis"": ""axis-100-3000"", ""components"": ""combined"", ""overlap"": 0, ""rare"": 0, ""role"": ""unfrozen_head"", ""schedule"": ""joint"", ""variant"": ""P2_joint_base""}"
metaspace-pretrain-repaired-20260923-01__grid_0014__rep_04__unfrozen_head,metaspace-pretrain-repaired-20260923-01,task_000204,grid_0014,4,axis-100-3000,unfrozen_head,unfrozen_head,P2_joint_base,grid_0014__rep_04,"P2 joint, fine-tuned, unfrozen head, 100-3000 m/z",axis-100-3000/unfrozen_head,/home/max/repositories/MSIAutoEncoderWrapper/data/kidney_workspace/models/kidney/metaspace-pretrain-repaired-20260923-01__grid_0014__rep_04__unfrozen_head,1915557887,1927548799,molecule_vpu,VariationalPULoss,"{""contrastive"": {""peak_permutation"": {""params"": {""annotation_bin_radius"": 0, ""negative_weighting_method"": ""multilabel_jaccard"", ""overlapping_label_negative_weight"": 0.1, ""peak_catalog_limit"": 4096, ""peak_sample_size"": 10000, ""peak_selection_method"": ""permutation_label_invariant"", ""permutation_bank_size"": 7000, ""permutation_selection_attempts"": 64, ""permuted_peaks_per_view"": 3, ""preserve_input_normalization"": true, ""temperature"": 0.07}, ""target"": ""InfoNCELoss"", ""weight"": 0.001}}, ""heads"": {""molecule_vpu"": {""vpu"": {""params"": {""alpha"": 1.0, ""beta"": 1.0, ""consistency_weight"": 0.0, ""negative_weight"": 0.0, ""simulated_negative_weight"": 0.0}, ""target"": ""VariationalPULoss"", ""weight"": 0.2}}}, ""reconstruction"": {""masserstein"": {""target"": ""MassersteinLoss"", ""weight"": 1.0}}, ""regularization"": {""contractive"": {""params"": {""calculation_method"": ""exact_autograd_jacobian"", ""hinge_alpha"": 2.0, ""hinge_threshold"": 7.0, ""input_geometry"": ""fisher_rao"", ""latent_source"": ""auto"", ""penalized_space"": ""u"", ""penalty_metric"": ""spectral_plus_hinged""}, ""target"": ""ContractiveLoss"", ""weight"": 0.002}}}",{},True,True,unfrozen_head (axis-100-3000),P2_joint_base__unfrozen_head__axis_100_3000,"P2 joint, fine-tuned, unfrozen head, 100-3000 m/z",40,#17BECF,solid,o,"{""axis"": ""axis-100-3000"", ""components"": ""combined"", ""overlap"": 0, ""rare"": 0, ""role"": ""unfrozen_head"", ""schedule"": ""joint"", ""variant"": ""P2_joint_base""}"
metaspace-pretrain-repaired-20260923-01__grid_0015__rep_00__pretrained,metaspace-pretrain-repaired-20260923-01,task_000205,grid_0015,0,axis-100-3000,pretrained,pretrained,P2_staged_base,grid_0015__rep_00,"P2 staged, pretrained, 100-3000 m/z",axis-100-3000/pretrained,/home/max/repositories/MSIAutoEncoderWrapper/data/kidney_workspace/models/kidney/metaspace-pretrain-repaired-20260923-01__grid_0015__rep_00__pretrained,91154199,32238397,molecule_vpu,MultiLabelBCELoss,"{""contrastive"": {""peak_permutation"": {""params"": {""annotation_bin_radius"": 0, ""negative_weighting_method"": ""multilabel_jaccard"", ""overlapping_label_negative_weight"": 0.1, ""peak_catalog_limit"": 4096, ""peak_sample_size"": 10000, ""peak_selection_method"": ""permutation_label_invariant"", ""permutation_bank_size"": 7000, ""permutation_selection_attempts"": 64, ""permuted_peaks_per_view"": 3, ""preserve_input_normalization"": true, ""temperature"": 0.07}, ""target"": ""InfoNCELoss"", ""weight"": 0.001}}, ""heads"": {""molecule_vpu"": {""vpu"": {""params"": {""alpha"": 1.0, ""beta"": 1.0, ""consistency_weight"": 0.0, ""negative_weight"": 0.0, ""simulated_negative_weight"": 0.0}, ""target"": ""VariationalPULoss"", ""weight"": 0.2}}}, ""reconstruction"": {""masserstein"": {""target"": ""MassersteinLoss"", ""weight"": 1.0}}, ""regularization"": {""contractive"": {""params"": {""calculation_method"": ""exact_autograd_jacobian"", ""hinge_alpha"": 2.0, ""hinge_threshold"": 7.0, ""input_geometry"": ""fisher_rao"", ""latent_source"": ""auto"", ""penalized_space"": ""u"", ""penalty_metric"": ""spectral_plus_hinged""}, ""target"": ""ContractiveLoss"", ""weight"": 0.002}}}",{},True,True,pretrained (axis-100-3000),P2_staged_base__pretrained__axis_100_3000,"P2 staged, pretrained, 100-3000 m/z",41,#9EDAE5,dotted,^,"{""axis"": ""axis-100-3000"", ""components"": ""combined"", ""overlap"": 0, ""rare"": 0, ""role"": ""pretrained"", ""schedule"": ""staged"", ""variant"": ""P2_staged_base""}"
metaspace-pretrain-repaired-20260923-01__grid_0015__rep_01__pretrained,metaspace-pretrain-repaired-20260923-01,task_000208,grid_0015,1,axis-100-3000,pretrained,pretrained,P2_staged_base,grid_0015__rep_01,"P2 staged, pretrained, 100-3000 m/z",axis-100-3000/pretrained,/home/max/repositories/MSIAutoEncoderWrapper/data/kidney_workspace/models/kidney/metaspace-pretrain-repaired-20260923-01__grid_0015__rep_01__pretrained,919377028,892754137,molecule_vpu,MultiLabelBCELoss,"{""contrastive"": {""peak_permutation"": {""params"": {""annotation_bin_radius"": 0, ""negative_weighting_method"": ""multilabel_jaccard"", ""overlapping_label_negative_weight"": 0.1, ""peak_catalog_limit"": 4096, ""peak_sample_size"": 10000, ""peak_selection_method"": ""permutation_label_invariant"", ""permutation_bank_size"": 7000, ""permutation_selection_attempts"": 64, ""permuted_peaks_per_view"": 3, ""preserve_input_normalization"": true, ""temperature"": 0.07}, ""target"": ""InfoNCELoss"", ""weight"": 0.001}}, ""heads"": {""molecule_vpu"": {""vpu"": {""params"": {""alpha"": 1.0, ""beta"": 1.0, ""consistency_weight"": 0.0, ""negative_weight"": 0.0, ""simulated_negative_weight"": 0.0}, ""target"": ""VariationalPULoss"", ""weight"": 0.2}}}, ""reconstruction"": {""masserstein"": {""target"": ""MassersteinLoss"", ""weight"": 1.0}}, ""regularization"": {""contractive"": {""params"": {""calculation_method"": ""exact_autograd_jacobian"", ""hinge_alpha"": 2.0, ""hinge_threshold"": 7.0, ""input_geometry"": ""fisher_rao"", ""latent_source"": ""auto"", ""penalized_space"": ""u"", ""penalty_metric"": ""spectral_plus_hinged""}, ""target"": ""ContractiveLoss"", ""weight"": 0.002}}}",{},True,True,pretrained (axis-100-3000),P2_staged_base__pretrained__axis_100_3000,"P2 staged, pretrained, 100-3000 m/z",41,#9EDAE5,dotted,^,"{""axis"": ""axis-100-3000"", ""components"": ""combined"", ""overlap"": 0, ""rare"": 0, ""role"": ""pretrained"", ""schedule"": ""staged"", ""variant"": ""P2_staged_base""}"
metaspace-pretrain-repaired-20260923-01__grid_0015__rep_02__pretrained,metaspace-pretrain-repaired-20260923-01,task_000211,grid_0015,2,axis-100-3000,pretrained,pretrained,P2_staged_base,grid_0015__rep_02,"P2 staged, pretrained, 100-3000 m/z",axis-100-3000/pretrained,/home/max/repositories/MSIAutoEncoderWrapper/data/kidney_workspace/models/kidney/metaspace-pretrain-repaired-20260923-01__grid_0015__rep_02__pretrained,2136253289,442265914,molecule_vpu,MultiLabelBCELoss,"{""contrastive"": {""peak_permutation"": {""params"": {""annotation_bin_radius"": 0, ""negative_weighting_method"": ""multilabel_jaccard"", ""overlapping_label_negative_weight"": 0.1, ""peak_catalog_limit"": 4096, ""peak_sample_size"": 10000, ""peak_selection_method"": ""permutation_label_invariant"", ""permutation_bank_size"": 7000, ""permutation_selection_attempts"": 64, ""permuted_peaks_per_view"": 3, ""preserve_input_normalization"": true, ""temperature"": 0.07}, ""target"": ""InfoNCELoss"", ""weight"": 0.001}}, ""heads"": {""molecule_vpu"": {""vpu"": {""params"": {""alpha"": 1.0, ""beta"": 1.0, ""consistency_weight"": 0.0, ""negative_weight"": 0.0, ""simulated_negative_weight"": 0.0}, ""target"": ""VariationalPULoss"", ""weight"": 0.2}}}, ""reconstruction"": {""masserstein"": {""target"": ""MassersteinLoss"", ""weight"": 1.0}}, ""regularization"": {""contractive"": {""params"": {""calculation_method"": ""exact_autograd_jacobian"", ""hinge_alpha"": 2.0, ""hinge_threshold"": 7.0, ""input_geometry"": ""fisher_rao"", ""latent_source"": ""auto"", ""penalized_space"": ""u"", ""penalty_metric"": ""spectral_plus_hinged""}, ""target"": ""ContractiveLoss"", ""weight"": 0.002}}}",{},True,True,pretrained (axis-100-3000),P2_staged_base__pretrained__axis_100_3000,"P2 staged, pretrained, 100-3000 m/z",41,#9EDAE5,dotted,^,"{""axis"": ""axis-100-3000"", ""components"": ""combined"", ""overlap"": 0, ""rare"": 0, ""role"": ""pretrained"", ""schedule"": ""staged"", ""variant"": ""P2_staged_base""}"
metaspace-pretrain-repaired-20260923-01__grid_0015__rep_03__pretrained,metaspace-pretrain-repaired-20260923-01,task_000214,grid_0015,3,axis-100-3000,pretrained,pretrained,P2_staged_base,grid_0015__rep_03,"P2 staged, pretrained, 100-3000 m/z",axis-100-3000/pretrained,/home/max/repositories/MSIAutoEncoderWrapper/data/kidney_workspace/models/kidney/metaspace-pretrain-repaired-20260923-01__grid_0015__rep_03__pretrained,276187349,194761695,molecule_vpu,MultiLabelBCELoss,"{""contrastive"": {""peak_permutation"": {""params"": {""annotation_bin_radius"": 0, ""negative_weighting_method"": ""multilabel_jaccard"", ""overlapping_label_negative_weight"": 0.1, ""peak_catalog_limit"": 4096, ""peak_sample_size"": 10000, ""peak_selection_method"": ""permutation_label_invariant"", ""permutation_bank_size"": 7000, ""permutation_selection_attempts"": 64, ""permuted_peaks_per_view"": 3, ""preserve_input_normalization"": true, ""temperature"": 0.07}, ""target"": ""InfoNCELoss"", ""weight"": 0.001}}, ""heads"": {""molecule_vpu"": {""vpu"": {""params"": {""alpha"": 1.0, ""beta"": 1.0, ""consistency_weight"": 0.0, ""negative_weight"": 0.0, ""simulated_negative_weight"": 0.0}, ""target"": ""VariationalPULoss"", ""weight"": 0.2}}}, ""reconstruction"": {""masserstein"": {""target"": ""MassersteinLoss"", ""weight"": 1.0}}, ""regularization"": {""contractive"": {""params"": {""calculation_method"": ""exact_autograd_jacobian"", ""hinge_alpha"": 2.0, ""hinge_threshold"": 7.0, ""input_geometry"": ""fisher_rao"", ""latent_source"": ""auto"", ""penalized_space"": ""u"", ""penalty_metric"": ""spectral_plus_hinged""}, ""target"": ""ContractiveLoss"", ""weight"": 0.002}}}",{},True,True,pretrained (axis-100-3000),P2_staged_base__pretrained__axis_100_3000,"P2 staged, pretrained, 100-3000 m/z",41,#9EDAE5,dotted,^,"{""axis"": ""axis-100-3000"", ""components"": ""combined"", ""overlap"": 0, ""rare"": 0, ""role"": ""pretrained"", ""schedule"": ""staged"", ""variant"": ""P2_staged_base""}"
metaspace-pretrain-repaired-20260923-01__grid_0015__rep_04__pretrained,metaspace-pretrain-repaired-20260923-01,task_000217,grid_0015,4,axis-100-3000,pretrained,pretrained,P2_staged_base,grid_0015__rep_04,"P2 staged, pretrained, 100-3000 m/z",axis-100-3000/pretrained,/home/max/repositories/MSIAutoEncoderWrapper/data/kidney_workspace/models/kidney/metaspace-pretrain-repaired-20260923-01__grid_0015__rep_04__pretrained,1915557887,1927548799,molecule_vpu,MultiLabelBCELoss,"{""contrastive"": {""peak_permutation"": {""params"": {""annotation_bin_radius"": 0, ""negative_weighting_method"": ""multilabel_jaccard"", ""overlapping_label_negative_weight"": 0.1, ""peak_catalog_limit"": 4096, ""peak_sample_size"": 10000, ""peak_selection_method"": ""permutation_label_invariant"", ""permutation_bank_size"": 7000, ""permutation_selection_attempts"": 64, ""permuted_peaks_per_view"": 3, ""preserve_input_normalization"": true, ""temperature"": 0.07}, ""target"": ""InfoNCELoss"", ""weight"": 0.001}}, ""heads"": {""molecule_vpu"": {""vpu"": {""params"": {""alpha"": 1.0, ""beta"": 1.0, ""consistency_weight"": 0.0, ""negative_weight"": 0.0, ""simulated_negative_weight"": 0.0}, ""target"": ""VariationalPULoss"", ""weight"": 0.2}}}, ""reconstruction"": {""masserstein"": {""target"": ""MassersteinLoss"", ""weight"": 1.0}}, ""regularization"": {""contractive"": {""params"": {""calculation_method"": ""exact_autograd_jacobian"", ""hinge_alpha"": 2.0, ""hinge_threshold"": 7.0, ""input_geometry"": ""fisher_rao"", ""latent_source"": ""auto"", ""penalized_space"": ""u"", ""penalty_metric"": ""spectral_plus_hinged""}, ""target"": ""ContractiveLoss"", ""weight"": 0.002}}}",{},True,True,pretrained (axis-100-3000),P2_staged_base__pretrained__axis_100_3000,"P2 staged, pretrained, 100-3000 m/z",41,#9EDAE5,dotted,^,"{""axis"": ""axis-100-3000"", ""components"": ""combined"", ""overlap"": 0, ""rare"": 0, ""role"": ""pretrained"", ""schedule"": ""staged"", ""variant"": ""P2_staged_base""}"
metaspace-pretrain-repaired-20260923-01__grid_0015__rep_00__frozen_head,metaspace-pretrain-repaired-20260923-01,task_000206,grid_0015,0,axis-100-3000,frozen_head,frozen_head,P2_staged_base,grid_0015__rep_00,"P2 staged, fine-tuned, frozen head, 100-3000 m/z",axis-100-3000/frozen_head,/home/max/repositories/MSIAutoEncoderWrapper/data/kidney_workspace/models/kidney/metaspace-pretrain-repaired-20260923-01__grid_0015__rep_00__frozen_head,91154199,32238397,molecule_vpu,MultiLabelBCELoss,"{""contrastive"": {""peak_permutation"": {""params"": {""annotation_bin_radius"": 0, ""negative_weighting_method"": ""multilabel_jaccard"", ""overlapping_label_negative_weight"": 0.1, ""peak_catalog_limit"": 4096, ""peak_sample_size"": 10000, ""peak_selection_method"": ""permutation_label_invariant"", ""permutation_bank_size"": 7000, ""permutation_selection_attempts"": 64, ""permuted_peaks_per_view"": 3, ""preserve_input_normalization"": true, ""temperature"": 0.07}, ""target"": ""InfoNCELoss"", ""weight"": 0.001}}, ""heads"": {""molecule_vpu"": {""vpu"": {""params"": {""alpha"": 1.0, ""beta"": 1.0, ""consistency_weight"": 0.0, ""negative_weight"": 0.0, ""simulated_negative_weight"": 0.0}, ""target"": ""VariationalPULoss"", ""weight"": 0.2}}}, ""reconstruction"": {""masserstein"": {""target"": ""MassersteinLoss"", ""weight"": 1.0}}, ""regularization"": {""contractive"": {""params"": {""calculation_method"": ""exact_autograd_jacobian"", ""hinge_alpha"": 2.0, ""hinge_threshold"": 7.0, ""input_geometry"": ""fisher_rao"", ""latent_source"": ""auto"", ""penalized_space"": ""u"", ""penalty_metric"": ""spectral_plus_hinged""}, ""target"": ""ContractiveLoss"", ""weight"": 0.002}}}",{},True,True,frozen_head (axis-100-3000),P2_staged_base__frozen_head__axis_100_3000,"P2 staged, fine-tuned, frozen head, 100-3000 m/z",42,#9EDAE5,dashed,s,"{""axis"": ""axis-100-3000"", ""components"": ""combined"", ""overlap"": 0, ""rare"": 0, ""role"": ""frozen_head"", ""schedule"": ""staged"", ""variant"": ""P2_staged_base""}"
metaspace-pretrain-repaired-20260923-01__grid_0015__rep_01__frozen_head,metaspace-pretrain-repaired-20260923-01,task_000209,grid_0015,1,axis-100-3000,frozen_head,frozen_head,P2_staged_base,grid_0015__rep_01,"P2 staged, fine-tuned, frozen head, 100-3000 m/z",axis-100-3000/frozen_head,/home/max/repositories/MSIAutoEncoderWrapper/data/kidney_workspace/models/kidney/metaspace-pretrain-repaired-20260923-01__grid_0015__rep_01__frozen_head,919377028,892754137,molecule_vpu,MultiLabelBCELoss,"{""contrastive"": {""peak_permutation"": {""params"": {""annotation_bin_radius"": 0, ""negative_weighting_method"": ""multilabel_jaccard"", ""overlapping_label_negative_weight"": 0.1, ""peak_catalog_limit"": 4096, ""peak_sample_size"": 10000, ""peak_selection_method"": ""permutation_label_invariant"", ""permutation_bank_size"": 7000, ""permutation_selection_attempts"": 64, ""permuted_peaks_per_view"": 3, ""preserve_input_normalization"": true, ""temperature"": 0.07}, ""target"": ""InfoNCELoss"", ""weight"": 0.001}}, ""heads"": {""molecule_vpu"": {""vpu"": {""params"": {""alpha"": 1.0, ""beta"": 1.0, ""consistency_weight"": 0.0, ""negative_weight"": 0.0, ""simulated_negative_weight"": 0.0}, ""target"": ""VariationalPULoss"", ""weight"": 0.2}}}, ""reconstruction"": {""masserstein"": {""target"": ""MassersteinLoss"", ""weight"": 1.0}}, ""regularization"": {""contractive"": {""params"": {""calculation_method"": ""exact_autograd_jacobian"", ""hinge_alpha"": 2.0, ""hinge_threshold"": 7.0, ""input_geometry"": ""fisher_rao"", ""latent_source"": ""auto"", ""penalized_space"": ""u"", ""penalty_metric"": ""spectral_plus_hinged""}, ""target"": ""ContractiveLoss"", ""weight"": 0.002}}}",{},True,True,frozen_head (axis-100-3000),P2_staged_base__frozen_head__axis_100_3000,"P2 staged, fine-tuned, frozen head, 100-3000 m/z",42,#9EDAE5,dashed,s,"{""axis"": ""axis-100-3000"", ""components"": ""combined"", ""overlap"": 0, ""rare"": 0, ""role"": ""frozen_head"", ""schedule"": ""staged"", ""variant"": ""P2_staged_base""}"
metaspace-pretrain-repaired-20260923-01__grid_0015__rep_02__frozen_head,metaspace-pretrain-repaired-20260923-01,task_000212,grid_0015,2,axis-100-3000,frozen_head,frozen_head,P2_staged_base,grid_0015__rep_02,"P2 staged, fine-tuned, frozen head, 100-3000 m/z",axis-100-3000/frozen_head,/home/max/repositories/MSIAutoEncoderWrapper/data/kidney_workspace/models/kidney/metaspace-pretrain-repaired-20260923-01__grid_0015__rep_02__frozen_head,2136253289,442265914,molecule_vpu,MultiLabelBCELoss,"{""contrastive"": {""peak_permutation"": {""params"": {""annotation_bin_radius"": 0, ""negative_weighting_method"": ""multilabel_jaccard"", ""overlapping_label_negative_weight"": 0.1, ""peak_catalog_limit"": 4096, ""peak_sample_size"": 10000, ""peak_selection_method"": ""permutation_label_invariant"", ""permutation_bank_size"": 7000, ""permutation_selection_attempts"": 64, ""permuted_peaks_per_view"": 3, ""preserve_input_normalization"": true, ""temperature"": 0.07}, ""target"": ""InfoNCELoss"", ""weight"": 0.001}}, ""heads"": {""molecule_vpu"": {""vpu"": {""params"": {""alpha"": 1.0, ""beta"": 1.0, ""consistency_weight"": 0.0, ""negative_weight"": 0.0, ""simulated_negative_weight"": 0.0}, ""target"": ""VariationalPULoss"", ""weight"": 0.2}}}, ""reconstruction"": {""masserstein"": {""target"": ""MassersteinLoss"", ""weight"": 1.0}}, ""regularization"": {""contractive"": {""params"": {""calculation_method"": ""exact_autograd_jacobian"", ""hinge_alpha"": 2.0, ""hinge_threshold"": 7.0, ""input_geometry"": ""fisher_rao"", ""latent_source"": ""auto"", ""penalized_space"": ""u"", ""penalty_metric"": ""spectral_plus_hinged""}, ""target"": ""ContractiveLoss"", ""weight"": 0.002}}}",{},True,True,frozen_head (axis-100-3000),P2_staged_base__frozen_head__axis_100_3000,"P2 staged, fine-tuned, frozen head, 100-3000 m/z",42,#9EDAE5,dashed,s,"{""axis"": ""axis-100-3000"", ""components"": ""combined"", ""overlap"": 0, ""rare"": 0, ""role"": ""frozen_head"", ""schedule"": ""staged"", ""variant"": ""P2_staged_base""}"
metaspace-pretrain-repaired-20260923-01__grid_0015__rep_03__frozen_head,metaspace-pretrain-repaired-20260923-01,task_000215,grid_0015,3,axis-100-3000,frozen_head,frozen_head,P2_staged_base,grid_0015__rep_03,"P2 staged, fine-tuned, frozen head, 100-3000 m/z",axis-100-3000/frozen_head,/home/max/repositories/MSIAutoEncoderWrapper/data/kidney_workspace/models/kidney/metaspace-pretrain-repaired-20260923-01__grid_0015__rep_03__frozen_head,276187349,194761695,molecule_vpu,MultiLabelBCELoss,"{""contrastive"": {""peak_permutation"": {""params"": {""annotation_bin_radius"": 0, ""negative_weighting_method"": ""multilabel_jaccard"", ""overlapping_label_negative_weight"": 0.1, ""peak_catalog_limit"": 4096, ""peak_sample_size"": 10000, ""peak_selection_method"": ""permutation_label_invariant"", ""permutation_bank_size"": 7000, ""permutation_selection_attempts"": 64, ""permuted_peaks_per_view"": 3, ""preserve_input_normalization"": true, ""temperature"": 0.07}, ""target"": ""InfoNCELoss"", ""weight"": 0.001}}, ""heads"": {""molecule_vpu"": {""vpu"": {""params"": {""alpha"": 1.0, ""beta"": 1.0, ""consistency_weight"": 0.0, ""negative_weight"": 0.0, ""simulated_negative_weight"": 0.0}, ""target"": ""VariationalPULoss"", ""weight"": 0.2}}}, ""reconstruction"": {""masserstein"": {""target"": ""MassersteinLoss"", ""weight"": 1.0}}, ""regularization"": {""contractive"": {""params"": {""calculation_method"": ""exact_autograd_jacobian"", ""hinge_alpha"": 2.0, ""hinge_threshold"": 7.0, ""input_geometry"": ""fisher_rao"", ""latent_source"": ""auto"", ""penalized_space"": ""u"", ""penalty_metric"": ""spectral_plus_hinged""}, ""target"": ""ContractiveLoss"", ""weight"": 0.002}}}",{},True,True,frozen_head (axis-100-3000),P2_staged_base__frozen_head__axis_100_3000,"P2 staged, fine-tuned, frozen head, 100-3000 m/z",42,#9EDAE5,dashed,s,"{""axis"": ""axis-100-3000"", ""components"": ""combined"", ""overlap"": 0, ""rare"": 0, ""role"": ""frozen_head"", ""schedule"": ""staged"", ""variant"": ""P2_staged_base""}"
metaspace-pretrain-repaired-20260923-01__grid_0015__rep_04__frozen_head,metaspace-pretrain-repaired-20260923-01,task_000218,grid_0015,4,axis-100-3000,frozen_head,frozen_head,P2_staged_base,grid_0015__rep_04,"P2 staged, fine-tuned, frozen head, 100-3000 m/z",axis-100-3000/frozen_head,/home/max/repositories/MSIAutoEncoderWrapper/data/kidney_workspace/models/kidney/metaspace-pretrain-repaired-20260923-01__grid_0015__rep_04__frozen_head,1915557887,1927548799,molecule_vpu,MultiLabelBCELoss,"{""contrastive"": {""peak_permutation"": {""params"": {""annotation_bin_radius"": 0, ""negative_weighting_method"": ""multilabel_jaccard"", ""overlapping_label_negative_weight"": 0.1, ""peak_catalog_limit"": 4096, ""peak_sample_size"": 10000, ""peak_selection_method"": ""permutation_label_invariant"", ""permutation_bank_size"": 7000, ""permutation_selection_attempts"": 64, ""permuted_peaks_per_view"": 3, ""preserve_input_normalization"": true, ""temperature"": 0.07}, ""target"": ""InfoNCELoss"", ""weight"": 0.001}}, ""heads"": {""molecule_vpu"": {""vpu"": {""params"": {""alpha"": 1.0, ""beta"": 1.0, ""consistency_weight"": 0.0, ""negative_weight"": 0.0, ""simulated_negative_weight"": 0.0}, ""target"": ""VariationalPULoss"", ""weight"": 0.2}}}, ""reconstruction"": {""masserstein"": {""target"": ""MassersteinLoss"", ""weight"": 1.0}}, ""regularization"": {""contractive"": {""params"": {""calculation_method"": ""exact_autograd_jacobian"", ""hinge_alpha"": 2.0, ""hinge_threshold"": 7.0, ""input_geometry"": ""fisher_rao"", ""latent_source"": ""auto"", ""penalized_space"": ""u"", ""penalty_metric"": ""spectral_plus_hinged""}, ""target"": ""ContractiveLoss"", ""weight"": 0.002}}}",{},True,True,frozen_head (axis-100-3000),P2_staged_base__frozen_head__axis_100_3000,"P2 staged, fine-tuned, frozen head, 100-3000 m/z",42,#9EDAE5,dashed,s,"{""axis"": ""axis-100-3000"", ""components"": ""combined"", ""overlap"": 0, ""rare"": 0, ""role"": ""frozen_head"", ""schedule"": ""staged"", ""variant"": ""P2_staged_base""}"
metaspace-pretrain-repaired-20260923-01__grid_0015__rep_00__unfrozen_head,metaspace-pretrain-repaired-20260923-01,task_000207,grid_0015,0,axis-100-3000,unfrozen_head,unfrozen_head,P2_staged_base,grid_0015__rep_00,"P2 staged, fine-tuned, unfrozen head, 100-3000 m/z",axis-100-3000/unfrozen_head,/home/max/repositories/MSIAutoEncoderWrapper/data/kidney_workspace/models/kidney/metaspace-pretrain-repaired-20260923-01__grid_0015__rep_00__unfrozen_head,91154199,32238397,molecule_vpu,VariationalPULoss,"{""contrastive"": {""peak_permutation"": {""params"": {""annotation_bin_radius"": 0, ""negative_weighting_method"": ""multilabel_jaccard"", ""overlapping_label_negative_weight"": 0.1, ""peak_catalog_limit"": 4096, ""peak_sample_size"": 10000, ""peak_selection_method"": ""permutation_label_invariant"", ""permutation_bank_size"": 7000, ""permutation_selection_attempts"": 64, ""permuted_peaks_per_view"": 3, ""preserve_input_normalization"": true, ""temperature"": 0.07}, ""target"": ""InfoNCELoss"", ""weight"": 0.001}}, ""heads"": {""molecule_vpu"": {""vpu"": {""params"": {""alpha"": 1.0, ""beta"": 1.0, ""consistency_weight"": 0.0, ""negative_weight"": 0.0, ""simulated_negative_weight"": 0.0}, ""target"": ""VariationalPULoss"", ""weight"": 0.2}}}, ""reconstruction"": {""masserstein"": {""target"": ""MassersteinLoss"", ""weight"": 1.0}}, ""regularization"": {""contractive"": {""params"": {""calculation_method"": ""exact_autograd_jacobian"", ""hinge_alpha"": 2.0, ""hinge_threshold"": 7.0, ""input_geometry"": ""fisher_rao"", ""latent_source"": ""auto"", ""penalized_space"": ""u"", ""penalty_metric"": ""spectral_plus_hinged""}, ""target"": ""ContractiveLoss"", ""weight"": 0.002}}}",{},True,True,unfrozen_head (axis-100-3000),P2_staged_base__unfrozen_head__axis_100_3000,"P2 staged, fine-tuned, unfrozen head, 100-3000 m/z",43,#9EDAE5,solid,o,"{""axis"": ""axis-100-3000"", ""components"": ""combined"", ""overlap"": 0, ""rare"": 0, ""role"": ""unfrozen_head"", ""schedule"": ""staged"", ""variant"": ""P2_staged_base""}"
metaspace-pretrain-repaired-20260923-01__grid_0015__rep_01__unfrozen_head,metaspace-pretrain-repaired-20260923-01,task_000210,grid_0015,1,axis-100-3000,unfrozen_head,unfrozen_head,P2_staged_base,grid_0015__rep_01,"P2 staged, fine-tuned, unfrozen head, 100-3000 m/z",axis-100-3000/unfrozen_head,/home/max/repositories/MSIAutoEncoderWrapper/data/kidney_workspace/models/kidney/metaspace-pretrain-repaired-20260923-01__grid_0015__rep_01__unfrozen_head,919377028,892754137,molecule_vpu,VariationalPULoss,"{""contrastive"": {""peak_permutation"": {""params"": {""annotation_bin_radius"": 0, ""negative_weighting_method"": ""multilabel_jaccard"", ""overlapping_label_negative_weight"": 0.1, ""peak_catalog_limit"": 4096, ""peak_sample_size"": 10000, ""peak_selection_method"": ""permutation_label_invariant"", ""permutation_bank_size"": 7000, ""permutation_selection_attempts"": 64, ""permuted_peaks_per_view"": 3, ""preserve_input_normalization"": true, ""temperature"": 0.07}, ""target"": ""InfoNCELoss"", ""weight"": 0.001}}, ""heads"": {""molecule_vpu"": {""vpu"": {""params"": {""alpha"": 1.0, ""beta"": 1.0, ""consistency_weight"": 0.0, ""negative_weight"": 0.0, ""simulated_negative_weight"": 0.0}, ""target"": ""VariationalPULoss"", ""weight"": 0.2}}}, ""reconstruction"": {""masserstein"": {""target"": ""MassersteinLoss"", ""weight"": 1.0}}, ""regularization"": {""contractive"": {""params"": {""calculation_method"": ""exact_autograd_jacobian"", ""hinge_alpha"": 2.0, ""hinge_threshold"": 7.0, ""input_geometry"": ""fisher_rao"", ""latent_source"": ""auto"", ""penalized_space"": ""u"", ""penalty_metric"": ""spectral_plus_hinged""}, ""target"": ""ContractiveLoss"", ""weight"": 0.002}}}",{},True,True,unfrozen_head (axis-100-3000),P2_staged_base__unfrozen_head__axis_100_3000,"P2 staged, fine-tuned, unfrozen head, 100-3000 m/z",43,#9EDAE5,solid,o,"{""axis"": ""axis-100-3000"", ""components"": ""combined"", ""overlap"": 0, ""rare"": 0, ""role"": ""unfrozen_head"", ""schedule"": ""staged"", ""variant"": ""P2_staged_base""}"
metaspace-pretrain-repaired-20260923-01__grid_0015__rep_02__unfrozen_head,metaspace-pretrain-repaired-20260923-01,task_000213,grid_0015,2,axis-100-3000,unfrozen_head,unfrozen_head,P2_staged_base,grid_0015__rep_02,"P2 staged, fine-tuned, unfrozen head, 100-3000 m/z",axis-100-3000/unfrozen_head,/home/max/repositories/MSIAutoEncoderWrapper/data/kidney_workspace/models/kidney/metaspace-pretrain-repaired-20260923-01__grid_0015__rep_02__unfrozen_head,2136253289,442265914,molecule_vpu,VariationalPULoss,"{""contrastive"": {""peak_permutation"": {""params"": {""annotation_bin_radius"": 0, ""negative_weighting_method"": ""multilabel_jaccard"", ""overlapping_label_negative_weight"": 0.1, ""peak_catalog_limit"": 4096, ""peak_sample_size"": 10000, ""peak_selection_method"": ""permutation_label_invariant"", ""permutation_bank_size"": 7000, ""permutation_selection_attempts"": 64, ""permuted_peaks_per_view"": 3, ""preserve_input_normalization"": true, ""temperature"": 0.07}, ""target"": ""InfoNCELoss"", ""weight"": 0.001}}, ""heads"": {""molecule_vpu"": {""vpu"": {""params"": {""alpha"": 1.0, ""beta"": 1.0, ""consistency_weight"": 0.0, ""negative_weight"": 0.0, ""simulated_negative_weight"": 0.0}, ""target"": ""VariationalPULoss"", ""weight"": 0.2}}}, ""reconstruction"": {""masserstein"": {""target"": ""MassersteinLoss"", ""weight"": 1.0}}, ""regularization"": {""contractive"": {""params"": {""calculation_method"": ""exact_autograd_jacobian"", ""hinge_alpha"": 2.0, ""hinge_threshold"": 7.0, ""input_geometry"": ""fisher_rao"", ""latent_source"": ""auto"", ""penalized_space"": ""u"", ""penalty_metric"": ""spectral_plus_hinged""}, ""target"": ""ContractiveLoss"", ""weight"": 0.002}}}",{},True,True,unfrozen_head (axis-100-3000),P2_staged_base__unfrozen_head__axis_100_3000,"P2 staged, fine-tuned, unfrozen head, 100-3000 m/z",43,#9EDAE5,solid,o,"{""axis"": ""axis-100-3000"", ""components"": ""combined"", ""overlap"": 0, ""rare"": 0, ""role"": ""unfrozen_head"", ""schedule"": ""staged"", ""variant"": ""P2_staged_base""}"
metaspace-pretrain-repaired-20260923-01__grid_0015__rep_03__unfrozen_head,metaspace-pretrain-repaired-20260923-01,task_000216,grid_0015,3,axis-100-3000,unfrozen_head,unfrozen_head,P2_staged_base,grid_0015__rep_03,"P2 staged, fine-tuned, unfrozen head, 100-3000 m/z",axis-100-3000/unfrozen_head,/home/max/repositories/MSIAutoEncoderWrapper/data/kidney_workspace/models/kidney/metaspace-pretrain-repaired-20260923-01__grid_0015__rep_03__unfrozen_head,276187349,194761695,molecule_vpu,VariationalPULoss,"{""contrastive"": {""peak_permutation"": {""params"": {""annotation_bin_radius"": 0, ""negative_weighting_method"": ""multilabel_jaccard"", ""overlapping_label_negative_weight"": 0.1, ""peak_catalog_limit"": 4096, ""peak_sample_size"": 10000, ""peak_selection_method"": ""permutation_label_invariant"", ""permutation_bank_size"": 7000, ""permutation_selection_attempts"": 64, ""permuted_peaks_per_view"": 3, ""preserve_input_normalization"": true, ""temperature"": 0.07}, ""target"": ""InfoNCELoss"", ""weight"": 0.001}}, ""heads"": {""molecule_vpu"": {""vpu"": {""params"": {""alpha"": 1.0, ""beta"": 1.0, ""consistency_weight"": 0.0, ""negative_weight"": 0.0, ""simulated_negative_weight"": 0.0}, ""target"": ""VariationalPULoss"", ""weight"": 0.2}}}, ""reconstruction"": {""masserstein"": {""target"": ""MassersteinLoss"", ""weight"": 1.0}}, ""regularization"": {""contractive"": {""params"": {""calculation_method"": ""exact_autograd_jacobian"", ""hinge_alpha"": 2.0, ""hinge_threshold"": 7.0, ""input_geometry"": ""fisher_rao"", ""latent_source"": ""auto"", ""penalized_space"": ""u"", ""penalty_metric"": ""spectral_plus_hinged""}, ""target"": ""ContractiveLoss"", ""weight"": 0.002}}}",{},True,True,unfrozen_head (axis-100-3000),P2_staged_base__unfrozen_head__axis_100_3000,"P2 staged, fine-tuned, unfrozen head, 100-3000 m/z",43,#9EDAE5,solid,o,"{""axis"": ""axis-100-3000"", ""components"": ""combined"", ""overlap"": 0, ""rare"": 0, ""role"": ""unfrozen_head"", ""schedule"": ""staged"", ""variant"": ""P2_staged_base""}"
metaspace-pretrain-repaired-20260923-01__grid_0015__rep_04__unfrozen_head,metaspace-pretrain-repaired-20260923-01,task_000219,grid_0015,4,axis-100-3000,unfrozen_head,unfrozen_head,P2_staged_base,grid_0015__rep_04,"P2 staged, fine-tuned, unfrozen head, 100-3000 m/z",axis-100-3000/unfrozen_head,/home/max/repositories/MSIAutoEncoderWrapper/data/kidney_workspace/models/kidney/metaspace-pretrain-repaired-20260923-01__grid_0015__rep_04__unfrozen_head,1915557887,1927548799,molecule_vpu,VariationalPULoss,"{""contrastive"": {""peak_permutation"": {""params"": {""annotation_bin_radius"": 0, ""negative_weighting_method"": ""multilabel_jaccard"", ""overlapping_label_negative_weight"": 0.1, ""peak_catalog_limit"": 4096, ""peak_sample_size"": 10000, ""peak_selection_method"": ""permutation_label_invariant"", ""permutation_bank_size"": 7000, ""permutation_selection_attempts"": 64, ""permuted_peaks_per_view"": 3, ""preserve_input_normalization"": true, ""temperature"": 0.07}, ""target"": ""InfoNCELoss"", ""weight"": 0.001}}, ""heads"": {""molecule_vpu"": {""vpu"": {""params"": {""alpha"": 1.0, ""beta"": 1.0, ""consistency_weight"": 0.0, ""negative_weight"": 0.0, ""simulated_negative_weight"": 0.0}, ""target"": ""VariationalPULoss"", ""weight"": 0.2}}}, ""reconstruction"": {""masserstein"": {""target"": ""MassersteinLoss"", ""weight"": 1.0}}, ""regularization"": {""contractive"": {""params"": {""calculation_method"": ""exact_autograd_jacobian"", ""hinge_alpha"": 2.0, ""hinge_threshold"": 7.0, ""input_geometry"": ""fisher_rao"", ""latent_source"": ""auto"", ""penalized_space"": ""u"", ""penalty_metric"": ""spectral_plus_hinged""}, ""target"": ""ContractiveLoss"", ""weight"": 0.002}}}",{},True,True,unfrozen_head (axis-100-3000),P2_staged_base__unfrozen_head__axis_100_3000,"P2 staged, fine-tuned, unfrozen head, 100-3000 m/z",43,#9EDAE5,solid,o,"{""axis"": ""axis-100-3000"", ""components"": ""combined"", ""overlap"": 0, ""rare"": 0, ""role"": ""unfrozen_head"", ""schedule"": ""staged"", ""variant"": ""P2_staged_base""}"
metaspace-pretrain-repaired-20260923-01__grid_0016__rep_00__pretrained,metaspace-pretrain-repaired-20260923-01,task_000220,grid_0016,0,axis-100-3000,pretrained,pretrained,P3_joint_overlap,grid_0016__rep_00,"P3 joint + overlap, pretrained, 100-3000 m/z",axis-100-3000/pretrained,/home/max/repositories/MSIAutoEncoderWrapper/data/kidney_workspace/models/kidney/metaspace-pretrain-repaired-20260923-01__grid_0016__rep_00__pretrained,91154199,32238397,molecule_vpu,MultiLabelBCELoss,"{""contrastive"": {""peak_permutation"": {""params"": {""annotation_bin_radius"": 0, ""negative_weighting_method"": ""multilabel_jaccard"", ""overlapping_label_negative_weight"": 0.1, ""peak_catalog_limit"": 4096, ""peak_sample_size"": 10000, ""peak_selection_method"": ""permutation_label_invariant"", ""permutation_bank_size"": 7000, ""permutation_selection_attempts"": 64, ""permuted_peaks_per_view"": 3, ""preserve_input_normalization"": true, ""temperature"": 0.07}, ""target"": ""InfoNCELoss"", ""weight"": 0.001}}, ""heads"": {""molecule_vpu"": {""vpu"": {""params"": {""alpha"": 1.0, ""beta"": 1.0, ""consistency_weight"": 0.0, ""negative_weight"": 0.0, ""simulated_negative_weight"": 0.0}, ""target"": ""VariationalPULoss"", ""weight"": 0.2}}}, ""reconstruction"": {""masserstein"": {""target"": ""MassersteinLoss"", ""weight"": 1.0}}, ""regularization"": {""contractive"": {""params"": {""calculation_method"": ""exact_autograd_jacobian"", ""hinge_alpha"": 2.0, ""hinge_threshold"": 7.0, ""input_geometry"": ""fisher_rao"", ""latent_source"": ""auto"", ""penalized_space"": ""u"", ""penalty_metric"": ""spectral_plus_hinged""}, ""target"": ""ContractiveLoss"", ""weight"": 0.002}}}",{},True,True,pretrained (axis-100-3000),P3_joint_overlap__pretrained__axis_100_3000,"P3 joint + overlap, pretrained, 100-3000 m/z",44,#BCBD22,dotted,^,"{""axis"": ""axis-100-3000"", ""components"": ""combined"", ""overlap"": 1, ""rare"": 0, ""role"": ""pretrained"", ""schedule"": ""joint"", ""variant"": ""P3_joint_overlap""}"
metaspace-pretrain-repaired-20260923-01__grid_0016__rep_01__pretrained,metaspace-pretrain-repaired-20260923-01,task_000223,grid_0016,1,axis-100-3000,pretrained,pretrained,P3_joint_overlap,grid_0016__rep_01,"P3 joint + overlap, pretrained, 100-3000 m/z",axis-100-3000/pretrained,/home/max/repositories/MSIAutoEncoderWrapper/data/kidney_workspace/models/kidney/metaspace-pretrain-repaired-20260923-01__grid_0016__rep_01__pretrained,919377028,892754137,molecule_vpu,MultiLabelBCELoss,"{""contrastive"": {""peak_permutation"": {""params"": {""annotation_bin_radius"": 0, ""negative_weighting_method"": ""multilabel_jaccard"", ""overlapping_label_negative_weight"": 0.1, ""peak_catalog_limit"": 4096, ""peak_sample_size"": 10000, ""peak_selection_method"": ""permutation_label_invariant"", ""permutation_bank_size"": 7000, ""permutation_selection_attempts"": 64, ""permuted_peaks_per_view"": 3, ""preserve_input_normalization"": true, ""temperature"": 0.07}, ""target"": ""InfoNCELoss"", ""weight"": 0.001}}, ""heads"": {""molecule_vpu"": {""vpu"": {""params"": {""alpha"": 1.0, ""beta"": 1.0, ""consistency_weight"": 0.0, ""negative_weight"": 0.0, ""simulated_negative_weight"": 0.0}, ""target"": ""VariationalPULoss"", ""weight"": 0.2}}}, ""reconstruction"": {""masserstein"": {""target"": ""MassersteinLoss"", ""weight"": 1.0}}, ""regularization"": {""contractive"": {""params"": {""calculation_method"": ""exact_autograd_jacobian"", ""hinge_alpha"": 2.0, ""hinge_threshold"": 7.0, ""input_geometry"": ""fisher_rao"", ""latent_source"": ""auto"", ""penalized_space"": ""u"", ""penalty_metric"": ""spectral_plus_hinged""}, ""target"": ""ContractiveLoss"", ""weight"": 0.002}}}",{},True,True,pretrained (axis-100-3000),P3_joint_overlap__pretrained__axis_100_3000,"P3 joint + overlap, pretrained, 100-3000 m/z",44,#BCBD22,dotted,^,"{""axis"": ""axis-100-3000"", ""components"": ""combined"", ""overlap"": 1, ""rare"": 0, ""role"": ""pretrained"", ""schedule"": ""joint"", ""variant"": ""P3_joint_overlap""}"
metaspace-pretrain-repaired-20260923-01__grid_0016__rep_02__pretrained,metaspace-pretrain-repaired-20260923-01,task_000226,grid_0016,2,axis-100-3000,pretrained,pretrained,P3_joint_overlap,grid_0016__rep_02,"P3 joint + overlap, pretrained, 100-3000 m/z",axis-100-3000/pretrained,/home/max/repositories/MSIAutoEncoderWrapper/data/kidney_workspace/models/kidney/metaspace-pretrain-repaired-20260923-01__grid_0016__rep_02__pretrained,2136253289,442265914,molecule_vpu,MultiLabelBCELoss,"{""contrastive"": {""peak_permutation"": {""params"": {""annotation_bin_radius"": 0, ""negative_weighting_method"": ""multilabel_jaccard"", ""overlapping_label_negative_weight"": 0.1, ""peak_catalog_limit"": 4096, ""peak_sample_size"": 10000, ""peak_selection_method"": ""permutation_label_invariant"", ""permutation_bank_size"": 7000, ""permutation_selection_attempts"": 64, ""permuted_peaks_per_view"": 3, ""preserve_input_normalization"": true, ""temperature"": 0.07}, ""target"": ""InfoNCELoss"", ""weight"": 0.001}}, ""heads"": {""molecule_vpu"": {""vpu"": {""params"": {""alpha"": 1.0, ""beta"": 1.0, ""consistency_weight"": 0.0, ""negative_weight"": 0.0, ""simulated_negative_weight"": 0.0}, ""target"": ""VariationalPULoss"", ""weight"": 0.2}}}, ""reconstruction"": {""masserstein"": {""target"": ""MassersteinLoss"", ""weight"": 1.0}}, ""regularization"": {""contractive"": {""params"": {""calculation_method"": ""exact_autograd_jacobian"", ""hinge_alpha"": 2.0, ""hinge_threshold"": 7.0, ""input_geometry"": ""fisher_rao"", ""latent_source"": ""auto"", ""penalized_space"": ""u"", ""penalty_metric"": ""spectral_plus_hinged""}, ""target"": ""ContractiveLoss"", ""weight"": 0.002}}}",{},True,True,pretrained (axis-100-3000),P3_joint_overlap__pretrained__axis_100_3000,"P3 joint + overlap, pretrained, 100-3000 m/z",44,#BCBD22,dotted,^,"{""axis"": ""axis-100-3000"", ""components"": ""combined"", ""overlap"": 1, ""rare"": 0, ""role"": ""pretrained"", ""schedule"": ""joint"", ""variant"": ""P3_joint_overlap""}"
metaspace-pretrain-repaired-20260923-01__grid_0016__rep_03__pretrained,metaspace-pretrain-repaired-20260923-01,task_000229,grid_0016,3,axis-100-3000,pretrained,pretrained,P3_joint_overlap,grid_0016__rep_03,"P3 joint + overlap, pretrained, 100-3000 m/z",axis-100-3000/pretrained,/home/max/repositories/MSIAutoEncoderWrapper/data/kidney_workspace/models/kidney/metaspace-pretrain-repaired-20260923-01__grid_0016__rep_03__pretrained,276187349,194761695,molecule_vpu,MultiLabelBCELoss,"{""contrastive"": {""peak_permutation"": {""params"": {""annotation_bin_radius"": 0, ""negative_weighting_method"": ""multilabel_jaccard"", ""overlapping_label_negative_weight"": 0.1, ""peak_catalog_limit"": 4096, ""peak_sample_size"": 10000, ""peak_selection_method"": ""permutation_label_invariant"", ""permutation_bank_size"": 7000, ""permutation_selection_attempts"": 64, ""permuted_peaks_per_view"": 3, ""preserve_input_normalization"": true, ""temperature"": 0.07}, ""target"": ""InfoNCELoss"", ""weight"": 0.001}}, ""heads"": {""molecule_vpu"": {""vpu"": {""params"": {""alpha"": 1.0, ""beta"": 1.0, ""consistency_weight"": 0.0, ""negative_weight"": 0.0, ""simulated_negative_weight"": 0.0}, ""target"": ""VariationalPULoss"", ""weight"": 0.2}}}, ""reconstruction"": {""masserstein"": {""target"": ""MassersteinLoss"", ""weight"": 1.0}}, ""regularization"": {""contractive"": {""params"": {""calculation_method"": ""exact_autograd_jacobian"", ""hinge_alpha"": 2.0, ""hinge_threshold"": 7.0, ""input_geometry"": ""fisher_rao"", ""latent_source"": ""auto"", ""penalized_space"": ""u"", ""penalty_metric"": ""spectral_plus_hinged""}, ""target"": ""ContractiveLoss"", ""weight"": 0.002}}}",{},True,True,pretrained (axis-100-3000),P3_joint_overlap__pretrained__axis_100_3000,"P3 joint + overlap, pretrained, 100-3000 m/z",44,#BCBD22,dotted,^,"{""axis"": ""axis-100-3000"", ""components"": ""combined"", ""overlap"": 1, ""rare"": 0, ""role"": ""pretrained"", ""schedule"": ""joint"", ""variant"": ""P3_joint_overlap""}"
metaspace-pretrain-repaired-20260923-01__grid_0016__rep_04__pretrained,metaspace-pretrain-repaired-20260923-01,task_000232,grid_0016,4,axis-100-3000,pretrained,pretrained,P3_joint_overlap,grid_0016__rep_04,"P3 joint + overlap, pretrained, 100-3000 m/z",axis-100-3000/pretrained,/home/max/repositories/MSIAutoEncoderWrapper/data/kidney_workspace/models/kidney/metaspace-pretrain-repaired-20260923-01__grid_0016__rep_04__pretrained,1915557887,1927548799,molecule_vpu,MultiLabelBCELoss,"{""contrastive"": {""peak_permutation"": {""params"": {""annotation_bin_radius"": 0, ""negative_weighting_method"": ""multilabel_jaccard"", ""overlapping_label_negative_weight"": 0.1, ""peak_catalog_limit"": 4096, ""peak_sample_size"": 10000, ""peak_selection_method"": ""permutation_label_invariant"", ""permutation_bank_size"": 7000, ""permutation_selection_attempts"": 64, ""permuted_peaks_per_view"": 3, ""preserve_input_normalization"": true, ""temperature"": 0.07}, ""target"": ""InfoNCELoss"", ""weight"": 0.001}}, ""heads"": {""molecule_vpu"": {""vpu"": {""params"": {""alpha"": 1.0, ""beta"": 1.0, ""consistency_weight"": 0.0, ""negative_weight"": 0.0, ""simulated_negative_weight"": 0.0}, ""target"": ""VariationalPULoss"", ""weight"": 0.2}}}, ""reconstruction"": {""masserstein"": {""target"": ""MassersteinLoss"", ""weight"": 1.0}}, ""regularization"": {""contractive"": {""params"": {""calculation_method"": ""exact_autograd_jacobian"", ""hinge_alpha"": 2.0, ""hinge_threshold"": 7.0, ""input_geometry"": ""fisher_rao"", ""latent_source"": ""auto"", ""penalized_space"": ""u"", ""penalty_metric"": ""spectral_plus_hinged""}, ""target"": ""ContractiveLoss"", ""weight"": 0.002}}}",{},True,True,pretrained (axis-100-3000),P3_joint_overlap__pretrained__axis_100_3000,"P3 joint + overlap, pretrained, 100-3000 m/z",44,#BCBD22,dotted,^,"{""axis"": ""axis-100-3000"", ""components"": ""combined"", ""overlap"": 1, ""rare"": 0, ""role"": ""pretrained"", ""schedule"": ""joint"", ""variant"": ""P3_joint_overlap""}"
metaspace-pretrain-repaired-20260923-01__grid_0016__rep_00__frozen_head,metaspace-pretrain-repaired-20260923-01,task_000221,grid_0016,0,axis-100-3000,frozen_head,frozen_head,P3_joint_overlap,grid_0016__rep_00,"P3 joint + overlap, fine-tuned, frozen head, 100-3000 m/z",axis-100-3000/frozen_head,/home/max/repositories/MSIAutoEncoderWrapper/data/kidney_workspace/models/kidney/metaspace-pretrain-repaired-20260923-01__grid_0016__rep_00__frozen_head,91154199,32238397,molecule_vpu,MultiLabelBCELoss,"{""contrastive"": {""peak_permutation"": {""params"": {""annotation_bin_radius"": 0, ""negative_weighting_method"": ""multilabel_jaccard"", ""overlapping_label_negative_weight"": 0.1, ""peak_catalog_limit"": 4096, ""peak_sample_size"": 10000, ""peak_selection_method"": ""permutation_label_invariant"", ""permutation_bank_size"": 7000, ""permutation_selection_attempts"": 64, ""permuted_peaks_per_view"": 3, ""preserve_input_normalization"": true, ""temperature"": 0.07}, ""target"": ""InfoNCELoss"", ""weight"": 0.001}}, ""heads"": {""molecule_vpu"": {""vpu"": {""params"": {""alpha"": 1.0, ""beta"": 1.0, ""consistency_weight"": 0.0, ""negative_weight"": 0.0, ""simulated_negative_weight"": 0.0}, ""target"": ""VariationalPULoss"", ""weight"": 0.2}}}, ""reconstruction"": {""masserstein"": {""target"": ""MassersteinLoss"", ""weight"": 1.0}}, ""regularization"": {""contractive"": {""params"": {""calculation_method"": ""exact_autograd_jacobian"", ""hinge_alpha"": 2.0, ""hinge_threshold"": 7.0, ""input_geometry"": ""fisher_rao"", ""latent_source"": ""auto"", ""penalized_space"": ""u"", ""penalty_metric"": ""spectral_plus_hinged""}, ""target"": ""ContractiveLoss"", ""weight"": 0.002}}}",{},True,True,frozen_head (axis-100-3000),P3_joint_overlap__frozen_head__axis_100_3000,"P3 joint + overlap, fine-tuned, frozen head, 100-3000 m/z",45,#BCBD22,dashed,s,"{""axis"": ""axis-100-3000"", ""components"": ""combined"", ""overlap"": 1, ""rare"": 0, ""role"": ""frozen_head"", ""schedule"": ""joint"", ""variant"": ""P3_joint_overlap""}"
metaspace-pretrain-repaired-20260923-01__grid_0016__rep_01__frozen_head,metaspace-pretrain-repaired-20260923-01,task_000224,grid_0016,1,axis-100-3000,frozen_head,frozen_head,P3_joint_overlap,grid_0016__rep_01,"P3 joint + overlap, fine-tuned, frozen head, 100-3000 m/z",axis-100-3000/frozen_head,/home/max/repositories/MSIAutoEncoderWrapper/data/kidney_workspace/models/kidney/metaspace-pretrain-repaired-20260923-01__grid_0016__rep_01__frozen_head,919377028,892754137,molecule_vpu,MultiLabelBCELoss,"{""contrastive"": {""peak_permutation"": {""params"": {""annotation_bin_radius"": 0, ""negative_weighting_method"": ""multilabel_jaccard"", ""overlapping_label_negative_weight"": 0.1, ""peak_catalog_limit"": 4096, ""peak_sample_size"": 10000, ""peak_selection_method"": ""permutation_label_invariant"", ""permutation_bank_size"": 7000, ""permutation_selection_attempts"": 64, ""permuted_peaks_per_view"": 3, ""preserve_input_normalization"": true, ""temperature"": 0.07}, ""target"": ""InfoNCELoss"", ""weight"": 0.001}}, ""heads"": {""molecule_vpu"": {""vpu"": {""params"": {""alpha"": 1.0, ""beta"": 1.0, ""consistency_weight"": 0.0, ""negative_weight"": 0.0, ""simulated_negative_weight"": 0.0}, ""target"": ""VariationalPULoss"", ""weight"": 0.2}}}, ""reconstruction"": {""masserstein"": {""target"": ""MassersteinLoss"", ""weight"": 1.0}}, ""regularization"": {""contractive"": {""params"": {""calculation_method"": ""exact_autograd_jacobian"", ""hinge_alpha"": 2.0, ""hinge_threshold"": 7.0, ""input_geometry"": ""fisher_rao"", ""latent_source"": ""auto"", ""penalized_space"": ""u"", ""penalty_metric"": ""spectral_plus_hinged""}, ""target"": ""ContractiveLoss"", ""weight"": 0.002}}}",{},True,True,frozen_head (axis-100-3000),P3_joint_overlap__frozen_head__axis_100_3000,"P3 joint + overlap, fine-tuned, frozen head, 100-3000 m/z",45,#BCBD22,dashed,s,"{""axis"": ""axis-100-3000"", ""components"": ""combined"", ""overlap"": 1, ""rare"": 0, ""role"": ""frozen_head"", ""schedule"": ""joint"", ""variant"": ""P3_joint_overlap""}"
metaspace-pretrain-repaired-20260923-01__grid_0016__rep_02__frozen_head,metaspace-pretrain-repaired-20260923-01,task_000227,grid_0016,2,axis-100-3000,frozen_head,frozen_head,P3_joint_overlap,grid_0016__rep_02,"P3 joint + overlap, fine-tuned, frozen head, 100-3000 m/z",axis-100-3000/frozen_head,/home/max/repositories/MSIAutoEncoderWrapper/data/kidney_workspace/models/kidney/metaspace-pretrain-repaired-20260923-01__grid_0016__rep_02__frozen_head,2136253289,442265914,molecule_vpu,MultiLabelBCELoss,"{""contrastive"": {""peak_permutation"": {""params"": {""annotation_bin_radius"": 0, ""negative_weighting_method"": ""multilabel_jaccard"", ""overlapping_label_negative_weight"": 0.1, ""peak_catalog_limit"": 4096, ""peak_sample_size"": 10000, ""peak_selection_method"": ""permutation_label_invariant"", ""permutation_bank_size"": 7000, ""permutation_selection_attempts"": 64, ""permuted_peaks_per_view"": 3, ""preserve_input_normalization"": true, ""temperature"": 0.07}, ""target"": ""InfoNCELoss"", ""weight"": 0.001}}, ""heads"": {""molecule_vpu"": {""vpu"": {""params"": {""alpha"": 1.0, ""beta"": 1.0, ""consistency_weight"": 0.0, ""negative_weight"": 0.0, ""simulated_negative_weight"": 0.0}, ""target"": ""VariationalPULoss"", ""weight"": 0.2}}}, ""reconstruction"": {""masserstein"": {""target"": ""MassersteinLoss"", ""weight"": 1.0}}, ""regularization"": {""contractive"": {""params"": {""calculation_method"": ""exact_autograd_jacobian"", ""hinge_alpha"": 2.0, ""hinge_threshold"": 7.0, ""input_geometry"": ""fisher_rao"", ""latent_source"": ""auto"", ""penalized_space"": ""u"", ""penalty_metric"": ""spectral_plus_hinged""}, ""target"": ""ContractiveLoss"", ""weight"": 0.002}}}",{},True,True,frozen_head (axis-100-3000),P3_joint_overlap__frozen_head__axis_100_3000,"P3 joint + overlap, fine-tuned, frozen head, 100-3000 m/z",45,#BCBD22,dashed,s,"{""axis"": ""axis-100-3000"", ""components"": ""combined"", ""overlap"": 1, ""rare"": 0, ""role"": ""frozen_head"", ""schedule"": ""joint"", ""variant"": ""P3_joint_overlap""}"
metaspace-pretrain-repaired-20260923-01__grid_0016__rep_03__frozen_head,metaspace-pretrain-repaired-20260923-01,task_000230,grid_0016,3,axis-100-3000,frozen_head,frozen_head,P3_joint_overlap,grid_0016__rep_03,"P3 joint + overlap, fine-tuned, frozen head, 100-3000 m/z",axis-100-3000/frozen_head,/home/max/repositories/MSIAutoEncoderWrapper/data/kidney_workspace/models/kidney/metaspace-pretrain-repaired-20260923-01__grid_0016__rep_03__frozen_head,276187349,194761695,molecule_vpu,MultiLabelBCELoss,"{""contrastive"": {""peak_permutation"": {""params"": {""annotation_bin_radius"": 0, ""negative_weighting_method"": ""multilabel_jaccard"", ""overlapping_label_negative_weight"": 0.1, ""peak_catalog_limit"": 4096, ""peak_sample_size"": 10000, ""peak_selection_method"": ""permutation_label_invariant"", ""permutation_bank_size"": 7000, ""permutation_selection_attempts"": 64, ""permuted_peaks_per_view"": 3, ""preserve_input_normalization"": true, ""temperature"": 0.07}, ""target"": ""InfoNCELoss"", ""weight"": 0.001}}, ""heads"": {""molecule_vpu"": {""vpu"": {""params"": {""alpha"": 1.0, ""beta"": 1.0, ""consistency_weight"": 0.0, ""negative_weight"": 0.0, ""simulated_negative_weight"": 0.0}, ""target"": ""VariationalPULoss"", ""weight"": 0.2}}}, ""reconstruction"": {""masserstein"": {""target"": ""MassersteinLoss"", ""weight"": 1.0}}, ""regularization"": {""contractive"": {""params"": {""calculation_method"": ""exact_autograd_jacobian"", ""hinge_alpha"": 2.0, ""hinge_threshold"": 7.0, ""input_geometry"": ""fisher_rao"", ""latent_source"": ""auto"", ""penalized_space"": ""u"", ""penalty_metric"": ""spectral_plus_hinged""}, ""target"": ""ContractiveLoss"", ""weight"": 0.002}}}",{},True,True,frozen_head (axis-100-3000),P3_joint_overlap__frozen_head__axis_100_3000,"P3 joint + overlap, fine-tuned, frozen head, 100-3000 m/z",45,#BCBD22,dashed,s,"{""axis"": ""axis-100-3000"", ""components"": ""combined"", ""overlap"": 1, ""rare"": 0, ""role"": ""frozen_head"", ""schedule"": ""joint"", ""variant"": ""P3_joint_overlap""}"
metaspace-pretrain-repaired-20260923-01__grid_0016__rep_04__frozen_head,metaspace-pretrain-repaired-20260923-01,task_000233,grid_0016,4,axis-100-3000,frozen_head,frozen_head,P3_joint_overlap,grid_0016__rep_04,"P3 joint + overlap, fine-tuned, frozen head, 100-3000 m/z",axis-100-3000/frozen_head,/home/max/repositories/MSIAutoEncoderWrapper/data/kidney_workspace/models/kidney/metaspace-pretrain-repaired-20260923-01__grid_0016__rep_04__frozen_head,1915557887,1927548799,molecule_vpu,MultiLabelBCELoss,"{""contrastive"": {""peak_permutation"": {""params"": {""annotation_bin_radius"": 0, ""negative_weighting_method"": ""multilabel_jaccard"", ""overlapping_label_negative_weight"": 0.1, ""peak_catalog_limit"": 4096, ""peak_sample_size"": 10000, ""peak_selection_method"": ""permutation_label_invariant"", ""permutation_bank_size"": 7000, ""permutation_selection_attempts"": 64, ""permuted_peaks_per_view"": 3, ""preserve_input_normalization"": true, ""temperature"": 0.07}, ""target"": ""InfoNCELoss"", ""weight"": 0.001}}, ""heads"": {""molecule_vpu"": {""vpu"": {""params"": {""alpha"": 1.0, ""beta"": 1.0, ""consistency_weight"": 0.0, ""negative_weight"": 0.0, ""simulated_negative_weight"": 0.0}, ""target"": ""VariationalPULoss"", ""weight"": 0.2}}}, ""reconstruction"": {""masserstein"": {""target"": ""MassersteinLoss"", ""weight"": 1.0}}, ""regularization"": {""contractive"": {""params"": {""calculation_method"": ""exact_autograd_jacobian"", ""hinge_alpha"": 2.0, ""hinge_threshold"": 7.0, ""input_geometry"": ""fisher_rao"", ""latent_source"": ""auto"", ""penalized_space"": ""u"", ""penalty_metric"": ""spectral_plus_hinged""}, ""target"": ""ContractiveLoss"", ""weight"": 0.002}}}",{},True,True,frozen_head (axis-100-3000),P3_joint_overlap__frozen_head__axis_100_3000,"P3 joint + overlap, fine-tuned, frozen head, 100-3000 m/z",45,#BCBD22,dashed,s,"{""axis"": ""axis-100-3000"", ""components"": ""combined"", ""overlap"": 1, ""rare"": 0, ""role"": ""frozen_head"", ""schedule"": ""joint"", ""variant"": ""P3_joint_overlap""}"
metaspace-pretrain-repaired-20260923-01__grid_0016__rep_00__unfrozen_head,metaspace-pretrain-repaired-20260923-01,task_000222,grid_0016,0,axis-100-3000,unfrozen_head,unfrozen_head,P3_joint_overlap,grid_0016__rep_00,"P3 joint + overlap, fine-tuned, unfrozen head, 100-3000 m/z",axis-100-3000/unfrozen_head,/home/max/repositories/MSIAutoEncoderWrapper/data/kidney_workspace/models/kidney/metaspace-pretrain-repaired-20260923-01__grid_0016__rep_00__unfrozen_head,91154199,32238397,molecule_vpu,VariationalPULoss,"{""contrastive"": {""peak_permutation"": {""params"": {""annotation_bin_radius"": 0, ""negative_weighting_method"": ""multilabel_jaccard"", ""overlapping_label_negative_weight"": 0.1, ""peak_catalog_limit"": 4096, ""peak_sample_size"": 10000, ""peak_selection_method"": ""permutation_label_invariant"", ""permutation_bank_size"": 7000, ""permutation_selection_attempts"": 64, ""permuted_peaks_per_view"": 3, ""preserve_input_normalization"": true, ""temperature"": 0.07}, ""target"": ""InfoNCELoss"", ""weight"": 0.001}}, ""heads"": {""molecule_vpu"": {""vpu"": {""params"": {""alpha"": 1.0, ""beta"": 1.0, ""consistency_weight"": 0.0, ""negative_weight"": 0.0, ""simulated_negative_weight"": 0.0}, ""target"": ""VariationalPULoss"", ""weight"": 0.2}}}, ""reconstruction"": {""masserstein"": {""target"": ""MassersteinLoss"", ""weight"": 1.0}}, ""regularization"": {""contractive"": {""params"": {""calculation_method"": ""exact_autograd_jacobian"", ""hinge_alpha"": 2.0, ""hinge_threshold"": 7.0, ""input_geometry"": ""fisher_rao"", ""latent_source"": ""auto"", ""penalized_space"": ""u"", ""penalty_metric"": ""spectral_plus_hinged""}, ""target"": ""ContractiveLoss"", ""weight"": 0.002}}}",{},True,True,unfrozen_head (axis-100-3000),P3_joint_overlap__unfrozen_head__axis_100_3000,"P3 joint + overlap, fine-tuned, unfrozen head, 100-3000 m/z",46,#BCBD22,solid,o,"{""axis"": ""axis-100-3000"", ""components"": ""combined"", ""overlap"": 1, ""rare"": 0, ""role"": ""unfrozen_head"", ""schedule"": ""joint"", ""variant"": ""P3_joint_overlap""}"
metaspace-pretrain-repaired-20260923-01__grid_0016__rep_01__unfrozen_head,metaspace-pretrain-repaired-20260923-01,task_000225,grid_0016,1,axis-100-3000,unfrozen_head,unfrozen_head,P3_joint_overlap,grid_0016__rep_01,"P3 joint + overlap, fine-tuned, unfrozen head, 100-3000 m/z",axis-100-3000/unfrozen_head,/home/max/repositories/MSIAutoEncoderWrapper/data/kidney_workspace/models/kidney/metaspace-pretrain-repaired-20260923-01__grid_0016__rep_01__unfrozen_head,919377028,892754137,molecule_vpu,VariationalPULoss,"{""contrastive"": {""peak_permutation"": {""params"": {""annotation_bin_radius"": 0, ""negative_weighting_method"": ""multilabel_jaccard"", ""overlapping_label_negative_weight"": 0.1, ""peak_catalog_limit"": 4096, ""peak_sample_size"": 10000, ""peak_selection_method"": ""permutation_label_invariant"", ""permutation_bank_size"": 7000, ""permutation_selection_attempts"": 64, ""permuted_peaks_per_view"": 3, ""preserve_input_normalization"": true, ""temperature"": 0.07}, ""target"": ""InfoNCELoss"", ""weight"": 0.001}}, ""heads"": {""molecule_vpu"": {""vpu"": {""params"": {""alpha"": 1.0, ""beta"": 1.0, ""consistency_weight"": 0.0, ""negative_weight"": 0.0, ""simulated_negative_weight"": 0.0}, ""target"": ""VariationalPULoss"", ""weight"": 0.2}}}, ""reconstruction"": {""masserstein"": {""target"": ""MassersteinLoss"", ""weight"": 1.0}}, ""regularization"": {""contractive"": {""params"": {""calculation_method"": ""exact_autograd_jacobian"", ""hinge_alpha"": 2.0, ""hinge_threshold"": 7.0, ""input_geometry"": ""fisher_rao"", ""latent_source"": ""auto"", ""penalized_space"": ""u"", ""penalty_metric"": ""spectral_plus_hinged""}, ""target"": ""ContractiveLoss"", ""weight"": 0.002}}}",{},True,True,unfrozen_head (axis-100-3000),P3_joint_overlap__unfrozen_head__axis_100_3000,"P3 joint + overlap, fine-tuned, unfrozen head, 100-3000 m/z",46,#BCBD22,solid,o,"{""axis"": ""axis-100-3000"", ""components"": ""combined"", ""overlap"": 1, ""rare"": 0, ""role"": ""unfrozen_head"", ""schedule"": ""joint"", ""variant"": ""P3_joint_overlap""}"
metaspace-pretrain-repaired-20260923-01__grid_0016__rep_02__unfrozen_head,metaspace-pretrain-repaired-20260923-01,task_000228,grid_0016,2,axis-100-3000,unfrozen_head,unfrozen_head,P3_joint_overlap,grid_0016__rep_02,"P3 joint + overlap, fine-tuned, unfrozen head, 100-3000 m/z",axis-100-3000/unfrozen_head,/home/max/repositories/MSIAutoEncoderWrapper/data/kidney_workspace/models/kidney/metaspace-pretrain-repaired-20260923-01__grid_0016__rep_02__unfrozen_head,2136253289,442265914,molecule_vpu,VariationalPULoss,"{""contrastive"": {""peak_permutation"": {""params"": {""annotation_bin_radius"": 0, ""negative_weighting_method"": ""multilabel_jaccard"", ""overlapping_label_negative_weight"": 0.1, ""peak_catalog_limit"": 4096, ""peak_sample_size"": 10000, ""peak_selection_method"": ""permutation_label_invariant"", ""permutation_bank_size"": 7000, ""permutation_selection_attempts"": 64, ""permuted_peaks_per_view"": 3, ""preserve_input_normalization"": true, ""temperature"": 0.07}, ""target"": ""InfoNCELoss"", ""weight"": 0.001}}, ""heads"": {""molecule_vpu"": {""vpu"": {""params"": {""alpha"": 1.0, ""beta"": 1.0, ""consistency_weight"": 0.0, ""negative_weight"": 0.0, ""simulated_negative_weight"": 0.0}, ""target"": ""VariationalPULoss"", ""weight"": 0.2}}}, ""reconstruction"": {""masserstein"": {""target"": ""MassersteinLoss"", ""weight"": 1.0}}, ""regularization"": {""contractive"": {""params"": {""calculation_method"": ""exact_autograd_jacobian"", ""hinge_alpha"": 2.0, ""hinge_threshold"": 7.0, ""input_geometry"": ""fisher_rao"", ""latent_source"": ""auto"", ""penalized_space"": ""u"", ""penalty_metric"": ""spectral_plus_hinged""}, ""target"": ""ContractiveLoss"", ""weight"": 0.002}}}",{},True,True,unfrozen_head (axis-100-3000),P3_joint_overlap__unfrozen_head__axis_100_3000,"P3 joint + overlap, fine-tuned, unfrozen head, 100-3000 m/z",46,#BCBD22,solid,o,"{""axis"": ""axis-100-3000"", ""components"": ""combined"", ""overlap"": 1, ""rare"": 0, ""role"": ""unfrozen_head"", ""schedule"": ""joint"", ""variant"": ""P3_joint_overlap""}"
metaspace-pretrain-repaired-20260923-01__grid_0016__rep_03__unfrozen_head,metaspace-pretrain-repaired-20260923-01,task_000231,grid_0016,3,axis-100-3000,unfrozen_head,unfrozen_head,P3_joint_overlap,grid_0016__rep_03,"P3 joint + overlap, fine-tuned, unfrozen head, 100-3000 m/z",axis-100-3000/unfrozen_head,/home/max/repositories/MSIAutoEncoderWrapper/data/kidney_workspace/models/kidney/metaspace-pretrain-repaired-20260923-01__grid_0016__rep_03__unfrozen_head,276187349,194761695,molecule_vpu,VariationalPULoss,"{""contrastive"": {""peak_permutation"": {""params"": {""annotation_bin_radius"": 0, ""negative_weighting_method"": ""multilabel_jaccard"", ""overlapping_label_negative_weight"": 0.1, ""peak_catalog_limit"": 4096, ""peak_sample_size"": 10000, ""peak_selection_method"": ""permutation_label_invariant"", ""permutation_bank_size"": 7000, ""permutation_selection_attempts"": 64, ""permuted_peaks_per_view"": 3, ""preserve_input_normalization"": true, ""temperature"": 0.07}, ""target"": ""InfoNCELoss"", ""weight"": 0.001}}, ""heads"": {""molecule_vpu"": {""vpu"": {""params"": {""alpha"": 1.0, ""beta"": 1.0, ""consistency_weight"": 0.0, ""negative_weight"": 0.0, ""simulated_negative_weight"": 0.0}, ""target"": ""VariationalPULoss"", ""weight"": 0.2}}}, ""reconstruction"": {""masserstein"": {""target"": ""MassersteinLoss"", ""weight"": 1.0}}, ""regularization"": {""contractive"": {""params"": {""calculation_method"": ""exact_autograd_jacobian"", ""hinge_alpha"": 2.0, ""hinge_threshold"": 7.0, ""input_geometry"": ""fisher_rao"", ""latent_source"": ""auto"", ""penalized_space"": ""u"", ""penalty_metric"": ""spectral_plus_hinged""}, ""target"": ""ContractiveLoss"", ""weight"": 0.002}}}",{},True,True,unfrozen_head (axis-100-3000),P3_joint_overlap__unfrozen_head__axis_100_3000,"P3 joint + overlap, fine-tuned, unfrozen head, 100-3000 m/z",46,#BCBD22,solid,o,"{""axis"": ""axis-100-3000"", ""components"": ""combined"", ""overlap"": 1, ""rare"": 0, ""role"": ""unfrozen_head"", ""schedule"": ""joint"", ""variant"": ""P3_joint_overlap""}"
metaspace-pretrain-repaired-20260923-01__grid_0016__rep_04__unfrozen_head,metaspace-pretrain-repaired-20260923-01,task_000234,grid_0016,4,axis-100-3000,unfrozen_head,unfrozen_head,P3_joint_overlap,grid_0016__rep_04,"P3 joint + overlap, fine-tuned, unfrozen head, 100-3000 m/z",axis-100-3000/unfrozen_head,/home/max/repositories/MSIAutoEncoderWrapper/data/kidney_workspace/models/kidney/metaspace-pretrain-repaired-20260923-01__grid_0016__rep_04__unfrozen_head,1915557887,1927548799,molecule_vpu,VariationalPULoss,"{""contrastive"": {""peak_permutation"": {""params"": {""annotation_bin_radius"": 0, ""negative_weighting_method"": ""multilabel_jaccard"", ""overlapping_label_negative_weight"": 0.1, ""peak_catalog_limit"": 4096, ""peak_sample_size"": 10000, ""peak_selection_method"": ""permutation_label_invariant"", ""permutation_bank_size"": 7000, ""permutation_selection_attempts"": 64, ""permuted_peaks_per_view"": 3, ""preserve_input_normalization"": true, ""temperature"": 0.07}, ""target"": ""InfoNCELoss"", ""weight"": 0.001}}, ""heads"": {""molecule_vpu"": {""vpu"": {""params"": {""alpha"": 1.0, ""beta"": 1.0, ""consistency_weight"": 0.0, ""negative_weight"": 0.0, ""simulated_negative_weight"": 0.0}, ""target"": ""VariationalPULoss"", ""weight"": 0.2}}}, ""reconstruction"": {""masserstein"": {""target"": ""MassersteinLoss"", ""weight"": 1.0}}, ""regularization"": {""contractive"": {""params"": {""calculation_method"": ""exact_autograd_jacobian"", ""hinge_alpha"": 2.0, ""hinge_threshold"": 7.0, ""input_geometry"": ""fisher_rao"", ""latent_source"": ""auto"", ""penalized_space"": ""u"", ""penalty_metric"": ""spectral_plus_hinged""}, ""target"": ""ContractiveLoss"", ""weight"": 0.002}}}",{},True,True,unfrozen_head (axis-100-3000),P3_joint_overlap__unfrozen_head__axis_100_3000,"P3 joint + overlap, fine-tuned, unfrozen head, 100-3000 m/z",46,#BCBD22,solid,o,"{""axis"": ""axis-100-3000"", ""components"": ""combined"", ""overlap"": 1, ""rare"": 0, ""role"": ""unfrozen_head"", ""schedule"": ""joint"", ""variant"": ""P3_joint_overlap""}"
metaspace-pretrain-repaired-20260923-01__grid_0017__rep_00__pretrained,metaspace-pretrain-repaired-20260923-01,task_000235,grid_0017,0,axis-100-3000,pretrained,pretrained,P3_staged_overlap,grid_0017__rep_00,"P3 staged + overlap, pretrained, 100-3000 m/z",axis-100-3000/pretrained,/home/max/repositories/MSIAutoEncoderWrapper/data/kidney_workspace/models/kidney/metaspace-pretrain-repaired-20260923-01__grid_0017__rep_00__pretrained,91154199,32238397,molecule_vpu,MultiLabelBCELoss,"{""contrastive"": {""peak_permutation"": {""params"": {""annotation_bin_radius"": 0, ""negative_weighting_method"": ""multilabel_jaccard"", ""overlapping_label_negative_weight"": 0.1, ""peak_catalog_limit"": 4096, ""peak_sample_size"": 10000, ""peak_selection_method"": ""permutation_label_invariant"", ""permutation_bank_size"": 7000, ""permutation_selection_attempts"": 64, ""permuted_peaks_per_view"": 3, ""preserve_input_normalization"": true, ""temperature"": 0.07}, ""target"": ""InfoNCELoss"", ""weight"": 0.001}}, ""heads"": {""molecule_vpu"": {""vpu"": {""params"": {""alpha"": 1.0, ""beta"": 1.0, ""consistency_weight"": 0.0, ""negative_weight"": 0.0, ""simulated_negative_weight"": 0.0}, ""target"": ""VariationalPULoss"", ""weight"": 0.2}}}, ""reconstruction"": {""masserstein"": {""target"": ""MassersteinLoss"", ""weight"": 1.0}}, ""regularization"": {""contractive"": {""params"": {""calculation_method"": ""exact_autograd_jacobian"", ""hinge_alpha"": 2.0, ""hinge_threshold"": 7.0, ""input_geometry"": ""fisher_rao"", ""latent_source"": ""auto"", ""penalized_space"": ""u"", ""penalty_metric"": ""spectral_plus_hinged""}, ""target"": ""ContractiveLoss"", ""weight"": 0.002}}}",{},True,True,pretrained (axis-100-3000),P3_staged_overlap__pretrained__axis_100_3000,"P3 staged + overlap, pretrained, 100-3000 m/z",47,#DBDB8D,dotted,^,"{""axis"": ""axis-100-3000"", ""components"": ""combined"", ""overlap"": 1, ""rare"": 0, ""role"": ""pretrained"", ""schedule"": ""staged"", ""variant"": ""P3_staged_overlap""}"
metaspace-pretrain-repaired-20260923-01__grid_0017__rep_01__pretrained,metaspace-pretrain-repaired-20260923-01,task_000238,grid_0017,1,axis-100-3000,pretrained,pretrained,P3_staged_overlap,grid_0017__rep_01,"P3 staged + overlap, pretrained, 100-3000 m/z",axis-100-3000/pretrained,/home/max/repositories/MSIAutoEncoderWrapper/data/kidney_workspace/models/kidney/metaspace-pretrain-repaired-20260923-01__grid_0017__rep_01__pretrained,919377028,892754137,molecule_vpu,MultiLabelBCELoss,"{""contrastive"": {""peak_permutation"": {""params"": {""annotation_bin_radius"": 0, ""negative_weighting_method"": ""multilabel_jaccard"", ""overlapping_label_negative_weight"": 0.1, ""peak_catalog_limit"": 4096, ""peak_sample_size"": 10000, ""peak_selection_method"": ""permutation_label_invariant"", ""permutation_bank_size"": 7000, ""permutation_selection_attempts"": 64, ""permuted_peaks_per_view"": 3, ""preserve_input_normalization"": true, ""temperature"": 0.07}, ""target"": ""InfoNCELoss"", ""weight"": 0.001}}, ""heads"": {""molecule_vpu"": {""vpu"": {""params"": {""alpha"": 1.0, ""beta"": 1.0, ""consistency_weight"": 0.0, ""negative_weight"": 0.0, ""simulated_negative_weight"": 0.0}, ""target"": ""VariationalPULoss"", ""weight"": 0.2}}}, ""reconstruction"": {""masserstein"": {""target"": ""MassersteinLoss"", ""weight"": 1.0}}, ""regularization"": {""contractive"": {""params"": {""calculation_method"": ""exact_autograd_jacobian"", ""hinge_alpha"": 2.0, ""hinge_threshold"": 7.0, ""input_geometry"": ""fisher_rao"", ""latent_source"": ""auto"", ""penalized_space"": ""u"", ""penalty_metric"": ""spectral_plus_hinged""}, ""target"": ""ContractiveLoss"", ""weight"": 0.002}}}",{},True,True,pretrained (axis-100-3000),P3_staged_overlap__pretrained__axis_100_3000,"P3 staged + overlap, pretrained, 100-3000 m/z",47,#DBDB8D,dotted,^,"{""axis"": ""axis-100-3000"", ""components"": ""combined"", ""overlap"": 1, ""rare"": 0, ""role"": ""pretrained"", ""schedule"": ""staged"", ""variant"": ""P3_staged_overlap""}"
metaspace-pretrain-repaired-20260923-01__grid_0017__rep_02__pretrained,metaspace-pretrain-repaired-20260923-01,task_000241,grid_0017,2,axis-100-3000,pretrained,pretrained,P3_staged_overlap,grid_0017__rep_02,"P3 staged + overlap, pretrained, 100-3000 m/z",axis-100-3000/pretrained,/home/max/repositories/MSIAutoEncoderWrapper/data/kidney_workspace/models/kidney/metaspace-pretrain-repaired-20260923-01__grid_0017__rep_02__pretrained,2136253289,442265914,molecule_vpu,MultiLabelBCELoss,"{""contrastive"": {""peak_permutation"": {""params"": {""annotation_bin_radius"": 0, ""negative_weighting_method"": ""multilabel_jaccard"", ""overlapping_label_negative_weight"": 0.1, ""peak_catalog_limit"": 4096, ""peak_sample_size"": 10000, ""peak_selection_method"": ""permutation_label_invariant"", ""permutation_bank_size"": 7000, ""permutation_selection_attempts"": 64, ""permuted_peaks_per_view"": 3, ""preserve_input_normalization"": true, ""temperature"": 0.07}, ""target"": ""InfoNCELoss"", ""weight"": 0.001}}, ""heads"": {""molecule_vpu"": {""vpu"": {""params"": {""alpha"": 1.0, ""beta"": 1.0, ""consistency_weight"": 0.0, ""negative_weight"": 0.0, ""simulated_negative_weight"": 0.0}, ""target"": ""VariationalPULoss"", ""weight"": 0.2}}}, ""reconstruction"": {""masserstein"": {""target"": ""MassersteinLoss"", ""weight"": 1.0}}, ""regularization"": {""contractive"": {""params"": {""calculation_method"": ""exact_autograd_jacobian"", ""hinge_alpha"": 2.0, ""hinge_threshold"": 7.0, ""input_geometry"": ""fisher_rao"", ""latent_source"": ""auto"", ""penalized_space"": ""u"", ""penalty_metric"": ""spectral_plus_hinged""}, ""target"": ""ContractiveLoss"", ""weight"": 0.002}}}",{},True,True,pretrained (axis-100-3000),P3_staged_overlap__pretrained__axis_100_3000,"P3 staged + overlap, pretrained, 100-3000 m/z",47,#DBDB8D,dotted,^,"{""axis"": ""axis-100-3000"", ""components"": ""combined"", ""overlap"": 1, ""rare"": 0, ""role"": ""pretrained"", ""schedule"": ""staged"", ""variant"": ""P3_staged_overlap""}"
metaspace-pretrain-repaired-20260923-01__grid_0017__rep_03__pretrained,metaspace-pretrain-repaired-20260923-01,task_000244,grid_0017,3,axis-100-3000,pretrained,pretrained,P3_staged_overlap,grid_0017__rep_03,"P3 staged + overlap, pretrained, 100-3000 m/z",axis-100-3000/pretrained,/home/max/repositories/MSIAutoEncoderWrapper/data/kidney_workspace/models/kidney/metaspace-pretrain-repaired-20260923-01__grid_0017__rep_03__pretrained,276187349,194761695,molecule_vpu,MultiLabelBCELoss,"{""contrastive"": {""peak_permutation"": {""params"": {""annotation_bin_radius"": 0, ""negative_weighting_method"": ""multilabel_jaccard"", ""overlapping_label_negative_weight"": 0.1, ""peak_catalog_limit"": 4096, ""peak_sample_size"": 10000, ""peak_selection_method"": ""permutation_label_invariant"", ""permutation_bank_size"": 7000, ""permutation_selection_attempts"": 64, ""permuted_peaks_per_view"": 3, ""preserve_input_normalization"": true, ""temperature"": 0.07}, ""target"": ""InfoNCELoss"", ""weight"": 0.001}}, ""heads"": {""molecule_vpu"": {""vpu"": {""params"": {""alpha"": 1.0, ""beta"": 1.0, ""consistency_weight"": 0.0, ""negative_weight"": 0.0, ""simulated_negative_weight"": 0.0}, ""target"": ""VariationalPULoss"", ""weight"": 0.2}}}, ""reconstruction"": {""masserstein"": {""target"": ""MassersteinLoss"", ""weight"": 1.0}}, ""regularization"": {""contractive"": {""params"": {""calculation_method"": ""exact_autograd_jacobian"", ""hinge_alpha"": 2.0, ""hinge_threshold"": 7.0, ""input_geometry"": ""fisher_rao"", ""latent_source"": ""auto"", ""penalized_space"": ""u"", ""penalty_metric"": ""spectral_plus_hinged""}, ""target"": ""ContractiveLoss"", ""weight"": 0.002}}}",{},True,True,pretrained (axis-100-3000),P3_staged_overlap__pretrained__axis_100_3000,"P3 staged + overlap, pretrained, 100-3000 m/z",47,#DBDB8D,dotted,^,"{""axis"": ""axis-100-3000"", ""components"": ""combined"", ""overlap"": 1, ""rare"": 0, ""role"": ""pretrained"", ""schedule"": ""staged"", ""variant"": ""P3_staged_overlap""}"
metaspace-pretrain-repaired-20260923-01__grid_0017__rep_04__pretrained,metaspace-pretrain-repaired-20260923-01,task_000247,grid_0017,4,axis-100-3000,pretrained,pretrained,P3_staged_overlap,grid_0017__rep_04,"P3 staged + overlap, pretrained, 100-3000 m/z",axis-100-3000/pretrained,/home/max/repositories/MSIAutoEncoderWrapper/data/kidney_workspace/models/kidney/metaspace-pretrain-repaired-20260923-01__grid_0017__rep_04__pretrained,1915557887,1927548799,molecule_vpu,MultiLabelBCELoss,"{""contrastive"": {""peak_permutation"": {""params"": {""annotation_bin_radius"": 0, ""negative_weighting_method"": ""multilabel_jaccard"", ""overlapping_label_negative_weight"": 0.1, ""peak_catalog_limit"": 4096, ""peak_sample_size"": 10000, ""peak_selection_method"": ""permutation_label_invariant"", ""permutation_bank_size"": 7000, ""permutation_selection_attempts"": 64, ""permuted_peaks_per_view"": 3, ""preserve_input_normalization"": true, ""temperature"": 0.07}, ""target"": ""InfoNCELoss"", ""weight"": 0.001}}, ""heads"": {""molecule_vpu"": {""vpu"": {""params"": {""alpha"": 1.0, ""beta"": 1.0, ""consistency_weight"": 0.0, ""negative_weight"": 0.0, ""simulated_negative_weight"": 0.0}, ""target"": ""VariationalPULoss"", ""weight"": 0.2}}}, ""reconstruction"": {""masserstein"": {""target"": ""MassersteinLoss"", ""weight"": 1.0}}, ""regularization"": {""contractive"": {""params"": {""calculation_method"": ""exact_autograd_jacobian"", ""hinge_alpha"": 2.0, ""hinge_threshold"": 7.0, ""input_geometry"": ""fisher_rao"", ""latent_source"": ""auto"", ""penalized_space"": ""u"", ""penalty_metric"": ""spectral_plus_hinged""}, ""target"": ""ContractiveLoss"", ""weight"": 0.002}}}",{},True,True,pretrained (axis-100-3000),P3_staged_overlap__pretrained__axis_100_3000,"P3 staged + overlap, pretrained, 100-3000 m/z",47,#DBDB8D,dotted,^,"{""axis"": ""axis-100-3000"", ""components"": ""combined"", ""overlap"": 1, ""rare"": 0, ""role"": ""pretrained"", ""schedule"": ""staged"", ""variant"": ""P3_staged_overlap""}"
metaspace-pretrain-repaired-20260923-01__grid_0017__rep_00__frozen_head,metaspace-pretrain-repaired-20260923-01,task_000236,grid_0017,0,axis-100-3000,frozen_head,frozen_head,P3_staged_overlap,grid_0017__rep_00,"P3 staged + overlap, fine-tuned, frozen head, 100-3000 m/z",axis-100-3000/frozen_head,/home/max/repositories/MSIAutoEncoderWrapper/data/kidney_workspace/models/kidney/metaspace-pretrain-repaired-20260923-01__grid_0017__rep_00__frozen_head,91154199,32238397,molecule_vpu,MultiLabelBCELoss,"{""contrastive"": {""peak_permutation"": {""params"": {""annotation_bin_radius"": 0, ""negative_weighting_method"": ""multilabel_jaccard"", ""overlapping_label_negative_weight"": 0.1, ""peak_catalog_limit"": 4096, ""peak_sample_size"": 10000, ""peak_selection_method"": ""permutation_label_invariant"", ""permutation_bank_size"": 7000, ""permutation_selection_attempts"": 64, ""permuted_peaks_per_view"": 3, ""preserve_input_normalization"": true, ""temperature"": 0.07}, ""target"": ""InfoNCELoss"", ""weight"": 0.001}}, ""heads"": {""molecule_vpu"": {""vpu"": {""params"": {""alpha"": 1.0, ""beta"": 1.0, ""consistency_weight"": 0.0, ""negative_weight"": 0.0, ""simulated_negative_weight"": 0.0}, ""target"": ""VariationalPULoss"", ""weight"": 0.2}}}, ""reconstruction"": {""masserstein"": {""target"": ""MassersteinLoss"", ""weight"": 1.0}}, ""regularization"": {""contractive"": {""params"": {""calculation_method"": ""exact_autograd_jacobian"", ""hinge_alpha"": 2.0, ""hinge_threshold"": 7.0, ""input_geometry"": ""fisher_rao"", ""latent_source"": ""auto"", ""penalized_space"": ""u"", ""penalty_metric"": ""spectral_plus_hinged""}, ""target"": ""ContractiveLoss"", ""weight"": 0.002}}}",{},True,True,frozen_head (axis-100-3000),P3_staged_overlap__frozen_head__axis_100_3000,"P3 staged + overlap, fine-tuned, frozen head, 100-3000 m/z",48,#DBDB8D,dashed,s,"{""axis"": ""axis-100-3000"", ""components"": ""combined"", ""overlap"": 1, ""rare"": 0, ""role"": ""frozen_head"", ""schedule"": ""staged"", ""variant"": ""P3_staged_overlap""}"
metaspace-pretrain-repaired-20260923-01__grid_0017__rep_01__frozen_head,metaspace-pretrain-repaired-20260923-01,task_000239,grid_0017,1,axis-100-3000,frozen_head,frozen_head,P3_staged_overlap,grid_0017__rep_01,"P3 staged + overlap, fine-tuned, frozen head, 100-3000 m/z",axis-100-3000/frozen_head,/home/max/repositories/MSIAutoEncoderWrapper/data/kidney_workspace/models/kidney/metaspace-pretrain-repaired-20260923-01__grid_0017__rep_01__frozen_head,919377028,892754137,molecule_vpu,MultiLabelBCELoss,"{""contrastive"": {""peak_permutation"": {""params"": {""annotation_bin_radius"": 0, ""negative_weighting_method"": ""multilabel_jaccard"", ""overlapping_label_negative_weight"": 0.1, ""peak_catalog_limit"": 4096, ""peak_sample_size"": 10000, ""peak_selection_method"": ""permutation_label_invariant"", ""permutation_bank_size"": 7000, ""permutation_selection_attempts"": 64, ""permuted_peaks_per_view"": 3, ""preserve_input_normalization"": true, ""temperature"": 0.07}, ""target"": ""InfoNCELoss"", ""weight"": 0.001}}, ""heads"": {""molecule_vpu"": {""vpu"": {""params"": {""alpha"": 1.0, ""beta"": 1.0, ""consistency_weight"": 0.0, ""negative_weight"": 0.0, ""simulated_negative_weight"": 0.0}, ""target"": ""VariationalPULoss"", ""weight"": 0.2}}}, ""reconstruction"": {""masserstein"": {""target"": ""MassersteinLoss"", ""weight"": 1.0}}, ""regularization"": {""contractive"": {""params"": {""calculation_method"": ""exact_autograd_jacobian"", ""hinge_alpha"": 2.0, ""hinge_threshold"": 7.0, ""input_geometry"": ""fisher_rao"", ""latent_source"": ""auto"", ""penalized_space"": ""u"", ""penalty_metric"": ""spectral_plus_hinged""}, ""target"": ""ContractiveLoss"", ""weight"": 0.002}}}",{},True,True,frozen_head (axis-100-3000),P3_staged_overlap__frozen_head__axis_100_3000,"P3 staged + overlap, fine-tuned, frozen head, 100-3000 m/z",48,#DBDB8D,dashed,s,"{""axis"": ""axis-100-3000"", ""components"": ""combined"", ""overlap"": 1, ""rare"": 0, ""role"": ""frozen_head"", ""schedule"": ""staged"", ""variant"": ""P3_staged_overlap""}"
metaspace-pretrain-repaired-20260923-01__grid_0017__rep_02__frozen_head,metaspace-pretrain-repaired-20260923-01,task_000242,grid_0017,2,axis-100-3000,frozen_head,frozen_head,P3_staged_overlap,grid_0017__rep_02,"P3 staged + overlap, fine-tuned, frozen head, 100-3000 m/z",axis-100-3000/frozen_head,/home/max/repositories/MSIAutoEncoderWrapper/data/kidney_workspace/models/kidney/metaspace-pretrain-repaired-20260923-01__grid_0017__rep_02__frozen_head,2136253289,442265914,molecule_vpu,MultiLabelBCELoss,"{""contrastive"": {""peak_permutation"": {""params"": {""annotation_bin_radius"": 0, ""negative_weighting_method"": ""multilabel_jaccard"", ""overlapping_label_negative_weight"": 0.1, ""peak_catalog_limit"": 4096, ""peak_sample_size"": 10000, ""peak_selection_method"": ""permutation_label_invariant"", ""permutation_bank_size"": 7000, ""permutation_selection_attempts"": 64, ""permuted_peaks_per_view"": 3, ""preserve_input_normalization"": true, ""temperature"": 0.07}, ""target"": ""InfoNCELoss"", ""weight"": 0.001}}, ""heads"": {""molecule_vpu"": {""vpu"": {""params"": {""alpha"": 1.0, ""beta"": 1.0, ""consistency_weight"": 0.0, ""negative_weight"": 0.0, ""simulated_negative_weight"": 0.0}, ""target"": ""VariationalPULoss"", ""weight"": 0.2}}}, ""reconstruction"": {""masserstein"": {""target"": ""MassersteinLoss"", ""weight"": 1.0}}, ""regularization"": {""contractive"": {""params"": {""calculation_method"": ""exact_autograd_jacobian"", ""hinge_alpha"": 2.0, ""hinge_threshold"": 7.0, ""input_geometry"": ""fisher_rao"", ""latent_source"": ""auto"", ""penalized_space"": ""u"", ""penalty_metric"": ""spectral_plus_hinged""}, ""target"": ""ContractiveLoss"", ""weight"": 0.002}}}",{},True,True,frozen_head (axis-100-3000),P3_staged_overlap__frozen_head__axis_100_3000,"P3 staged + overlap, fine-tuned, frozen head, 100-3000 m/z",48,#DBDB8D,dashed,s,"{""axis"": ""axis-100-3000"", ""components"": ""combined"", ""overlap"": 1, ""rare"": 0, ""role"": ""frozen_head"", ""schedule"": ""staged"", ""variant"": ""P3_staged_overlap""}"
metaspace-pretrain-repaired-20260923-01__grid_0017__rep_03__frozen_head,metaspace-pretrain-repaired-20260923-01,task_000245,grid_0017,3,axis-100-3000,frozen_head,frozen_head,P3_staged_overlap,grid_0017__rep_03,"P3 staged + overlap, fine-tuned, frozen head, 100-3000 m/z",axis-100-3000/frozen_head,/home/max/repositories/MSIAutoEncoderWrapper/data/kidney_workspace/models/kidney/metaspace-pretrain-repaired-20260923-01__grid_0017__rep_03__frozen_head,276187349,194761695,molecule_vpu,MultiLabelBCELoss,"{""contrastive"": {""peak_permutation"": {""params"": {""annotation_bin_radius"": 0, ""negative_weighting_method"": ""multilabel_jaccard"", ""overlapping_label_negative_weight"": 0.1, ""peak_catalog_limit"": 4096, ""peak_sample_size"": 10000, ""peak_selection_method"": ""permutation_label_invariant"", ""permutation_bank_size"": 7000, ""permutation_selection_attempts"": 64, ""permuted_peaks_per_view"": 3, ""preserve_input_normalization"": true, ""temperature"": 0.07}, ""target"": ""InfoNCELoss"", ""weight"": 0.001}}, ""heads"": {""molecule_vpu"": {""vpu"": {""params"": {""alpha"": 1.0, ""beta"": 1.0, ""consistency_weight"": 0.0, ""negative_weight"": 0.0, ""simulated_negative_weight"": 0.0}, ""target"": ""VariationalPULoss"", ""weight"": 0.2}}}, ""reconstruction"": {""masserstein"": {""target"": ""MassersteinLoss"", ""weight"": 1.0}}, ""regularization"": {""contractive"": {""params"": {""calculation_method"": ""exact_autograd_jacobian"", ""hinge_alpha"": 2.0, ""hinge_threshold"": 7.0, ""input_geometry"": ""fisher_rao"", ""latent_source"": ""auto"", ""penalized_space"": ""u"", ""penalty_metric"": ""spectral_plus_hinged""}, ""target"": ""ContractiveLoss"", ""weight"": 0.002}}}",{},True,True,frozen_head (axis-100-3000),P3_staged_overlap__frozen_head__axis_100_3000,"P3 staged + overlap, fine-tuned, frozen head, 100-3000 m/z",48,#DBDB8D,dashed,s,"{""axis"": ""axis-100-3000"", ""components"": ""combined"", ""overlap"": 1, ""rare"": 0, ""role"": ""frozen_head"", ""schedule"": ""staged"", ""variant"": ""P3_staged_overlap""}"
metaspace-pretrain-repaired-20260923-01__grid_0017__rep_04__frozen_head,metaspace-pretrain-repaired-20260923-01,task_000248,grid_0017,4,axis-100-3000,frozen_head,frozen_head,P3_staged_overlap,grid_0017__rep_04,"P3 staged + overlap, fine-tuned, frozen head, 100-3000 m/z",axis-100-3000/frozen_head,/home/max/repositories/MSIAutoEncoderWrapper/data/kidney_workspace/models/kidney/metaspace-pretrain-repaired-20260923-01__grid_0017__rep_04__frozen_head,1915557887,1927548799,molecule_vpu,MultiLabelBCELoss,"{""contrastive"": {""peak_permutation"": {""params"": {""annotation_bin_radius"": 0, ""negative_weighting_method"": ""multilabel_jaccard"", ""overlapping_label_negative_weight"": 0.1, ""peak_catalog_limit"": 4096, ""peak_sample_size"": 10000, ""peak_selection_method"": ""permutation_label_invariant"", ""permutation_bank_size"": 7000, ""permutation_selection_attempts"": 64, ""permuted_peaks_per_view"": 3, ""preserve_input_normalization"": true, ""temperature"": 0.07}, ""target"": ""InfoNCELoss"", ""weight"": 0.001}}, ""heads"": {""molecule_vpu"": {""vpu"": {""params"": {""alpha"": 1.0, ""beta"": 1.0, ""consistency_weight"": 0.0, ""negative_weight"": 0.0, ""simulated_negative_weight"": 0.0}, ""target"": ""VariationalPULoss"", ""weight"": 0.2}}}, ""reconstruction"": {""masserstein"": {""target"": ""MassersteinLoss"", ""weight"": 1.0}}, ""regularization"": {""contractive"": {""params"": {""calculation_method"": ""exact_autograd_jacobian"", ""hinge_alpha"": 2.0, ""hinge_threshold"": 7.0, ""input_geometry"": ""fisher_rao"", ""latent_source"": ""auto"", ""penalized_space"": ""u"", ""penalty_metric"": ""spectral_plus_hinged""}, ""target"": ""ContractiveLoss"", ""weight"": 0.002}}}",{},True,True,frozen_head (axis-100-3000),P3_staged_overlap__frozen_head__axis_100_3000,"P3 staged + overlap, fine-tuned, frozen head, 100-3000 m/z",48,#DBDB8D,dashed,s,"{""axis"": ""axis-100-3000"", ""components"": ""combined"", ""overlap"": 1, ""rare"": 0, ""role"": ""frozen_head"", ""schedule"": ""staged"", ""variant"": ""P3_staged_overlap""}"
metaspace-pretrain-repaired-20260923-01__grid_0017__rep_00__unfrozen_head,metaspace-pretrain-repaired-20260923-01,task_000237,grid_0017,0,axis-100-3000,unfrozen_head,unfrozen_head,P3_staged_overlap,grid_0017__rep_00,"P3 staged + overlap, fine-tuned, unfrozen head, 100-3000 m/z",axis-100-3000/unfrozen_head,/home/max/repositories/MSIAutoEncoderWrapper/data/kidney_workspace/models/kidney/metaspace-pretrain-repaired-20260923-01__grid_0017__rep_00__unfrozen_head,91154199,32238397,molecule_vpu,VariationalPULoss,"{""contrastive"": {""peak_permutation"": {""params"": {""annotation_bin_radius"": 0, ""negative_weighting_method"": ""multilabel_jaccard"", ""overlapping_label_negative_weight"": 0.1, ""peak_catalog_limit"": 4096, ""peak_sample_size"": 10000, ""peak_selection_method"": ""permutation_label_invariant"", ""permutation_bank_size"": 7000, ""permutation_selection_attempts"": 64, ""permuted_peaks_per_view"": 3, ""preserve_input_normalization"": true, ""temperature"": 0.07}, ""target"": ""InfoNCELoss"", ""weight"": 0.001}}, ""heads"": {""molecule_vpu"": {""vpu"": {""params"": {""alpha"": 1.0, ""beta"": 1.0, ""consistency_weight"": 0.0, ""negative_weight"": 0.0, ""simulated_negative_weight"": 0.0}, ""target"": ""VariationalPULoss"", ""weight"": 0.2}}}, ""reconstruction"": {""masserstein"": {""target"": ""MassersteinLoss"", ""weight"": 1.0}}, ""regularization"": {""contractive"": {""params"": {""calculation_method"": ""exact_autograd_jacobian"", ""hinge_alpha"": 2.0, ""hinge_threshold"": 7.0, ""input_geometry"": ""fisher_rao"", ""latent_source"": ""auto"", ""penalized_space"": ""u"", ""penalty_metric"": ""spectral_plus_hinged""}, ""target"": ""ContractiveLoss"", ""weight"": 0.002}}}",{},True,True,unfrozen_head (axis-100-3000),P3_staged_overlap__unfrozen_head__axis_100_3000,"P3 staged + overlap, fine-tuned, unfrozen head, 100-3000 m/z",49,#DBDB8D,solid,o,"{""axis"": ""axis-100-3000"", ""components"": ""combined"", ""overlap"": 1, ""rare"": 0, ""role"": ""unfrozen_head"", ""schedule"": ""staged"", ""variant"": ""P3_staged_overlap""}"
metaspace-pretrain-repaired-20260923-01__grid_0017__rep_01__unfrozen_head,metaspace-pretrain-repaired-20260923-01,task_000240,grid_0017,1,axis-100-3000,unfrozen_head,unfrozen_head,P3_staged_overlap,grid_0017__rep_01,"P3 staged + overlap, fine-tuned, unfrozen head, 100-3000 m/z",axis-100-3000/unfrozen_head,/home/max/repositories/MSIAutoEncoderWrapper/data/kidney_workspace/models/kidney/metaspace-pretrain-repaired-20260923-01__grid_0017__rep_01__unfrozen_head,919377028,892754137,molecule_vpu,VariationalPULoss,"{""contrastive"": {""peak_permutation"": {""params"": {""annotation_bin_radius"": 0, ""negative_weighting_method"": ""multilabel_jaccard"", ""overlapping_label_negative_weight"": 0.1, ""peak_catalog_limit"": 4096, ""peak_sample_size"": 10000, ""peak_selection_method"": ""permutation_label_invariant"", ""permutation_bank_size"": 7000, ""permutation_selection_attempts"": 64, ""permuted_peaks_per_view"": 3, ""preserve_input_normalization"": true, ""temperature"": 0.07}, ""target"": ""InfoNCELoss"", ""weight"": 0.001}}, ""heads"": {""molecule_vpu"": {""vpu"": {""params"": {""alpha"": 1.0, ""beta"": 1.0, ""consistency_weight"": 0.0, ""negative_weight"": 0.0, ""simulated_negative_weight"": 0.0}, ""target"": ""VariationalPULoss"", ""weight"": 0.2}}}, ""reconstruction"": {""masserstein"": {""target"": ""MassersteinLoss"", ""weight"": 1.0}}, ""regularization"": {""contractive"": {""params"": {""calculation_method"": ""exact_autograd_jacobian"", ""hinge_alpha"": 2.0, ""hinge_threshold"": 7.0, ""input_geometry"": ""fisher_rao"", ""latent_source"": ""auto"", ""penalized_space"": ""u"", ""penalty_metric"": ""spectral_plus_hinged""}, ""target"": ""ContractiveLoss"", ""weight"": 0.002}}}",{},True,True,unfrozen_head (axis-100-3000),P3_staged_overlap__unfrozen_head__axis_100_3000,"P3 staged + overlap, fine-tuned, unfrozen head, 100-3000 m/z",49,#DBDB8D,solid,o,"{""axis"": ""axis-100-3000"", ""components"": ""combined"", ""overlap"": 1, ""rare"": 0, ""role"": ""unfrozen_head"", ""schedule"": ""staged"", ""variant"": ""P3_staged_overlap""}"
metaspace-pretrain-repaired-20260923-01__grid_0017__rep_02__unfrozen_head,metaspace-pretrain-repaired-20260923-01,task_000243,grid_0017,2,axis-100-3000,unfrozen_head,unfrozen_head,P3_staged_overlap,grid_0017__rep_02,"P3 staged + overlap, fine-tuned, unfrozen head, 100-3000 m/z",axis-100-3000/unfrozen_head,/home/max/repositories/MSIAutoEncoderWrapper/data/kidney_workspace/models/kidney/metaspace-pretrain-repaired-20260923-01__grid_0017__rep_02__unfrozen_head,2136253289,442265914,molecule_vpu,VariationalPULoss,"{""contrastive"": {""peak_permutation"": {""params"": {""annotation_bin_radius"": 0, ""negative_weighting_method"": ""multilabel_jaccard"", ""overlapping_label_negative_weight"": 0.1, ""peak_catalog_limit"": 4096, ""peak_sample_size"": 10000, ""peak_selection_method"": ""permutation_label_invariant"", ""permutation_bank_size"": 7000, ""permutation_selection_attempts"": 64, ""permuted_peaks_per_view"": 3, ""preserve_input_normalization"": true, ""temperature"": 0.07}, ""target"": ""InfoNCELoss"", ""weight"": 0.001}}, ""heads"": {""molecule_vpu"": {""vpu"": {""params"": {""alpha"": 1.0, ""beta"": 1.0, ""consistency_weight"": 0.0, ""negative_weight"": 0.0, ""simulated_negative_weight"": 0.0}, ""target"": ""VariationalPULoss"", ""weight"": 0.2}}}, ""reconstruction"": {""masserstein"": {""target"": ""MassersteinLoss"", ""weight"": 1.0}}, ""regularization"": {""contractive"": {""params"": {""calculation_method"": ""exact_autograd_jacobian"", ""hinge_alpha"": 2.0, ""hinge_threshold"": 7.0, ""input_geometry"": ""fisher_rao"", ""latent_source"": ""auto"", ""penalized_space"": ""u"", ""penalty_metric"": ""spectral_plus_hinged""}, ""target"": ""ContractiveLoss"", ""weight"": 0.002}}}",{},True,True,unfrozen_head (axis-100-3000),P3_staged_overlap__unfrozen_head__axis_100_3000,"P3 staged + overlap, fine-tuned, unfrozen head, 100-3000 m/z",49,#DBDB8D,solid,o,"{""axis"": ""axis-100-3000"", ""components"": ""combined"", ""overlap"": 1, ""rare"": 0, ""role"": ""unfrozen_head"", ""schedule"": ""staged"", ""variant"": ""P3_staged_overlap""}"
metaspace-pretrain-repaired-20260923-01__grid_0017__rep_03__unfrozen_head,metaspace-pretrain-repaired-20260923-01,task_000246,grid_0017,3,axis-100-3000,unfrozen_head,unfrozen_head,P3_staged_overlap,grid_0017__rep_03,"P3 staged + overlap, fine-tuned, unfrozen head, 100-3000 m/z",axis-100-3000/unfrozen_head,/home/max/repositories/MSIAutoEncoderWrapper/data/kidney_workspace/models/kidney/metaspace-pretrain-repaired-20260923-01__grid_0017__rep_03__unfrozen_head,276187349,194761695,molecule_vpu,VariationalPULoss,"{""contrastive"": {""peak_permutation"": {""params"": {""annotation_bin_radius"": 0, ""negative_weighting_method"": ""multilabel_jaccard"", ""overlapping_label_negative_weight"": 0.1, ""peak_catalog_limit"": 4096, ""peak_sample_size"": 10000, ""peak_selection_method"": ""permutation_label_invariant"", ""permutation_bank_size"": 7000, ""permutation_selection_attempts"": 64, ""permuted_peaks_per_view"": 3, ""preserve_input_normalization"": true, ""temperature"": 0.07}, ""target"": ""InfoNCELoss"", ""weight"": 0.001}}, ""heads"": {""molecule_vpu"": {""vpu"": {""params"": {""alpha"": 1.0, ""beta"": 1.0, ""consistency_weight"": 0.0, ""negative_weight"": 0.0, ""simulated_negative_weight"": 0.0}, ""target"": ""VariationalPULoss"", ""weight"": 0.2}}}, ""reconstruction"": {""masserstein"": {""target"": ""MassersteinLoss"", ""weight"": 1.0}}, ""regularization"": {""contractive"": {""params"": {""calculation_method"": ""exact_autograd_jacobian"", ""hinge_alpha"": 2.0, ""hinge_threshold"": 7.0, ""input_geometry"": ""fisher_rao"", ""latent_source"": ""auto"", ""penalized_space"": ""u"", ""penalty_metric"": ""spectral_plus_hinged""}, ""target"": ""ContractiveLoss"", ""weight"": 0.002}}}",{},True,True,unfrozen_head (axis-100-3000),P3_staged_overlap__unfrozen_head__axis_100_3000,"P3 staged + overlap, fine-tuned, unfrozen head, 100-3000 m/z",49,#DBDB8D,solid,o,"{""axis"": ""axis-100-3000"", ""components"": ""combined"", ""overlap"": 1, ""rare"": 0, ""role"": ""unfrozen_head"", ""schedule"": ""staged"", ""variant"": ""P3_staged_overlap""}"
metaspace-pretrain-repaired-20260923-01__grid_0017__rep_04__unfrozen_head,metaspace-pretrain-repaired-20260923-01,task_000249,grid_0017,4,axis-100-3000,unfrozen_head,unfrozen_head,P3_staged_overlap,grid_0017__rep_04,"P3 staged + overlap, fine-tuned, unfrozen head, 100-3000 m/z",axis-100-3000/unfrozen_head,/home/max/repositories/MSIAutoEncoderWrapper/data/kidney_workspace/models/kidney/metaspace-pretrain-repaired-20260923-01__grid_0017__rep_04__unfrozen_head,1915557887,1927548799,molecule_vpu,VariationalPULoss,"{""contrastive"": {""peak_permutation"": {""params"": {""annotation_bin_radius"": 0, ""negative_weighting_method"": ""multilabel_jaccard"", ""overlapping_label_negative_weight"": 0.1, ""peak_catalog_limit"": 4096, ""peak_sample_size"": 10000, ""peak_selection_method"": ""permutation_label_invariant"", ""permutation_bank_size"": 7000, ""permutation_selection_attempts"": 64, ""permuted_peaks_per_view"": 3, ""preserve_input_normalization"": true, ""temperature"": 0.07}, ""target"": ""InfoNCELoss"", ""weight"": 0.001}}, ""heads"": {""molecule_vpu"": {""vpu"": {""params"": {""alpha"": 1.0, ""beta"": 1.0, ""consistency_weight"": 0.0, ""negative_weight"": 0.0, ""simulated_negative_weight"": 0.0}, ""target"": ""VariationalPULoss"", ""weight"": 0.2}}}, ""reconstruction"": {""masserstein"": {""target"": ""MassersteinLoss"", ""weight"": 1.0}}, ""regularization"": {""contractive"": {""params"": {""calculation_method"": ""exact_autograd_jacobian"", ""hinge_alpha"": 2.0, ""hinge_threshold"": 7.0, ""input_geometry"": ""fisher_rao"", ""latent_source"": ""auto"", ""penalized_space"": ""u"", ""penalty_metric"": ""spectral_plus_hinged""}, ""target"": ""ContractiveLoss"", ""weight"": 0.002}}}",{},True,True,unfrozen_head (axis-100-3000),P3_staged_overlap__unfrozen_head__axis_100_3000,"P3 staged + overlap, fine-tuned, unfrozen head, 100-3000 m/z",49,#DBDB8D,solid,o,"{""axis"": ""axis-100-3000"", ""components"": ""combined"", ""overlap"": 1, ""rare"": 0, ""role"": ""unfrozen_head"", ""schedule"": ""staged"", ""variant"": ""P3_staged_overlap""}"
metaspace-pretrain-repaired-20260923-01__grid_0018__rep_00__pretrained,metaspace-pretrain-repaired-20260923-01,task_000250,grid_0018,0,axis-100-3000,pretrained,pretrained,P4_joint_rare,grid_0018__rep_00,"P4 joint + rare, pretrained, 100-3000 m/z",axis-100-3000/pretrained,/home/max/repositories/MSIAutoEncoderWrapper/data/kidney_workspace/models/kidney/metaspace-pretrain-repaired-20260923-01__grid_0018__rep_00__pretrained,91154199,32238397,molecule_vpu,MultiLabelBCELoss,"{""contrastive"": {""peak_permutation"": {""params"": {""annotation_bin_radius"": 0, ""negative_weighting_method"": ""multilabel_jaccard"", ""overlapping_label_negative_weight"": 0.1, ""peak_catalog_limit"": 4096, ""peak_sample_size"": 10000, ""peak_selection_method"": ""permutation_label_invariant"", ""permutation_bank_size"": 7000, ""permutation_selection_attempts"": 64, ""permuted_peaks_per_view"": 3, ""preserve_input_normalization"": true, ""temperature"": 0.07}, ""target"": ""InfoNCELoss"", ""weight"": 0.001}}, ""heads"": {""molecule_vpu"": {""vpu"": {""params"": {""alpha"": 1.0, ""beta"": 1.0, ""consistency_weight"": 0.0, ""negative_weight"": 0.0, ""simulated_negative_weight"": 0.0}, ""target"": ""VariationalPULoss"", ""weight"": 0.2}}}, ""reconstruction"": {""masserstein"": {""target"": ""MassersteinLoss"", ""weight"": 1.0}}, ""regularization"": {""contractive"": {""params"": {""calculation_method"": ""exact_autograd_jacobian"", ""hinge_alpha"": 2.0, ""hinge_threshold"": 7.0, ""input_geometry"": ""fisher_rao"", ""latent_source"": ""auto"", ""penalized_space"": ""u"", ""penalty_metric"": ""spectral_plus_hinged""}, ""target"": ""ContractiveLoss"", ""weight"": 0.002}}}",{},True,True,pretrained (axis-100-3000),P4_joint_rare__pretrained__axis_100_3000,"P4 joint + rare, pretrained, 100-3000 m/z",50,#2CA02C,dotted,^,"{""axis"": ""axis-100-3000"", ""components"": ""combined"", ""overlap"": 0, ""rare"": 1, ""role"": ""pretrained"", ""schedule"": ""joint"", ""variant"": ""P4_joint_rare""}"
metaspace-pretrain-repaired-20260923-01__grid_0018__rep_01__pretrained,metaspace-pretrain-repaired-20260923-01,task_000253,grid_0018,1,axis-100-3000,pretrained,pretrained,P4_joint_rare,grid_0018__rep_01,"P4 joint + rare, pretrained, 100-3000 m/z",axis-100-3000/pretrained,/home/max/repositories/MSIAutoEncoderWrapper/data/kidney_workspace/models/kidney/metaspace-pretrain-repaired-20260923-01__grid_0018__rep_01__pretrained,919377028,892754137,molecule_vpu,MultiLabelBCELoss,"{""contrastive"": {""peak_permutation"": {""params"": {""annotation_bin_radius"": 0, ""negative_weighting_method"": ""multilabel_jaccard"", ""overlapping_label_negative_weight"": 0.1, ""peak_catalog_limit"": 4096, ""peak_sample_size"": 10000, ""peak_selection_method"": ""permutation_label_invariant"", ""permutation_bank_size"": 7000, ""permutation_selection_attempts"": 64, ""permuted_peaks_per_view"": 3, ""preserve_input_normalization"": true, ""temperature"": 0.07}, ""target"": ""InfoNCELoss"", ""weight"": 0.001}}, ""heads"": {""molecule_vpu"": {""vpu"": {""params"": {""alpha"": 1.0, ""beta"": 1.0, ""consistency_weight"": 0.0, ""negative_weight"": 0.0, ""simulated_negative_weight"": 0.0}, ""target"": ""VariationalPULoss"", ""weight"": 0.2}}}, ""reconstruction"": {""masserstein"": {""target"": ""MassersteinLoss"", ""weight"": 1.0}}, ""regularization"": {""contractive"": {""params"": {""calculation_method"": ""exact_autograd_jacobian"", ""hinge_alpha"": 2.0, ""hinge_threshold"": 7.0, ""input_geometry"": ""fisher_rao"", ""latent_source"": ""auto"", ""penalized_space"": ""u"", ""penalty_metric"": ""spectral_plus_hinged""}, ""target"": ""ContractiveLoss"", ""weight"": 0.002}}}",{},True,True,pretrained (axis-100-3000),P4_joint_rare__pretrained__axis_100_3000,"P4 joint + rare, pretrained, 100-3000 m/z",50,#2CA02C,dotted,^,"{""axis"": ""axis-100-3000"", ""components"": ""combined"", ""overlap"": 0, ""rare"": 1, ""role"": ""pretrained"", ""schedule"": ""joint"", ""variant"": ""P4_joint_rare""}"
metaspace-pretrain-repaired-20260923-01__grid_0018__rep_02__pretrained,metaspace-pretrain-repaired-20260923-01,task_000256,grid_0018,2,axis-100-3000,pretrained,pretrained,P4_joint_rare,grid_0018__rep_02,"P4 joint + rare, pretrained, 100-3000 m/z",axis-100-3000/pretrained,/home/max/repositories/MSIAutoEncoderWrapper/data/kidney_workspace/models/kidney/metaspace-pretrain-repaired-20260923-01__grid_0018__rep_02__pretrained,2136253289,442265914,molecule_vpu,MultiLabelBCELoss,"{""contrastive"": {""peak_permutation"": {""params"": {""annotation_bin_radius"": 0, ""negative_weighting_method"": ""multilabel_jaccard"", ""overlapping_label_negative_weight"": 0.1, ""peak_catalog_limit"": 4096, ""peak_sample_size"": 10000, ""peak_selection_method"": ""permutation_label_invariant"", ""permutation_bank_size"": 7000, ""permutation_selection_attempts"": 64, ""permuted_peaks_per_view"": 3, ""preserve_input_normalization"": true, ""temperature"": 0.07}, ""target"": ""InfoNCELoss"", ""weight"": 0.001}}, ""heads"": {""molecule_vpu"": {""vpu"": {""params"": {""alpha"": 1.0, ""beta"": 1.0, ""consistency_weight"": 0.0, ""negative_weight"": 0.0, ""simulated_negative_weight"": 0.0}, ""target"": ""VariationalPULoss"", ""weight"": 0.2}}}, ""reconstruction"": {""masserstein"": {""target"": ""MassersteinLoss"", ""weight"": 1.0}}, ""regularization"": {""contractive"": {""params"": {""calculation_method"": ""exact_autograd_jacobian"", ""hinge_alpha"": 2.0, ""hinge_threshold"": 7.0, ""input_geometry"": ""fisher_rao"", ""latent_source"": ""auto"", ""penalized_space"": ""u"", ""penalty_metric"": ""spectral_plus_hinged""}, ""target"": ""ContractiveLoss"", ""weight"": 0.002}}}",{},True,True,pretrained (axis-100-3000),P4_joint_rare__pretrained__axis_100_3000,"P4 joint + rare, pretrained, 100-3000 m/z",50,#2CA02C,dotted,^,"{""axis"": ""axis-100-3000"", ""components"": ""combined"", ""overlap"": 0, ""rare"": 1, ""role"": ""pretrained"", ""schedule"": ""joint"", ""variant"": ""P4_joint_rare""}"
metaspace-pretrain-repaired-20260923-01__grid_0018__rep_03__pretrained,metaspace-pretrain-repaired-20260923-01,task_000259,grid_0018,3,axis-100-3000,pretrained,pretrained,P4_joint_rare,grid_0018__rep_03,"P4 joint + rare, pretrained, 100-3000 m/z",axis-100-3000/pretrained,/home/max/repositories/MSIAutoEncoderWrapper/data/kidney_workspace/models/kidney/metaspace-pretrain-repaired-20260923-01__grid_0018__rep_03__pretrained,276187349,194761695,molecule_vpu,MultiLabelBCELoss,"{""contrastive"": {""peak_permutation"": {""params"": {""annotation_bin_radius"": 0, ""negative_weighting_method"": ""multilabel_jaccard"", ""overlapping_label_negative_weight"": 0.1, ""peak_catalog_limit"": 4096, ""peak_sample_size"": 10000, ""peak_selection_method"": ""permutation_label_invariant"", ""permutation_bank_size"": 7000, ""permutation_selection_attempts"": 64, ""permuted_peaks_per_view"": 3, ""preserve_input_normalization"": true, ""temperature"": 0.07}, ""target"": ""InfoNCELoss"", ""weight"": 0.001}}, ""heads"": {""molecule_vpu"": {""vpu"": {""params"": {""alpha"": 1.0, ""beta"": 1.0, ""consistency_weight"": 0.0, ""negative_weight"": 0.0, ""simulated_negative_weight"": 0.0}, ""target"": ""VariationalPULoss"", ""weight"": 0.2}}}, ""reconstruction"": {""masserstein"": {""target"": ""MassersteinLoss"", ""weight"": 1.0}}, ""regularization"": {""contractive"": {""params"": {""calculation_method"": ""exact_autograd_jacobian"", ""hinge_alpha"": 2.0, ""hinge_threshold"": 7.0, ""input_geometry"": ""fisher_rao"", ""latent_source"": ""auto"", ""penalized_space"": ""u"", ""penalty_metric"": ""spectral_plus_hinged""}, ""target"": ""ContractiveLoss"", ""weight"": 0.002}}}",{},True,True,pretrained (axis-100-3000),P4_joint_rare__pretrained__axis_100_3000,"P4 joint + rare, pretrained, 100-3000 m/z",50,#2CA02C,dotted,^,"{""axis"": ""axis-100-3000"", ""components"": ""combined"", ""overlap"": 0, ""rare"": 1, ""role"": ""pretrained"", ""schedule"": ""joint"", ""variant"": ""P4_joint_rare""}"
metaspace-pretrain-repaired-20260923-01__grid_0018__rep_04__pretrained,metaspace-pretrain-repaired-20260923-01,task_000262,grid_0018,4,axis-100-3000,pretrained,pretrained,P4_joint_rare,grid_0018__rep_04,"P4 joint + rare, pretrained, 100-3000 m/z",axis-100-3000/pretrained,/home/max/repositories/MSIAutoEncoderWrapper/data/kidney_workspace/models/kidney/metaspace-pretrain-repaired-20260923-01__grid_0018__rep_04__pretrained,1915557887,1927548799,molecule_vpu,MultiLabelBCELoss,"{""contrastive"": {""peak_permutation"": {""params"": {""annotation_bin_radius"": 0, ""negative_weighting_method"": ""multilabel_jaccard"", ""overlapping_label_negative_weight"": 0.1, ""peak_catalog_limit"": 4096, ""peak_sample_size"": 10000, ""peak_selection_method"": ""permutation_label_invariant"", ""permutation_bank_size"": 7000, ""permutation_selection_attempts"": 64, ""permuted_peaks_per_view"": 3, ""preserve_input_normalization"": true, ""temperature"": 0.07}, ""target"": ""InfoNCELoss"", ""weight"": 0.001}}, ""heads"": {""molecule_vpu"": {""vpu"": {""params"": {""alpha"": 1.0, ""beta"": 1.0, ""consistency_weight"": 0.0, ""negative_weight"": 0.0, ""simulated_negative_weight"": 0.0}, ""target"": ""VariationalPULoss"", ""weight"": 0.2}}}, ""reconstruction"": {""masserstein"": {""target"": ""MassersteinLoss"", ""weight"": 1.0}}, ""regularization"": {""contractive"": {""params"": {""calculation_method"": ""exact_autograd_jacobian"", ""hinge_alpha"": 2.0, ""hinge_threshold"": 7.0, ""input_geometry"": ""fisher_rao"", ""latent_source"": ""auto"", ""penalized_space"": ""u"", ""penalty_metric"": ""spectral_plus_hinged""}, ""target"": ""ContractiveLoss"", ""weight"": 0.002}}}",{},True,True,pretrained (axis-100-3000),P4_joint_rare__pretrained__axis_100_3000,"P4 joint + rare, pretrained, 100-3000 m/z",50,#2CA02C,dotted,^,"{""axis"": ""axis-100-3000"", ""components"": ""combined"", ""overlap"": 0, ""rare"": 1, ""role"": ""pretrained"", ""schedule"": ""joint"", ""variant"": ""P4_joint_rare""}"
metaspace-pretrain-repaired-20260923-01__grid_0018__rep_00__frozen_head,metaspace-pretrain-repaired-20260923-01,task_000251,grid_0018,0,axis-100-3000,frozen_head,frozen_head,P4_joint_rare,grid_0018__rep_00,"P4 joint + rare, fine-tuned, frozen head, 100-3000 m/z",axis-100-3000/frozen_head,/home/max/repositories/MSIAutoEncoderWrapper/data/kidney_workspace/models/kidney/metaspace-pretrain-repaired-20260923-01__grid_0018__rep_00__frozen_head,91154199,32238397,molecule_vpu,MultiLabelBCELoss,"{""contrastive"": {""peak_permutation"": {""params"": {""annotation_bin_radius"": 0, ""negative_weighting_method"": ""multilabel_jaccard"", ""overlapping_label_negative_weight"": 0.1, ""peak_catalog_limit"": 4096, ""peak_sample_size"": 10000, ""peak_selection_method"": ""permutation_label_invariant"", ""permutation_bank_size"": 7000, ""permutation_selection_attempts"": 64, ""permuted_peaks_per_view"": 3, ""preserve_input_normalization"": true, ""temperature"": 0.07}, ""target"": ""InfoNCELoss"", ""weight"": 0.001}}, ""heads"": {""molecule_vpu"": {""vpu"": {""params"": {""alpha"": 1.0, ""beta"": 1.0, ""consistency_weight"": 0.0, ""negative_weight"": 0.0, ""simulated_negative_weight"": 0.0}, ""target"": ""VariationalPULoss"", ""weight"": 0.2}}}, ""reconstruction"": {""masserstein"": {""target"": ""MassersteinLoss"", ""weight"": 1.0}}, ""regularization"": {""contractive"": {""params"": {""calculation_method"": ""exact_autograd_jacobian"", ""hinge_alpha"": 2.0, ""hinge_threshold"": 7.0, ""input_geometry"": ""fisher_rao"", ""latent_source"": ""auto"", ""penalized_space"": ""u"", ""penalty_metric"": ""spectral_plus_hinged""}, ""target"": ""ContractiveLoss"", ""weight"": 0.002}}}",{},True,True,frozen_head (axis-100-3000),P4_joint_rare__frozen_head__axis_100_3000,"P4 joint + rare, fine-tuned, frozen head, 100-3000 m/z",51,#2CA02C,dashed,s,"{""axis"": ""axis-100-3000"", ""components"": ""combined"", ""overlap"": 0, ""rare"": 1, ""role"": ""frozen_head"", ""schedule"": ""joint"", ""variant"": ""P4_joint_rare""}"
metaspace-pretrain-repaired-20260923-01__grid_0018__rep_01__frozen_head,metaspace-pretrain-repaired-20260923-01,task_000254,grid_0018,1,axis-100-3000,frozen_head,frozen_head,P4_joint_rare,grid_0018__rep_01,"P4 joint + rare, fine-tuned, frozen head, 100-3000 m/z",axis-100-3000/frozen_head,/home/max/repositories/MSIAutoEncoderWrapper/data/kidney_workspace/models/kidney/metaspace-pretrain-repaired-20260923-01__grid_0018__rep_01__frozen_head,919377028,892754137,molecule_vpu,MultiLabelBCELoss,"{""contrastive"": {""peak_permutation"": {""params"": {""annotation_bin_radius"": 0, ""negative_weighting_method"": ""multilabel_jaccard"", ""overlapping_label_negative_weight"": 0.1, ""peak_catalog_limit"": 4096, ""peak_sample_size"": 10000, ""peak_selection_method"": ""permutation_label_invariant"", ""permutation_bank_size"": 7000, ""permutation_selection_attempts"": 64, ""permuted_peaks_per_view"": 3, ""preserve_input_normalization"": true, ""temperature"": 0.07}, ""target"": ""InfoNCELoss"", ""weight"": 0.001}}, ""heads"": {""molecule_vpu"": {""vpu"": {""params"": {""alpha"": 1.0, ""beta"": 1.0, ""consistency_weight"": 0.0, ""negative_weight"": 0.0, ""simulated_negative_weight"": 0.0}, ""target"": ""VariationalPULoss"", ""weight"": 0.2}}}, ""reconstruction"": {""masserstein"": {""target"": ""MassersteinLoss"", ""weight"": 1.0}}, ""regularization"": {""contractive"": {""params"": {""calculation_method"": ""exact_autograd_jacobian"", ""hinge_alpha"": 2.0, ""hinge_threshold"": 7.0, ""input_geometry"": ""fisher_rao"", ""latent_source"": ""auto"", ""penalized_space"": ""u"", ""penalty_metric"": ""spectral_plus_hinged""}, ""target"": ""ContractiveLoss"", ""weight"": 0.002}}}",{},True,True,frozen_head (axis-100-3000),P4_joint_rare__frozen_head__axis_100_3000,"P4 joint + rare, fine-tuned, frozen head, 100-3000 m/z",51,#2CA02C,dashed,s,"{""axis"": ""axis-100-3000"", ""components"": ""combined"", ""overlap"": 0, ""rare"": 1, ""role"": ""frozen_head"", ""schedule"": ""joint"", ""variant"": ""P4_joint_rare""}"
metaspace-pretrain-repaired-20260923-01__grid_0018__rep_02__frozen_head,metaspace-pretrain-repaired-20260923-01,task_000257,grid_0018,2,axis-100-3000,frozen_head,frozen_head,P4_joint_rare,grid_0018__rep_02,"P4 joint + rare, fine-tuned, frozen head, 100-3000 m/z",axis-100-3000/frozen_head,/home/max/repositories/MSIAutoEncoderWrapper/data/kidney_workspace/models/kidney/metaspace-pretrain-repaired-20260923-01__grid_0018__rep_02__frozen_head,2136253289,442265914,molecule_vpu,MultiLabelBCELoss,"{""contrastive"": {""peak_permutation"": {""params"": {""annotation_bin_radius"": 0, ""negative_weighting_method"": ""multilabel_jaccard"", ""overlapping_label_negative_weight"": 0.1, ""peak_catalog_limit"": 4096, ""peak_sample_size"": 10000, ""peak_selection_method"": ""permutation_label_invariant"", ""permutation_bank_size"": 7000, ""permutation_selection_attempts"": 64, ""permuted_peaks_per_view"": 3, ""preserve_input_normalization"": true, ""temperature"": 0.07}, ""target"": ""InfoNCELoss"", ""weight"": 0.001}}, ""heads"": {""molecule_vpu"": {""vpu"": {""params"": {""alpha"": 1.0, ""beta"": 1.0, ""consistency_weight"": 0.0, ""negative_weight"": 0.0, ""simulated_negative_weight"": 0.0}, ""target"": ""VariationalPULoss"", ""weight"": 0.2}}}, ""reconstruction"": {""masserstein"": {""target"": ""MassersteinLoss"", ""weight"": 1.0}}, ""regularization"": {""contractive"": {""params"": {""calculation_method"": ""exact_autograd_jacobian"", ""hinge_alpha"": 2.0, ""hinge_threshold"": 7.0, ""input_geometry"": ""fisher_rao"", ""latent_source"": ""auto"", ""penalized_space"": ""u"", ""penalty_metric"": ""spectral_plus_hinged""}, ""target"": ""ContractiveLoss"", ""weight"": 0.002}}}",{},True,True,frozen_head (axis-100-3000),P4_joint_rare__frozen_head__axis_100_3000,"P4 joint + rare, fine-tuned, frozen head, 100-3000 m/z",51,#2CA02C,dashed,s,"{""axis"": ""axis-100-3000"", ""components"": ""combined"", ""overlap"": 0, ""rare"": 1, ""role"": ""frozen_head"", ""schedule"": ""joint"", ""variant"": ""P4_joint_rare""}"
metaspace-pretrain-repaired-20260923-01__grid_0018__rep_03__frozen_head,metaspace-pretrain-repaired-20260923-01,task_000260,grid_0018,3,axis-100-3000,frozen_head,frozen_head,P4_joint_rare,grid_0018__rep_03,"P4 joint + rare, fine-tuned, frozen head, 100-3000 m/z",axis-100-3000/frozen_head,/home/max/repositories/MSIAutoEncoderWrapper/data/kidney_workspace/models/kidney/metaspace-pretrain-repaired-20260923-01__grid_0018__rep_03__frozen_head,276187349,194761695,molecule_vpu,MultiLabelBCELoss,"{""contrastive"": {""peak_permutation"": {""params"": {""annotation_bin_radius"": 0, ""negative_weighting_method"": ""multilabel_jaccard"", ""overlapping_label_negative_weight"": 0.1, ""peak_catalog_limit"": 4096, ""peak_sample_size"": 10000, ""peak_selection_method"": ""permutation_label_invariant"", ""permutation_bank_size"": 7000, ""permutation_selection_attempts"": 64, ""permuted_peaks_per_view"": 3, ""preserve_input_normalization"": true, ""temperature"": 0.07}, ""target"": ""InfoNCELoss"", ""weight"": 0.001}}, ""heads"": {""molecule_vpu"": {""vpu"": {""params"": {""alpha"": 1.0, ""beta"": 1.0, ""consistency_weight"": 0.0, ""negative_weight"": 0.0, ""simulated_negative_weight"": 0.0}, ""target"": ""VariationalPULoss"", ""weight"": 0.2}}}, ""reconstruction"": {""masserstein"": {""target"": ""MassersteinLoss"", ""weight"": 1.0}}, ""regularization"": {""contractive"": {""params"": {""calculation_method"": ""exact_autograd_jacobian"", ""hinge_alpha"": 2.0, ""hinge_threshold"": 7.0, ""input_geometry"": ""fisher_rao"", ""latent_source"": ""auto"", ""penalized_space"": ""u"", ""penalty_metric"": ""spectral_plus_hinged""}, ""target"": ""ContractiveLoss"", ""weight"": 0.002}}}",{},True,True,frozen_head (axis-100-3000),P4_joint_rare__frozen_head__axis_100_3000,"P4 joint + rare, fine-tuned, frozen head, 100-3000 m/z",51,#2CA02C,dashed,s,"{""axis"": ""axis-100-3000"", ""components"": ""combined"", ""overlap"": 0, ""rare"": 1, ""role"": ""frozen_head"", ""schedule"": ""joint"", ""variant"": ""P4_joint_rare""}"
metaspace-pretrain-repaired-20260923-01__grid_0018__rep_04__frozen_head,metaspace-pretrain-repaired-20260923-01,task_000263,grid_0018,4,axis-100-3000,frozen_head,frozen_head,P4_joint_rare,grid_0018__rep_04,"P4 joint + rare, fine-tuned, frozen head, 100-3000 m/z",axis-100-3000/frozen_head,/home/max/repositories/MSIAutoEncoderWrapper/data/kidney_workspace/models/kidney/metaspace-pretrain-repaired-20260923-01__grid_0018__rep_04__frozen_head,1915557887,1927548799,molecule_vpu,MultiLabelBCELoss,"{""contrastive"": {""peak_permutation"": {""params"": {""annotation_bin_radius"": 0, ""negative_weighting_method"": ""multilabel_jaccard"", ""overlapping_label_negative_weight"": 0.1, ""peak_catalog_limit"": 4096, ""peak_sample_size"": 10000, ""peak_selection_method"": ""permutation_label_invariant"", ""permutation_bank_size"": 7000, ""permutation_selection_attempts"": 64, ""permuted_peaks_per_view"": 3, ""preserve_input_normalization"": true, ""temperature"": 0.07}, ""target"": ""InfoNCELoss"", ""weight"": 0.001}}, ""heads"": {""molecule_vpu"": {""vpu"": {""params"": {""alpha"": 1.0, ""beta"": 1.0, ""consistency_weight"": 0.0, ""negative_weight"": 0.0, ""simulated_negative_weight"": 0.0}, ""target"": ""VariationalPULoss"", ""weight"": 0.2}}}, ""reconstruction"": {""masserstein"": {""target"": ""MassersteinLoss"", ""weight"": 1.0}}, ""regularization"": {""contractive"": {""params"": {""calculation_method"": ""exact_autograd_jacobian"", ""hinge_alpha"": 2.0, ""hinge_threshold"": 7.0, ""input_geometry"": ""fisher_rao"", ""latent_source"": ""auto"", ""penalized_space"": ""u"", ""penalty_metric"": ""spectral_plus_hinged""}, ""target"": ""ContractiveLoss"", ""weight"": 0.002}}}",{},True,True,frozen_head (axis-100-3000),P4_joint_rare__frozen_head__axis_100_3000,"P4 joint + rare, fine-tuned, frozen head, 100-3000 m/z",51,#2CA02C,dashed,s,"{""axis"": ""axis-100-3000"", ""components"": ""combined"", ""overlap"": 0, ""rare"": 1, ""role"": ""frozen_head"", ""schedule"": ""joint"", ""variant"": ""P4_joint_rare""}"
metaspace-pretrain-repaired-20260923-01__grid_0018__rep_00__unfrozen_head,metaspace-pretrain-repaired-20260923-01,task_000252,grid_0018,0,axis-100-3000,unfrozen_head,unfrozen_head,P4_joint_rare,grid_0018__rep_00,"P4 joint + rare, fine-tuned, unfrozen head, 100-3000 m/z",axis-100-3000/unfrozen_head,/home/max/repositories/MSIAutoEncoderWrapper/data/kidney_workspace/models/kidney/metaspace-pretrain-repaired-20260923-01__grid_0018__rep_00__unfrozen_head,91154199,32238397,molecule_vpu,VariationalPULoss,"{""contrastive"": {""peak_permutation"": {""params"": {""annotation_bin_radius"": 0, ""negative_weighting_method"": ""multilabel_jaccard"", ""overlapping_label_negative_weight"": 0.1, ""peak_catalog_limit"": 4096, ""peak_sample_size"": 10000, ""peak_selection_method"": ""permutation_label_invariant"", ""permutation_bank_size"": 7000, ""permutation_selection_attempts"": 64, ""permuted_peaks_per_view"": 3, ""preserve_input_normalization"": true, ""temperature"": 0.07}, ""target"": ""InfoNCELoss"", ""weight"": 0.001}}, ""heads"": {""molecule_vpu"": {""vpu"": {""params"": {""alpha"": 1.0, ""beta"": 1.0, ""consistency_weight"": 0.0, ""negative_weight"": 0.0, ""simulated_negative_weight"": 0.0}, ""target"": ""VariationalPULoss"", ""weight"": 0.2}}}, ""reconstruction"": {""masserstein"": {""target"": ""MassersteinLoss"", ""weight"": 1.0}}, ""regularization"": {""contractive"": {""params"": {""calculation_method"": ""exact_autograd_jacobian"", ""hinge_alpha"": 2.0, ""hinge_threshold"": 7.0, ""input_geometry"": ""fisher_rao"", ""latent_source"": ""auto"", ""penalized_space"": ""u"", ""penalty_metric"": ""spectral_plus_hinged""}, ""target"": ""ContractiveLoss"", ""weight"": 0.002}}}",{},True,True,unfrozen_head (axis-100-3000),P4_joint_rare__unfrozen_head__axis_100_3000,"P4 joint + rare, fine-tuned, unfrozen head, 100-3000 m/z",52,#2CA02C,solid,o,"{""axis"": ""axis-100-3000"", ""components"": ""combined"", ""overlap"": 0, ""rare"": 1, ""role"": ""unfrozen_head"", ""schedule"": ""joint"", ""variant"": ""P4_joint_rare""}"
metaspace-pretrain-repaired-20260923-01__grid_0018__rep_01__unfrozen_head,metaspace-pretrain-repaired-20260923-01,task_000255,grid_0018,1,axis-100-3000,unfrozen_head,unfrozen_head,P4_joint_rare,grid_0018__rep_01,"P4 joint + rare, fine-tuned, unfrozen head, 100-3000 m/z",axis-100-3000/unfrozen_head,/home/max/repositories/MSIAutoEncoderWrapper/data/kidney_workspace/models/kidney/metaspace-pretrain-repaired-20260923-01__grid_0018__rep_01__unfrozen_head,919377028,892754137,molecule_vpu,VariationalPULoss,"{""contrastive"": {""peak_permutation"": {""params"": {""annotation_bin_radius"": 0, ""negative_weighting_method"": ""multilabel_jaccard"", ""overlapping_label_negative_weight"": 0.1, ""peak_catalog_limit"": 4096, ""peak_sample_size"": 10000, ""peak_selection_method"": ""permutation_label_invariant"", ""permutation_bank_size"": 7000, ""permutation_selection_attempts"": 64, ""permuted_peaks_per_view"": 3, ""preserve_input_normalization"": true, ""temperature"": 0.07}, ""target"": ""InfoNCELoss"", ""weight"": 0.001}}, ""heads"": {""molecule_vpu"": {""vpu"": {""params"": {""alpha"": 1.0, ""beta"": 1.0, ""consistency_weight"": 0.0, ""negative_weight"": 0.0, ""simulated_negative_weight"": 0.0}, ""target"": ""VariationalPULoss"", ""weight"": 0.2}}}, ""reconstruction"": {""masserstein"": {""target"": ""MassersteinLoss"", ""weight"": 1.0}}, ""regularization"": {""contractive"": {""params"": {""calculation_method"": ""exact_autograd_jacobian"", ""hinge_alpha"": 2.0, ""hinge_threshold"": 7.0, ""input_geometry"": ""fisher_rao"", ""latent_source"": ""auto"", ""penalized_space"": ""u"", ""penalty_metric"": ""spectral_plus_hinged""}, ""target"": ""ContractiveLoss"", ""weight"": 0.002}}}",{},True,True,unfrozen_head (axis-100-3000),P4_joint_rare__unfrozen_head__axis_100_3000,"P4 joint + rare, fine-tuned, unfrozen head, 100-3000 m/z",52,#2CA02C,solid,o,"{""axis"": ""axis-100-3000"", ""components"": ""combined"", ""overlap"": 0, ""rare"": 1, ""role"": ""unfrozen_head"", ""schedule"": ""joint"", ""variant"": ""P4_joint_rare""}"
metaspace-pretrain-repaired-20260923-01__grid_0018__rep_02__unfrozen_head,metaspace-pretrain-repaired-20260923-01,task_000258,grid_0018,2,axis-100-3000,unfrozen_head,unfrozen_head,P4_joint_rare,grid_0018__rep_02,"P4 joint + rare, fine-tuned, unfrozen head, 100-3000 m/z",axis-100-3000/unfrozen_head,/home/max/repositories/MSIAutoEncoderWrapper/data/kidney_workspace/models/kidney/metaspace-pretrain-repaired-20260923-01__grid_0018__rep_02__unfrozen_head,2136253289,442265914,molecule_vpu,VariationalPULoss,"{""contrastive"": {""peak_permutation"": {""params"": {""annotation_bin_radius"": 0, ""negative_weighting_method"": ""multilabel_jaccard"", ""overlapping_label_negative_weight"": 0.1, ""peak_catalog_limit"": 4096, ""peak_sample_size"": 10000, ""peak_selection_method"": ""permutation_label_invariant"", ""permutation_bank_size"": 7000, ""permutation_selection_attempts"": 64, ""permuted_peaks_per_view"": 3, ""preserve_input_normalization"": true, ""temperature"": 0.07}, ""target"": ""InfoNCELoss"", ""weight"": 0.001}}, ""heads"": {""molecule_vpu"": {""vpu"": {""params"": {""alpha"": 1.0, ""beta"": 1.0, ""consistency_weight"": 0.0, ""negative_weight"": 0.0, ""simulated_negative_weight"": 0.0}, ""target"": ""VariationalPULoss"", ""weight"": 0.2}}}, ""reconstruction"": {""masserstein"": {""target"": ""MassersteinLoss"", ""weight"": 1.0}}, ""regularization"": {""contractive"": {""params"": {""calculation_method"": ""exact_autograd_jacobian"", ""hinge_alpha"": 2.0, ""hinge_threshold"": 7.0, ""input_geometry"": ""fisher_rao"", ""latent_source"": ""auto"", ""penalized_space"": ""u"", ""penalty_metric"": ""spectral_plus_hinged""}, ""target"": ""ContractiveLoss"", ""weight"": 0.002}}}",{},True,True,unfrozen_head (axis-100-3000),P4_joint_rare__unfrozen_head__axis_100_3000,"P4 joint + rare, fine-tuned, unfrozen head, 100-3000 m/z",52,#2CA02C,solid,o,"{""axis"": ""axis-100-3000"", ""components"": ""combined"", ""overlap"": 0, ""rare"": 1, ""role"": ""unfrozen_head"", ""schedule"": ""joint"", ""variant"": ""P4_joint_rare""}"
metaspace-pretrain-repaired-20260923-01__grid_0018__rep_03__unfrozen_head,metaspace-pretrain-repaired-20260923-01,task_000261,grid_0018,3,axis-100-3000,unfrozen_head,unfrozen_head,P4_joint_rare,grid_0018__rep_03,"P4 joint + rare, fine-tuned, unfrozen head, 100-3000 m/z",axis-100-3000/unfrozen_head,/home/max/repositories/MSIAutoEncoderWrapper/data/kidney_workspace/models/kidney/metaspace-pretrain-repaired-20260923-01__grid_0018__rep_03__unfrozen_head,276187349,194761695,molecule_vpu,VariationalPULoss,"{""contrastive"": {""peak_permutation"": {""params"": {""annotation_bin_radius"": 0, ""negative_weighting_method"": ""multilabel_jaccard"", ""overlapping_label_negative_weight"": 0.1, ""peak_catalog_limit"": 4096, ""peak_sample_size"": 10000, ""peak_selection_method"": ""permutation_label_invariant"", ""permutation_bank_size"": 7000, ""permutation_selection_attempts"": 64, ""permuted_peaks_per_view"": 3, ""preserve_input_normalization"": true, ""temperature"": 0.07}, ""target"": ""InfoNCELoss"", ""weight"": 0.001}}, ""heads"": {""molecule_vpu"": {""vpu"": {""params"": {""alpha"": 1.0, ""beta"": 1.0, ""consistency_weight"": 0.0, ""negative_weight"": 0.0, ""simulated_negative_weight"": 0.0}, ""target"": ""VariationalPULoss"", ""weight"": 0.2}}}, ""reconstruction"": {""masserstein"": {""target"": ""MassersteinLoss"", ""weight"": 1.0}}, ""regularization"": {""contractive"": {""params"": {""calculation_method"": ""exact_autograd_jacobian"", ""hinge_alpha"": 2.0, ""hinge_threshold"": 7.0, ""input_geometry"": ""fisher_rao"", ""latent_source"": ""auto"", ""penalized_space"": ""u"", ""penalty_metric"": ""spectral_plus_hinged""}, ""target"": ""ContractiveLoss"", ""weight"": 0.002}}}",{},True,True,unfrozen_head (axis-100-3000),P4_joint_rare__unfrozen_head__axis_100_3000,"P4 joint + rare, fine-tuned, unfrozen head, 100-3000 m/z",52,#2CA02C,solid,o,"{""axis"": ""axis-100-3000"", ""components"": ""combined"", ""overlap"": 0, ""rare"": 1, ""role"": ""unfrozen_head"", ""schedule"": ""joint"", ""variant"": ""P4_joint_rare""}"
metaspace-pretrain-repaired-20260923-01__grid_0018__rep_04__unfrozen_head,metaspace-pretrain-repaired-20260923-01,task_000264,grid_0018,4,axis-100-3000,unfrozen_head,unfrozen_head,P4_joint_rare,grid_0018__rep_04,"P4 joint + rare, fine-tuned, unfrozen head, 100-3000 m/z",axis-100-3000/unfrozen_head,/home/max/repositories/MSIAutoEncoderWrapper/data/kidney_workspace/models/kidney/metaspace-pretrain-repaired-20260923-01__grid_0018__rep_04__unfrozen_head,1915557887,1927548799,molecule_vpu,VariationalPULoss,"{""contrastive"": {""peak_permutation"": {""params"": {""annotation_bin_radius"": 0, ""negative_weighting_method"": ""multilabel_jaccard"", ""overlapping_label_negative_weight"": 0.1, ""peak_catalog_limit"": 4096, ""peak_sample_size"": 10000, ""peak_selection_method"": ""permutation_label_invariant"", ""permutation_bank_size"": 7000, ""permutation_selection_attempts"": 64, ""permuted_peaks_per_view"": 3, ""preserve_input_normalization"": true, ""temperature"": 0.07}, ""target"": ""InfoNCELoss"", ""weight"": 0.001}}, ""heads"": {""molecule_vpu"": {""vpu"": {""params"": {""alpha"": 1.0, ""beta"": 1.0, ""consistency_weight"": 0.0, ""negative_weight"": 0.0, ""simulated_negative_weight"": 0.0}, ""target"": ""VariationalPULoss"", ""weight"": 0.2}}}, ""reconstruction"": {""masserstein"": {""target"": ""MassersteinLoss"", ""weight"": 1.0}}, ""regularization"": {""contractive"": {""params"": {""calculation_method"": ""exact_autograd_jacobian"", ""hinge_alpha"": 2.0, ""hinge_threshold"": 7.0, ""input_geometry"": ""fisher_rao"", ""latent_source"": ""auto"", ""penalized_space"": ""u"", ""penalty_metric"": ""spectral_plus_hinged""}, ""target"": ""ContractiveLoss"", ""weight"": 0.002}}}",{},True,True,unfrozen_head (axis-100-3000),P4_joint_rare__unfrozen_head__axis_100_3000,"P4 joint + rare, fine-tuned, unfrozen head, 100-3000 m/z",52,#2CA02C,solid,o,"{""axis"": ""axis-100-3000"", ""components"": ""combined"", ""overlap"": 0, ""rare"": 1, ""role"": ""unfrozen_head"", ""schedule"": ""joint"", ""variant"": ""P4_joint_rare""}"
metaspace-pretrain-repaired-20260923-01__grid_0019__rep_00__pretrained,metaspace-pretrain-repaired-20260923-01,task_000265,grid_0019,0,axis-100-3000,pretrained,pretrained,P4_staged_rare,grid_0019__rep_00,"P4 staged + rare, pretrained, 100-3000 m/z",axis-100-3000/pretrained,/home/max/repositories/MSIAutoEncoderWrapper/data/kidney_workspace/models/kidney/metaspace-pretrain-repaired-20260923-01__grid_0019__rep_00__pretrained,91154199,32238397,molecule_vpu,MultiLabelBCELoss,"{""contrastive"": {""peak_permutation"": {""params"": {""annotation_bin_radius"": 0, ""negative_weighting_method"": ""multilabel_jaccard"", ""overlapping_label_negative_weight"": 0.1, ""peak_catalog_limit"": 4096, ""peak_sample_size"": 10000, ""peak_selection_method"": ""permutation_label_invariant"", ""permutation_bank_size"": 7000, ""permutation_selection_attempts"": 64, ""permuted_peaks_per_view"": 3, ""preserve_input_normalization"": true, ""temperature"": 0.07}, ""target"": ""InfoNCELoss"", ""weight"": 0.001}}, ""heads"": {""molecule_vpu"": {""vpu"": {""params"": {""alpha"": 1.0, ""beta"": 1.0, ""consistency_weight"": 0.0, ""negative_weight"": 0.0, ""simulated_negative_weight"": 0.0}, ""target"": ""VariationalPULoss"", ""weight"": 0.2}}}, ""reconstruction"": {""masserstein"": {""target"": ""MassersteinLoss"", ""weight"": 1.0}}, ""regularization"": {""contractive"": {""params"": {""calculation_method"": ""exact_autograd_jacobian"", ""hinge_alpha"": 2.0, ""hinge_threshold"": 7.0, ""input_geometry"": ""fisher_rao"", ""latent_source"": ""auto"", ""penalized_space"": ""u"", ""penalty_metric"": ""spectral_plus_hinged""}, ""target"": ""ContractiveLoss"", ""weight"": 0.002}}}",{},True,True,pretrained (axis-100-3000),P4_staged_rare__pretrained__axis_100_3000,"P4 staged + rare, pretrained, 100-3000 m/z",53,#98DF8A,dotted,^,"{""axis"": ""axis-100-3000"", ""components"": ""combined"", ""overlap"": 0, ""rare"": 1, ""role"": ""pretrained"", ""schedule"": ""staged"", ""variant"": ""P4_staged_rare""}"
metaspace-pretrain-repaired-20260923-01__grid_0019__rep_01__pretrained,metaspace-pretrain-repaired-20260923-01,task_000268,grid_0019,1,axis-100-3000,pretrained,pretrained,P4_staged_rare,grid_0019__rep_01,"P4 staged + rare, pretrained, 100-3000 m/z",axis-100-3000/pretrained,/home/max/repositories/MSIAutoEncoderWrapper/data/kidney_workspace/models/kidney/metaspace-pretrain-repaired-20260923-01__grid_0019__rep_01__pretrained,919377028,892754137,molecule_vpu,MultiLabelBCELoss,"{""contrastive"": {""peak_permutation"": {""params"": {""annotation_bin_radius"": 0, ""negative_weighting_method"": ""multilabel_jaccard"", ""overlapping_label_negative_weight"": 0.1, ""peak_catalog_limit"": 4096, ""peak_sample_size"": 10000, ""peak_selection_method"": ""permutation_label_invariant"", ""permutation_bank_size"": 7000, ""permutation_selection_attempts"": 64, ""permuted_peaks_per_view"": 3, ""preserve_input_normalization"": true, ""temperature"": 0.07}, ""target"": ""InfoNCELoss"", ""weight"": 0.001}}, ""heads"": {""molecule_vpu"": {""vpu"": {""params"": {""alpha"": 1.0, ""beta"": 1.0, ""consistency_weight"": 0.0, ""negative_weight"": 0.0, ""simulated_negative_weight"": 0.0}, ""target"": ""VariationalPULoss"", ""weight"": 0.2}}}, ""reconstruction"": {""masserstein"": {""target"": ""MassersteinLoss"", ""weight"": 1.0}}, ""regularization"": {""contractive"": {""params"": {""calculation_method"": ""exact_autograd_jacobian"", ""hinge_alpha"": 2.0, ""hinge_threshold"": 7.0, ""input_geometry"": ""fisher_rao"", ""latent_source"": ""auto"", ""penalized_space"": ""u"", ""penalty_metric"": ""spectral_plus_hinged""}, ""target"": ""ContractiveLoss"", ""weight"": 0.002}}}",{},True,True,pretrained (axis-100-3000),P4_staged_rare__pretrained__axis_100_3000,"P4 staged + rare, pretrained, 100-3000 m/z",53,#98DF8A,dotted,^,"{""axis"": ""axis-100-3000"", ""components"": ""combined"", ""overlap"": 0, ""rare"": 1, ""role"": ""pretrained"", ""schedule"": ""staged"", ""variant"": ""P4_staged_rare""}"
metaspace-pretrain-repaired-20260923-01__grid_0019__rep_02__pretrained,metaspace-pretrain-repaired-20260923-01,task_000271,grid_0019,2,axis-100-3000,pretrained,pretrained,P4_staged_rare,grid_0019__rep_02,"P4 staged + rare, pretrained, 100-3000 m/z",axis-100-3000/pretrained,/home/max/repositories/MSIAutoEncoderWrapper/data/kidney_workspace/models/kidney/metaspace-pretrain-repaired-20260923-01__grid_0019__rep_02__pretrained,2136253289,442265914,molecule_vpu,MultiLabelBCELoss,"{""contrastive"": {""peak_permutation"": {""params"": {""annotation_bin_radius"": 0, ""negative_weighting_method"": ""multilabel_jaccard"", ""overlapping_label_negative_weight"": 0.1, ""peak_catalog_limit"": 4096, ""peak_sample_size"": 10000, ""peak_selection_method"": ""permutation_label_invariant"", ""permutation_bank_size"": 7000, ""permutation_selection_attempts"": 64, ""permuted_peaks_per_view"": 3, ""preserve_input_normalization"": true, ""temperature"": 0.07}, ""target"": ""InfoNCELoss"", ""weight"": 0.001}}, ""heads"": {""molecule_vpu"": {""vpu"": {""params"": {""alpha"": 1.0, ""beta"": 1.0, ""consistency_weight"": 0.0, ""negative_weight"": 0.0, ""simulated_negative_weight"": 0.0}, ""target"": ""VariationalPULoss"", ""weight"": 0.2}}}, ""reconstruction"": {""masserstein"": {""target"": ""MassersteinLoss"", ""weight"": 1.0}}, ""regularization"": {""contractive"": {""params"": {""calculation_method"": ""exact_autograd_jacobian"", ""hinge_alpha"": 2.0, ""hinge_threshold"": 7.0, ""input_geometry"": ""fisher_rao"", ""latent_source"": ""auto"", ""penalized_space"": ""u"", ""penalty_metric"": ""spectral_plus_hinged""}, ""target"": ""ContractiveLoss"", ""weight"": 0.002}}}",{},True,True,pretrained (axis-100-3000),P4_staged_rare__pretrained__axis_100_3000,"P4 staged + rare, pretrained, 100-3000 m/z",53,#98DF8A,dotted,^,"{""axis"": ""axis-100-3000"", ""components"": ""combined"", ""overlap"": 0, ""rare"": 1, ""role"": ""pretrained"", ""schedule"": ""staged"", ""variant"": ""P4_staged_rare""}"
metaspace-pretrain-repaired-20260923-01__grid_0019__rep_03__pretrained,metaspace-pretrain-repaired-20260923-01,task_000274,grid_0019,3,axis-100-3000,pretrained,pretrained,P4_staged_rare,grid_0019__rep_03,"P4 staged + rare, pretrained, 100-3000 m/z",axis-100-3000/pretrained,/home/max/repositories/MSIAutoEncoderWrapper/data/kidney_workspace/models/kidney/metaspace-pretrain-repaired-20260923-01__grid_0019__rep_03__pretrained,276187349,194761695,molecule_vpu,MultiLabelBCELoss,"{""contrastive"": {""peak_permutation"": {""params"": {""annotation_bin_radius"": 0, ""negative_weighting_method"": ""multilabel_jaccard"", ""overlapping_label_negative_weight"": 0.1, ""peak_catalog_limit"": 4096, ""peak_sample_size"": 10000, ""peak_selection_method"": ""permutation_label_invariant"", ""permutation_bank_size"": 7000, ""permutation_selection_attempts"": 64, ""permuted_peaks_per_view"": 3, ""preserve_input_normalization"": true, ""temperature"": 0.07}, ""target"": ""InfoNCELoss"", ""weight"": 0.001}}, ""heads"": {""molecule_vpu"": {""vpu"": {""params"": {""alpha"": 1.0, ""beta"": 1.0, ""consistency_weight"": 0.0, ""negative_weight"": 0.0, ""simulated_negative_weight"": 0.0}, ""target"": ""VariationalPULoss"", ""weight"": 0.2}}}, ""reconstruction"": {""masserstein"": {""target"": ""MassersteinLoss"", ""weight"": 1.0}}, ""regularization"": {""contractive"": {""params"": {""calculation_method"": ""exact_autograd_jacobian"", ""hinge_alpha"": 2.0, ""hinge_threshold"": 7.0, ""input_geometry"": ""fisher_rao"", ""latent_source"": ""auto"", ""penalized_space"": ""u"", ""penalty_metric"": ""spectral_plus_hinged""}, ""target"": ""ContractiveLoss"", ""weight"": 0.002}}}",{},True,True,pretrained (axis-100-3000),P4_staged_rare__pretrained__axis_100_3000,"P4 staged + rare, pretrained, 100-3000 m/z",53,#98DF8A,dotted,^,"{""axis"": ""axis-100-3000"", ""components"": ""combined"", ""overlap"": 0, ""rare"": 1, ""role"": ""pretrained"", ""schedule"": ""staged"", ""variant"": ""P4_staged_rare""}"
metaspace-pretrain-repaired-20260923-01__grid_0019__rep_04__pretrained,metaspace-pretrain-repaired-20260923-01,task_000277,grid_0019,4,axis-100-3000,pretrained,pretrained,P4_staged_rare,grid_0019__rep_04,"P4 staged + rare, pretrained, 100-3000 m/z",axis-100-3000/pretrained,/home/max/repositories/MSIAutoEncoderWrapper/data/kidney_workspace/models/kidney/metaspace-pretrain-repaired-20260923-01__grid_0019__rep_04__pretrained,1915557887,1927548799,molecule_vpu,MultiLabelBCELoss,"{""contrastive"": {""peak_permutation"": {""params"": {""annotation_bin_radius"": 0, ""negative_weighting_method"": ""multilabel_jaccard"", ""overlapping_label_negative_weight"": 0.1, ""peak_catalog_limit"": 4096, ""peak_sample_size"": 10000, ""peak_selection_method"": ""permutation_label_invariant"", ""permutation_bank_size"": 7000, ""permutation_selection_attempts"": 64, ""permuted_peaks_per_view"": 3, ""preserve_input_normalization"": true, ""temperature"": 0.07}, ""target"": ""InfoNCELoss"", ""weight"": 0.001}}, ""heads"": {""molecule_vpu"": {""vpu"": {""params"": {""alpha"": 1.0, ""beta"": 1.0, ""consistency_weight"": 0.0, ""negative_weight"": 0.0, ""simulated_negative_weight"": 0.0}, ""target"": ""VariationalPULoss"", ""weight"": 0.2}}}, ""reconstruction"": {""masserstein"": {""target"": ""MassersteinLoss"", ""weight"": 1.0}}, ""regularization"": {""contractive"": {""params"": {""calculation_method"": ""exact_autograd_jacobian"", ""hinge_alpha"": 2.0, ""hinge_threshold"": 7.0, ""input_geometry"": ""fisher_rao"", ""latent_source"": ""auto"", ""penalized_space"": ""u"", ""penalty_metric"": ""spectral_plus_hinged""}, ""target"": ""ContractiveLoss"", ""weight"": 0.002}}}",{},True,True,pretrained (axis-100-3000),P4_staged_rare__pretrained__axis_100_3000,"P4 staged + rare, pretrained, 100-3000 m/z",53,#98DF8A,dotted,^,"{""axis"": ""axis-100-3000"", ""components"": ""combined"", ""overlap"": 0, ""rare"": 1, ""role"": ""pretrained"", ""schedule"": ""staged"", ""variant"": ""P4_staged_rare""}"
metaspace-pretrain-repaired-20260923-01__grid_0019__rep_00__frozen_head,metaspace-pretrain-repaired-20260923-01,task_000266,grid_0019,0,axis-100-3000,frozen_head,frozen_head,P4_staged_rare,grid_0019__rep_00,"P4 staged + rare, fine-tuned, frozen head, 100-3000 m/z",axis-100-3000/frozen_head,/home/max/repositories/MSIAutoEncoderWrapper/data/kidney_workspace/models/kidney/metaspace-pretrain-repaired-20260923-01__grid_0019__rep_00__frozen_head,91154199,32238397,molecule_vpu,MultiLabelBCELoss,"{""contrastive"": {""peak_permutation"": {""params"": {""annotation_bin_radius"": 0, ""negative_weighting_method"": ""multilabel_jaccard"", ""overlapping_label_negative_weight"": 0.1, ""peak_catalog_limit"": 4096, ""peak_sample_size"": 10000, ""peak_selection_method"": ""permutation_label_invariant"", ""permutation_bank_size"": 7000, ""permutation_selection_attempts"": 64, ""permuted_peaks_per_view"": 3, ""preserve_input_normalization"": true, ""temperature"": 0.07}, ""target"": ""InfoNCELoss"", ""weight"": 0.001}}, ""heads"": {""molecule_vpu"": {""vpu"": {""params"": {""alpha"": 1.0, ""beta"": 1.0, ""consistency_weight"": 0.0, ""negative_weight"": 0.0, ""simulated_negative_weight"": 0.0}, ""target"": ""VariationalPULoss"", ""weight"": 0.2}}}, ""reconstruction"": {""masserstein"": {""target"": ""MassersteinLoss"", ""weight"": 1.0}}, ""regularization"": {""contractive"": {""params"": {""calculation_method"": ""exact_autograd_jacobian"", ""hinge_alpha"": 2.0, ""hinge_threshold"": 7.0, ""input_geometry"": ""fisher_rao"", ""latent_source"": ""auto"", ""penalized_space"": ""u"", ""penalty_metric"": ""spectral_plus_hinged""}, ""target"": ""ContractiveLoss"", ""weight"": 0.002}}}",{},True,True,frozen_head (axis-100-3000),P4_staged_rare__frozen_head__axis_100_3000,"P4 staged + rare, fine-tuned, frozen head, 100-3000 m/z",54,#98DF8A,dashed,s,"{""axis"": ""axis-100-3000"", ""components"": ""combined"", ""overlap"": 0, ""rare"": 1, ""role"": ""frozen_head"", ""schedule"": ""staged"", ""variant"": ""P4_staged_rare""}"
metaspace-pretrain-repaired-20260923-01__grid_0019__rep_01__frozen_head,metaspace-pretrain-repaired-20260923-01,task_000269,grid_0019,1,axis-100-3000,frozen_head,frozen_head,P4_staged_rare,grid_0019__rep_01,"P4 staged + rare, fine-tuned, frozen head, 100-3000 m/z",axis-100-3000/frozen_head,/home/max/repositories/MSIAutoEncoderWrapper/data/kidney_workspace/models/kidney/metaspace-pretrain-repaired-20260923-01__grid_0019__rep_01__frozen_head,919377028,892754137,molecule_vpu,MultiLabelBCELoss,"{""contrastive"": {""peak_permutation"": {""params"": {""annotation_bin_radius"": 0, ""negative_weighting_method"": ""multilabel_jaccard"", ""overlapping_label_negative_weight"": 0.1, ""peak_catalog_limit"": 4096, ""peak_sample_size"": 10000, ""peak_selection_method"": ""permutation_label_invariant"", ""permutation_bank_size"": 7000, ""permutation_selection_attempts"": 64, ""permuted_peaks_per_view"": 3, ""preserve_input_normalization"": true, ""temperature"": 0.07}, ""target"": ""InfoNCELoss"", ""weight"": 0.001}}, ""heads"": {""molecule_vpu"": {""vpu"": {""params"": {""alpha"": 1.0, ""beta"": 1.0, ""consistency_weight"": 0.0, ""negative_weight"": 0.0, ""simulated_negative_weight"": 0.0}, ""target"": ""VariationalPULoss"", ""weight"": 0.2}}}, ""reconstruction"": {""masserstein"": {""target"": ""MassersteinLoss"", ""weight"": 1.0}}, ""regularization"": {""contractive"": {""params"": {""calculation_method"": ""exact_autograd_jacobian"", ""hinge_alpha"": 2.0, ""hinge_threshold"": 7.0, ""input_geometry"": ""fisher_rao"", ""latent_source"": ""auto"", ""penalized_space"": ""u"", ""penalty_metric"": ""spectral_plus_hinged""}, ""target"": ""ContractiveLoss"", ""weight"": 0.002}}}",{},True,True,frozen_head (axis-100-3000),P4_staged_rare__frozen_head__axis_100_3000,"P4 staged + rare, fine-tuned, frozen head, 100-3000 m/z",54,#98DF8A,dashed,s,"{""axis"": ""axis-100-3000"", ""components"": ""combined"", ""overlap"": 0, ""rare"": 1, ""role"": ""frozen_head"", ""schedule"": ""staged"", ""variant"": ""P4_staged_rare""}"
metaspace-pretrain-repaired-20260923-01__grid_0019__rep_02__frozen_head,metaspace-pretrain-repaired-20260923-01,task_000272,grid_0019,2,axis-100-3000,frozen_head,frozen_head,P4_staged_rare,grid_0019__rep_02,"P4 staged + rare, fine-tuned, frozen head, 100-3000 m/z",axis-100-3000/frozen_head,/home/max/repositories/MSIAutoEncoderWrapper/data/kidney_workspace/models/kidney/metaspace-pretrain-repaired-20260923-01__grid_0019__rep_02__frozen_head,2136253289,442265914,molecule_vpu,MultiLabelBCELoss,"{""contrastive"": {""peak_permutation"": {""params"": {""annotation_bin_radius"": 0, ""negative_weighting_method"": ""multilabel_jaccard"", ""overlapping_label_negative_weight"": 0.1, ""peak_catalog_limit"": 4096, ""peak_sample_size"": 10000, ""peak_selection_method"": ""permutation_label_invariant"", ""permutation_bank_size"": 7000, ""permutation_selection_attempts"": 64, ""permuted_peaks_per_view"": 3, ""preserve_input_normalization"": true, ""temperature"": 0.07}, ""target"": ""InfoNCELoss"", ""weight"": 0.001}}, ""heads"": {""molecule_vpu"": {""vpu"": {""params"": {""alpha"": 1.0, ""beta"": 1.0, ""consistency_weight"": 0.0, ""negative_weight"": 0.0, ""simulated_negative_weight"": 0.0}, ""target"": ""VariationalPULoss"", ""weight"": 0.2}}}, ""reconstruction"": {""masserstein"": {""target"": ""MassersteinLoss"", ""weight"": 1.0}}, ""regularization"": {""contractive"": {""params"": {""calculation_method"": ""exact_autograd_jacobian"", ""hinge_alpha"": 2.0, ""hinge_threshold"": 7.0, ""input_geometry"": ""fisher_rao"", ""latent_source"": ""auto"", ""penalized_space"": ""u"", ""penalty_metric"": ""spectral_plus_hinged""}, ""target"": ""ContractiveLoss"", ""weight"": 0.002}}}",{},True,True,frozen_head (axis-100-3000),P4_staged_rare__frozen_head__axis_100_3000,"P4 staged + rare, fine-tuned, frozen head, 100-3000 m/z",54,#98DF8A,dashed,s,"{""axis"": ""axis-100-3000"", ""components"": ""combined"", ""overlap"": 0, ""rare"": 1, ""role"": ""frozen_head"", ""schedule"": ""staged"", ""variant"": ""P4_staged_rare""}"
metaspace-pretrain-repaired-20260923-01__grid_0019__rep_03__frozen_head,metaspace-pretrain-repaired-20260923-01,task_000275,grid_0019,3,axis-100-3000,frozen_head,frozen_head,P4_staged_rare,grid_0019__rep_03,"P4 staged + rare, fine-tuned, frozen head, 100-3000 m/z",axis-100-3000/frozen_head,/home/max/repositories/MSIAutoEncoderWrapper/data/kidney_workspace/models/kidney/metaspace-pretrain-repaired-20260923-01__grid_0019__rep_03__frozen_head,276187349,194761695,molecule_vpu,MultiLabelBCELoss,"{""contrastive"": {""peak_permutation"": {""params"": {""annotation_bin_radius"": 0, ""negative_weighting_method"": ""multilabel_jaccard"", ""overlapping_label_negative_weight"": 0.1, ""peak_catalog_limit"": 4096, ""peak_sample_size"": 10000, ""peak_selection_method"": ""permutation_label_invariant"", ""permutation_bank_size"": 7000, ""permutation_selection_attempts"": 64, ""permuted_peaks_per_view"": 3, ""preserve_input_normalization"": true, ""temperature"": 0.07}, ""target"": ""InfoNCELoss"", ""weight"": 0.001}}, ""heads"": {""molecule_vpu"": {""vpu"": {""params"": {""alpha"": 1.0, ""beta"": 1.0, ""consistency_weight"": 0.0, ""negative_weight"": 0.0, ""simulated_negative_weight"": 0.0}, ""target"": ""VariationalPULoss"", ""weight"": 0.2}}}, ""reconstruction"": {""masserstein"": {""target"": ""MassersteinLoss"", ""weight"": 1.0}}, ""regularization"": {""contractive"": {""params"": {""calculation_method"": ""exact_autograd_jacobian"", ""hinge_alpha"": 2.0, ""hinge_threshold"": 7.0, ""input_geometry"": ""fisher_rao"", ""latent_source"": ""auto"", ""penalized_space"": ""u"", ""penalty_metric"": ""spectral_plus_hinged""}, ""target"": ""ContractiveLoss"", ""weight"": 0.002}}}",{},True,True,frozen_head (axis-100-3000),P4_staged_rare__frozen_head__axis_100_3000,"P4 staged + rare, fine-tuned, frozen head, 100-3000 m/z",54,#98DF8A,dashed,s,"{""axis"": ""axis-100-3000"", ""components"": ""combined"", ""overlap"": 0, ""rare"": 1, ""role"": ""frozen_head"", ""schedule"": ""staged"", ""variant"": ""P4_staged_rare""}"
metaspace-pretrain-repaired-20260923-01__grid_0019__rep_04__frozen_head,metaspace-pretrain-repaired-20260923-01,task_000278,grid_0019,4,axis-100-3000,frozen_head,frozen_head,P4_staged_rare,grid_0019__rep_04,"P4 staged + rare, fine-tuned, frozen head, 100-3000 m/z",axis-100-3000/frozen_head,/home/max/repositories/MSIAutoEncoderWrapper/data/kidney_workspace/models/kidney/metaspace-pretrain-repaired-20260923-01__grid_0019__rep_04__frozen_head,1915557887,1927548799,molecule_vpu,MultiLabelBCELoss,"{""contrastive"": {""peak_permutation"": {""params"": {""annotation_bin_radius"": 0, ""negative_weighting_method"": ""multilabel_jaccard"", ""overlapping_label_negative_weight"": 0.1, ""peak_catalog_limit"": 4096, ""peak_sample_size"": 10000, ""peak_selection_method"": ""permutation_label_invariant"", ""permutation_bank_size"": 7000, ""permutation_selection_attempts"": 64, ""permuted_peaks_per_view"": 3, ""preserve_input_normalization"": true, ""temperature"": 0.07}, ""target"": ""InfoNCELoss"", ""weight"": 0.001}}, ""heads"": {""molecule_vpu"": {""vpu"": {""params"": {""alpha"": 1.0, ""beta"": 1.0, ""consistency_weight"": 0.0, ""negative_weight"": 0.0, ""simulated_negative_weight"": 0.0}, ""target"": ""VariationalPULoss"", ""weight"": 0.2}}}, ""reconstruction"": {""masserstein"": {""target"": ""MassersteinLoss"", ""weight"": 1.0}}, ""regularization"": {""contractive"": {""params"": {""calculation_method"": ""exact_autograd_jacobian"", ""hinge_alpha"": 2.0, ""hinge_threshold"": 7.0, ""input_geometry"": ""fisher_rao"", ""latent_source"": ""auto"", ""penalized_space"": ""u"", ""penalty_metric"": ""spectral_plus_hinged""}, ""target"": ""ContractiveLoss"", ""weight"": 0.002}}}",{},True,True,frozen_head (axis-100-3000),P4_staged_rare__frozen_head__axis_100_3000,"P4 staged + rare, fine-tuned, frozen head, 100-3000 m/z",54,#98DF8A,dashed,s,"{""axis"": ""axis-100-3000"", ""components"": ""combined"", ""overlap"": 0, ""rare"": 1, ""role"": ""frozen_head"", ""schedule"": ""staged"", ""variant"": ""P4_staged_rare""}"
metaspace-pretrain-repaired-20260923-01__grid_0019__rep_00__unfrozen_head,metaspace-pretrain-repaired-20260923-01,task_000267,grid_0019,0,axis-100-3000,unfrozen_head,unfrozen_head,P4_staged_rare,grid_0019__rep_00,"P4 staged + rare, fine-tuned, unfrozen head, 100-3000 m/z",axis-100-3000/unfrozen_head,/home/max/repositories/MSIAutoEncoderWrapper/data/kidney_workspace/models/kidney/metaspace-pretrain-repaired-20260923-01__grid_0019__rep_00__unfrozen_head,91154199,32238397,molecule_vpu,VariationalPULoss,"{""contrastive"": {""peak_permutation"": {""params"": {""annotation_bin_radius"": 0, ""negative_weighting_method"": ""multilabel_jaccard"", ""overlapping_label_negative_weight"": 0.1, ""peak_catalog_limit"": 4096, ""peak_sample_size"": 10000, ""peak_selection_method"": ""permutation_label_invariant"", ""permutation_bank_size"": 7000, ""permutation_selection_attempts"": 64, ""permuted_peaks_per_view"": 3, ""preserve_input_normalization"": true, ""temperature"": 0.07}, ""target"": ""InfoNCELoss"", ""weight"": 0.001}}, ""heads"": {""molecule_vpu"": {""vpu"": {""params"": {""alpha"": 1.0, ""beta"": 1.0, ""consistency_weight"": 0.0, ""negative_weight"": 0.0, ""simulated_negative_weight"": 0.0}, ""target"": ""VariationalPULoss"", ""weight"": 0.2}}}, ""reconstruction"": {""masserstein"": {""target"": ""MassersteinLoss"", ""weight"": 1.0}}, ""regularization"": {""contractive"": {""params"": {""calculation_method"": ""exact_autograd_jacobian"", ""hinge_alpha"": 2.0, ""hinge_threshold"": 7.0, ""input_geometry"": ""fisher_rao"", ""latent_source"": ""auto"", ""penalized_space"": ""u"", ""penalty_metric"": ""spectral_plus_hinged""}, ""target"": ""ContractiveLoss"", ""weight"": 0.002}}}",{},True,True,unfrozen_head (axis-100-3000),P4_staged_rare__unfrozen_head__axis_100_3000,"P4 staged + rare, fine-tuned, unfrozen head, 100-3000 m/z",55,#98DF8A,solid,o,"{""axis"": ""axis-100-3000"", ""components"": ""combined"", ""overlap"": 0, ""rare"": 1, ""role"": ""unfrozen_head"", ""schedule"": ""staged"", ""variant"": ""P4_staged_rare""}"
metaspace-pretrain-repaired-20260923-01__grid_0019__rep_01__unfrozen_head,metaspace-pretrain-repaired-20260923-01,task_000270,grid_0019,1,axis-100-3000,unfrozen_head,unfrozen_head,P4_staged_rare,grid_0019__rep_01,"P4 staged + rare, fine-tuned, unfrozen head, 100-3000 m/z",axis-100-3000/unfrozen_head,/home/max/repositories/MSIAutoEncoderWrapper/data/kidney_workspace/models/kidney/metaspace-pretrain-repaired-20260923-01__grid_0019__rep_01__unfrozen_head,919377028,892754137,molecule_vpu,VariationalPULoss,"{""contrastive"": {""peak_permutation"": {""params"": {""annotation_bin_radius"": 0, ""negative_weighting_method"": ""multilabel_jaccard"", ""overlapping_label_negative_weight"": 0.1, ""peak_catalog_limit"": 4096, ""peak_sample_size"": 10000, ""peak_selection_method"": ""permutation_label_invariant"", ""permutation_bank_size"": 7000, ""permutation_selection_attempts"": 64, ""permuted_peaks_per_view"": 3, ""preserve_input_normalization"": true, ""temperature"": 0.07}, ""target"": ""InfoNCELoss"", ""weight"": 0.001}}, ""heads"": {""molecule_vpu"": {""vpu"": {""params"": {""alpha"": 1.0, ""beta"": 1.0, ""consistency_weight"": 0.0, ""negative_weight"": 0.0, ""simulated_negative_weight"": 0.0}, ""target"": ""VariationalPULoss"", ""weight"": 0.2}}}, ""reconstruction"": {""masserstein"": {""target"": ""MassersteinLoss"", ""weight"": 1.0}}, ""regularization"": {""contractive"": {""params"": {""calculation_method"": ""exact_autograd_jacobian"", ""hinge_alpha"": 2.0, ""hinge_threshold"": 7.0, ""input_geometry"": ""fisher_rao"", ""latent_source"": ""auto"", ""penalized_space"": ""u"", ""penalty_metric"": ""spectral_plus_hinged""}, ""target"": ""ContractiveLoss"", ""weight"": 0.002}}}",{},True,True,unfrozen_head (axis-100-3000),P4_staged_rare__unfrozen_head__axis_100_3000,"P4 staged + rare, fine-tuned, unfrozen head, 100-3000 m/z",55,#98DF8A,solid,o,"{""axis"": ""axis-100-3000"", ""components"": ""combined"", ""overlap"": 0, ""rare"": 1, ""role"": ""unfrozen_head"", ""schedule"": ""staged"", ""variant"": ""P4_staged_rare""}"
metaspace-pretrain-repaired-20260923-01__grid_0019__rep_02__unfrozen_head,metaspace-pretrain-repaired-20260923-01,task_000273,grid_0019,2,axis-100-3000,unfrozen_head,unfrozen_head,P4_staged_rare,grid_0019__rep_02,"P4 staged + rare, fine-tuned, unfrozen head, 100-3000 m/z",axis-100-3000/unfrozen_head,/home/max/repositories/MSIAutoEncoderWrapper/data/kidney_workspace/models/kidney/metaspace-pretrain-repaired-20260923-01__grid_0019__rep_02__unfrozen_head,2136253289,442265914,molecule_vpu,VariationalPULoss,"{""contrastive"": {""peak_permutation"": {""params"": {""annotation_bin_radius"": 0, ""negative_weighting_method"": ""multilabel_jaccard"", ""overlapping_label_negative_weight"": 0.1, ""peak_catalog_limit"": 4096, ""peak_sample_size"": 10000, ""peak_selection_method"": ""permutation_label_invariant"", ""permutation_bank_size"": 7000, ""permutation_selection_attempts"": 64, ""permuted_peaks_per_view"": 3, ""preserve_input_normalization"": true, ""temperature"": 0.07}, ""target"": ""InfoNCELoss"", ""weight"": 0.001}}, ""heads"": {""molecule_vpu"": {""vpu"": {""params"": {""alpha"": 1.0, ""beta"": 1.0, ""consistency_weight"": 0.0, ""negative_weight"": 0.0, ""simulated_negative_weight"": 0.0}, ""target"": ""VariationalPULoss"", ""weight"": 0.2}}}, ""reconstruction"": {""masserstein"": {""target"": ""MassersteinLoss"", ""weight"": 1.0}}, ""regularization"": {""contractive"": {""params"": {""calculation_method"": ""exact_autograd_jacobian"", ""hinge_alpha"": 2.0, ""hinge_threshold"": 7.0, ""input_geometry"": ""fisher_rao"", ""latent_source"": ""auto"", ""penalized_space"": ""u"", ""penalty_metric"": ""spectral_plus_hinged""}, ""target"": ""ContractiveLoss"", ""weight"": 0.002}}}",{},True,True,unfrozen_head (axis-100-3000),P4_staged_rare__unfrozen_head__axis_100_3000,"P4 staged + rare, fine-tuned, unfrozen head, 100-3000 m/z",55,#98DF8A,solid,o,"{""axis"": ""axis-100-3000"", ""components"": ""combined"", ""overlap"": 0, ""rare"": 1, ""role"": ""unfrozen_head"", ""schedule"": ""staged"", ""variant"": ""P4_staged_rare""}"
metaspace-pretrain-repaired-20260923-01__grid_0019__rep_03__unfrozen_head,metaspace-pretrain-repaired-20260923-01,task_000276,grid_0019,3,axis-100-3000,unfrozen_head,unfrozen_head,P4_staged_rare,grid_0019__rep_03,"P4 staged + rare, fine-tuned, unfrozen head, 100-3000 m/z",axis-100-3000/unfrozen_head,/home/max/repositories/MSIAutoEncoderWrapper/data/kidney_workspace/models/kidney/metaspace-pretrain-repaired-20260923-01__grid_0019__rep_03__unfrozen_head,276187349,194761695,molecule_vpu,VariationalPULoss,"{""contrastive"": {""peak_permutation"": {""params"": {""annotation_bin_radius"": 0, ""negative_weighting_method"": ""multilabel_jaccard"", ""overlapping_label_negative_weight"": 0.1, ""peak_catalog_limit"": 4096, ""peak_sample_size"": 10000, ""peak_selection_method"": ""permutation_label_invariant"", ""permutation_bank_size"": 7000, ""permutation_selection_attempts"": 64, ""permuted_peaks_per_view"": 3, ""preserve_input_normalization"": true, ""temperature"": 0.07}, ""target"": ""InfoNCELoss"", ""weight"": 0.001}}, ""heads"": {""molecule_vpu"": {""vpu"": {""params"": {""alpha"": 1.0, ""beta"": 1.0, ""consistency_weight"": 0.0, ""negative_weight"": 0.0, ""simulated_negative_weight"": 0.0}, ""target"": ""VariationalPULoss"", ""weight"": 0.2}}}, ""reconstruction"": {""masserstein"": {""target"": ""MassersteinLoss"", ""weight"": 1.0}}, ""regularization"": {""contractive"": {""params"": {""calculation_method"": ""exact_autograd_jacobian"", ""hinge_alpha"": 2.0, ""hinge_threshold"": 7.0, ""input_geometry"": ""fisher_rao"", ""latent_source"": ""auto"", ""penalized_space"": ""u"", ""penalty_metric"": ""spectral_plus_hinged""}, ""target"": ""ContractiveLoss"", ""weight"": 0.002}}}",{},True,True,unfrozen_head (axis-100-3000),P4_staged_rare__unfrozen_head__axis_100_3000,"P4 staged + rare, fine-tuned, unfrozen head, 100-3000 m/z",55,#98DF8A,solid,o,"{""axis"": ""axis-100-3000"", ""components"": ""combined"", ""overlap"": 0, ""rare"": 1, ""role"": ""unfrozen_head"", ""schedule"": ""staged"", ""variant"": ""P4_staged_rare""}"
metaspace-pretrain-repaired-20260923-01__grid_0019__rep_04__unfrozen_head,metaspace-pretrain-repaired-20260923-01,task_000279,grid_0019,4,axis-100-3000,unfrozen_head,unfrozen_head,P4_staged_rare,grid_0019__rep_04,"P4 staged + rare, fine-tuned, unfrozen head, 100-3000 m/z",axis-100-3000/unfrozen_head,/home/max/repositories/MSIAutoEncoderWrapper/data/kidney_workspace/models/kidney/metaspace-pretrain-repaired-20260923-01__grid_0019__rep_04__unfrozen_head,1915557887,1927548799,molecule_vpu,VariationalPULoss,"{""contrastive"": {""peak_permutation"": {""params"": {""annotation_bin_radius"": 0, ""negative_weighting_method"": ""multilabel_jaccard"", ""overlapping_label_negative_weight"": 0.1, ""peak_catalog_limit"": 4096, ""peak_sample_size"": 10000, ""peak_selection_method"": ""permutation_label_invariant"", ""permutation_bank_size"": 7000, ""permutation_selection_attempts"": 64, ""permuted_peaks_per_view"": 3, ""preserve_input_normalization"": true, ""temperature"": 0.07}, ""target"": ""InfoNCELoss"", ""weight"": 0.001}}, ""heads"": {""molecule_vpu"": {""vpu"": {""params"": {""alpha"": 1.0, ""beta"": 1.0, ""consistency_weight"": 0.0, ""negative_weight"": 0.0, ""simulated_negative_weight"": 0.0}, ""target"": ""VariationalPULoss"", ""weight"": 0.2}}}, ""reconstruction"": {""masserstein"": {""target"": ""MassersteinLoss"", ""weight"": 1.0}}, ""regularization"": {""contractive"": {""params"": {""calculation_method"": ""exact_autograd_jacobian"", ""hinge_alpha"": 2.0, ""hinge_threshold"": 7.0, ""input_geometry"": ""fisher_rao"", ""latent_source"": ""auto"", ""penalized_space"": ""u"", ""penalty_metric"": ""spectral_plus_hinged""}, ""target"": ""ContractiveLoss"", ""weight"": 0.002}}}",{},True,True,unfrozen_head (axis-100-3000),P4_staged_rare__unfrozen_head__axis_100_3000,"P4 staged + rare, fine-tuned, unfrozen head, 100-3000 m/z",55,#98DF8A,solid,o,"{""axis"": ""axis-100-3000"", ""components"": ""combined"", ""overlap"": 0, ""rare"": 1, ""role"": ""unfrozen_head"", ""schedule"": ""staged"", ""variant"": ""P4_staged_rare""}"
metaspace-pretrain-repaired-20260923-01__grid_0020__rep_00__pretrained,metaspace-pretrain-repaired-20260923-01,task_000280,grid_0020,0,axis-100-3000,pretrained,pretrained,P5_joint_all,grid_0020__rep_00,"P5 joint + overlap + rare, pretrained, 100-3000 m/z",axis-100-3000/pretrained,/home/max/repositories/MSIAutoEncoderWrapper/data/kidney_workspace/models/kidney/metaspace-pretrain-repaired-20260923-01__grid_0020__rep_00__pretrained,91154199,32238397,molecule_vpu,MultiLabelBCELoss,"{""contrastive"": {""peak_permutation"": {""params"": {""annotation_bin_radius"": 0, ""negative_weighting_method"": ""multilabel_jaccard"", ""overlapping_label_negative_weight"": 0.1, ""peak_catalog_limit"": 4096, ""peak_sample_size"": 10000, ""peak_selection_method"": ""permutation_label_invariant"", ""permutation_bank_size"": 7000, ""permutation_selection_attempts"": 64, ""permuted_peaks_per_view"": 3, ""preserve_input_normalization"": true, ""temperature"": 0.07}, ""target"": ""InfoNCELoss"", ""weight"": 0.001}}, ""heads"": {""molecule_vpu"": {""vpu"": {""params"": {""alpha"": 1.0, ""beta"": 1.0, ""consistency_weight"": 0.0, ""negative_weight"": 0.0, ""simulated_negative_weight"": 0.0}, ""target"": ""VariationalPULoss"", ""weight"": 0.2}}}, ""reconstruction"": {""masserstein"": {""target"": ""MassersteinLoss"", ""weight"": 1.0}}, ""regularization"": {""contractive"": {""params"": {""calculation_method"": ""exact_autograd_jacobian"", ""hinge_alpha"": 2.0, ""hinge_threshold"": 7.0, ""input_geometry"": ""fisher_rao"", ""latent_source"": ""auto"", ""penalized_space"": ""u"", ""penalty_metric"": ""spectral_plus_hinged""}, ""target"": ""ContractiveLoss"", ""weight"": 0.002}}}",{},True,True,pretrained (axis-100-3000),P5_joint_all__pretrained__axis_100_3000,"P5 joint + overlap + rare, pretrained, 100-3000 m/z",56,#D62728,dotted,^,"{""axis"": ""axis-100-3000"", ""components"": ""combined"", ""overlap"": 1, ""rare"": 1, ""role"": ""pretrained"", ""schedule"": ""joint"", ""variant"": ""P5_joint_all""}"
metaspace-pretrain-repaired-20260923-01__grid_0020__rep_01__pretrained,metaspace-pretrain-repaired-20260923-01,task_000283,grid_0020,1,axis-100-3000,pretrained,pretrained,P5_joint_all,grid_0020__rep_01,"P5 joint + overlap + rare, pretrained, 100-3000 m/z",axis-100-3000/pretrained,/home/max/repositories/MSIAutoEncoderWrapper/data/kidney_workspace/models/kidney/metaspace-pretrain-repaired-20260923-01__grid_0020__rep_01__pretrained,919377028,892754137,molecule_vpu,MultiLabelBCELoss,"{""contrastive"": {""peak_permutation"": {""params"": {""annotation_bin_radius"": 0, ""negative_weighting_method"": ""multilabel_jaccard"", ""overlapping_label_negative_weight"": 0.1, ""peak_catalog_limit"": 4096, ""peak_sample_size"": 10000, ""peak_selection_method"": ""permutation_label_invariant"", ""permutation_bank_size"": 7000, ""permutation_selection_attempts"": 64, ""permuted_peaks_per_view"": 3, ""preserve_input_normalization"": true, ""temperature"": 0.07}, ""target"": ""InfoNCELoss"", ""weight"": 0.001}}, ""heads"": {""molecule_vpu"": {""vpu"": {""params"": {""alpha"": 1.0, ""beta"": 1.0, ""consistency_weight"": 0.0, ""negative_weight"": 0.0, ""simulated_negative_weight"": 0.0}, ""target"": ""VariationalPULoss"", ""weight"": 0.2}}}, ""reconstruction"": {""masserstein"": {""target"": ""MassersteinLoss"", ""weight"": 1.0}}, ""regularization"": {""contractive"": {""params"": {""calculation_method"": ""exact_autograd_jacobian"", ""hinge_alpha"": 2.0, ""hinge_threshold"": 7.0, ""input_geometry"": ""fisher_rao"", ""latent_source"": ""auto"", ""penalized_space"": ""u"", ""penalty_metric"": ""spectral_plus_hinged""}, ""target"": ""ContractiveLoss"", ""weight"": 0.002}}}",{},True,True,pretrained (axis-100-3000),P5_joint_all__pretrained__axis_100_3000,"P5 joint + overlap + rare, pretrained, 100-3000 m/z",56,#D62728,dotted,^,"{""axis"": ""axis-100-3000"", ""components"": ""combined"", ""overlap"": 1, ""rare"": 1, ""role"": ""pretrained"", ""schedule"": ""joint"", ""variant"": ""P5_joint_all""}"
metaspace-pretrain-repaired-20260923-01__grid_0020__rep_02__pretrained,metaspace-pretrain-repaired-20260923-01,task_000286,grid_0020,2,axis-100-3000,pretrained,pretrained,P5_joint_all,grid_0020__rep_02,"P5 joint + overlap + rare, pretrained, 100-3000 m/z",axis-100-3000/pretrained,/home/max/repositories/MSIAutoEncoderWrapper/data/kidney_workspace/models/kidney/metaspace-pretrain-repaired-20260923-01__grid_0020__rep_02__pretrained,2136253289,442265914,molecule_vpu,MultiLabelBCELoss,"{""contrastive"": {""peak_permutation"": {""params"": {""annotation_bin_radius"": 0, ""negative_weighting_method"": ""multilabel_jaccard"", ""overlapping_label_negative_weight"": 0.1, ""peak_catalog_limit"": 4096, ""peak_sample_size"": 10000, ""peak_selection_method"": ""permutation_label_invariant"", ""permutation_bank_size"": 7000, ""permutation_selection_attempts"": 64, ""permuted_peaks_per_view"": 3, ""preserve_input_normalization"": true, ""temperature"": 0.07}, ""target"": ""InfoNCELoss"", ""weight"": 0.001}}, ""heads"": {""molecule_vpu"": {""vpu"": {""params"": {""alpha"": 1.0, ""beta"": 1.0, ""consistency_weight"": 0.0, ""negative_weight"": 0.0, ""simulated_negative_weight"": 0.0}, ""target"": ""VariationalPULoss"", ""weight"": 0.2}}}, ""reconstruction"": {""masserstein"": {""target"": ""MassersteinLoss"", ""weight"": 1.0}}, ""regularization"": {""contractive"": {""params"": {""calculation_method"": ""exact_autograd_jacobian"", ""hinge_alpha"": 2.0, ""hinge_threshold"": 7.0, ""input_geometry"": ""fisher_rao"", ""latent_source"": ""auto"", ""penalized_space"": ""u"", ""penalty_metric"": ""spectral_plus_hinged""}, ""target"": ""ContractiveLoss"", ""weight"": 0.002}}}",{},True,True,pretrained (axis-100-3000),P5_joint_all__pretrained__axis_100_3000,"P5 joint + overlap + rare, pretrained, 100-3000 m/z",56,#D62728,dotted,^,"{""axis"": ""axis-100-3000"", ""components"": ""combined"", ""overlap"": 1, ""rare"": 1, ""role"": ""pretrained"", ""schedule"": ""joint"", ""variant"": ""P5_joint_all""}"
metaspace-pretrain-repaired-20260923-01__grid_0020__rep_03__pretrained,metaspace-pretrain-repaired-20260923-01,task_000289,grid_0020,3,axis-100-3000,pretrained,pretrained,P5_joint_all,grid_0020__rep_03,"P5 joint + overlap + rare, pretrained, 100-3000 m/z",axis-100-3000/pretrained,/home/max/repositories/MSIAutoEncoderWrapper/data/kidney_workspace/models/kidney/metaspace-pretrain-repaired-20260923-01__grid_0020__rep_03__pretrained,276187349,194761695,molecule_vpu,MultiLabelBCELoss,"{""contrastive"": {""peak_permutation"": {""params"": {""annotation_bin_radius"": 0, ""negative_weighting_method"": ""multilabel_jaccard"", ""overlapping_label_negative_weight"": 0.1, ""peak_catalog_limit"": 4096, ""peak_sample_size"": 10000, ""peak_selection_method"": ""permutation_label_invariant"", ""permutation_bank_size"": 7000, ""permutation_selection_attempts"": 64, ""permuted_peaks_per_view"": 3, ""preserve_input_normalization"": true, ""temperature"": 0.07}, ""target"": ""InfoNCELoss"", ""weight"": 0.001}}, ""heads"": {""molecule_vpu"": {""vpu"": {""params"": {""alpha"": 1.0, ""beta"": 1.0, ""consistency_weight"": 0.0, ""negative_weight"": 0.0, ""simulated_negative_weight"": 0.0}, ""target"": ""VariationalPULoss"", ""weight"": 0.2}}}, ""reconstruction"": {""masserstein"": {""target"": ""MassersteinLoss"", ""weight"": 1.0}}, ""regularization"": {""contractive"": {""params"": {""calculation_method"": ""exact_autograd_jacobian"", ""hinge_alpha"": 2.0, ""hinge_threshold"": 7.0, ""input_geometry"": ""fisher_rao"", ""latent_source"": ""auto"", ""penalized_space"": ""u"", ""penalty_metric"": ""spectral_plus_hinged""}, ""target"": ""ContractiveLoss"", ""weight"": 0.002}}}",{},True,True,pretrained (axis-100-3000),P5_joint_all__pretrained__axis_100_3000,"P5 joint + overlap + rare, pretrained, 100-3000 m/z",56,#D62728,dotted,^,"{""axis"": ""axis-100-3000"", ""components"": ""combined"", ""overlap"": 1, ""rare"": 1, ""role"": ""pretrained"", ""schedule"": ""joint"", ""variant"": ""P5_joint_all""}"
metaspace-pretrain-repaired-20260923-01__grid_0020__rep_04__pretrained,metaspace-pretrain-repaired-20260923-01,task_000292,grid_0020,4,axis-100-3000,pretrained,pretrained,P5_joint_all,grid_0020__rep_04,"P5 joint + overlap + rare, pretrained, 100-3000 m/z",axis-100-3000/pretrained,/home/max/repositories/MSIAutoEncoderWrapper/data/kidney_workspace/models/kidney/metaspace-pretrain-repaired-20260923-01__grid_0020__rep_04__pretrained,1915557887,1927548799,molecule_vpu,MultiLabelBCELoss,"{""contrastive"": {""peak_permutation"": {""params"": {""annotation_bin_radius"": 0, ""negative_weighting_method"": ""multilabel_jaccard"", ""overlapping_label_negative_weight"": 0.1, ""peak_catalog_limit"": 4096, ""peak_sample_size"": 10000, ""peak_selection_method"": ""permutation_label_invariant"", ""permutation_bank_size"": 7000, ""permutation_selection_attempts"": 64, ""permuted_peaks_per_view"": 3, ""preserve_input_normalization"": true, ""temperature"": 0.07}, ""target"": ""InfoNCELoss"", ""weight"": 0.001}}, ""heads"": {""molecule_vpu"": {""vpu"": {""params"": {""alpha"": 1.0, ""beta"": 1.0, ""consistency_weight"": 0.0, ""negative_weight"": 0.0, ""simulated_negative_weight"": 0.0}, ""target"": ""VariationalPULoss"", ""weight"": 0.2}}}, ""reconstruction"": {""masserstein"": {""target"": ""MassersteinLoss"", ""weight"": 1.0}}, ""regularization"": {""contractive"": {""params"": {""calculation_method"": ""exact_autograd_jacobian"", ""hinge_alpha"": 2.0, ""hinge_threshold"": 7.0, ""input_geometry"": ""fisher_rao"", ""latent_source"": ""auto"", ""penalized_space"": ""u"", ""penalty_metric"": ""spectral_plus_hinged""}, ""target"": ""ContractiveLoss"", ""weight"": 0.002}}}",{},True,True,pretrained (axis-100-3000),P5_joint_all__pretrained__axis_100_3000,"P5 joint + overlap + rare, pretrained, 100-3000 m/z",56,#D62728,dotted,^,"{""axis"": ""axis-100-3000"", ""components"": ""combined"", ""overlap"": 1, ""rare"": 1, ""role"": ""pretrained"", ""schedule"": ""joint"", ""variant"": ""P5_joint_all""}"
metaspace-pretrain-repaired-20260923-01__grid_0020__rep_00__frozen_head,metaspace-pretrain-repaired-20260923-01,task_000281,grid_0020,0,axis-100-3000,frozen_head,frozen_head,P5_joint_all,grid_0020__rep_00,"P5 joint + overlap + rare, fine-tuned, frozen head, 100-3000 m/z",axis-100-3000/frozen_head,/home/max/repositories/MSIAutoEncoderWrapper/data/kidney_workspace/models/kidney/metaspace-pretrain-repaired-20260923-01__grid_0020__rep_00__frozen_head,91154199,32238397,molecule_vpu,MultiLabelBCELoss,"{""contrastive"": {""peak_permutation"": {""params"": {""annotation_bin_radius"": 0, ""negative_weighting_method"": ""multilabel_jaccard"", ""overlapping_label_negative_weight"": 0.1, ""peak_catalog_limit"": 4096, ""peak_sample_size"": 10000, ""peak_selection_method"": ""permutation_label_invariant"", ""permutation_bank_size"": 7000, ""permutation_selection_attempts"": 64, ""permuted_peaks_per_view"": 3, ""preserve_input_normalization"": true, ""temperature"": 0.07}, ""target"": ""InfoNCELoss"", ""weight"": 0.001}}, ""heads"": {""molecule_vpu"": {""vpu"": {""params"": {""alpha"": 1.0, ""beta"": 1.0, ""consistency_weight"": 0.0, ""negative_weight"": 0.0, ""simulated_negative_weight"": 0.0}, ""target"": ""VariationalPULoss"", ""weight"": 0.2}}}, ""reconstruction"": {""masserstein"": {""target"": ""MassersteinLoss"", ""weight"": 1.0}}, ""regularization"": {""contractive"": {""params"": {""calculation_method"": ""exact_autograd_jacobian"", ""hinge_alpha"": 2.0, ""hinge_threshold"": 7.0, ""input_geometry"": ""fisher_rao"", ""latent_source"": ""auto"", ""penalized_space"": ""u"", ""penalty_metric"": ""spectral_plus_hinged""}, ""target"": ""ContractiveLoss"", ""weight"": 0.002}}}",{},True,True,frozen_head (axis-100-3000),P5_joint_all__frozen_head__axis_100_3000,"P5 joint + overlap + rare, fine-tuned, frozen head, 100-3000 m/z",57,#D62728,dashed,s,"{""axis"": ""axis-100-3000"", ""components"": ""combined"", ""overlap"": 1, ""rare"": 1, ""role"": ""frozen_head"", ""schedule"": ""joint"", ""variant"": ""P5_joint_all""}"
metaspace-pretrain-repaired-20260923-01__grid_0020__rep_01__frozen_head,metaspace-pretrain-repaired-20260923-01,task_000284,grid_0020,1,axis-100-3000,frozen_head,frozen_head,P5_joint_all,grid_0020__rep_01,"P5 joint + overlap + rare, fine-tuned, frozen head, 100-3000 m/z",axis-100-3000/frozen_head,/home/max/repositories/MSIAutoEncoderWrapper/data/kidney_workspace/models/kidney/metaspace-pretrain-repaired-20260923-01__grid_0020__rep_01__frozen_head,919377028,892754137,molecule_vpu,MultiLabelBCELoss,"{""contrastive"": {""peak_permutation"": {""params"": {""annotation_bin_radius"": 0, ""negative_weighting_method"": ""multilabel_jaccard"", ""overlapping_label_negative_weight"": 0.1, ""peak_catalog_limit"": 4096, ""peak_sample_size"": 10000, ""peak_selection_method"": ""permutation_label_invariant"", ""permutation_bank_size"": 7000, ""permutation_selection_attempts"": 64, ""permuted_peaks_per_view"": 3, ""preserve_input_normalization"": true, ""temperature"": 0.07}, ""target"": ""InfoNCELoss"", ""weight"": 0.001}}, ""heads"": {""molecule_vpu"": {""vpu"": {""params"": {""alpha"": 1.0, ""beta"": 1.0, ""consistency_weight"": 0.0, ""negative_weight"": 0.0, ""simulated_negative_weight"": 0.0}, ""target"": ""VariationalPULoss"", ""weight"": 0.2}}}, ""reconstruction"": {""masserstein"": {""target"": ""MassersteinLoss"", ""weight"": 1.0}}, ""regularization"": {""contractive"": {""params"": {""calculation_method"": ""exact_autograd_jacobian"", ""hinge_alpha"": 2.0, ""hinge_threshold"": 7.0, ""input_geometry"": ""fisher_rao"", ""latent_source"": ""auto"", ""penalized_space"": ""u"", ""penalty_metric"": ""spectral_plus_hinged""}, ""target"": ""ContractiveLoss"", ""weight"": 0.002}}}",{},True,True,frozen_head (axis-100-3000),P5_joint_all__frozen_head__axis_100_3000,"P5 joint + overlap + rare, fine-tuned, frozen head, 100-3000 m/z",57,#D62728,dashed,s,"{""axis"": ""axis-100-3000"", ""components"": ""combined"", ""overlap"": 1, ""rare"": 1, ""role"": ""frozen_head"", ""schedule"": ""joint"", ""variant"": ""P5_joint_all""}"
metaspace-pretrain-repaired-20260923-01__grid_0020__rep_02__frozen_head,metaspace-pretrain-repaired-20260923-01,task_000287,grid_0020,2,axis-100-3000,frozen_head,frozen_head,P5_joint_all,grid_0020__rep_02,"P5 joint + overlap + rare, fine-tuned, frozen head, 100-3000 m/z",axis-100-3000/frozen_head,/home/max/repositories/MSIAutoEncoderWrapper/data/kidney_workspace/models/kidney/metaspace-pretrain-repaired-20260923-01__grid_0020__rep_02__frozen_head,2136253289,442265914,molecule_vpu,MultiLabelBCELoss,"{""contrastive"": {""peak_permutation"": {""params"": {""annotation_bin_radius"": 0, ""negative_weighting_method"": ""multilabel_jaccard"", ""overlapping_label_negative_weight"": 0.1, ""peak_catalog_limit"": 4096, ""peak_sample_size"": 10000, ""peak_selection_method"": ""permutation_label_invariant"", ""permutation_bank_size"": 7000, ""permutation_selection_attempts"": 64, ""permuted_peaks_per_view"": 3, ""preserve_input_normalization"": true, ""temperature"": 0.07}, ""target"": ""InfoNCELoss"", ""weight"": 0.001}}, ""heads"": {""molecule_vpu"": {""vpu"": {""params"": {""alpha"": 1.0, ""beta"": 1.0, ""consistency_weight"": 0.0, ""negative_weight"": 0.0, ""simulated_negative_weight"": 0.0}, ""target"": ""VariationalPULoss"", ""weight"": 0.2}}}, ""reconstruction"": {""masserstein"": {""target"": ""MassersteinLoss"", ""weight"": 1.0}}, ""regularization"": {""contractive"": {""params"": {""calculation_method"": ""exact_autograd_jacobian"", ""hinge_alpha"": 2.0, ""hinge_threshold"": 7.0, ""input_geometry"": ""fisher_rao"", ""latent_source"": ""auto"", ""penalized_space"": ""u"", ""penalty_metric"": ""spectral_plus_hinged""}, ""target"": ""ContractiveLoss"", ""weight"": 0.002}}}",{},True,True,frozen_head (axis-100-3000),P5_joint_all__frozen_head__axis_100_3000,"P5 joint + overlap + rare, fine-tuned, frozen head, 100-3000 m/z",57,#D62728,dashed,s,"{""axis"": ""axis-100-3000"", ""components"": ""combined"", ""overlap"": 1, ""rare"": 1, ""role"": ""frozen_head"", ""schedule"": ""joint"", ""variant"": ""P5_joint_all""}"
metaspace-pretrain-repaired-20260923-01__grid_0020__rep_03__frozen_head,metaspace-pretrain-repaired-20260923-01,task_000290,grid_0020,3,axis-100-3000,frozen_head,frozen_head,P5_joint_all,grid_0020__rep_03,"P5 joint + overlap + rare, fine-tuned, frozen head, 100-3000 m/z",axis-100-3000/frozen_head,/home/max/repositories/MSIAutoEncoderWrapper/data/kidney_workspace/models/kidney/metaspace-pretrain-repaired-20260923-01__grid_0020__rep_03__frozen_head,276187349,194761695,molecule_vpu,MultiLabelBCELoss,"{""contrastive"": {""peak_permutation"": {""params"": {""annotation_bin_radius"": 0, ""negative_weighting_method"": ""multilabel_jaccard"", ""overlapping_label_negative_weight"": 0.1, ""peak_catalog_limit"": 4096, ""peak_sample_size"": 10000, ""peak_selection_method"": ""permutation_label_invariant"", ""permutation_bank_size"": 7000, ""permutation_selection_attempts"": 64, ""permuted_peaks_per_view"": 3, ""preserve_input_normalization"": true, ""temperature"": 0.07}, ""target"": ""InfoNCELoss"", ""weight"": 0.001}}, ""heads"": {""molecule_vpu"": {""vpu"": {""params"": {""alpha"": 1.0, ""beta"": 1.0, ""consistency_weight"": 0.0, ""negative_weight"": 0.0, ""simulated_negative_weight"": 0.0}, ""target"": ""VariationalPULoss"", ""weight"": 0.2}}}, ""reconstruction"": {""masserstein"": {""target"": ""MassersteinLoss"", ""weight"": 1.0}}, ""regularization"": {""contractive"": {""params"": {""calculation_method"": ""exact_autograd_jacobian"", ""hinge_alpha"": 2.0, ""hinge_threshold"": 7.0, ""input_geometry"": ""fisher_rao"", ""latent_source"": ""auto"", ""penalized_space"": ""u"", ""penalty_metric"": ""spectral_plus_hinged""}, ""target"": ""ContractiveLoss"", ""weight"": 0.002}}}",{},True,True,frozen_head (axis-100-3000),P5_joint_all__frozen_head__axis_100_3000,"P5 joint + overlap + rare, fine-tuned, frozen head, 100-3000 m/z",57,#D62728,dashed,s,"{""axis"": ""axis-100-3000"", ""components"": ""combined"", ""overlap"": 1, ""rare"": 1, ""role"": ""frozen_head"", ""schedule"": ""joint"", ""variant"": ""P5_joint_all""}"
metaspace-pretrain-repaired-20260923-01__grid_0020__rep_04__frozen_head,metaspace-pretrain-repaired-20260923-01,task_000293,grid_0020,4,axis-100-3000,frozen_head,frozen_head,P5_joint_all,grid_0020__rep_04,"P5 joint + overlap + rare, fine-tuned, frozen head, 100-3000 m/z",axis-100-3000/frozen_head,/home/max/repositories/MSIAutoEncoderWrapper/data/kidney_workspace/models/kidney/metaspace-pretrain-repaired-20260923-01__grid_0020__rep_04__frozen_head,1915557887,1927548799,molecule_vpu,MultiLabelBCELoss,"{""contrastive"": {""peak_permutation"": {""params"": {""annotation_bin_radius"": 0, ""negative_weighting_method"": ""multilabel_jaccard"", ""overlapping_label_negative_weight"": 0.1, ""peak_catalog_limit"": 4096, ""peak_sample_size"": 10000, ""peak_selection_method"": ""permutation_label_invariant"", ""permutation_bank_size"": 7000, ""permutation_selection_attempts"": 64, ""permuted_peaks_per_view"": 3, ""preserve_input_normalization"": true, ""temperature"": 0.07}, ""target"": ""InfoNCELoss"", ""weight"": 0.001}}, ""heads"": {""molecule_vpu"": {""vpu"": {""params"": {""alpha"": 1.0, ""beta"": 1.0, ""consistency_weight"": 0.0, ""negative_weight"": 0.0, ""simulated_negative_weight"": 0.0}, ""target"": ""VariationalPULoss"", ""weight"": 0.2}}}, ""reconstruction"": {""masserstein"": {""target"": ""MassersteinLoss"", ""weight"": 1.0}}, ""regularization"": {""contractive"": {""params"": {""calculation_method"": ""exact_autograd_jacobian"", ""hinge_alpha"": 2.0, ""hinge_threshold"": 7.0, ""input_geometry"": ""fisher_rao"", ""latent_source"": ""auto"", ""penalized_space"": ""u"", ""penalty_metric"": ""spectral_plus_hinged""}, ""target"": ""ContractiveLoss"", ""weight"": 0.002}}}",{},True,True,frozen_head (axis-100-3000),P5_joint_all__frozen_head__axis_100_3000,"P5 joint + overlap + rare, fine-tuned, frozen head, 100-3000 m/z",57,#D62728,dashed,s,"{""axis"": ""axis-100-3000"", ""components"": ""combined"", ""overlap"": 1, ""rare"": 1, ""role"": ""frozen_head"", ""schedule"": ""joint"", ""variant"": ""P5_joint_all""}"
metaspace-pretrain-repaired-20260923-01__grid_0020__rep_00__unfrozen_head,metaspace-pretrain-repaired-20260923-01,task_000282,grid_0020,0,axis-100-3000,unfrozen_head,unfrozen_head,P5_joint_all,grid_0020__rep_00,"P5 joint + overlap + rare, fine-tuned, unfrozen head, 100-3000 m/z",axis-100-3000/unfrozen_head,/home/max/repositories/MSIAutoEncoderWrapper/data/kidney_workspace/models/kidney/metaspace-pretrain-repaired-20260923-01__grid_0020__rep_00__unfrozen_head,91154199,32238397,molecule_vpu,VariationalPULoss,"{""contrastive"": {""peak_permutation"": {""params"": {""annotation_bin_radius"": 0, ""negative_weighting_method"": ""multilabel_jaccard"", ""overlapping_label_negative_weight"": 0.1, ""peak_catalog_limit"": 4096, ""peak_sample_size"": 10000, ""peak_selection_method"": ""permutation_label_invariant"", ""permutation_bank_size"": 7000, ""permutation_selection_attempts"": 64, ""permuted_peaks_per_view"": 3, ""preserve_input_normalization"": true, ""temperature"": 0.07}, ""target"": ""InfoNCELoss"", ""weight"": 0.001}}, ""heads"": {""molecule_vpu"": {""vpu"": {""params"": {""alpha"": 1.0, ""beta"": 1.0, ""consistency_weight"": 0.0, ""negative_weight"": 0.0, ""simulated_negative_weight"": 0.0}, ""target"": ""VariationalPULoss"", ""weight"": 0.2}}}, ""reconstruction"": {""masserstein"": {""target"": ""MassersteinLoss"", ""weight"": 1.0}}, ""regularization"": {""contractive"": {""params"": {""calculation_method"": ""exact_autograd_jacobian"", ""hinge_alpha"": 2.0, ""hinge_threshold"": 7.0, ""input_geometry"": ""fisher_rao"", ""latent_source"": ""auto"", ""penalized_space"": ""u"", ""penalty_metric"": ""spectral_plus_hinged""}, ""target"": ""ContractiveLoss"", ""weight"": 0.002}}}",{},True,True,unfrozen_head (axis-100-3000),P5_joint_all__unfrozen_head__axis_100_3000,"P5 joint + overlap + rare, fine-tuned, unfrozen head, 100-3000 m/z",58,#D62728,solid,o,"{""axis"": ""axis-100-3000"", ""components"": ""combined"", ""overlap"": 1, ""rare"": 1, ""role"": ""unfrozen_head"", ""schedule"": ""joint"", ""variant"": ""P5_joint_all""}"
metaspace-pretrain-repaired-20260923-01__grid_0020__rep_01__unfrozen_head,metaspace-pretrain-repaired-20260923-01,task_000285,grid_0020,1,axis-100-3000,unfrozen_head,unfrozen_head,P5_joint_all,grid_0020__rep_01,"P5 joint + overlap + rare, fine-tuned, unfrozen head, 100-3000 m/z",axis-100-3000/unfrozen_head,/home/max/repositories/MSIAutoEncoderWrapper/data/kidney_workspace/models/kidney/metaspace-pretrain-repaired-20260923-01__grid_0020__rep_01__unfrozen_head,919377028,892754137,molecule_vpu,VariationalPULoss,"{""contrastive"": {""peak_permutation"": {""params"": {""annotation_bin_radius"": 0, ""negative_weighting_method"": ""multilabel_jaccard"", ""overlapping_label_negative_weight"": 0.1, ""peak_catalog_limit"": 4096, ""peak_sample_size"": 10000, ""peak_selection_method"": ""permutation_label_invariant"", ""permutation_bank_size"": 7000, ""permutation_selection_attempts"": 64, ""permuted_peaks_per_view"": 3, ""preserve_input_normalization"": true, ""temperature"": 0.07}, ""target"": ""InfoNCELoss"", ""weight"": 0.001}}, ""heads"": {""molecule_vpu"": {""vpu"": {""params"": {""alpha"": 1.0, ""beta"": 1.0, ""consistency_weight"": 0.0, ""negative_weight"": 0.0, ""simulated_negative_weight"": 0.0}, ""target"": ""VariationalPULoss"", ""weight"": 0.2}}}, ""reconstruction"": {""masserstein"": {""target"": ""MassersteinLoss"", ""weight"": 1.0}}, ""regularization"": {""contractive"": {""params"": {""calculation_method"": ""exact_autograd_jacobian"", ""hinge_alpha"": 2.0, ""hinge_threshold"": 7.0, ""input_geometry"": ""fisher_rao"", ""latent_source"": ""auto"", ""penalized_space"": ""u"", ""penalty_metric"": ""spectral_plus_hinged""}, ""target"": ""ContractiveLoss"", ""weight"": 0.002}}}",{},True,True,unfrozen_head (axis-100-3000),P5_joint_all__unfrozen_head__axis_100_3000,"P5 joint + overlap + rare, fine-tuned, unfrozen head, 100-3000 m/z",58,#D62728,solid,o,"{""axis"": ""axis-100-3000"", ""components"": ""combined"", ""overlap"": 1, ""rare"": 1, ""role"": ""unfrozen_head"", ""schedule"": ""joint"", ""variant"": ""P5_joint_all""}"
metaspace-pretrain-repaired-20260923-01__grid_0020__rep_02__unfrozen_head,metaspace-pretrain-repaired-20260923-01,task_000288,grid_0020,2,axis-100-3000,unfrozen_head,unfrozen_head,P5_joint_all,grid_0020__rep_02,"P5 joint + overlap + rare, fine-tuned, unfrozen head, 100-3000 m/z",axis-100-3000/unfrozen_head,/home/max/repositories/MSIAutoEncoderWrapper/data/kidney_workspace/models/kidney/metaspace-pretrain-repaired-20260923-01__grid_0020__rep_02__unfrozen_head,2136253289,442265914,molecule_vpu,VariationalPULoss,"{""contrastive"": {""peak_permutation"": {""params"": {""annotation_bin_radius"": 0, ""negative_weighting_method"": ""multilabel_jaccard"", ""overlapping_label_negative_weight"": 0.1, ""peak_catalog_limit"": 4096, ""peak_sample_size"": 10000, ""peak_selection_method"": ""permutation_label_invariant"", ""permutation_bank_size"": 7000, ""permutation_selection_attempts"": 64, ""permuted_peaks_per_view"": 3, ""preserve_input_normalization"": true, ""temperature"": 0.07}, ""target"": ""InfoNCELoss"", ""weight"": 0.001}}, ""heads"": {""molecule_vpu"": {""vpu"": {""params"": {""alpha"": 1.0, ""beta"": 1.0, ""consistency_weight"": 0.0, ""negative_weight"": 0.0, ""simulated_negative_weight"": 0.0}, ""target"": ""VariationalPULoss"", ""weight"": 0.2}}}, ""reconstruction"": {""masserstein"": {""target"": ""MassersteinLoss"", ""weight"": 1.0}}, ""regularization"": {""contractive"": {""params"": {""calculation_method"": ""exact_autograd_jacobian"", ""hinge_alpha"": 2.0, ""hinge_threshold"": 7.0, ""input_geometry"": ""fisher_rao"", ""latent_source"": ""auto"", ""penalized_space"": ""u"", ""penalty_metric"": ""spectral_plus_hinged""}, ""target"": ""ContractiveLoss"", ""weight"": 0.002}}}",{},True,True,unfrozen_head (axis-100-3000),P5_joint_all__unfrozen_head__axis_100_3000,"P5 joint + overlap + rare, fine-tuned, unfrozen head, 100-3000 m/z",58,#D62728,solid,o,"{""axis"": ""axis-100-3000"", ""components"": ""combined"", ""overlap"": 1, ""rare"": 1, ""role"": ""unfrozen_head"", ""schedule"": ""joint"", ""variant"": ""P5_joint_all""}"
metaspace-pretrain-repaired-20260923-01__grid_0020__rep_03__unfrozen_head,metaspace-pretrain-repaired-20260923-01,task_000291,grid_0020,3,axis-100-3000,unfrozen_head,unfrozen_head,P5_joint_all,grid_0020__rep_03,"P5 joint + overlap + rare, fine-tuned, unfrozen head, 100-3000 m/z",axis-100-3000/unfrozen_head,/home/max/repositories/MSIAutoEncoderWrapper/data/kidney_workspace/models/kidney/metaspace-pretrain-repaired-20260923-01__grid_0020__rep_03__unfrozen_head,276187349,194761695,molecule_vpu,VariationalPULoss,"{""contrastive"": {""peak_permutation"": {""params"": {""annotation_bin_radius"": 0, ""negative_weighting_method"": ""multilabel_jaccard"", ""overlapping_label_negative_weight"": 0.1, ""peak_catalog_limit"": 4096, ""peak_sample_size"": 10000, ""peak_selection_method"": ""permutation_label_invariant"", ""permutation_bank_size"": 7000, ""permutation_selection_attempts"": 64, ""permuted_peaks_per_view"": 3, ""preserve_input_normalization"": true, ""temperature"": 0.07}, ""target"": ""InfoNCELoss"", ""weight"": 0.001}}, ""heads"": {""molecule_vpu"": {""vpu"": {""params"": {""alpha"": 1.0, ""beta"": 1.0, ""consistency_weight"": 0.0, ""negative_weight"": 0.0, ""simulated_negative_weight"": 0.0}, ""target"": ""VariationalPULoss"", ""weight"": 0.2}}}, ""reconstruction"": {""masserstein"": {""target"": ""MassersteinLoss"", ""weight"": 1.0}}, ""regularization"": {""contractive"": {""params"": {""calculation_method"": ""exact_autograd_jacobian"", ""hinge_alpha"": 2.0, ""hinge_threshold"": 7.0, ""input_geometry"": ""fisher_rao"", ""latent_source"": ""auto"", ""penalized_space"": ""u"", ""penalty_metric"": ""spectral_plus_hinged""}, ""target"": ""ContractiveLoss"", ""weight"": 0.002}}}",{},True,True,unfrozen_head (axis-100-3000),P5_joint_all__unfrozen_head__axis_100_3000,"P5 joint + overlap + rare, fine-tuned, unfrozen head, 100-3000 m/z",58,#D62728,solid,o,"{""axis"": ""axis-100-3000"", ""components"": ""combined"", ""overlap"": 1, ""rare"": 1, ""role"": ""unfrozen_head"", ""schedule"": ""joint"", ""variant"": ""P5_joint_all""}"
metaspace-pretrain-repaired-20260923-01__grid_0020__rep_04__unfrozen_head,metaspace-pretrain-repaired-20260923-01,task_000294,grid_0020,4,axis-100-3000,unfrozen_head,unfrozen_head,P5_joint_all,grid_0020__rep_04,"P5 joint + overlap + rare, fine-tuned, unfrozen head, 100-3000 m/z",axis-100-3000/unfrozen_head,/home/max/repositories/MSIAutoEncoderWrapper/data/kidney_workspace/models/kidney/metaspace-pretrain-repaired-20260923-01__grid_0020__rep_04__unfrozen_head,1915557887,1927548799,molecule_vpu,VariationalPULoss,"{""contrastive"": {""peak_permutation"": {""params"": {""annotation_bin_radius"": 0, ""negative_weighting_method"": ""multilabel_jaccard"", ""overlapping_label_negative_weight"": 0.1, ""peak_catalog_limit"": 4096, ""peak_sample_size"": 10000, ""peak_selection_method"": ""permutation_label_invariant"", ""permutation_bank_size"": 7000, ""permutation_selection_attempts"": 64, ""permuted_peaks_per_view"": 3, ""preserve_input_normalization"": true, ""temperature"": 0.07}, ""target"": ""InfoNCELoss"", ""weight"": 0.001}}, ""heads"": {""molecule_vpu"": {""vpu"": {""params"": {""alpha"": 1.0, ""beta"": 1.0, ""consistency_weight"": 0.0, ""negative_weight"": 0.0, ""simulated_negative_weight"": 0.0}, ""target"": ""VariationalPULoss"", ""weight"": 0.2}}}, ""reconstruction"": {""masserstein"": {""target"": ""MassersteinLoss"", ""weight"": 1.0}}, ""regularization"": {""contractive"": {""params"": {""calculation_method"": ""exact_autograd_jacobian"", ""hinge_alpha"": 2.0, ""hinge_threshold"": 7.0, ""input_geometry"": ""fisher_rao"", ""latent_source"": ""auto"", ""penalized_space"": ""u"", ""penalty_metric"": ""spectral_plus_hinged""}, ""target"": ""ContractiveLoss"", ""weight"": 0.002}}}",{},True,True,unfrozen_head (axis-100-3000),P5_joint_all__unfrozen_head__axis_100_3000,"P5 joint + overlap + rare, fine-tuned, unfrozen head, 100-3000 m/z",58,#D62728,solid,o,"{""axis"": ""axis-100-3000"", ""components"": ""combined"", ""overlap"": 1, ""rare"": 1, ""role"": ""unfrozen_head"", ""schedule"": ""joint"", ""variant"": ""P5_joint_all""}"
metaspace-pretrain-repaired-20260923-01__grid_0021__rep_00__pretrained,metaspace-pretrain-repaired-20260923-01,task_000295,grid_0021,0,axis-100-3000,pretrained,pretrained,P5_staged_all,grid_0021__rep_00,"P5 staged + overlap + rare, pretrained, 100-3000 m/z",axis-100-3000/pretrained,/home/max/repositories/MSIAutoEncoderWrapper/data/kidney_workspace/models/kidney/metaspace-pretrain-repaired-20260923-01__grid_0021__rep_00__pretrained,91154199,32238397,molecule_vpu,MultiLabelBCELoss,"{""contrastive"": {""peak_permutation"": {""params"": {""annotation_bin_radius"": 0, ""negative_weighting_method"": ""multilabel_jaccard"", ""overlapping_label_negative_weight"": 0.1, ""peak_catalog_limit"": 4096, ""peak_sample_size"": 10000, ""peak_selection_method"": ""permutation_label_invariant"", ""permutation_bank_size"": 7000, ""permutation_selection_attempts"": 64, ""permuted_peaks_per_view"": 3, ""preserve_input_normalization"": true, ""temperature"": 0.07}, ""target"": ""InfoNCELoss"", ""weight"": 0.001}}, ""heads"": {""molecule_vpu"": {""vpu"": {""params"": {""alpha"": 1.0, ""beta"": 1.0, ""consistency_weight"": 0.0, ""negative_weight"": 0.0, ""simulated_negative_weight"": 0.0}, ""target"": ""VariationalPULoss"", ""weight"": 0.2}}}, ""reconstruction"": {""masserstein"": {""target"": ""MassersteinLoss"", ""weight"": 1.0}}, ""regularization"": {""contractive"": {""params"": {""calculation_method"": ""exact_autograd_jacobian"", ""hinge_alpha"": 2.0, ""hinge_threshold"": 7.0, ""input_geometry"": ""fisher_rao"", ""latent_source"": ""auto"", ""penalized_space"": ""u"", ""penalty_metric"": ""spectral_plus_hinged""}, ""target"": ""ContractiveLoss"", ""weight"": 0.002}}}",{},True,True,pretrained (axis-100-3000),P5_staged_all__pretrained__axis_100_3000,"P5 staged + overlap + rare, pretrained, 100-3000 m/z",59,#FF9896,dotted,^,"{""axis"": ""axis-100-3000"", ""components"": ""combined"", ""overlap"": 1, ""rare"": 1, ""role"": ""pretrained"", ""schedule"": ""staged"", ""variant"": ""P5_staged_all""}"
metaspace-pretrain-repaired-20260923-01__grid_0021__rep_01__pretrained,metaspace-pretrain-repaired-20260923-01,task_000298,grid_0021,1,axis-100-3000,pretrained,pretrained,P5_staged_all,grid_0021__rep_01,"P5 staged + overlap + rare, pretrained, 100-3000 m/z",axis-100-3000/pretrained,/home/max/repositories/MSIAutoEncoderWrapper/data/kidney_workspace/models/kidney/metaspace-pretrain-repaired-20260923-01__grid_0021__rep_01__pretrained,919377028,892754137,molecule_vpu,MultiLabelBCELoss,"{""contrastive"": {""peak_permutation"": {""params"": {""annotation_bin_radius"": 0, ""negative_weighting_method"": ""multilabel_jaccard"", ""overlapping_label_negative_weight"": 0.1, ""peak_catalog_limit"": 4096, ""peak_sample_size"": 10000, ""peak_selection_method"": ""permutation_label_invariant"", ""permutation_bank_size"": 7000, ""permutation_selection_attempts"": 64, ""permuted_peaks_per_view"": 3, ""preserve_input_normalization"": true, ""temperature"": 0.07}, ""target"": ""InfoNCELoss"", ""weight"": 0.001}}, ""heads"": {""molecule_vpu"": {""vpu"": {""params"": {""alpha"": 1.0, ""beta"": 1.0, ""consistency_weight"": 0.0, ""negative_weight"": 0.0, ""simulated_negative_weight"": 0.0}, ""target"": ""VariationalPULoss"", ""weight"": 0.2}}}, ""reconstruction"": {""masserstein"": {""target"": ""MassersteinLoss"", ""weight"": 1.0}}, ""regularization"": {""contractive"": {""params"": {""calculation_method"": ""exact_autograd_jacobian"", ""hinge_alpha"": 2.0, ""hinge_threshold"": 7.0, ""input_geometry"": ""fisher_rao"", ""latent_source"": ""auto"", ""penalized_space"": ""u"", ""penalty_metric"": ""spectral_plus_hinged""}, ""target"": ""ContractiveLoss"", ""weight"": 0.002}}}",{},True,True,pretrained (axis-100-3000),P5_staged_all__pretrained__axis_100_3000,"P5 staged + overlap + rare, pretrained, 100-3000 m/z",59,#FF9896,dotted,^,"{""axis"": ""axis-100-3000"", ""components"": ""combined"", ""overlap"": 1, ""rare"": 1, ""role"": ""pretrained"", ""schedule"": ""staged"", ""variant"": ""P5_staged_all""}"
metaspace-pretrain-repaired-20260923-01__grid_0021__rep_02__pretrained,metaspace-pretrain-repaired-20260923-01,task_000301,grid_0021,2,axis-100-3000,pretrained,pretrained,P5_staged_all,grid_0021__rep_02,"P5 staged + overlap + rare, pretrained, 100-3000 m/z",axis-100-3000/pretrained,/home/max/repositories/MSIAutoEncoderWrapper/data/kidney_workspace/models/kidney/metaspace-pretrain-repaired-20260923-01__grid_0021__rep_02__pretrained,2136253289,442265914,molecule_vpu,MultiLabelBCELoss,"{""contrastive"": {""peak_permutation"": {""params"": {""annotation_bin_radius"": 0, ""negative_weighting_method"": ""multilabel_jaccard"", ""overlapping_label_negative_weight"": 0.1, ""peak_catalog_limit"": 4096, ""peak_sample_size"": 10000, ""peak_selection_method"": ""permutation_label_invariant"", ""permutation_bank_size"": 7000, ""permutation_selection_attempts"": 64, ""permuted_peaks_per_view"": 3, ""preserve_input_normalization"": true, ""temperature"": 0.07}, ""target"": ""InfoNCELoss"", ""weight"": 0.001}}, ""heads"": {""molecule_vpu"": {""vpu"": {""params"": {""alpha"": 1.0, ""beta"": 1.0, ""consistency_weight"": 0.0, ""negative_weight"": 0.0, ""simulated_negative_weight"": 0.0}, ""target"": ""VariationalPULoss"", ""weight"": 0.2}}}, ""reconstruction"": {""masserstein"": {""target"": ""MassersteinLoss"", ""weight"": 1.0}}, ""regularization"": {""contractive"": {""params"": {""calculation_method"": ""exact_autograd_jacobian"", ""hinge_alpha"": 2.0, ""hinge_threshold"": 7.0, ""input_geometry"": ""fisher_rao"", ""latent_source"": ""auto"", ""penalized_space"": ""u"", ""penalty_metric"": ""spectral_plus_hinged""}, ""target"": ""ContractiveLoss"", ""weight"": 0.002}}}",{},True,True,pretrained (axis-100-3000),P5_staged_all__pretrained__axis_100_3000,"P5 staged + overlap + rare, pretrained, 100-3000 m/z",59,#FF9896,dotted,^,"{""axis"": ""axis-100-3000"", ""components"": ""combined"", ""overlap"": 1, ""rare"": 1, ""role"": ""pretrained"", ""schedule"": ""staged"", ""variant"": ""P5_staged_all""}"
metaspace-pretrain-repaired-20260923-01__grid_0021__rep_03__pretrained,metaspace-pretrain-repaired-20260923-01,task_000304,grid_0021,3,axis-100-3000,pretrained,pretrained,P5_staged_all,grid_0021__rep_03,"P5 staged + overlap + rare, pretrained, 100-3000 m/z",axis-100-3000/pretrained,/home/max/repositories/MSIAutoEncoderWrapper/data/kidney_workspace/models/kidney/metaspace-pretrain-repaired-20260923-01__grid_0021__rep_03__pretrained,276187349,194761695,molecule_vpu,MultiLabelBCELoss,"{""contrastive"": {""peak_permutation"": {""params"": {""annotation_bin_radius"": 0, ""negative_weighting_method"": ""multilabel_jaccard"", ""overlapping_label_negative_weight"": 0.1, ""peak_catalog_limit"": 4096, ""peak_sample_size"": 10000, ""peak_selection_method"": ""permutation_label_invariant"", ""permutation_bank_size"": 7000, ""permutation_selection_attempts"": 64, ""permuted_peaks_per_view"": 3, ""preserve_input_normalization"": true, ""temperature"": 0.07}, ""target"": ""InfoNCELoss"", ""weight"": 0.001}}, ""heads"": {""molecule_vpu"": {""vpu"": {""params"": {""alpha"": 1.0, ""beta"": 1.0, ""consistency_weight"": 0.0, ""negative_weight"": 0.0, ""simulated_negative_weight"": 0.0}, ""target"": ""VariationalPULoss"", ""weight"": 0.2}}}, ""reconstruction"": {""masserstein"": {""target"": ""MassersteinLoss"", ""weight"": 1.0}}, ""regularization"": {""contractive"": {""params"": {""calculation_method"": ""exact_autograd_jacobian"", ""hinge_alpha"": 2.0, ""hinge_threshold"": 7.0, ""input_geometry"": ""fisher_rao"", ""latent_source"": ""auto"", ""penalized_space"": ""u"", ""penalty_metric"": ""spectral_plus_hinged""}, ""target"": ""ContractiveLoss"", ""weight"": 0.002}}}",{},True,True,pretrained (axis-100-3000),P5_staged_all__pretrained__axis_100_3000,"P5 staged + overlap + rare, pretrained, 100-3000 m/z",59,#FF9896,dotted,^,"{""axis"": ""axis-100-3000"", ""components"": ""combined"", ""overlap"": 1, ""rare"": 1, ""role"": ""pretrained"", ""schedule"": ""staged"", ""variant"": ""P5_staged_all""}"
metaspace-pretrain-repaired-20260923-01__grid_0021__rep_04__pretrained,metaspace-pretrain-repaired-20260923-01,task_000307,grid_0021,4,axis-100-3000,pretrained,pretrained,P5_staged_all,grid_0021__rep_04,"P5 staged + overlap + rare, pretrained, 100-3000 m/z",axis-100-3000/pretrained,/home/max/repositories/MSIAutoEncoderWrapper/data/kidney_workspace/models/kidney/metaspace-pretrain-repaired-20260923-01__grid_0021__rep_04__pretrained,1915557887,1927548799,molecule_vpu,MultiLabelBCELoss,"{""contrastive"": {""peak_permutation"": {""params"": {""annotation_bin_radius"": 0, ""negative_weighting_method"": ""multilabel_jaccard"", ""overlapping_label_negative_weight"": 0.1, ""peak_catalog_limit"": 4096, ""peak_sample_size"": 10000, ""peak_selection_method"": ""permutation_label_invariant"", ""permutation_bank_size"": 7000, ""permutation_selection_attempts"": 64, ""permuted_peaks_per_view"": 3, ""preserve_input_normalization"": true, ""temperature"": 0.07}, ""target"": ""InfoNCELoss"", ""weight"": 0.001}}, ""heads"": {""molecule_vpu"": {""vpu"": {""params"": {""alpha"": 1.0, ""beta"": 1.0, ""consistency_weight"": 0.0, ""negative_weight"": 0.0, ""simulated_negative_weight"": 0.0}, ""target"": ""VariationalPULoss"", ""weight"": 0.2}}}, ""reconstruction"": {""masserstein"": {""target"": ""MassersteinLoss"", ""weight"": 1.0}}, ""regularization"": {""contractive"": {""params"": {""calculation_method"": ""exact_autograd_jacobian"", ""hinge_alpha"": 2.0, ""hinge_threshold"": 7.0, ""input_geometry"": ""fisher_rao"", ""latent_source"": ""auto"", ""penalized_space"": ""u"", ""penalty_metric"": ""spectral_plus_hinged""}, ""target"": ""ContractiveLoss"", ""weight"": 0.002}}}",{},True,True,pretrained (axis-100-3000),P5_staged_all__pretrained__axis_100_3000,"P5 staged + overlap + rare, pretrained, 100-3000 m/z",59,#FF9896,dotted,^,"{""axis"": ""axis-100-3000"", ""components"": ""combined"", ""overlap"": 1, ""rare"": 1, ""role"": ""pretrained"", ""schedule"": ""staged"", ""variant"": ""P5_staged_all""}"
metaspace-pretrain-repaired-20260923-01__grid_0021__rep_00__frozen_head,metaspace-pretrain-repaired-20260923-01,task_000296,grid_0021,0,axis-100-3000,frozen_head,frozen_head,P5_staged_all,grid_0021__rep_00,"P5 staged + overlap + rare, fine-tuned, frozen head, 100-3000 m/z",axis-100-3000/frozen_head,/home/max/repositories/MSIAutoEncoderWrapper/data/kidney_workspace/models/kidney/metaspace-pretrain-repaired-20260923-01__grid_0021__rep_00__frozen_head,91154199,32238397,molecule_vpu,MultiLabelBCELoss,"{""contrastive"": {""peak_permutation"": {""params"": {""annotation_bin_radius"": 0, ""negative_weighting_method"": ""multilabel_jaccard"", ""overlapping_label_negative_weight"": 0.1, ""peak_catalog_limit"": 4096, ""peak_sample_size"": 10000, ""peak_selection_method"": ""permutation_label_invariant"", ""permutation_bank_size"": 7000, ""permutation_selection_attempts"": 64, ""permuted_peaks_per_view"": 3, ""preserve_input_normalization"": true, ""temperature"": 0.07}, ""target"": ""InfoNCELoss"", ""weight"": 0.001}}, ""heads"": {""molecule_vpu"": {""vpu"": {""params"": {""alpha"": 1.0, ""beta"": 1.0, ""consistency_weight"": 0.0, ""negative_weight"": 0.0, ""simulated_negative_weight"": 0.0}, ""target"": ""VariationalPULoss"", ""weight"": 0.2}}}, ""reconstruction"": {""masserstein"": {""target"": ""MassersteinLoss"", ""weight"": 1.0}}, ""regularization"": {""contractive"": {""params"": {""calculation_method"": ""exact_autograd_jacobian"", ""hinge_alpha"": 2.0, ""hinge_threshold"": 7.0, ""input_geometry"": ""fisher_rao"", ""latent_source"": ""auto"", ""penalized_space"": ""u"", ""penalty_metric"": ""spectral_plus_hinged""}, ""target"": ""ContractiveLoss"", ""weight"": 0.002}}}",{},True,True,frozen_head (axis-100-3000),P5_staged_all__frozen_head__axis_100_3000,"P5 staged + overlap + rare, fine-tuned, frozen head, 100-3000 m/z",60,#FF9896,dashed,s,"{""axis"": ""axis-100-3000"", ""components"": ""combined"", ""overlap"": 1, ""rare"": 1, ""role"": ""frozen_head"", ""schedule"": ""staged"", ""variant"": ""P5_staged_all""}"
metaspace-pretrain-repaired-20260923-01__grid_0021__rep_01__frozen_head,metaspace-pretrain-repaired-20260923-01,task_000299,grid_0021,1,axis-100-3000,frozen_head,frozen_head,P5_staged_all,grid_0021__rep_01,"P5 staged + overlap + rare, fine-tuned, frozen head, 100-3000 m/z",axis-100-3000/frozen_head,/home/max/repositories/MSIAutoEncoderWrapper/data/kidney_workspace/models/kidney/metaspace-pretrain-repaired-20260923-01__grid_0021__rep_01__frozen_head,919377028,892754137,molecule_vpu,MultiLabelBCELoss,"{""contrastive"": {""peak_permutation"": {""params"": {""annotation_bin_radius"": 0, ""negative_weighting_method"": ""multilabel_jaccard"", ""overlapping_label_negative_weight"": 0.1, ""peak_catalog_limit"": 4096, ""peak_sample_size"": 10000, ""peak_selection_method"": ""permutation_label_invariant"", ""permutation_bank_size"": 7000, ""permutation_selection_attempts"": 64, ""permuted_peaks_per_view"": 3, ""preserve_input_normalization"": true, ""temperature"": 0.07}, ""target"": ""InfoNCELoss"", ""weight"": 0.001}}, ""heads"": {""molecule_vpu"": {""vpu"": {""params"": {""alpha"": 1.0, ""beta"": 1.0, ""consistency_weight"": 0.0, ""negative_weight"": 0.0, ""simulated_negative_weight"": 0.0}, ""target"": ""VariationalPULoss"", ""weight"": 0.2}}}, ""reconstruction"": {""masserstein"": {""target"": ""MassersteinLoss"", ""weight"": 1.0}}, ""regularization"": {""contractive"": {""params"": {""calculation_method"": ""exact_autograd_jacobian"", ""hinge_alpha"": 2.0, ""hinge_threshold"": 7.0, ""input_geometry"": ""fisher_rao"", ""latent_source"": ""auto"", ""penalized_space"": ""u"", ""penalty_metric"": ""spectral_plus_hinged""}, ""target"": ""ContractiveLoss"", ""weight"": 0.002}}}",{},True,True,frozen_head (axis-100-3000),P5_staged_all__frozen_head__axis_100_3000,"P5 staged + overlap + rare, fine-tuned, frozen head, 100-3000 m/z",60,#FF9896,dashed,s,"{""axis"": ""axis-100-3000"", ""components"": ""combined"", ""overlap"": 1, ""rare"": 1, ""role"": ""frozen_head"", ""schedule"": ""staged"", ""variant"": ""P5_staged_all""}"
metaspace-pretrain-repaired-20260923-01__grid_0021__rep_02__frozen_head,metaspace-pretrain-repaired-20260923-01,task_000302,grid_0021,2,axis-100-3000,frozen_head,frozen_head,P5_staged_all,grid_0021__rep_02,"P5 staged + overlap + rare, fine-tuned, frozen head, 100-3000 m/z",axis-100-3000/frozen_head,/home/max/repositories/MSIAutoEncoderWrapper/data/kidney_workspace/models/kidney/metaspace-pretrain-repaired-20260923-01__grid_0021__rep_02__frozen_head,2136253289,442265914,molecule_vpu,MultiLabelBCELoss,"{""contrastive"": {""peak_permutation"": {""params"": {""annotation_bin_radius"": 0, ""negative_weighting_method"": ""multilabel_jaccard"", ""overlapping_label_negative_weight"": 0.1, ""peak_catalog_limit"": 4096, ""peak_sample_size"": 10000, ""peak_selection_method"": ""permutation_label_invariant"", ""permutation_bank_size"": 7000, ""permutation_selection_attempts"": 64, ""permuted_peaks_per_view"": 3, ""preserve_input_normalization"": true, ""temperature"": 0.07}, ""target"": ""InfoNCELoss"", ""weight"": 0.001}}, ""heads"": {""molecule_vpu"": {""vpu"": {""params"": {""alpha"": 1.0, ""beta"": 1.0, ""consistency_weight"": 0.0, ""negative_weight"": 0.0, ""simulated_negative_weight"": 0.0}, ""target"": ""VariationalPULoss"", ""weight"": 0.2}}}, ""reconstruction"": {""masserstein"": {""target"": ""MassersteinLoss"", ""weight"": 1.0}}, ""regularization"": {""contractive"": {""params"": {""calculation_method"": ""exact_autograd_jacobian"", ""hinge_alpha"": 2.0, ""hinge_threshold"": 7.0, ""input_geometry"": ""fisher_rao"", ""latent_source"": ""auto"", ""penalized_space"": ""u"", ""penalty_metric"": ""spectral_plus_hinged""}, ""target"": ""ContractiveLoss"", ""weight"": 0.002}}}",{},True,True,frozen_head (axis-100-3000),P5_staged_all__frozen_head__axis_100_3000,"P5 staged + overlap + rare, fine-tuned, frozen head, 100-3000 m/z",60,#FF9896,dashed,s,"{""axis"": ""axis-100-3000"", ""components"": ""combined"", ""overlap"": 1, ""rare"": 1, ""role"": ""frozen_head"", ""schedule"": ""staged"", ""variant"": ""P5_staged_all""}"
metaspace-pretrain-repaired-20260923-01__grid_0021__rep_03__frozen_head,metaspace-pretrain-repaired-20260923-01,task_000305,grid_0021,3,axis-100-3000,frozen_head,frozen_head,P5_staged_all,grid_0021__rep_03,"P5 staged + overlap + rare, fine-tuned, frozen head, 100-3000 m/z",axis-100-3000/frozen_head,/home/max/repositories/MSIAutoEncoderWrapper/data/kidney_workspace/models/kidney/metaspace-pretrain-repaired-20260923-01__grid_0021__rep_03__frozen_head,276187349,194761695,molecule_vpu,MultiLabelBCELoss,"{""contrastive"": {""peak_permutation"": {""params"": {""annotation_bin_radius"": 0, ""negative_weighting_method"": ""multilabel_jaccard"", ""overlapping_label_negative_weight"": 0.1, ""peak_catalog_limit"": 4096, ""peak_sample_size"": 10000, ""peak_selection_method"": ""permutation_label_invariant"", ""permutation_bank_size"": 7000, ""permutation_selection_attempts"": 64, ""permuted_peaks_per_view"": 3, ""preserve_input_normalization"": true, ""temperature"": 0.07}, ""target"": ""InfoNCELoss"", ""weight"": 0.001}}, ""heads"": {""molecule_vpu"": {""vpu"": {""params"": {""alpha"": 1.0, ""beta"": 1.0, ""consistency_weight"": 0.0, ""negative_weight"": 0.0, ""simulated_negative_weight"": 0.0}, ""target"": ""VariationalPULoss"", ""weight"": 0.2}}}, ""reconstruction"": {""masserstein"": {""target"": ""MassersteinLoss"", ""weight"": 1.0}}, ""regularization"": {""contractive"": {""params"": {""calculation_method"": ""exact_autograd_jacobian"", ""hinge_alpha"": 2.0, ""hinge_threshold"": 7.0, ""input_geometry"": ""fisher_rao"", ""latent_source"": ""auto"", ""penalized_space"": ""u"", ""penalty_metric"": ""spectral_plus_hinged""}, ""target"": ""ContractiveLoss"", ""weight"": 0.002}}}",{},True,True,frozen_head (axis-100-3000),P5_staged_all__frozen_head__axis_100_3000,"P5 staged + overlap + rare, fine-tuned, frozen head, 100-3000 m/z",60,#FF9896,dashed,s,"{""axis"": ""axis-100-3000"", ""components"": ""combined"", ""overlap"": 1, ""rare"": 1, ""role"": ""frozen_head"", ""schedule"": ""staged"", ""variant"": ""P5_staged_all""}"
metaspace-pretrain-repaired-20260923-01__grid_0021__rep_04__frozen_head,metaspace-pretrain-repaired-20260923-01,task_000308,grid_0021,4,axis-100-3000,frozen_head,frozen_head,P5_staged_all,grid_0021__rep_04,"P5 staged + overlap + rare, fine-tuned, frozen head, 100-3000 m/z",axis-100-3000/frozen_head,/home/max/repositories/MSIAutoEncoderWrapper/data/kidney_workspace/models/kidney/metaspace-pretrain-repaired-20260923-01__grid_0021__rep_04__frozen_head,1915557887,1927548799,molecule_vpu,MultiLabelBCELoss,"{""contrastive"": {""peak_permutation"": {""params"": {""annotation_bin_radius"": 0, ""negative_weighting_method"": ""multilabel_jaccard"", ""overlapping_label_negative_weight"": 0.1, ""peak_catalog_limit"": 4096, ""peak_sample_size"": 10000, ""peak_selection_method"": ""permutation_label_invariant"", ""permutation_bank_size"": 7000, ""permutation_selection_attempts"": 64, ""permuted_peaks_per_view"": 3, ""preserve_input_normalization"": true, ""temperature"": 0.07}, ""target"": ""InfoNCELoss"", ""weight"": 0.001}}, ""heads"": {""molecule_vpu"": {""vpu"": {""params"": {""alpha"": 1.0, ""beta"": 1.0, ""consistency_weight"": 0.0, ""negative_weight"": 0.0, ""simulated_negative_weight"": 0.0}, ""target"": ""VariationalPULoss"", ""weight"": 0.2}}}, ""reconstruction"": {""masserstein"": {""target"": ""MassersteinLoss"", ""weight"": 1.0}}, ""regularization"": {""contractive"": {""params"": {""calculation_method"": ""exact_autograd_jacobian"", ""hinge_alpha"": 2.0, ""hinge_threshold"": 7.0, ""input_geometry"": ""fisher_rao"", ""latent_source"": ""auto"", ""penalized_space"": ""u"", ""penalty_metric"": ""spectral_plus_hinged""}, ""target"": ""ContractiveLoss"", ""weight"": 0.002}}}",{},True,True,frozen_head (axis-100-3000),P5_staged_all__frozen_head__axis_100_3000,"P5 staged + overlap + rare, fine-tuned, frozen head, 100-3000 m/z",60,#FF9896,dashed,s,"{""axis"": ""axis-100-3000"", ""components"": ""combined"", ""overlap"": 1, ""rare"": 1, ""role"": ""frozen_head"", ""schedule"": ""staged"", ""variant"": ""P5_staged_all""}"
metaspace-pretrain-repaired-20260923-01__grid_0021__rep_00__unfrozen_head,metaspace-pretrain-repaired-20260923-01,task_000297,grid_0021,0,axis-100-3000,unfrozen_head,unfrozen_head,P5_staged_all,grid_0021__rep_00,"P5 staged + overlap + rare, fine-tuned, unfrozen head, 100-3000 m/z",axis-100-3000/unfrozen_head,/home/max/repositories/MSIAutoEncoderWrapper/data/kidney_workspace/models/kidney/metaspace-pretrain-repaired-20260923-01__grid_0021__rep_00__unfrozen_head,91154199,32238397,molecule_vpu,VariationalPULoss,"{""contrastive"": {""peak_permutation"": {""params"": {""annotation_bin_radius"": 0, ""negative_weighting_method"": ""multilabel_jaccard"", ""overlapping_label_negative_weight"": 0.1, ""peak_catalog_limit"": 4096, ""peak_sample_size"": 10000, ""peak_selection_method"": ""permutation_label_invariant"", ""permutation_bank_size"": 7000, ""permutation_selection_attempts"": 64, ""permuted_peaks_per_view"": 3, ""preserve_input_normalization"": true, ""temperature"": 0.07}, ""target"": ""InfoNCELoss"", ""weight"": 0.001}}, ""heads"": {""molecule_vpu"": {""vpu"": {""params"": {""alpha"": 1.0, ""beta"": 1.0, ""consistency_weight"": 0.0, ""negative_weight"": 0.0, ""simulated_negative_weight"": 0.0}, ""target"": ""VariationalPULoss"", ""weight"": 0.2}}}, ""reconstruction"": {""masserstein"": {""target"": ""MassersteinLoss"", ""weight"": 1.0}}, ""regularization"": {""contractive"": {""params"": {""calculation_method"": ""exact_autograd_jacobian"", ""hinge_alpha"": 2.0, ""hinge_threshold"": 7.0, ""input_geometry"": ""fisher_rao"", ""latent_source"": ""auto"", ""penalized_space"": ""u"", ""penalty_metric"": ""spectral_plus_hinged""}, ""target"": ""ContractiveLoss"", ""weight"": 0.002}}}",{},True,True,unfrozen_head (axis-100-3000),P5_staged_all__unfrozen_head__axis_100_3000,"P5 staged + overlap + rare, fine-tuned, unfrozen head, 100-3000 m/z",61,#FF9896,solid,o,"{""axis"": ""axis-100-3000"", ""components"": ""combined"", ""overlap"": 1, ""rare"": 1, ""role"": ""unfrozen_head"", ""schedule"": ""staged"", ""variant"": ""P5_staged_all""}"
metaspace-pretrain-repaired-20260923-01__grid_0021__rep_01__unfrozen_head,metaspace-pretrain-repaired-20260923-01,task_000300,grid_0021,1,axis-100-3000,unfrozen_head,unfrozen_head,P5_staged_all,grid_0021__rep_01,"P5 staged + overlap + rare, fine-tuned, unfrozen head, 100-3000 m/z",axis-100-3000/unfrozen_head,/home/max/repositories/MSIAutoEncoderWrapper/data/kidney_workspace/models/kidney/metaspace-pretrain-repaired-20260923-01__grid_0021__rep_01__unfrozen_head,919377028,892754137,molecule_vpu,VariationalPULoss,"{""contrastive"": {""peak_permutation"": {""params"": {""annotation_bin_radius"": 0, ""negative_weighting_method"": ""multilabel_jaccard"", ""overlapping_label_negative_weight"": 0.1, ""peak_catalog_limit"": 4096, ""peak_sample_size"": 10000, ""peak_selection_method"": ""permutation_label_invariant"", ""permutation_bank_size"": 7000, ""permutation_selection_attempts"": 64, ""permuted_peaks_per_view"": 3, ""preserve_input_normalization"": true, ""temperature"": 0.07}, ""target"": ""InfoNCELoss"", ""weight"": 0.001}}, ""heads"": {""molecule_vpu"": {""vpu"": {""params"": {""alpha"": 1.0, ""beta"": 1.0, ""consistency_weight"": 0.0, ""negative_weight"": 0.0, ""simulated_negative_weight"": 0.0}, ""target"": ""VariationalPULoss"", ""weight"": 0.2}}}, ""reconstruction"": {""masserstein"": {""target"": ""MassersteinLoss"", ""weight"": 1.0}}, ""regularization"": {""contractive"": {""params"": {""calculation_method"": ""exact_autograd_jacobian"", ""hinge_alpha"": 2.0, ""hinge_threshold"": 7.0, ""input_geometry"": ""fisher_rao"", ""latent_source"": ""auto"", ""penalized_space"": ""u"", ""penalty_metric"": ""spectral_plus_hinged""}, ""target"": ""ContractiveLoss"", ""weight"": 0.002}}}",{},True,True,unfrozen_head (axis-100-3000),P5_staged_all__unfrozen_head__axis_100_3000,"P5 staged + overlap + rare, fine-tuned, unfrozen head, 100-3000 m/z",61,#FF9896,solid,o,"{""axis"": ""axis-100-3000"", ""components"": ""combined"", ""overlap"": 1, ""rare"": 1, ""role"": ""unfrozen_head"", ""schedule"": ""staged"", ""variant"": ""P5_staged_all""}"
metaspace-pretrain-repaired-20260923-01__grid_0021__rep_02__unfrozen_head,metaspace-pretrain-repaired-20260923-01,task_000303,grid_0021,2,axis-100-3000,unfrozen_head,unfrozen_head,P5_staged_all,grid_0021__rep_02,"P5 staged + overlap + rare, fine-tuned, unfrozen head, 100-3000 m/z",axis-100-3000/unfrozen_head,/home/max/repositories/MSIAutoEncoderWrapper/data/kidney_workspace/models/kidney/metaspace-pretrain-repaired-20260923-01__grid_0021__rep_02__unfrozen_head,2136253289,442265914,molecule_vpu,VariationalPULoss,"{""contrastive"": {""peak_permutation"": {""params"": {""annotation_bin_radius"": 0, ""negative_weighting_method"": ""multilabel_jaccard"", ""overlapping_label_negative_weight"": 0.1, ""peak_catalog_limit"": 4096, ""peak_sample_size"": 10000, ""peak_selection_method"": ""permutation_label_invariant"", ""permutation_bank_size"": 7000, ""permutation_selection_attempts"": 64, ""permuted_peaks_per_view"": 3, ""preserve_input_normalization"": true, ""temperature"": 0.07}, ""target"": ""InfoNCELoss"", ""weight"": 0.001}}, ""heads"": {""molecule_vpu"": {""vpu"": {""params"": {""alpha"": 1.0, ""beta"": 1.0, ""consistency_weight"": 0.0, ""negative_weight"": 0.0, ""simulated_negative_weight"": 0.0}, ""target"": ""VariationalPULoss"", ""weight"": 0.2}}}, ""reconstruction"": {""masserstein"": {""target"": ""MassersteinLoss"", ""weight"": 1.0}}, ""regularization"": {""contractive"": {""params"": {""calculation_method"": ""exact_autograd_jacobian"", ""hinge_alpha"": 2.0, ""hinge_threshold"": 7.0, ""input_geometry"": ""fisher_rao"", ""latent_source"": ""auto"", ""penalized_space"": ""u"", ""penalty_metric"": ""spectral_plus_hinged""}, ""target"": ""ContractiveLoss"", ""weight"": 0.002}}}",{},True,True,unfrozen_head (axis-100-3000),P5_staged_all__unfrozen_head__axis_100_3000,"P5 staged + overlap + rare, fine-tuned, unfrozen head, 100-3000 m/z",61,#FF9896,solid,o,"{""axis"": ""axis-100-3000"", ""components"": ""combined"", ""overlap"": 1, ""rare"": 1, ""role"": ""unfrozen_head"", ""schedule"": ""staged"", ""variant"": ""P5_staged_all""}"
metaspace-pretrain-repaired-20260923-01__grid_0021__rep_03__unfrozen_head,metaspace-pretrain-repaired-20260923-01,task_000306,grid_0021,3,axis-100-3000,unfrozen_head,unfrozen_head,P5_staged_all,grid_0021__rep_03,"P5 staged + overlap + rare, fine-tuned, unfrozen head, 100-3000 m/z",axis-100-3000/unfrozen_head,/home/max/repositories/MSIAutoEncoderWrapper/data/kidney_workspace/models/kidney/metaspace-pretrain-repaired-20260923-01__grid_0021__rep_03__unfrozen_head,276187349,194761695,molecule_vpu,VariationalPULoss,"{""contrastive"": {""peak_permutation"": {""params"": {""annotation_bin_radius"": 0, ""negative_weighting_method"": ""multilabel_jaccard"", ""overlapping_label_negative_weight"": 0.1, ""peak_catalog_limit"": 4096, ""peak_sample_size"": 10000, ""peak_selection_method"": ""permutation_label_invariant"", ""permutation_bank_size"": 7000, ""permutation_selection_attempts"": 64, ""permuted_peaks_per_view"": 3, ""preserve_input_normalization"": true, ""temperature"": 0.07}, ""target"": ""InfoNCELoss"", ""weight"": 0.001}}, ""heads"": {""molecule_vpu"": {""vpu"": {""params"": {""alpha"": 1.0, ""beta"": 1.0, ""consistency_weight"": 0.0, ""negative_weight"": 0.0, ""simulated_negative_weight"": 0.0}, ""target"": ""VariationalPULoss"", ""weight"": 0.2}}}, ""reconstruction"": {""masserstein"": {""target"": ""MassersteinLoss"", ""weight"": 1.0}}, ""regularization"": {""contractive"": {""params"": {""calculation_method"": ""exact_autograd_jacobian"", ""hinge_alpha"": 2.0, ""hinge_threshold"": 7.0, ""input_geometry"": ""fisher_rao"", ""latent_source"": ""auto"", ""penalized_space"": ""u"", ""penalty_metric"": ""spectral_plus_hinged""}, ""target"": ""ContractiveLoss"", ""weight"": 0.002}}}",{},True,True,unfrozen_head (axis-100-3000),P5_staged_all__unfrozen_head__axis_100_3000,"P5 staged + overlap + rare, fine-tuned, unfrozen head, 100-3000 m/z",61,#FF9896,solid,o,"{""axis"": ""axis-100-3000"", ""components"": ""combined"", ""overlap"": 1, ""rare"": 1, ""role"": ""unfrozen_head"", ""schedule"": ""staged"", ""variant"": ""P5_staged_all""}"
metaspace-pretrain-repaired-20260923-01__grid_0021__rep_04__unfrozen_head,metaspace-pretrain-repaired-20260923-01,task_000309,grid_0021,4,axis-100-3000,unfrozen_head,unfrozen_head,P5_staged_all,grid_0021__rep_04,"P5 staged + overlap + rare, fine-tuned, unfrozen head, 100-3000 m/z",axis-100-3000/unfrozen_head,/home/max/repositories/MSIAutoEncoderWrapper/data/kidney_workspace/models/kidney/metaspace-pretrain-repaired-20260923-01__grid_0021__rep_04__unfrozen_head,1915557887,1927548799,molecule_vpu,VariationalPULoss,"{""contrastive"": {""peak_permutation"": {""params"": {""annotation_bin_radius"": 0, ""negative_weighting_method"": ""multilabel_jaccard"", ""overlapping_label_negative_weight"": 0.1, ""peak_catalog_limit"": 4096, ""peak_sample_size"": 10000, ""peak_selection_method"": ""permutation_label_invariant"", ""permutation_bank_size"": 7000, ""permutation_selection_attempts"": 64, ""permuted_peaks_per_view"": 3, ""preserve_input_normalization"": true, ""temperature"": 0.07}, ""target"": ""InfoNCELoss"", ""weight"": 0.001}}, ""heads"": {""molecule_vpu"": {""vpu"": {""params"": {""alpha"": 1.0, ""beta"": 1.0, ""consistency_weight"": 0.0, ""negative_weight"": 0.0, ""simulated_negative_weight"": 0.0}, ""target"": ""VariationalPULoss"", ""weight"": 0.2}}}, ""reconstruction"": {""masserstein"": {""target"": ""MassersteinLoss"", ""weight"": 1.0}}, ""regularization"": {""contractive"": {""params"": {""calculation_method"": ""exact_autograd_jacobian"", ""hinge_alpha"": 2.0, ""hinge_threshold"": 7.0, ""input_geometry"": ""fisher_rao"", ""latent_source"": ""auto"", ""penalized_space"": ""u"", ""penalty_metric"": ""spectral_plus_hinged""}, ""target"": ""ContractiveLoss"", ""weight"": 0.002}}}",{},True,True,unfrozen_head (axis-100-3000),P5_staged_all__unfrozen_head__axis_100_3000,"P5 staged + overlap + rare, fine-tuned, unfrozen head, 100-3000 m/z",61,#FF9896,solid,o,"{""axis"": ""axis-100-3000"", ""components"": ""combined"", ""overlap"": 1, ""rare"": 1, ""role"": ""unfrozen_head"", ""schedule"": ""staged"", ""variant"": ""P5_staged_all""}"
