source,role,model_id,task_id,grid_id,repetition,status,condition,label,head,family,weight_mode,head_weight,negative_weight,evidence,objective_json,initialization_seed,training_seed,artifact,weights_available,history_available,manifest,data_contract,backbone_contract,training_contract,config_matches_manifest,ready,duplicate_seed_condition,model_alias,display_label,display_order,color,line_style,marker,tags_json
predictive_initial,candidate,predictive_initial/task_000000,task_000000,grid_0000,0,completed,061bcbfb8c04,bce_global_positive_penalty (PositiveWeightedMultiLabelBCELoss),molecule_binary,PositiveWeightedMultiLabelBCELoss,global_sqrt_negative_to_positive,0.2,0.0,{},"{""heads"": {""molecule_binary"": {""bce_global_positive_penalty"": {""params"": {""max_positive_weight"": 10.0, ""minimum_positive_count"": 10, ""positive_weight_mode"": ""global_sqrt_negative_to_positive""}, ""target"": ""PositiveWeightedMultiLabelBCELoss"", ""weight"": 0.2}}}, ""reconstruction"": {""masserstein"": {""target"": ""MassersteinLoss"", ""weight"": 1.0}}}",91154199,32238397,/home/max/repositories/MSIAutoEncoderWrapper/data/kidney_workspace/models/kidney/predictive-heads-initial-20260908-01__task_000000,True,True,/home/max/repositories/MSIAutoEncoderWrapper/data/kidney_workspace/configs/entropy-runs/predictive-heads-initial-20260908-01/plan/status/task_000000.yaml,ff133cd42f7af414ee3022e7947f94bcd301e0ce338f93da55895867ef10c9a7,63d67af42e30038bef1fbb98125bd6ccad588380dabc4de668acc50167a34723,a5d7efb7a6ea62831b16487e6675ffb395f704c73922c1a120913c22964c0a08,True,True,False,predictive_initial/task_000000,bce_global_positive_penalty (PositiveWeightedMultiLabelBCELoss),0,,solid,o,{}
predictive_initial,candidate,predictive_initial/task_000001,task_000001,grid_0000,1,completed,061bcbfb8c04,bce_global_positive_penalty (PositiveWeightedMultiLabelBCELoss),molecule_binary,PositiveWeightedMultiLabelBCELoss,global_sqrt_negative_to_positive,0.2,0.0,{},"{""heads"": {""molecule_binary"": {""bce_global_positive_penalty"": {""params"": {""max_positive_weight"": 10.0, ""minimum_positive_count"": 10, ""positive_weight_mode"": ""global_sqrt_negative_to_positive""}, ""target"": ""PositiveWeightedMultiLabelBCELoss"", ""weight"": 0.2}}}, ""reconstruction"": {""masserstein"": {""target"": ""MassersteinLoss"", ""weight"": 1.0}}}",919377028,892754137,/home/max/repositories/MSIAutoEncoderWrapper/data/kidney_workspace/models/kidney/predictive-heads-initial-20260908-01__task_000001,True,True,/home/max/repositories/MSIAutoEncoderWrapper/data/kidney_workspace/configs/entropy-runs/predictive-heads-initial-20260908-01/plan/status/task_000001.yaml,ff133cd42f7af414ee3022e7947f94bcd301e0ce338f93da55895867ef10c9a7,63d67af42e30038bef1fbb98125bd6ccad588380dabc4de668acc50167a34723,a5d7efb7a6ea62831b16487e6675ffb395f704c73922c1a120913c22964c0a08,True,True,False,predictive_initial/task_000001,bce_global_positive_penalty (PositiveWeightedMultiLabelBCELoss),1,,solid,o,{}
predictive_initial,candidate,predictive_initial/task_000002,task_000002,grid_0000,2,completed,061bcbfb8c04,bce_global_positive_penalty (PositiveWeightedMultiLabelBCELoss),molecule_binary,PositiveWeightedMultiLabelBCELoss,global_sqrt_negative_to_positive,0.2,0.0,{},"{""heads"": {""molecule_binary"": {""bce_global_positive_penalty"": {""params"": {""max_positive_weight"": 10.0, ""minimum_positive_count"": 10, ""positive_weight_mode"": ""global_sqrt_negative_to_positive""}, ""target"": ""PositiveWeightedMultiLabelBCELoss"", ""weight"": 0.2}}}, ""reconstruction"": {""masserstein"": {""target"": ""MassersteinLoss"", ""weight"": 1.0}}}",2136253289,442265914,/home/max/repositories/MSIAutoEncoderWrapper/data/kidney_workspace/models/kidney/predictive-heads-initial-20260908-01__task_000002,True,True,/home/max/repositories/MSIAutoEncoderWrapper/data/kidney_workspace/configs/entropy-runs/predictive-heads-initial-20260908-01/plan/status/task_000002.yaml,ff133cd42f7af414ee3022e7947f94bcd301e0ce338f93da55895867ef10c9a7,63d67af42e30038bef1fbb98125bd6ccad588380dabc4de668acc50167a34723,a5d7efb7a6ea62831b16487e6675ffb395f704c73922c1a120913c22964c0a08,True,True,False,predictive_initial/task_000002,bce_global_positive_penalty (PositiveWeightedMultiLabelBCELoss),2,,solid,o,{}
predictive_initial,candidate,predictive_initial/task_000003,task_000003,grid_0000,3,completed,061bcbfb8c04,bce_global_positive_penalty (PositiveWeightedMultiLabelBCELoss),molecule_binary,PositiveWeightedMultiLabelBCELoss,global_sqrt_negative_to_positive,0.2,0.0,{},"{""heads"": {""molecule_binary"": {""bce_global_positive_penalty"": {""params"": {""max_positive_weight"": 10.0, ""minimum_positive_count"": 10, ""positive_weight_mode"": ""global_sqrt_negative_to_positive""}, ""target"": ""PositiveWeightedMultiLabelBCELoss"", ""weight"": 0.2}}}, ""reconstruction"": {""masserstein"": {""target"": ""MassersteinLoss"", ""weight"": 1.0}}}",276187349,194761695,/home/max/repositories/MSIAutoEncoderWrapper/data/kidney_workspace/models/kidney/predictive-heads-initial-20260908-01__task_000003,True,True,/home/max/repositories/MSIAutoEncoderWrapper/data/kidney_workspace/configs/entropy-runs/predictive-heads-initial-20260908-01/plan/status/task_000003.yaml,ff133cd42f7af414ee3022e7947f94bcd301e0ce338f93da55895867ef10c9a7,63d67af42e30038bef1fbb98125bd6ccad588380dabc4de668acc50167a34723,a5d7efb7a6ea62831b16487e6675ffb395f704c73922c1a120913c22964c0a08,True,True,False,predictive_initial/task_000003,bce_global_positive_penalty (PositiveWeightedMultiLabelBCELoss),3,,solid,o,{}
predictive_initial,candidate,predictive_initial/task_000004,task_000004,grid_0000,4,completed,061bcbfb8c04,bce_global_positive_penalty (PositiveWeightedMultiLabelBCELoss),molecule_binary,PositiveWeightedMultiLabelBCELoss,global_sqrt_negative_to_positive,0.2,0.0,{},"{""heads"": {""molecule_binary"": {""bce_global_positive_penalty"": {""params"": {""max_positive_weight"": 10.0, ""minimum_positive_count"": 10, ""positive_weight_mode"": ""global_sqrt_negative_to_positive""}, ""target"": ""PositiveWeightedMultiLabelBCELoss"", ""weight"": 0.2}}}, ""reconstruction"": {""masserstein"": {""target"": ""MassersteinLoss"", ""weight"": 1.0}}}",1915557887,1927548799,/home/max/repositories/MSIAutoEncoderWrapper/data/kidney_workspace/models/kidney/predictive-heads-initial-20260908-01__task_000004,True,True,/home/max/repositories/MSIAutoEncoderWrapper/data/kidney_workspace/configs/entropy-runs/predictive-heads-initial-20260908-01/plan/status/task_000004.yaml,ff133cd42f7af414ee3022e7947f94bcd301e0ce338f93da55895867ef10c9a7,63d67af42e30038bef1fbb98125bd6ccad588380dabc4de668acc50167a34723,a5d7efb7a6ea62831b16487e6675ffb395f704c73922c1a120913c22964c0a08,True,True,False,predictive_initial/task_000004,bce_global_positive_penalty (PositiveWeightedMultiLabelBCELoss),4,,solid,o,{}
predictive_initial,candidate,predictive_initial/task_000005,task_000005,grid_0001,0,completed,e27ded54dfca,bce_per_class_positive_penalty (PositiveWeightedMultiLabelBCELoss),molecule_binary,PositiveWeightedMultiLabelBCELoss,per_class_sqrt_negative_to_positive,0.2,0.0,{},"{""heads"": {""molecule_binary"": {""bce_per_class_positive_penalty"": {""params"": {""max_positive_weight"": 10.0, ""minimum_positive_count"": 10, ""positive_weight_mode"": ""per_class_sqrt_negative_to_positive""}, ""target"": ""PositiveWeightedMultiLabelBCELoss"", ""weight"": 0.2}}}, ""reconstruction"": {""masserstein"": {""target"": ""MassersteinLoss"", ""weight"": 1.0}}}",91154199,32238397,/home/max/repositories/MSIAutoEncoderWrapper/data/kidney_workspace/models/kidney/predictive-heads-initial-20260908-01__task_000005,True,True,/home/max/repositories/MSIAutoEncoderWrapper/data/kidney_workspace/configs/entropy-runs/predictive-heads-initial-20260908-01/plan/status/task_000005.yaml,ff133cd42f7af414ee3022e7947f94bcd301e0ce338f93da55895867ef10c9a7,63d67af42e30038bef1fbb98125bd6ccad588380dabc4de668acc50167a34723,a5d7efb7a6ea62831b16487e6675ffb395f704c73922c1a120913c22964c0a08,True,True,False,predictive_initial/task_000005,bce_per_class_positive_penalty (PositiveWeightedMultiLabelBCELoss),5,,solid,o,{}
predictive_initial,candidate,predictive_initial/task_000006,task_000006,grid_0001,1,completed,e27ded54dfca,bce_per_class_positive_penalty (PositiveWeightedMultiLabelBCELoss),molecule_binary,PositiveWeightedMultiLabelBCELoss,per_class_sqrt_negative_to_positive,0.2,0.0,{},"{""heads"": {""molecule_binary"": {""bce_per_class_positive_penalty"": {""params"": {""max_positive_weight"": 10.0, ""minimum_positive_count"": 10, ""positive_weight_mode"": ""per_class_sqrt_negative_to_positive""}, ""target"": ""PositiveWeightedMultiLabelBCELoss"", ""weight"": 0.2}}}, ""reconstruction"": {""masserstein"": {""target"": ""MassersteinLoss"", ""weight"": 1.0}}}",919377028,892754137,/home/max/repositories/MSIAutoEncoderWrapper/data/kidney_workspace/models/kidney/predictive-heads-initial-20260908-01__task_000006,True,True,/home/max/repositories/MSIAutoEncoderWrapper/data/kidney_workspace/configs/entropy-runs/predictive-heads-initial-20260908-01/plan/status/task_000006.yaml,ff133cd42f7af414ee3022e7947f94bcd301e0ce338f93da55895867ef10c9a7,63d67af42e30038bef1fbb98125bd6ccad588380dabc4de668acc50167a34723,a5d7efb7a6ea62831b16487e6675ffb395f704c73922c1a120913c22964c0a08,True,True,False,predictive_initial/task_000006,bce_per_class_positive_penalty (PositiveWeightedMultiLabelBCELoss),6,,solid,o,{}
predictive_initial,candidate,predictive_initial/task_000007,task_000007,grid_0001,2,completed,e27ded54dfca,bce_per_class_positive_penalty (PositiveWeightedMultiLabelBCELoss),molecule_binary,PositiveWeightedMultiLabelBCELoss,per_class_sqrt_negative_to_positive,0.2,0.0,{},"{""heads"": {""molecule_binary"": {""bce_per_class_positive_penalty"": {""params"": {""max_positive_weight"": 10.0, ""minimum_positive_count"": 10, ""positive_weight_mode"": ""per_class_sqrt_negative_to_positive""}, ""target"": ""PositiveWeightedMultiLabelBCELoss"", ""weight"": 0.2}}}, ""reconstruction"": {""masserstein"": {""target"": ""MassersteinLoss"", ""weight"": 1.0}}}",2136253289,442265914,/home/max/repositories/MSIAutoEncoderWrapper/data/kidney_workspace/models/kidney/predictive-heads-initial-20260908-01__task_000007,True,True,/home/max/repositories/MSIAutoEncoderWrapper/data/kidney_workspace/configs/entropy-runs/predictive-heads-initial-20260908-01/plan/status/task_000007.yaml,ff133cd42f7af414ee3022e7947f94bcd301e0ce338f93da55895867ef10c9a7,63d67af42e30038bef1fbb98125bd6ccad588380dabc4de668acc50167a34723,a5d7efb7a6ea62831b16487e6675ffb395f704c73922c1a120913c22964c0a08,True,True,False,predictive_initial/task_000007,bce_per_class_positive_penalty (PositiveWeightedMultiLabelBCELoss),7,,solid,o,{}
predictive_initial,candidate,predictive_initial/task_000008,task_000008,grid_0001,3,completed,e27ded54dfca,bce_per_class_positive_penalty (PositiveWeightedMultiLabelBCELoss),molecule_binary,PositiveWeightedMultiLabelBCELoss,per_class_sqrt_negative_to_positive,0.2,0.0,{},"{""heads"": {""molecule_binary"": {""bce_per_class_positive_penalty"": {""params"": {""max_positive_weight"": 10.0, ""minimum_positive_count"": 10, ""positive_weight_mode"": ""per_class_sqrt_negative_to_positive""}, ""target"": ""PositiveWeightedMultiLabelBCELoss"", ""weight"": 0.2}}}, ""reconstruction"": {""masserstein"": {""target"": ""MassersteinLoss"", ""weight"": 1.0}}}",276187349,194761695,/home/max/repositories/MSIAutoEncoderWrapper/data/kidney_workspace/models/kidney/predictive-heads-initial-20260908-01__task_000008,True,True,/home/max/repositories/MSIAutoEncoderWrapper/data/kidney_workspace/configs/entropy-runs/predictive-heads-initial-20260908-01/plan/status/task_000008.yaml,ff133cd42f7af414ee3022e7947f94bcd301e0ce338f93da55895867ef10c9a7,63d67af42e30038bef1fbb98125bd6ccad588380dabc4de668acc50167a34723,a5d7efb7a6ea62831b16487e6675ffb395f704c73922c1a120913c22964c0a08,True,True,False,predictive_initial/task_000008,bce_per_class_positive_penalty (PositiveWeightedMultiLabelBCELoss),8,,solid,o,{}
predictive_initial,candidate,predictive_initial/task_000009,task_000009,grid_0001,4,completed,e27ded54dfca,bce_per_class_positive_penalty (PositiveWeightedMultiLabelBCELoss),molecule_binary,PositiveWeightedMultiLabelBCELoss,per_class_sqrt_negative_to_positive,0.2,0.0,{},"{""heads"": {""molecule_binary"": {""bce_per_class_positive_penalty"": {""params"": {""max_positive_weight"": 10.0, ""minimum_positive_count"": 10, ""positive_weight_mode"": ""per_class_sqrt_negative_to_positive""}, ""target"": ""PositiveWeightedMultiLabelBCELoss"", ""weight"": 0.2}}}, ""reconstruction"": {""masserstein"": {""target"": ""MassersteinLoss"", ""weight"": 1.0}}}",1915557887,1927548799,/home/max/repositories/MSIAutoEncoderWrapper/data/kidney_workspace/models/kidney/predictive-heads-initial-20260908-01__task_000009,True,True,/home/max/repositories/MSIAutoEncoderWrapper/data/kidney_workspace/configs/entropy-runs/predictive-heads-initial-20260908-01/plan/status/task_000009.yaml,ff133cd42f7af414ee3022e7947f94bcd301e0ce338f93da55895867ef10c9a7,63d67af42e30038bef1fbb98125bd6ccad588380dabc4de668acc50167a34723,a5d7efb7a6ea62831b16487e6675ffb395f704c73922c1a120913c22964c0a08,True,True,False,predictive_initial/task_000009,bce_per_class_positive_penalty (PositiveWeightedMultiLabelBCELoss),9,,solid,o,{}
predictive_initial,candidate,predictive_initial/task_000010,task_000010,grid_0002,0,completed,a4c7ac80c5c1,pn_bce_unweighted (SignalMaskedBCELoss),molecule_binary,SignalMaskedBCELoss,none,0.2,0.0,"{""absolute_threshold"": 0.0, ""bin_radius"": 1, ""relative_threshold"": 0.0119}","{""heads"": {""molecule_binary"": {""pn_bce_unweighted"": {""params"": {""evidence"": {""absolute_threshold"": 0.0, ""bin_radius"": 1, ""relative_threshold"": 0.0119}, ""max_positive_weight"": 10.0, ""minimum_positive_count"": 10, ""positive_weight_mode"": ""none""}, ""target"": ""SignalMaskedBCELoss"", ""weight"": 0.2}}}, ""reconstruction"": {""masserstein"": {""target"": ""MassersteinLoss"", ""weight"": 1.0}}}",91154199,32238397,/home/max/repositories/MSIAutoEncoderWrapper/data/kidney_workspace/models/kidney/predictive-heads-initial-20260908-01__task_000010,True,True,/home/max/repositories/MSIAutoEncoderWrapper/data/kidney_workspace/configs/entropy-runs/predictive-heads-initial-20260908-01/plan/status/task_000010.yaml,ff133cd42f7af414ee3022e7947f94bcd301e0ce338f93da55895867ef10c9a7,63d67af42e30038bef1fbb98125bd6ccad588380dabc4de668acc50167a34723,a5d7efb7a6ea62831b16487e6675ffb395f704c73922c1a120913c22964c0a08,True,True,True,predictive_initial/task_000010,pn_bce_unweighted (SignalMaskedBCELoss),10,,solid,o,{}
predictive_initial,candidate,predictive_initial/task_000011,task_000011,grid_0002,1,completed,a4c7ac80c5c1,pn_bce_unweighted (SignalMaskedBCELoss),molecule_binary,SignalMaskedBCELoss,none,0.2,0.0,"{""absolute_threshold"": 0.0, ""bin_radius"": 1, ""relative_threshold"": 0.0119}","{""heads"": {""molecule_binary"": {""pn_bce_unweighted"": {""params"": {""evidence"": {""absolute_threshold"": 0.0, ""bin_radius"": 1, ""relative_threshold"": 0.0119}, ""max_positive_weight"": 10.0, ""minimum_positive_count"": 10, ""positive_weight_mode"": ""none""}, ""target"": ""SignalMaskedBCELoss"", ""weight"": 0.2}}}, ""reconstruction"": {""masserstein"": {""target"": ""MassersteinLoss"", ""weight"": 1.0}}}",919377028,892754137,/home/max/repositories/MSIAutoEncoderWrapper/data/kidney_workspace/models/kidney/predictive-heads-initial-20260908-01__task_000011,True,True,/home/max/repositories/MSIAutoEncoderWrapper/data/kidney_workspace/configs/entropy-runs/predictive-heads-initial-20260908-01/plan/status/task_000011.yaml,ff133cd42f7af414ee3022e7947f94bcd301e0ce338f93da55895867ef10c9a7,63d67af42e30038bef1fbb98125bd6ccad588380dabc4de668acc50167a34723,a5d7efb7a6ea62831b16487e6675ffb395f704c73922c1a120913c22964c0a08,True,True,True,predictive_initial/task_000011,pn_bce_unweighted (SignalMaskedBCELoss),11,,solid,o,{}
predictive_initial,candidate,predictive_initial/task_000012,task_000012,grid_0002,2,completed,a4c7ac80c5c1,pn_bce_unweighted (SignalMaskedBCELoss),molecule_binary,SignalMaskedBCELoss,none,0.2,0.0,"{""absolute_threshold"": 0.0, ""bin_radius"": 1, ""relative_threshold"": 0.0119}","{""heads"": {""molecule_binary"": {""pn_bce_unweighted"": {""params"": {""evidence"": {""absolute_threshold"": 0.0, ""bin_radius"": 1, ""relative_threshold"": 0.0119}, ""max_positive_weight"": 10.0, ""minimum_positive_count"": 10, ""positive_weight_mode"": ""none""}, ""target"": ""SignalMaskedBCELoss"", ""weight"": 0.2}}}, ""reconstruction"": {""masserstein"": {""target"": ""MassersteinLoss"", ""weight"": 1.0}}}",2136253289,442265914,/home/max/repositories/MSIAutoEncoderWrapper/data/kidney_workspace/models/kidney/predictive-heads-initial-20260908-01__task_000012,True,True,/home/max/repositories/MSIAutoEncoderWrapper/data/kidney_workspace/configs/entropy-runs/predictive-heads-initial-20260908-01/plan/status/task_000012.yaml,ff133cd42f7af414ee3022e7947f94bcd301e0ce338f93da55895867ef10c9a7,63d67af42e30038bef1fbb98125bd6ccad588380dabc4de668acc50167a34723,a5d7efb7a6ea62831b16487e6675ffb395f704c73922c1a120913c22964c0a08,True,True,True,predictive_initial/task_000012,pn_bce_unweighted (SignalMaskedBCELoss),12,,solid,o,{}
predictive_initial,candidate,predictive_initial/task_000013,task_000013,grid_0002,3,completed,a4c7ac80c5c1,pn_bce_unweighted (SignalMaskedBCELoss),molecule_binary,SignalMaskedBCELoss,none,0.2,0.0,"{""absolute_threshold"": 0.0, ""bin_radius"": 1, ""relative_threshold"": 0.0119}","{""heads"": {""molecule_binary"": {""pn_bce_unweighted"": {""params"": {""evidence"": {""absolute_threshold"": 0.0, ""bin_radius"": 1, ""relative_threshold"": 0.0119}, ""max_positive_weight"": 10.0, ""minimum_positive_count"": 10, ""positive_weight_mode"": ""none""}, ""target"": ""SignalMaskedBCELoss"", ""weight"": 0.2}}}, ""reconstruction"": {""masserstein"": {""target"": ""MassersteinLoss"", ""weight"": 1.0}}}",276187349,194761695,/home/max/repositories/MSIAutoEncoderWrapper/data/kidney_workspace/models/kidney/predictive-heads-initial-20260908-01__task_000013,True,True,/home/max/repositories/MSIAutoEncoderWrapper/data/kidney_workspace/configs/entropy-runs/predictive-heads-initial-20260908-01/plan/status/task_000013.yaml,ff133cd42f7af414ee3022e7947f94bcd301e0ce338f93da55895867ef10c9a7,63d67af42e30038bef1fbb98125bd6ccad588380dabc4de668acc50167a34723,a5d7efb7a6ea62831b16487e6675ffb395f704c73922c1a120913c22964c0a08,True,True,True,predictive_initial/task_000013,pn_bce_unweighted (SignalMaskedBCELoss),13,,solid,o,{}
predictive_initial,candidate,predictive_initial/task_000014,task_000014,grid_0002,4,completed,a4c7ac80c5c1,pn_bce_unweighted (SignalMaskedBCELoss),molecule_binary,SignalMaskedBCELoss,none,0.2,0.0,"{""absolute_threshold"": 0.0, ""bin_radius"": 1, ""relative_threshold"": 0.0119}","{""heads"": {""molecule_binary"": {""pn_bce_unweighted"": {""params"": {""evidence"": {""absolute_threshold"": 0.0, ""bin_radius"": 1, ""relative_threshold"": 0.0119}, ""max_positive_weight"": 10.0, ""minimum_positive_count"": 10, ""positive_weight_mode"": ""none""}, ""target"": ""SignalMaskedBCELoss"", ""weight"": 0.2}}}, ""reconstruction"": {""masserstein"": {""target"": ""MassersteinLoss"", ""weight"": 1.0}}}",1915557887,1927548799,/home/max/repositories/MSIAutoEncoderWrapper/data/kidney_workspace/models/kidney/predictive-heads-initial-20260908-01__task_000014,True,True,/home/max/repositories/MSIAutoEncoderWrapper/data/kidney_workspace/configs/entropy-runs/predictive-heads-initial-20260908-01/plan/status/task_000014.yaml,ff133cd42f7af414ee3022e7947f94bcd301e0ce338f93da55895867ef10c9a7,63d67af42e30038bef1fbb98125bd6ccad588380dabc4de668acc50167a34723,a5d7efb7a6ea62831b16487e6675ffb395f704c73922c1a120913c22964c0a08,True,True,True,predictive_initial/task_000014,pn_bce_unweighted (SignalMaskedBCELoss),14,,solid,o,{}
predictive_initial,candidate,predictive_initial/task_000015,task_000015,grid_0003,0,completed,a4c7ac80c5c1,pn_bce_unweighted (SignalMaskedBCELoss),molecule_binary,SignalMaskedBCELoss,none,0.2,0.0,"{""absolute_threshold"": 0.0, ""bin_radius"": 1, ""relative_threshold"": 0.0119}","{""heads"": {""molecule_binary"": {""pn_bce_unweighted"": {""params"": {""evidence"": {""absolute_threshold"": 0.0, ""bin_radius"": 1, ""relative_threshold"": 0.0119}, ""max_positive_weight"": 10.0, ""minimum_positive_count"": 10, ""positive_weight_mode"": ""none""}, ""target"": ""SignalMaskedBCELoss"", ""weight"": 0.2}}}, ""reconstruction"": {""masserstein"": {""target"": ""MassersteinLoss"", ""weight"": 1.0}}}",91154199,32238397,/home/max/repositories/MSIAutoEncoderWrapper/data/kidney_workspace/models/kidney/predictive-heads-initial-20260908-01__task_000015,True,True,/home/max/repositories/MSIAutoEncoderWrapper/data/kidney_workspace/configs/entropy-runs/predictive-heads-initial-20260908-01/plan/status/task_000015.yaml,ff133cd42f7af414ee3022e7947f94bcd301e0ce338f93da55895867ef10c9a7,63d67af42e30038bef1fbb98125bd6ccad588380dabc4de668acc50167a34723,a5d7efb7a6ea62831b16487e6675ffb395f704c73922c1a120913c22964c0a08,True,True,True,predictive_initial/task_000015,pn_bce_unweighted (SignalMaskedBCELoss),15,,solid,o,{}
predictive_initial,candidate,predictive_initial/task_000016,task_000016,grid_0003,1,completed,a4c7ac80c5c1,pn_bce_unweighted (SignalMaskedBCELoss),molecule_binary,SignalMaskedBCELoss,none,0.2,0.0,"{""absolute_threshold"": 0.0, ""bin_radius"": 1, ""relative_threshold"": 0.0119}","{""heads"": {""molecule_binary"": {""pn_bce_unweighted"": {""params"": {""evidence"": {""absolute_threshold"": 0.0, ""bin_radius"": 1, ""relative_threshold"": 0.0119}, ""max_positive_weight"": 10.0, ""minimum_positive_count"": 10, ""positive_weight_mode"": ""none""}, ""target"": ""SignalMaskedBCELoss"", ""weight"": 0.2}}}, ""reconstruction"": {""masserstein"": {""target"": ""MassersteinLoss"", ""weight"": 1.0}}}",919377028,892754137,/home/max/repositories/MSIAutoEncoderWrapper/data/kidney_workspace/models/kidney/predictive-heads-initial-20260908-01__task_000016,True,True,/home/max/repositories/MSIAutoEncoderWrapper/data/kidney_workspace/configs/entropy-runs/predictive-heads-initial-20260908-01/plan/status/task_000016.yaml,ff133cd42f7af414ee3022e7947f94bcd301e0ce338f93da55895867ef10c9a7,63d67af42e30038bef1fbb98125bd6ccad588380dabc4de668acc50167a34723,a5d7efb7a6ea62831b16487e6675ffb395f704c73922c1a120913c22964c0a08,True,True,True,predictive_initial/task_000016,pn_bce_unweighted (SignalMaskedBCELoss),16,,solid,o,{}
predictive_initial,candidate,predictive_initial/task_000017,task_000017,grid_0003,2,completed,a4c7ac80c5c1,pn_bce_unweighted (SignalMaskedBCELoss),molecule_binary,SignalMaskedBCELoss,none,0.2,0.0,"{""absolute_threshold"": 0.0, ""bin_radius"": 1, ""relative_threshold"": 0.0119}","{""heads"": {""molecule_binary"": {""pn_bce_unweighted"": {""params"": {""evidence"": {""absolute_threshold"": 0.0, ""bin_radius"": 1, ""relative_threshold"": 0.0119}, ""max_positive_weight"": 10.0, ""minimum_positive_count"": 10, ""positive_weight_mode"": ""none""}, ""target"": ""SignalMaskedBCELoss"", ""weight"": 0.2}}}, ""reconstruction"": {""masserstein"": {""target"": ""MassersteinLoss"", ""weight"": 1.0}}}",2136253289,442265914,/home/max/repositories/MSIAutoEncoderWrapper/data/kidney_workspace/models/kidney/predictive-heads-initial-20260908-01__task_000017,True,True,/home/max/repositories/MSIAutoEncoderWrapper/data/kidney_workspace/configs/entropy-runs/predictive-heads-initial-20260908-01/plan/status/task_000017.yaml,ff133cd42f7af414ee3022e7947f94bcd301e0ce338f93da55895867ef10c9a7,63d67af42e30038bef1fbb98125bd6ccad588380dabc4de668acc50167a34723,a5d7efb7a6ea62831b16487e6675ffb395f704c73922c1a120913c22964c0a08,True,True,True,predictive_initial/task_000017,pn_bce_unweighted (SignalMaskedBCELoss),17,,solid,o,{}
predictive_initial,candidate,predictive_initial/task_000018,task_000018,grid_0003,3,completed,a4c7ac80c5c1,pn_bce_unweighted (SignalMaskedBCELoss),molecule_binary,SignalMaskedBCELoss,none,0.2,0.0,"{""absolute_threshold"": 0.0, ""bin_radius"": 1, ""relative_threshold"": 0.0119}","{""heads"": {""molecule_binary"": {""pn_bce_unweighted"": {""params"": {""evidence"": {""absolute_threshold"": 0.0, ""bin_radius"": 1, ""relative_threshold"": 0.0119}, ""max_positive_weight"": 10.0, ""minimum_positive_count"": 10, ""positive_weight_mode"": ""none""}, ""target"": ""SignalMaskedBCELoss"", ""weight"": 0.2}}}, ""reconstruction"": {""masserstein"": {""target"": ""MassersteinLoss"", ""weight"": 1.0}}}",276187349,194761695,/home/max/repositories/MSIAutoEncoderWrapper/data/kidney_workspace/models/kidney/predictive-heads-initial-20260908-01__task_000018,True,True,/home/max/repositories/MSIAutoEncoderWrapper/data/kidney_workspace/configs/entropy-runs/predictive-heads-initial-20260908-01/plan/status/task_000018.yaml,ff133cd42f7af414ee3022e7947f94bcd301e0ce338f93da55895867ef10c9a7,63d67af42e30038bef1fbb98125bd6ccad588380dabc4de668acc50167a34723,a5d7efb7a6ea62831b16487e6675ffb395f704c73922c1a120913c22964c0a08,True,True,True,predictive_initial/task_000018,pn_bce_unweighted (SignalMaskedBCELoss),18,,solid,o,{}
predictive_initial,candidate,predictive_initial/task_000019,task_000019,grid_0003,4,completed,a4c7ac80c5c1,pn_bce_unweighted (SignalMaskedBCELoss),molecule_binary,SignalMaskedBCELoss,none,0.2,0.0,"{""absolute_threshold"": 0.0, ""bin_radius"": 1, ""relative_threshold"": 0.0119}","{""heads"": {""molecule_binary"": {""pn_bce_unweighted"": {""params"": {""evidence"": {""absolute_threshold"": 0.0, ""bin_radius"": 1, ""relative_threshold"": 0.0119}, ""max_positive_weight"": 10.0, ""minimum_positive_count"": 10, ""positive_weight_mode"": ""none""}, ""target"": ""SignalMaskedBCELoss"", ""weight"": 0.2}}}, ""reconstruction"": {""masserstein"": {""target"": ""MassersteinLoss"", ""weight"": 1.0}}}",1915557887,1927548799,/home/max/repositories/MSIAutoEncoderWrapper/data/kidney_workspace/models/kidney/predictive-heads-initial-20260908-01__task_000019,True,True,/home/max/repositories/MSIAutoEncoderWrapper/data/kidney_workspace/configs/entropy-runs/predictive-heads-initial-20260908-01/plan/status/task_000019.yaml,ff133cd42f7af414ee3022e7947f94bcd301e0ce338f93da55895867ef10c9a7,63d67af42e30038bef1fbb98125bd6ccad588380dabc4de668acc50167a34723,a5d7efb7a6ea62831b16487e6675ffb395f704c73922c1a120913c22964c0a08,True,True,True,predictive_initial/task_000019,pn_bce_unweighted (SignalMaskedBCELoss),19,,solid,o,{}
predictive_initial,candidate,predictive_initial/task_000020,task_000020,grid_0004,0,completed,40ee4c7e8820,pn_bce_global_positive_penalty (SignalMaskedBCELoss),molecule_binary,SignalMaskedBCELoss,global_sqrt_negative_to_positive,0.2,0.0,"{""absolute_threshold"": 0.0, ""bin_radius"": 1, ""relative_threshold"": 0.0119}","{""heads"": {""molecule_binary"": {""pn_bce_global_positive_penalty"": {""params"": {""evidence"": {""absolute_threshold"": 0.0, ""bin_radius"": 1, ""relative_threshold"": 0.0119}, ""max_positive_weight"": 10.0, ""minimum_positive_count"": 10, ""positive_weight_mode"": ""global_sqrt_negative_to_positive""}, ""target"": ""SignalMaskedBCELoss"", ""weight"": 0.2}}}, ""reconstruction"": {""masserstein"": {""target"": ""MassersteinLoss"", ""weight"": 1.0}}}",91154199,32238397,/home/max/repositories/MSIAutoEncoderWrapper/data/kidney_workspace/models/kidney/predictive-heads-initial-20260908-01__task_000020,True,True,/home/max/repositories/MSIAutoEncoderWrapper/data/kidney_workspace/configs/entropy-runs/predictive-heads-initial-20260908-01/plan/status/task_000020.yaml,ff133cd42f7af414ee3022e7947f94bcd301e0ce338f93da55895867ef10c9a7,63d67af42e30038bef1fbb98125bd6ccad588380dabc4de668acc50167a34723,a5d7efb7a6ea62831b16487e6675ffb395f704c73922c1a120913c22964c0a08,True,True,True,predictive_initial/task_000020,pn_bce_global_positive_penalty (SignalMaskedBCELoss),20,,solid,o,{}
predictive_initial,candidate,predictive_initial/task_000021,task_000021,grid_0004,1,completed,40ee4c7e8820,pn_bce_global_positive_penalty (SignalMaskedBCELoss),molecule_binary,SignalMaskedBCELoss,global_sqrt_negative_to_positive,0.2,0.0,"{""absolute_threshold"": 0.0, ""bin_radius"": 1, ""relative_threshold"": 0.0119}","{""heads"": {""molecule_binary"": {""pn_bce_global_positive_penalty"": {""params"": {""evidence"": {""absolute_threshold"": 0.0, ""bin_radius"": 1, ""relative_threshold"": 0.0119}, ""max_positive_weight"": 10.0, ""minimum_positive_count"": 10, ""positive_weight_mode"": ""global_sqrt_negative_to_positive""}, ""target"": ""SignalMaskedBCELoss"", ""weight"": 0.2}}}, ""reconstruction"": {""masserstein"": {""target"": ""MassersteinLoss"", ""weight"": 1.0}}}",919377028,892754137,/home/max/repositories/MSIAutoEncoderWrapper/data/kidney_workspace/models/kidney/predictive-heads-initial-20260908-01__task_000021,True,True,/home/max/repositories/MSIAutoEncoderWrapper/data/kidney_workspace/configs/entropy-runs/predictive-heads-initial-20260908-01/plan/status/task_000021.yaml,ff133cd42f7af414ee3022e7947f94bcd301e0ce338f93da55895867ef10c9a7,63d67af42e30038bef1fbb98125bd6ccad588380dabc4de668acc50167a34723,a5d7efb7a6ea62831b16487e6675ffb395f704c73922c1a120913c22964c0a08,True,True,True,predictive_initial/task_000021,pn_bce_global_positive_penalty (SignalMaskedBCELoss),21,,solid,o,{}
predictive_initial,candidate,predictive_initial/task_000022,task_000022,grid_0004,2,completed,40ee4c7e8820,pn_bce_global_positive_penalty (SignalMaskedBCELoss),molecule_binary,SignalMaskedBCELoss,global_sqrt_negative_to_positive,0.2,0.0,"{""absolute_threshold"": 0.0, ""bin_radius"": 1, ""relative_threshold"": 0.0119}","{""heads"": {""molecule_binary"": {""pn_bce_global_positive_penalty"": {""params"": {""evidence"": {""absolute_threshold"": 0.0, ""bin_radius"": 1, ""relative_threshold"": 0.0119}, ""max_positive_weight"": 10.0, ""minimum_positive_count"": 10, ""positive_weight_mode"": ""global_sqrt_negative_to_positive""}, ""target"": ""SignalMaskedBCELoss"", ""weight"": 0.2}}}, ""reconstruction"": {""masserstein"": {""target"": ""MassersteinLoss"", ""weight"": 1.0}}}",2136253289,442265914,/home/max/repositories/MSIAutoEncoderWrapper/data/kidney_workspace/models/kidney/predictive-heads-initial-20260908-01__task_000022,True,True,/home/max/repositories/MSIAutoEncoderWrapper/data/kidney_workspace/configs/entropy-runs/predictive-heads-initial-20260908-01/plan/status/task_000022.yaml,ff133cd42f7af414ee3022e7947f94bcd301e0ce338f93da55895867ef10c9a7,63d67af42e30038bef1fbb98125bd6ccad588380dabc4de668acc50167a34723,a5d7efb7a6ea62831b16487e6675ffb395f704c73922c1a120913c22964c0a08,True,True,True,predictive_initial/task_000022,pn_bce_global_positive_penalty (SignalMaskedBCELoss),22,,solid,o,{}
predictive_initial,candidate,predictive_initial/task_000023,task_000023,grid_0004,3,completed,40ee4c7e8820,pn_bce_global_positive_penalty (SignalMaskedBCELoss),molecule_binary,SignalMaskedBCELoss,global_sqrt_negative_to_positive,0.2,0.0,"{""absolute_threshold"": 0.0, ""bin_radius"": 1, ""relative_threshold"": 0.0119}","{""heads"": {""molecule_binary"": {""pn_bce_global_positive_penalty"": {""params"": {""evidence"": {""absolute_threshold"": 0.0, ""bin_radius"": 1, ""relative_threshold"": 0.0119}, ""max_positive_weight"": 10.0, ""minimum_positive_count"": 10, ""positive_weight_mode"": ""global_sqrt_negative_to_positive""}, ""target"": ""SignalMaskedBCELoss"", ""weight"": 0.2}}}, ""reconstruction"": {""masserstein"": {""target"": ""MassersteinLoss"", ""weight"": 1.0}}}",276187349,194761695,/home/max/repositories/MSIAutoEncoderWrapper/data/kidney_workspace/models/kidney/predictive-heads-initial-20260908-01__task_000023,True,True,/home/max/repositories/MSIAutoEncoderWrapper/data/kidney_workspace/configs/entropy-runs/predictive-heads-initial-20260908-01/plan/status/task_000023.yaml,ff133cd42f7af414ee3022e7947f94bcd301e0ce338f93da55895867ef10c9a7,63d67af42e30038bef1fbb98125bd6ccad588380dabc4de668acc50167a34723,a5d7efb7a6ea62831b16487e6675ffb395f704c73922c1a120913c22964c0a08,True,True,True,predictive_initial/task_000023,pn_bce_global_positive_penalty (SignalMaskedBCELoss),23,,solid,o,{}
predictive_initial,candidate,predictive_initial/task_000024,task_000024,grid_0004,4,completed,40ee4c7e8820,pn_bce_global_positive_penalty (SignalMaskedBCELoss),molecule_binary,SignalMaskedBCELoss,global_sqrt_negative_to_positive,0.2,0.0,"{""absolute_threshold"": 0.0, ""bin_radius"": 1, ""relative_threshold"": 0.0119}","{""heads"": {""molecule_binary"": {""pn_bce_global_positive_penalty"": {""params"": {""evidence"": {""absolute_threshold"": 0.0, ""bin_radius"": 1, ""relative_threshold"": 0.0119}, ""max_positive_weight"": 10.0, ""minimum_positive_count"": 10, ""positive_weight_mode"": ""global_sqrt_negative_to_positive""}, ""target"": ""SignalMaskedBCELoss"", ""weight"": 0.2}}}, ""reconstruction"": {""masserstein"": {""target"": ""MassersteinLoss"", ""weight"": 1.0}}}",1915557887,1927548799,/home/max/repositories/MSIAutoEncoderWrapper/data/kidney_workspace/models/kidney/predictive-heads-initial-20260908-01__task_000024,True,True,/home/max/repositories/MSIAutoEncoderWrapper/data/kidney_workspace/configs/entropy-runs/predictive-heads-initial-20260908-01/plan/status/task_000024.yaml,ff133cd42f7af414ee3022e7947f94bcd301e0ce338f93da55895867ef10c9a7,63d67af42e30038bef1fbb98125bd6ccad588380dabc4de668acc50167a34723,a5d7efb7a6ea62831b16487e6675ffb395f704c73922c1a120913c22964c0a08,True,True,True,predictive_initial/task_000024,pn_bce_global_positive_penalty (SignalMaskedBCELoss),24,,solid,o,{}
predictive_initial,candidate,predictive_initial/task_000025,task_000025,grid_0005,0,completed,40ee4c7e8820,pn_bce_global_positive_penalty (SignalMaskedBCELoss),molecule_binary,SignalMaskedBCELoss,global_sqrt_negative_to_positive,0.2,0.0,"{""absolute_threshold"": 0.0, ""bin_radius"": 1, ""relative_threshold"": 0.0119}","{""heads"": {""molecule_binary"": {""pn_bce_global_positive_penalty"": {""params"": {""evidence"": {""absolute_threshold"": 0.0, ""bin_radius"": 1, ""relative_threshold"": 0.0119}, ""max_positive_weight"": 10.0, ""minimum_positive_count"": 10, ""positive_weight_mode"": ""global_sqrt_negative_to_positive""}, ""target"": ""SignalMaskedBCELoss"", ""weight"": 0.2}}}, ""reconstruction"": {""masserstein"": {""target"": ""MassersteinLoss"", ""weight"": 1.0}}}",91154199,32238397,/home/max/repositories/MSIAutoEncoderWrapper/data/kidney_workspace/models/kidney/predictive-heads-initial-20260908-01__task_000025,True,True,/home/max/repositories/MSIAutoEncoderWrapper/data/kidney_workspace/configs/entropy-runs/predictive-heads-initial-20260908-01/plan/status/task_000025.yaml,ff133cd42f7af414ee3022e7947f94bcd301e0ce338f93da55895867ef10c9a7,63d67af42e30038bef1fbb98125bd6ccad588380dabc4de668acc50167a34723,a5d7efb7a6ea62831b16487e6675ffb395f704c73922c1a120913c22964c0a08,True,True,True,predictive_initial/task_000025,pn_bce_global_positive_penalty (SignalMaskedBCELoss),25,,solid,o,{}
predictive_initial,candidate,predictive_initial/task_000026,task_000026,grid_0005,1,completed,40ee4c7e8820,pn_bce_global_positive_penalty (SignalMaskedBCELoss),molecule_binary,SignalMaskedBCELoss,global_sqrt_negative_to_positive,0.2,0.0,"{""absolute_threshold"": 0.0, ""bin_radius"": 1, ""relative_threshold"": 0.0119}","{""heads"": {""molecule_binary"": {""pn_bce_global_positive_penalty"": {""params"": {""evidence"": {""absolute_threshold"": 0.0, ""bin_radius"": 1, ""relative_threshold"": 0.0119}, ""max_positive_weight"": 10.0, ""minimum_positive_count"": 10, ""positive_weight_mode"": ""global_sqrt_negative_to_positive""}, ""target"": ""SignalMaskedBCELoss"", ""weight"": 0.2}}}, ""reconstruction"": {""masserstein"": {""target"": ""MassersteinLoss"", ""weight"": 1.0}}}",919377028,892754137,/home/max/repositories/MSIAutoEncoderWrapper/data/kidney_workspace/models/kidney/predictive-heads-initial-20260908-01__task_000026,True,True,/home/max/repositories/MSIAutoEncoderWrapper/data/kidney_workspace/configs/entropy-runs/predictive-heads-initial-20260908-01/plan/status/task_000026.yaml,ff133cd42f7af414ee3022e7947f94bcd301e0ce338f93da55895867ef10c9a7,63d67af42e30038bef1fbb98125bd6ccad588380dabc4de668acc50167a34723,a5d7efb7a6ea62831b16487e6675ffb395f704c73922c1a120913c22964c0a08,True,True,True,predictive_initial/task_000026,pn_bce_global_positive_penalty (SignalMaskedBCELoss),26,,solid,o,{}
predictive_initial,candidate,predictive_initial/task_000027,task_000027,grid_0005,2,completed,40ee4c7e8820,pn_bce_global_positive_penalty (SignalMaskedBCELoss),molecule_binary,SignalMaskedBCELoss,global_sqrt_negative_to_positive,0.2,0.0,"{""absolute_threshold"": 0.0, ""bin_radius"": 1, ""relative_threshold"": 0.0119}","{""heads"": {""molecule_binary"": {""pn_bce_global_positive_penalty"": {""params"": {""evidence"": {""absolute_threshold"": 0.0, ""bin_radius"": 1, ""relative_threshold"": 0.0119}, ""max_positive_weight"": 10.0, ""minimum_positive_count"": 10, ""positive_weight_mode"": ""global_sqrt_negative_to_positive""}, ""target"": ""SignalMaskedBCELoss"", ""weight"": 0.2}}}, ""reconstruction"": {""masserstein"": {""target"": ""MassersteinLoss"", ""weight"": 1.0}}}",2136253289,442265914,/home/max/repositories/MSIAutoEncoderWrapper/data/kidney_workspace/models/kidney/predictive-heads-initial-20260908-01__task_000027,True,True,/home/max/repositories/MSIAutoEncoderWrapper/data/kidney_workspace/configs/entropy-runs/predictive-heads-initial-20260908-01/plan/status/task_000027.yaml,ff133cd42f7af414ee3022e7947f94bcd301e0ce338f93da55895867ef10c9a7,63d67af42e30038bef1fbb98125bd6ccad588380dabc4de668acc50167a34723,a5d7efb7a6ea62831b16487e6675ffb395f704c73922c1a120913c22964c0a08,True,True,True,predictive_initial/task_000027,pn_bce_global_positive_penalty (SignalMaskedBCELoss),27,,solid,o,{}
predictive_initial,candidate,predictive_initial/task_000028,task_000028,grid_0005,3,completed,40ee4c7e8820,pn_bce_global_positive_penalty (SignalMaskedBCELoss),molecule_binary,SignalMaskedBCELoss,global_sqrt_negative_to_positive,0.2,0.0,"{""absolute_threshold"": 0.0, ""bin_radius"": 1, ""relative_threshold"": 0.0119}","{""heads"": {""molecule_binary"": {""pn_bce_global_positive_penalty"": {""params"": {""evidence"": {""absolute_threshold"": 0.0, ""bin_radius"": 1, ""relative_threshold"": 0.0119}, ""max_positive_weight"": 10.0, ""minimum_positive_count"": 10, ""positive_weight_mode"": ""global_sqrt_negative_to_positive""}, ""target"": ""SignalMaskedBCELoss"", ""weight"": 0.2}}}, ""reconstruction"": {""masserstein"": {""target"": ""MassersteinLoss"", ""weight"": 1.0}}}",276187349,194761695,/home/max/repositories/MSIAutoEncoderWrapper/data/kidney_workspace/models/kidney/predictive-heads-initial-20260908-01__task_000028,True,True,/home/max/repositories/MSIAutoEncoderWrapper/data/kidney_workspace/configs/entropy-runs/predictive-heads-initial-20260908-01/plan/status/task_000028.yaml,ff133cd42f7af414ee3022e7947f94bcd301e0ce338f93da55895867ef10c9a7,63d67af42e30038bef1fbb98125bd6ccad588380dabc4de668acc50167a34723,a5d7efb7a6ea62831b16487e6675ffb395f704c73922c1a120913c22964c0a08,True,True,True,predictive_initial/task_000028,pn_bce_global_positive_penalty (SignalMaskedBCELoss),28,,solid,o,{}
predictive_initial,candidate,predictive_initial/task_000029,task_000029,grid_0005,4,completed,40ee4c7e8820,pn_bce_global_positive_penalty (SignalMaskedBCELoss),molecule_binary,SignalMaskedBCELoss,global_sqrt_negative_to_positive,0.2,0.0,"{""absolute_threshold"": 0.0, ""bin_radius"": 1, ""relative_threshold"": 0.0119}","{""heads"": {""molecule_binary"": {""pn_bce_global_positive_penalty"": {""params"": {""evidence"": {""absolute_threshold"": 0.0, ""bin_radius"": 1, ""relative_threshold"": 0.0119}, ""max_positive_weight"": 10.0, ""minimum_positive_count"": 10, ""positive_weight_mode"": ""global_sqrt_negative_to_positive""}, ""target"": ""SignalMaskedBCELoss"", ""weight"": 0.2}}}, ""reconstruction"": {""masserstein"": {""target"": ""MassersteinLoss"", ""weight"": 1.0}}}",1915557887,1927548799,/home/max/repositories/MSIAutoEncoderWrapper/data/kidney_workspace/models/kidney/predictive-heads-initial-20260908-01__task_000029,True,True,/home/max/repositories/MSIAutoEncoderWrapper/data/kidney_workspace/configs/entropy-runs/predictive-heads-initial-20260908-01/plan/status/task_000029.yaml,ff133cd42f7af414ee3022e7947f94bcd301e0ce338f93da55895867ef10c9a7,63d67af42e30038bef1fbb98125bd6ccad588380dabc4de668acc50167a34723,a5d7efb7a6ea62831b16487e6675ffb395f704c73922c1a120913c22964c0a08,True,True,True,predictive_initial/task_000029,pn_bce_global_positive_penalty (SignalMaskedBCELoss),29,,solid,o,{}
predictive_initial,candidate,predictive_initial/task_000030,task_000030,grid_0006,0,completed,d1f9a150e163,pn_bce_per_class_positive_penalty (SignalMaskedBCELoss),molecule_binary,SignalMaskedBCELoss,per_class_sqrt_negative_to_positive,0.2,0.0,"{""absolute_threshold"": 0.0, ""bin_radius"": 1, ""relative_threshold"": 0.0119}","{""heads"": {""molecule_binary"": {""pn_bce_per_class_positive_penalty"": {""params"": {""evidence"": {""absolute_threshold"": 0.0, ""bin_radius"": 1, ""relative_threshold"": 0.0119}, ""max_positive_weight"": 10.0, ""minimum_positive_count"": 10, ""positive_weight_mode"": ""per_class_sqrt_negative_to_positive""}, ""target"": ""SignalMaskedBCELoss"", ""weight"": 0.2}}}, ""reconstruction"": {""masserstein"": {""target"": ""MassersteinLoss"", ""weight"": 1.0}}}",91154199,32238397,/home/max/repositories/MSIAutoEncoderWrapper/data/kidney_workspace/models/kidney/predictive-heads-initial-20260908-01__task_000030,True,True,/home/max/repositories/MSIAutoEncoderWrapper/data/kidney_workspace/configs/entropy-runs/predictive-heads-initial-20260908-01/plan/status/task_000030.yaml,ff133cd42f7af414ee3022e7947f94bcd301e0ce338f93da55895867ef10c9a7,63d67af42e30038bef1fbb98125bd6ccad588380dabc4de668acc50167a34723,a5d7efb7a6ea62831b16487e6675ffb395f704c73922c1a120913c22964c0a08,True,True,True,predictive_initial/task_000030,pn_bce_per_class_positive_penalty (SignalMaskedBCELoss),30,,solid,o,{}
predictive_initial,candidate,predictive_initial/task_000031,task_000031,grid_0006,1,completed,d1f9a150e163,pn_bce_per_class_positive_penalty (SignalMaskedBCELoss),molecule_binary,SignalMaskedBCELoss,per_class_sqrt_negative_to_positive,0.2,0.0,"{""absolute_threshold"": 0.0, ""bin_radius"": 1, ""relative_threshold"": 0.0119}","{""heads"": {""molecule_binary"": {""pn_bce_per_class_positive_penalty"": {""params"": {""evidence"": {""absolute_threshold"": 0.0, ""bin_radius"": 1, ""relative_threshold"": 0.0119}, ""max_positive_weight"": 10.0, ""minimum_positive_count"": 10, ""positive_weight_mode"": ""per_class_sqrt_negative_to_positive""}, ""target"": ""SignalMaskedBCELoss"", ""weight"": 0.2}}}, ""reconstruction"": {""masserstein"": {""target"": ""MassersteinLoss"", ""weight"": 1.0}}}",919377028,892754137,/home/max/repositories/MSIAutoEncoderWrapper/data/kidney_workspace/models/kidney/predictive-heads-initial-20260908-01__task_000031,True,True,/home/max/repositories/MSIAutoEncoderWrapper/data/kidney_workspace/configs/entropy-runs/predictive-heads-initial-20260908-01/plan/status/task_000031.yaml,ff133cd42f7af414ee3022e7947f94bcd301e0ce338f93da55895867ef10c9a7,63d67af42e30038bef1fbb98125bd6ccad588380dabc4de668acc50167a34723,a5d7efb7a6ea62831b16487e6675ffb395f704c73922c1a120913c22964c0a08,True,True,True,predictive_initial/task_000031,pn_bce_per_class_positive_penalty (SignalMaskedBCELoss),31,,solid,o,{}
predictive_initial,candidate,predictive_initial/task_000032,task_000032,grid_0006,2,completed,d1f9a150e163,pn_bce_per_class_positive_penalty (SignalMaskedBCELoss),molecule_binary,SignalMaskedBCELoss,per_class_sqrt_negative_to_positive,0.2,0.0,"{""absolute_threshold"": 0.0, ""bin_radius"": 1, ""relative_threshold"": 0.0119}","{""heads"": {""molecule_binary"": {""pn_bce_per_class_positive_penalty"": {""params"": {""evidence"": {""absolute_threshold"": 0.0, ""bin_radius"": 1, ""relative_threshold"": 0.0119}, ""max_positive_weight"": 10.0, ""minimum_positive_count"": 10, ""positive_weight_mode"": ""per_class_sqrt_negative_to_positive""}, ""target"": ""SignalMaskedBCELoss"", ""weight"": 0.2}}}, ""reconstruction"": {""masserstein"": {""target"": ""MassersteinLoss"", ""weight"": 1.0}}}",2136253289,442265914,/home/max/repositories/MSIAutoEncoderWrapper/data/kidney_workspace/models/kidney/predictive-heads-initial-20260908-01__task_000032,True,True,/home/max/repositories/MSIAutoEncoderWrapper/data/kidney_workspace/configs/entropy-runs/predictive-heads-initial-20260908-01/plan/status/task_000032.yaml,ff133cd42f7af414ee3022e7947f94bcd301e0ce338f93da55895867ef10c9a7,63d67af42e30038bef1fbb98125bd6ccad588380dabc4de668acc50167a34723,a5d7efb7a6ea62831b16487e6675ffb395f704c73922c1a120913c22964c0a08,True,True,True,predictive_initial/task_000032,pn_bce_per_class_positive_penalty (SignalMaskedBCELoss),32,,solid,o,{}
predictive_initial,candidate,predictive_initial/task_000033,task_000033,grid_0006,3,completed,d1f9a150e163,pn_bce_per_class_positive_penalty (SignalMaskedBCELoss),molecule_binary,SignalMaskedBCELoss,per_class_sqrt_negative_to_positive,0.2,0.0,"{""absolute_threshold"": 0.0, ""bin_radius"": 1, ""relative_threshold"": 0.0119}","{""heads"": {""molecule_binary"": {""pn_bce_per_class_positive_penalty"": {""params"": {""evidence"": {""absolute_threshold"": 0.0, ""bin_radius"": 1, ""relative_threshold"": 0.0119}, ""max_positive_weight"": 10.0, ""minimum_positive_count"": 10, ""positive_weight_mode"": ""per_class_sqrt_negative_to_positive""}, ""target"": ""SignalMaskedBCELoss"", ""weight"": 0.2}}}, ""reconstruction"": {""masserstein"": {""target"": ""MassersteinLoss"", ""weight"": 1.0}}}",276187349,194761695,/home/max/repositories/MSIAutoEncoderWrapper/data/kidney_workspace/models/kidney/predictive-heads-initial-20260908-01__task_000033,True,True,/home/max/repositories/MSIAutoEncoderWrapper/data/kidney_workspace/configs/entropy-runs/predictive-heads-initial-20260908-01/plan/status/task_000033.yaml,ff133cd42f7af414ee3022e7947f94bcd301e0ce338f93da55895867ef10c9a7,63d67af42e30038bef1fbb98125bd6ccad588380dabc4de668acc50167a34723,a5d7efb7a6ea62831b16487e6675ffb395f704c73922c1a120913c22964c0a08,True,True,True,predictive_initial/task_000033,pn_bce_per_class_positive_penalty (SignalMaskedBCELoss),33,,solid,o,{}
predictive_initial,candidate,predictive_initial/task_000034,task_000034,grid_0006,4,completed,d1f9a150e163,pn_bce_per_class_positive_penalty (SignalMaskedBCELoss),molecule_binary,SignalMaskedBCELoss,per_class_sqrt_negative_to_positive,0.2,0.0,"{""absolute_threshold"": 0.0, ""bin_radius"": 1, ""relative_threshold"": 0.0119}","{""heads"": {""molecule_binary"": {""pn_bce_per_class_positive_penalty"": {""params"": {""evidence"": {""absolute_threshold"": 0.0, ""bin_radius"": 1, ""relative_threshold"": 0.0119}, ""max_positive_weight"": 10.0, ""minimum_positive_count"": 10, ""positive_weight_mode"": ""per_class_sqrt_negative_to_positive""}, ""target"": ""SignalMaskedBCELoss"", ""weight"": 0.2}}}, ""reconstruction"": {""masserstein"": {""target"": ""MassersteinLoss"", ""weight"": 1.0}}}",1915557887,1927548799,/home/max/repositories/MSIAutoEncoderWrapper/data/kidney_workspace/models/kidney/predictive-heads-initial-20260908-01__task_000034,True,True,/home/max/repositories/MSIAutoEncoderWrapper/data/kidney_workspace/configs/entropy-runs/predictive-heads-initial-20260908-01/plan/status/task_000034.yaml,ff133cd42f7af414ee3022e7947f94bcd301e0ce338f93da55895867ef10c9a7,63d67af42e30038bef1fbb98125bd6ccad588380dabc4de668acc50167a34723,a5d7efb7a6ea62831b16487e6675ffb395f704c73922c1a120913c22964c0a08,True,True,True,predictive_initial/task_000034,pn_bce_per_class_positive_penalty (SignalMaskedBCELoss),34,,solid,o,{}
predictive_initial,candidate,predictive_initial/task_000035,task_000035,grid_0007,0,completed,d1f9a150e163,pn_bce_per_class_positive_penalty (SignalMaskedBCELoss),molecule_binary,SignalMaskedBCELoss,per_class_sqrt_negative_to_positive,0.2,0.0,"{""absolute_threshold"": 0.0, ""bin_radius"": 1, ""relative_threshold"": 0.0119}","{""heads"": {""molecule_binary"": {""pn_bce_per_class_positive_penalty"": {""params"": {""evidence"": {""absolute_threshold"": 0.0, ""bin_radius"": 1, ""relative_threshold"": 0.0119}, ""max_positive_weight"": 10.0, ""minimum_positive_count"": 10, ""positive_weight_mode"": ""per_class_sqrt_negative_to_positive""}, ""target"": ""SignalMaskedBCELoss"", ""weight"": 0.2}}}, ""reconstruction"": {""masserstein"": {""target"": ""MassersteinLoss"", ""weight"": 1.0}}}",91154199,32238397,/home/max/repositories/MSIAutoEncoderWrapper/data/kidney_workspace/models/kidney/predictive-heads-initial-20260908-01__task_000035,True,True,/home/max/repositories/MSIAutoEncoderWrapper/data/kidney_workspace/configs/entropy-runs/predictive-heads-initial-20260908-01/plan/status/task_000035.yaml,ff133cd42f7af414ee3022e7947f94bcd301e0ce338f93da55895867ef10c9a7,63d67af42e30038bef1fbb98125bd6ccad588380dabc4de668acc50167a34723,a5d7efb7a6ea62831b16487e6675ffb395f704c73922c1a120913c22964c0a08,True,True,True,predictive_initial/task_000035,pn_bce_per_class_positive_penalty (SignalMaskedBCELoss),35,,solid,o,{}
predictive_initial,candidate,predictive_initial/task_000036,task_000036,grid_0007,1,completed,d1f9a150e163,pn_bce_per_class_positive_penalty (SignalMaskedBCELoss),molecule_binary,SignalMaskedBCELoss,per_class_sqrt_negative_to_positive,0.2,0.0,"{""absolute_threshold"": 0.0, ""bin_radius"": 1, ""relative_threshold"": 0.0119}","{""heads"": {""molecule_binary"": {""pn_bce_per_class_positive_penalty"": {""params"": {""evidence"": {""absolute_threshold"": 0.0, ""bin_radius"": 1, ""relative_threshold"": 0.0119}, ""max_positive_weight"": 10.0, ""minimum_positive_count"": 10, ""positive_weight_mode"": ""per_class_sqrt_negative_to_positive""}, ""target"": ""SignalMaskedBCELoss"", ""weight"": 0.2}}}, ""reconstruction"": {""masserstein"": {""target"": ""MassersteinLoss"", ""weight"": 1.0}}}",919377028,892754137,/home/max/repositories/MSIAutoEncoderWrapper/data/kidney_workspace/models/kidney/predictive-heads-initial-20260908-01__task_000036,True,True,/home/max/repositories/MSIAutoEncoderWrapper/data/kidney_workspace/configs/entropy-runs/predictive-heads-initial-20260908-01/plan/status/task_000036.yaml,ff133cd42f7af414ee3022e7947f94bcd301e0ce338f93da55895867ef10c9a7,63d67af42e30038bef1fbb98125bd6ccad588380dabc4de668acc50167a34723,a5d7efb7a6ea62831b16487e6675ffb395f704c73922c1a120913c22964c0a08,True,True,True,predictive_initial/task_000036,pn_bce_per_class_positive_penalty (SignalMaskedBCELoss),36,,solid,o,{}
predictive_initial,candidate,predictive_initial/task_000037,task_000037,grid_0007,2,completed,d1f9a150e163,pn_bce_per_class_positive_penalty (SignalMaskedBCELoss),molecule_binary,SignalMaskedBCELoss,per_class_sqrt_negative_to_positive,0.2,0.0,"{""absolute_threshold"": 0.0, ""bin_radius"": 1, ""relative_threshold"": 0.0119}","{""heads"": {""molecule_binary"": {""pn_bce_per_class_positive_penalty"": {""params"": {""evidence"": {""absolute_threshold"": 0.0, ""bin_radius"": 1, ""relative_threshold"": 0.0119}, ""max_positive_weight"": 10.0, ""minimum_positive_count"": 10, ""positive_weight_mode"": ""per_class_sqrt_negative_to_positive""}, ""target"": ""SignalMaskedBCELoss"", ""weight"": 0.2}}}, ""reconstruction"": {""masserstein"": {""target"": ""MassersteinLoss"", ""weight"": 1.0}}}",2136253289,442265914,/home/max/repositories/MSIAutoEncoderWrapper/data/kidney_workspace/models/kidney/predictive-heads-initial-20260908-01__task_000037,True,True,/home/max/repositories/MSIAutoEncoderWrapper/data/kidney_workspace/configs/entropy-runs/predictive-heads-initial-20260908-01/plan/status/task_000037.yaml,ff133cd42f7af414ee3022e7947f94bcd301e0ce338f93da55895867ef10c9a7,63d67af42e30038bef1fbb98125bd6ccad588380dabc4de668acc50167a34723,a5d7efb7a6ea62831b16487e6675ffb395f704c73922c1a120913c22964c0a08,True,True,True,predictive_initial/task_000037,pn_bce_per_class_positive_penalty (SignalMaskedBCELoss),37,,solid,o,{}
predictive_initial,candidate,predictive_initial/task_000038,task_000038,grid_0007,3,completed,d1f9a150e163,pn_bce_per_class_positive_penalty (SignalMaskedBCELoss),molecule_binary,SignalMaskedBCELoss,per_class_sqrt_negative_to_positive,0.2,0.0,"{""absolute_threshold"": 0.0, ""bin_radius"": 1, ""relative_threshold"": 0.0119}","{""heads"": {""molecule_binary"": {""pn_bce_per_class_positive_penalty"": {""params"": {""evidence"": {""absolute_threshold"": 0.0, ""bin_radius"": 1, ""relative_threshold"": 0.0119}, ""max_positive_weight"": 10.0, ""minimum_positive_count"": 10, ""positive_weight_mode"": ""per_class_sqrt_negative_to_positive""}, ""target"": ""SignalMaskedBCELoss"", ""weight"": 0.2}}}, ""reconstruction"": {""masserstein"": {""target"": ""MassersteinLoss"", ""weight"": 1.0}}}",276187349,194761695,/home/max/repositories/MSIAutoEncoderWrapper/data/kidney_workspace/models/kidney/predictive-heads-initial-20260908-01__task_000038,True,True,/home/max/repositories/MSIAutoEncoderWrapper/data/kidney_workspace/configs/entropy-runs/predictive-heads-initial-20260908-01/plan/status/task_000038.yaml,ff133cd42f7af414ee3022e7947f94bcd301e0ce338f93da55895867ef10c9a7,63d67af42e30038bef1fbb98125bd6ccad588380dabc4de668acc50167a34723,a5d7efb7a6ea62831b16487e6675ffb395f704c73922c1a120913c22964c0a08,True,True,True,predictive_initial/task_000038,pn_bce_per_class_positive_penalty (SignalMaskedBCELoss),38,,solid,o,{}
predictive_initial,candidate,predictive_initial/task_000039,task_000039,grid_0007,4,completed,d1f9a150e163,pn_bce_per_class_positive_penalty (SignalMaskedBCELoss),molecule_binary,SignalMaskedBCELoss,per_class_sqrt_negative_to_positive,0.2,0.0,"{""absolute_threshold"": 0.0, ""bin_radius"": 1, ""relative_threshold"": 0.0119}","{""heads"": {""molecule_binary"": {""pn_bce_per_class_positive_penalty"": {""params"": {""evidence"": {""absolute_threshold"": 0.0, ""bin_radius"": 1, ""relative_threshold"": 0.0119}, ""max_positive_weight"": 10.0, ""minimum_positive_count"": 10, ""positive_weight_mode"": ""per_class_sqrt_negative_to_positive""}, ""target"": ""SignalMaskedBCELoss"", ""weight"": 0.2}}}, ""reconstruction"": {""masserstein"": {""target"": ""MassersteinLoss"", ""weight"": 1.0}}}",1915557887,1927548799,/home/max/repositories/MSIAutoEncoderWrapper/data/kidney_workspace/models/kidney/predictive-heads-initial-20260908-01__task_000039,True,True,/home/max/repositories/MSIAutoEncoderWrapper/data/kidney_workspace/configs/entropy-runs/predictive-heads-initial-20260908-01/plan/status/task_000039.yaml,ff133cd42f7af414ee3022e7947f94bcd301e0ce338f93da55895867ef10c9a7,63d67af42e30038bef1fbb98125bd6ccad588380dabc4de668acc50167a34723,a5d7efb7a6ea62831b16487e6675ffb395f704c73922c1a120913c22964c0a08,True,True,True,predictive_initial/task_000039,pn_bce_per_class_positive_penalty (SignalMaskedBCELoss),39,,solid,o,{}
predictive_initial,candidate,predictive_initial/task_000040,task_000040,grid_0008,0,completed,20c052d026cd,pnu_ce (ThreeStateCrossEntropyLoss),molecule_pnu,ThreeStateCrossEntropyLoss,none,0.2,0.0,"{""absolute_threshold"": 0.0, ""bin_radius"": 1, ""relative_threshold"": 0.0119}","{""heads"": {""molecule_pnu"": {""pnu_ce"": {""params"": {""evidence"": {""absolute_threshold"": 0.0, ""bin_radius"": 1, ""relative_threshold"": 0.0119}}, ""target"": ""ThreeStateCrossEntropyLoss"", ""weight"": 0.2}}}, ""reconstruction"": {""masserstein"": {""target"": ""MassersteinLoss"", ""weight"": 1.0}}}",91154199,32238397,/home/max/repositories/MSIAutoEncoderWrapper/data/kidney_workspace/models/kidney/predictive-heads-initial-20260908-01__task_000040,True,True,/home/max/repositories/MSIAutoEncoderWrapper/data/kidney_workspace/configs/entropy-runs/predictive-heads-initial-20260908-01/plan/status/task_000040.yaml,ff133cd42f7af414ee3022e7947f94bcd301e0ce338f93da55895867ef10c9a7,63d67af42e30038bef1fbb98125bd6ccad588380dabc4de668acc50167a34723,a5d7efb7a6ea62831b16487e6675ffb395f704c73922c1a120913c22964c0a08,True,True,True,predictive_initial/task_000040,pnu_ce (ThreeStateCrossEntropyLoss),40,,solid,o,{}
predictive_initial,candidate,predictive_initial/task_000041,task_000041,grid_0008,1,completed,20c052d026cd,pnu_ce (ThreeStateCrossEntropyLoss),molecule_pnu,ThreeStateCrossEntropyLoss,none,0.2,0.0,"{""absolute_threshold"": 0.0, ""bin_radius"": 1, ""relative_threshold"": 0.0119}","{""heads"": {""molecule_pnu"": {""pnu_ce"": {""params"": {""evidence"": {""absolute_threshold"": 0.0, ""bin_radius"": 1, ""relative_threshold"": 0.0119}}, ""target"": ""ThreeStateCrossEntropyLoss"", ""weight"": 0.2}}}, ""reconstruction"": {""masserstein"": {""target"": ""MassersteinLoss"", ""weight"": 1.0}}}",919377028,892754137,/home/max/repositories/MSIAutoEncoderWrapper/data/kidney_workspace/models/kidney/predictive-heads-initial-20260908-01__task_000041,True,True,/home/max/repositories/MSIAutoEncoderWrapper/data/kidney_workspace/configs/entropy-runs/predictive-heads-initial-20260908-01/plan/status/task_000041.yaml,ff133cd42f7af414ee3022e7947f94bcd301e0ce338f93da55895867ef10c9a7,63d67af42e30038bef1fbb98125bd6ccad588380dabc4de668acc50167a34723,a5d7efb7a6ea62831b16487e6675ffb395f704c73922c1a120913c22964c0a08,True,True,True,predictive_initial/task_000041,pnu_ce (ThreeStateCrossEntropyLoss),41,,solid,o,{}
predictive_initial,candidate,predictive_initial/task_000042,task_000042,grid_0008,2,completed,20c052d026cd,pnu_ce (ThreeStateCrossEntropyLoss),molecule_pnu,ThreeStateCrossEntropyLoss,none,0.2,0.0,"{""absolute_threshold"": 0.0, ""bin_radius"": 1, ""relative_threshold"": 0.0119}","{""heads"": {""molecule_pnu"": {""pnu_ce"": {""params"": {""evidence"": {""absolute_threshold"": 0.0, ""bin_radius"": 1, ""relative_threshold"": 0.0119}}, ""target"": ""ThreeStateCrossEntropyLoss"", ""weight"": 0.2}}}, ""reconstruction"": {""masserstein"": {""target"": ""MassersteinLoss"", ""weight"": 1.0}}}",2136253289,442265914,/home/max/repositories/MSIAutoEncoderWrapper/data/kidney_workspace/models/kidney/predictive-heads-initial-20260908-01__task_000042,True,True,/home/max/repositories/MSIAutoEncoderWrapper/data/kidney_workspace/configs/entropy-runs/predictive-heads-initial-20260908-01/plan/status/task_000042.yaml,ff133cd42f7af414ee3022e7947f94bcd301e0ce338f93da55895867ef10c9a7,63d67af42e30038bef1fbb98125bd6ccad588380dabc4de668acc50167a34723,a5d7efb7a6ea62831b16487e6675ffb395f704c73922c1a120913c22964c0a08,True,True,True,predictive_initial/task_000042,pnu_ce (ThreeStateCrossEntropyLoss),42,,solid,o,{}
predictive_initial,candidate,predictive_initial/task_000043,task_000043,grid_0008,3,completed,20c052d026cd,pnu_ce (ThreeStateCrossEntropyLoss),molecule_pnu,ThreeStateCrossEntropyLoss,none,0.2,0.0,"{""absolute_threshold"": 0.0, ""bin_radius"": 1, ""relative_threshold"": 0.0119}","{""heads"": {""molecule_pnu"": {""pnu_ce"": {""params"": {""evidence"": {""absolute_threshold"": 0.0, ""bin_radius"": 1, ""relative_threshold"": 0.0119}}, ""target"": ""ThreeStateCrossEntropyLoss"", ""weight"": 0.2}}}, ""reconstruction"": {""masserstein"": {""target"": ""MassersteinLoss"", ""weight"": 1.0}}}",276187349,194761695,/home/max/repositories/MSIAutoEncoderWrapper/data/kidney_workspace/models/kidney/predictive-heads-initial-20260908-01__task_000043,True,True,/home/max/repositories/MSIAutoEncoderWrapper/data/kidney_workspace/configs/entropy-runs/predictive-heads-initial-20260908-01/plan/status/task_000043.yaml,ff133cd42f7af414ee3022e7947f94bcd301e0ce338f93da55895867ef10c9a7,63d67af42e30038bef1fbb98125bd6ccad588380dabc4de668acc50167a34723,a5d7efb7a6ea62831b16487e6675ffb395f704c73922c1a120913c22964c0a08,True,True,True,predictive_initial/task_000043,pnu_ce (ThreeStateCrossEntropyLoss),43,,solid,o,{}
predictive_initial,candidate,predictive_initial/task_000044,task_000044,grid_0008,4,completed,20c052d026cd,pnu_ce (ThreeStateCrossEntropyLoss),molecule_pnu,ThreeStateCrossEntropyLoss,none,0.2,0.0,"{""absolute_threshold"": 0.0, ""bin_radius"": 1, ""relative_threshold"": 0.0119}","{""heads"": {""molecule_pnu"": {""pnu_ce"": {""params"": {""evidence"": {""absolute_threshold"": 0.0, ""bin_radius"": 1, ""relative_threshold"": 0.0119}}, ""target"": ""ThreeStateCrossEntropyLoss"", ""weight"": 0.2}}}, ""reconstruction"": {""masserstein"": {""target"": ""MassersteinLoss"", ""weight"": 1.0}}}",1915557887,1927548799,/home/max/repositories/MSIAutoEncoderWrapper/data/kidney_workspace/models/kidney/predictive-heads-initial-20260908-01__task_000044,True,True,/home/max/repositories/MSIAutoEncoderWrapper/data/kidney_workspace/configs/entropy-runs/predictive-heads-initial-20260908-01/plan/status/task_000044.yaml,ff133cd42f7af414ee3022e7947f94bcd301e0ce338f93da55895867ef10c9a7,63d67af42e30038bef1fbb98125bd6ccad588380dabc4de668acc50167a34723,a5d7efb7a6ea62831b16487e6675ffb395f704c73922c1a120913c22964c0a08,True,True,True,predictive_initial/task_000044,pnu_ce (ThreeStateCrossEntropyLoss),44,,solid,o,{}
predictive_initial,candidate,predictive_initial/task_000045,task_000045,grid_0009,0,completed,20c052d026cd,pnu_ce (ThreeStateCrossEntropyLoss),molecule_pnu,ThreeStateCrossEntropyLoss,none,0.2,0.0,"{""absolute_threshold"": 0.0, ""bin_radius"": 1, ""relative_threshold"": 0.0119}","{""heads"": {""molecule_pnu"": {""pnu_ce"": {""params"": {""evidence"": {""absolute_threshold"": 0.0, ""bin_radius"": 1, ""relative_threshold"": 0.0119}}, ""target"": ""ThreeStateCrossEntropyLoss"", ""weight"": 0.2}}}, ""reconstruction"": {""masserstein"": {""target"": ""MassersteinLoss"", ""weight"": 1.0}}}",91154199,32238397,/home/max/repositories/MSIAutoEncoderWrapper/data/kidney_workspace/models/kidney/predictive-heads-initial-20260908-01__task_000045,True,True,/home/max/repositories/MSIAutoEncoderWrapper/data/kidney_workspace/configs/entropy-runs/predictive-heads-initial-20260908-01/plan/status/task_000045.yaml,ff133cd42f7af414ee3022e7947f94bcd301e0ce338f93da55895867ef10c9a7,63d67af42e30038bef1fbb98125bd6ccad588380dabc4de668acc50167a34723,a5d7efb7a6ea62831b16487e6675ffb395f704c73922c1a120913c22964c0a08,True,True,True,predictive_initial/task_000045,pnu_ce (ThreeStateCrossEntropyLoss),45,,solid,o,{}
predictive_initial,candidate,predictive_initial/task_000046,task_000046,grid_0009,1,completed,20c052d026cd,pnu_ce (ThreeStateCrossEntropyLoss),molecule_pnu,ThreeStateCrossEntropyLoss,none,0.2,0.0,"{""absolute_threshold"": 0.0, ""bin_radius"": 1, ""relative_threshold"": 0.0119}","{""heads"": {""molecule_pnu"": {""pnu_ce"": {""params"": {""evidence"": {""absolute_threshold"": 0.0, ""bin_radius"": 1, ""relative_threshold"": 0.0119}}, ""target"": ""ThreeStateCrossEntropyLoss"", ""weight"": 0.2}}}, ""reconstruction"": {""masserstein"": {""target"": ""MassersteinLoss"", ""weight"": 1.0}}}",919377028,892754137,/home/max/repositories/MSIAutoEncoderWrapper/data/kidney_workspace/models/kidney/predictive-heads-initial-20260908-01__task_000046,True,True,/home/max/repositories/MSIAutoEncoderWrapper/data/kidney_workspace/configs/entropy-runs/predictive-heads-initial-20260908-01/plan/status/task_000046.yaml,ff133cd42f7af414ee3022e7947f94bcd301e0ce338f93da55895867ef10c9a7,63d67af42e30038bef1fbb98125bd6ccad588380dabc4de668acc50167a34723,a5d7efb7a6ea62831b16487e6675ffb395f704c73922c1a120913c22964c0a08,True,True,True,predictive_initial/task_000046,pnu_ce (ThreeStateCrossEntropyLoss),46,,solid,o,{}
predictive_initial,candidate,predictive_initial/task_000047,task_000047,grid_0009,2,completed,20c052d026cd,pnu_ce (ThreeStateCrossEntropyLoss),molecule_pnu,ThreeStateCrossEntropyLoss,none,0.2,0.0,"{""absolute_threshold"": 0.0, ""bin_radius"": 1, ""relative_threshold"": 0.0119}","{""heads"": {""molecule_pnu"": {""pnu_ce"": {""params"": {""evidence"": {""absolute_threshold"": 0.0, ""bin_radius"": 1, ""relative_threshold"": 0.0119}}, ""target"": ""ThreeStateCrossEntropyLoss"", ""weight"": 0.2}}}, ""reconstruction"": {""masserstein"": {""target"": ""MassersteinLoss"", ""weight"": 1.0}}}",2136253289,442265914,/home/max/repositories/MSIAutoEncoderWrapper/data/kidney_workspace/models/kidney/predictive-heads-initial-20260908-01__task_000047,True,True,/home/max/repositories/MSIAutoEncoderWrapper/data/kidney_workspace/configs/entropy-runs/predictive-heads-initial-20260908-01/plan/status/task_000047.yaml,ff133cd42f7af414ee3022e7947f94bcd301e0ce338f93da55895867ef10c9a7,63d67af42e30038bef1fbb98125bd6ccad588380dabc4de668acc50167a34723,a5d7efb7a6ea62831b16487e6675ffb395f704c73922c1a120913c22964c0a08,True,True,True,predictive_initial/task_000047,pnu_ce (ThreeStateCrossEntropyLoss),47,,solid,o,{}
predictive_initial,candidate,predictive_initial/task_000048,task_000048,grid_0009,3,completed,20c052d026cd,pnu_ce (ThreeStateCrossEntropyLoss),molecule_pnu,ThreeStateCrossEntropyLoss,none,0.2,0.0,"{""absolute_threshold"": 0.0, ""bin_radius"": 1, ""relative_threshold"": 0.0119}","{""heads"": {""molecule_pnu"": {""pnu_ce"": {""params"": {""evidence"": {""absolute_threshold"": 0.0, ""bin_radius"": 1, ""relative_threshold"": 0.0119}}, ""target"": ""ThreeStateCrossEntropyLoss"", ""weight"": 0.2}}}, ""reconstruction"": {""masserstein"": {""target"": ""MassersteinLoss"", ""weight"": 1.0}}}",276187349,194761695,/home/max/repositories/MSIAutoEncoderWrapper/data/kidney_workspace/models/kidney/predictive-heads-initial-20260908-01__task_000048,True,True,/home/max/repositories/MSIAutoEncoderWrapper/data/kidney_workspace/configs/entropy-runs/predictive-heads-initial-20260908-01/plan/status/task_000048.yaml,ff133cd42f7af414ee3022e7947f94bcd301e0ce338f93da55895867ef10c9a7,63d67af42e30038bef1fbb98125bd6ccad588380dabc4de668acc50167a34723,a5d7efb7a6ea62831b16487e6675ffb395f704c73922c1a120913c22964c0a08,True,True,True,predictive_initial/task_000048,pnu_ce (ThreeStateCrossEntropyLoss),48,,solid,o,{}
predictive_initial,candidate,predictive_initial/task_000049,task_000049,grid_0009,4,completed,20c052d026cd,pnu_ce (ThreeStateCrossEntropyLoss),molecule_pnu,ThreeStateCrossEntropyLoss,none,0.2,0.0,"{""absolute_threshold"": 0.0, ""bin_radius"": 1, ""relative_threshold"": 0.0119}","{""heads"": {""molecule_pnu"": {""pnu_ce"": {""params"": {""evidence"": {""absolute_threshold"": 0.0, ""bin_radius"": 1, ""relative_threshold"": 0.0119}}, ""target"": ""ThreeStateCrossEntropyLoss"", ""weight"": 0.2}}}, ""reconstruction"": {""masserstein"": {""target"": ""MassersteinLoss"", ""weight"": 1.0}}}",1915557887,1927548799,/home/max/repositories/MSIAutoEncoderWrapper/data/kidney_workspace/models/kidney/predictive-heads-initial-20260908-01__task_000049,True,True,/home/max/repositories/MSIAutoEncoderWrapper/data/kidney_workspace/configs/entropy-runs/predictive-heads-initial-20260908-01/plan/status/task_000049.yaml,ff133cd42f7af414ee3022e7947f94bcd301e0ce338f93da55895867ef10c9a7,63d67af42e30038bef1fbb98125bd6ccad588380dabc4de668acc50167a34723,a5d7efb7a6ea62831b16487e6675ffb395f704c73922c1a120913c22964c0a08,True,True,True,predictive_initial/task_000049,pnu_ce (ThreeStateCrossEntropyLoss),49,,solid,o,{}
predictive_initial,candidate,predictive_initial/task_000050,task_000050,grid_0010,0,completed,c37325811656,vpu (VariationalPULoss),molecule_binary,VariationalPULoss,none,0.2,0.0,{},"{""heads"": {""molecule_binary"": {""vpu"": {""params"": {""consistency_weight"": 0.0, ""negative_weight"": 0.0}, ""target"": ""VariationalPULoss"", ""weight"": 0.2}}}, ""reconstruction"": {""masserstein"": {""target"": ""MassersteinLoss"", ""weight"": 1.0}}}",91154199,32238397,/home/max/repositories/MSIAutoEncoderWrapper/data/kidney_workspace/models/kidney/predictive-heads-initial-20260908-01__task_000050,True,True,/home/max/repositories/MSIAutoEncoderWrapper/data/kidney_workspace/configs/entropy-runs/predictive-heads-initial-20260908-01/plan/status/task_000050.yaml,ff133cd42f7af414ee3022e7947f94bcd301e0ce338f93da55895867ef10c9a7,63d67af42e30038bef1fbb98125bd6ccad588380dabc4de668acc50167a34723,a5d7efb7a6ea62831b16487e6675ffb395f704c73922c1a120913c22964c0a08,True,True,False,predictive_initial/task_000050,vpu (VariationalPULoss),50,,solid,o,{}
predictive_initial,candidate,predictive_initial/task_000051,task_000051,grid_0010,1,completed,c37325811656,vpu (VariationalPULoss),molecule_binary,VariationalPULoss,none,0.2,0.0,{},"{""heads"": {""molecule_binary"": {""vpu"": {""params"": {""consistency_weight"": 0.0, ""negative_weight"": 0.0}, ""target"": ""VariationalPULoss"", ""weight"": 0.2}}}, ""reconstruction"": {""masserstein"": {""target"": ""MassersteinLoss"", ""weight"": 1.0}}}",919377028,892754137,/home/max/repositories/MSIAutoEncoderWrapper/data/kidney_workspace/models/kidney/predictive-heads-initial-20260908-01__task_000051,True,True,/home/max/repositories/MSIAutoEncoderWrapper/data/kidney_workspace/configs/entropy-runs/predictive-heads-initial-20260908-01/plan/status/task_000051.yaml,ff133cd42f7af414ee3022e7947f94bcd301e0ce338f93da55895867ef10c9a7,63d67af42e30038bef1fbb98125bd6ccad588380dabc4de668acc50167a34723,a5d7efb7a6ea62831b16487e6675ffb395f704c73922c1a120913c22964c0a08,True,True,False,predictive_initial/task_000051,vpu (VariationalPULoss),51,,solid,o,{}
predictive_initial,candidate,predictive_initial/task_000052,task_000052,grid_0010,2,completed,c37325811656,vpu (VariationalPULoss),molecule_binary,VariationalPULoss,none,0.2,0.0,{},"{""heads"": {""molecule_binary"": {""vpu"": {""params"": {""consistency_weight"": 0.0, ""negative_weight"": 0.0}, ""target"": ""VariationalPULoss"", ""weight"": 0.2}}}, ""reconstruction"": {""masserstein"": {""target"": ""MassersteinLoss"", ""weight"": 1.0}}}",2136253289,442265914,/home/max/repositories/MSIAutoEncoderWrapper/data/kidney_workspace/models/kidney/predictive-heads-initial-20260908-01__task_000052,True,True,/home/max/repositories/MSIAutoEncoderWrapper/data/kidney_workspace/configs/entropy-runs/predictive-heads-initial-20260908-01/plan/status/task_000052.yaml,ff133cd42f7af414ee3022e7947f94bcd301e0ce338f93da55895867ef10c9a7,63d67af42e30038bef1fbb98125bd6ccad588380dabc4de668acc50167a34723,a5d7efb7a6ea62831b16487e6675ffb395f704c73922c1a120913c22964c0a08,True,True,False,predictive_initial/task_000052,vpu (VariationalPULoss),52,,solid,o,{}
predictive_initial,candidate,predictive_initial/task_000053,task_000053,grid_0010,3,completed,c37325811656,vpu (VariationalPULoss),molecule_binary,VariationalPULoss,none,0.2,0.0,{},"{""heads"": {""molecule_binary"": {""vpu"": {""params"": {""consistency_weight"": 0.0, ""negative_weight"": 0.0}, ""target"": ""VariationalPULoss"", ""weight"": 0.2}}}, ""reconstruction"": {""masserstein"": {""target"": ""MassersteinLoss"", ""weight"": 1.0}}}",276187349,194761695,/home/max/repositories/MSIAutoEncoderWrapper/data/kidney_workspace/models/kidney/predictive-heads-initial-20260908-01__task_000053,True,True,/home/max/repositories/MSIAutoEncoderWrapper/data/kidney_workspace/configs/entropy-runs/predictive-heads-initial-20260908-01/plan/status/task_000053.yaml,ff133cd42f7af414ee3022e7947f94bcd301e0ce338f93da55895867ef10c9a7,63d67af42e30038bef1fbb98125bd6ccad588380dabc4de668acc50167a34723,a5d7efb7a6ea62831b16487e6675ffb395f704c73922c1a120913c22964c0a08,True,True,False,predictive_initial/task_000053,vpu (VariationalPULoss),53,,solid,o,{}
predictive_initial,candidate,predictive_initial/task_000054,task_000054,grid_0010,4,completed,c37325811656,vpu (VariationalPULoss),molecule_binary,VariationalPULoss,none,0.2,0.0,{},"{""heads"": {""molecule_binary"": {""vpu"": {""params"": {""consistency_weight"": 0.0, ""negative_weight"": 0.0}, ""target"": ""VariationalPULoss"", ""weight"": 0.2}}}, ""reconstruction"": {""masserstein"": {""target"": ""MassersteinLoss"", ""weight"": 1.0}}}",1915557887,1927548799,/home/max/repositories/MSIAutoEncoderWrapper/data/kidney_workspace/models/kidney/predictive-heads-initial-20260908-01__task_000054,True,True,/home/max/repositories/MSIAutoEncoderWrapper/data/kidney_workspace/configs/entropy-runs/predictive-heads-initial-20260908-01/plan/status/task_000054.yaml,ff133cd42f7af414ee3022e7947f94bcd301e0ce338f93da55895867ef10c9a7,63d67af42e30038bef1fbb98125bd6ccad588380dabc4de668acc50167a34723,a5d7efb7a6ea62831b16487e6675ffb395f704c73922c1a120913c22964c0a08,True,True,False,predictive_initial/task_000054,vpu (VariationalPULoss),54,,solid,o,{}
predictive_initial,candidate,predictive_initial/task_000055,task_000055,grid_0011,0,completed,32e2c5ffe6e2,pu_ranking (SymmetricPURankingLoss),molecule_binary,SymmetricPURankingLoss,none,0.2,0.0,{},"{""heads"": {""molecule_binary"": {""pu_ranking"": {""params"": {""pairs_per_sample"": 32, ""temperature"": 1.0}, ""target"": ""SymmetricPURankingLoss"", ""weight"": 0.2}}}, ""reconstruction"": {""masserstein"": {""target"": ""MassersteinLoss"", ""weight"": 1.0}}}",91154199,32238397,/home/max/repositories/MSIAutoEncoderWrapper/data/kidney_workspace/models/kidney/predictive-heads-initial-20260908-01__task_000055,True,True,/home/max/repositories/MSIAutoEncoderWrapper/data/kidney_workspace/configs/entropy-runs/predictive-heads-initial-20260908-01/plan/status/task_000055.yaml,ff133cd42f7af414ee3022e7947f94bcd301e0ce338f93da55895867ef10c9a7,63d67af42e30038bef1fbb98125bd6ccad588380dabc4de668acc50167a34723,a5d7efb7a6ea62831b16487e6675ffb395f704c73922c1a120913c22964c0a08,True,True,False,predictive_initial/task_000055,pu_ranking (SymmetricPURankingLoss),55,,solid,o,{}
predictive_initial,candidate,predictive_initial/task_000056,task_000056,grid_0011,1,completed,32e2c5ffe6e2,pu_ranking (SymmetricPURankingLoss),molecule_binary,SymmetricPURankingLoss,none,0.2,0.0,{},"{""heads"": {""molecule_binary"": {""pu_ranking"": {""params"": {""pairs_per_sample"": 32, ""temperature"": 1.0}, ""target"": ""SymmetricPURankingLoss"", ""weight"": 0.2}}}, ""reconstruction"": {""masserstein"": {""target"": ""MassersteinLoss"", ""weight"": 1.0}}}",919377028,892754137,/home/max/repositories/MSIAutoEncoderWrapper/data/kidney_workspace/models/kidney/predictive-heads-initial-20260908-01__task_000056,True,True,/home/max/repositories/MSIAutoEncoderWrapper/data/kidney_workspace/configs/entropy-runs/predictive-heads-initial-20260908-01/plan/status/task_000056.yaml,ff133cd42f7af414ee3022e7947f94bcd301e0ce338f93da55895867ef10c9a7,63d67af42e30038bef1fbb98125bd6ccad588380dabc4de668acc50167a34723,a5d7efb7a6ea62831b16487e6675ffb395f704c73922c1a120913c22964c0a08,True,True,False,predictive_initial/task_000056,pu_ranking (SymmetricPURankingLoss),56,,solid,o,{}
predictive_initial,candidate,predictive_initial/task_000057,task_000057,grid_0011,2,completed,32e2c5ffe6e2,pu_ranking (SymmetricPURankingLoss),molecule_binary,SymmetricPURankingLoss,none,0.2,0.0,{},"{""heads"": {""molecule_binary"": {""pu_ranking"": {""params"": {""pairs_per_sample"": 32, ""temperature"": 1.0}, ""target"": ""SymmetricPURankingLoss"", ""weight"": 0.2}}}, ""reconstruction"": {""masserstein"": {""target"": ""MassersteinLoss"", ""weight"": 1.0}}}",2136253289,442265914,/home/max/repositories/MSIAutoEncoderWrapper/data/kidney_workspace/models/kidney/predictive-heads-initial-20260908-01__task_000057,True,True,/home/max/repositories/MSIAutoEncoderWrapper/data/kidney_workspace/configs/entropy-runs/predictive-heads-initial-20260908-01/plan/status/task_000057.yaml,ff133cd42f7af414ee3022e7947f94bcd301e0ce338f93da55895867ef10c9a7,63d67af42e30038bef1fbb98125bd6ccad588380dabc4de668acc50167a34723,a5d7efb7a6ea62831b16487e6675ffb395f704c73922c1a120913c22964c0a08,True,True,False,predictive_initial/task_000057,pu_ranking (SymmetricPURankingLoss),57,,solid,o,{}
predictive_initial,candidate,predictive_initial/task_000058,task_000058,grid_0011,3,completed,32e2c5ffe6e2,pu_ranking (SymmetricPURankingLoss),molecule_binary,SymmetricPURankingLoss,none,0.2,0.0,{},"{""heads"": {""molecule_binary"": {""pu_ranking"": {""params"": {""pairs_per_sample"": 32, ""temperature"": 1.0}, ""target"": ""SymmetricPURankingLoss"", ""weight"": 0.2}}}, ""reconstruction"": {""masserstein"": {""target"": ""MassersteinLoss"", ""weight"": 1.0}}}",276187349,194761695,/home/max/repositories/MSIAutoEncoderWrapper/data/kidney_workspace/models/kidney/predictive-heads-initial-20260908-01__task_000058,True,True,/home/max/repositories/MSIAutoEncoderWrapper/data/kidney_workspace/configs/entropy-runs/predictive-heads-initial-20260908-01/plan/status/task_000058.yaml,ff133cd42f7af414ee3022e7947f94bcd301e0ce338f93da55895867ef10c9a7,63d67af42e30038bef1fbb98125bd6ccad588380dabc4de668acc50167a34723,a5d7efb7a6ea62831b16487e6675ffb395f704c73922c1a120913c22964c0a08,True,True,False,predictive_initial/task_000058,pu_ranking (SymmetricPURankingLoss),58,,solid,o,{}
predictive_initial,candidate,predictive_initial/task_000059,task_000059,grid_0011,4,completed,32e2c5ffe6e2,pu_ranking (SymmetricPURankingLoss),molecule_binary,SymmetricPURankingLoss,none,0.2,0.0,{},"{""heads"": {""molecule_binary"": {""pu_ranking"": {""params"": {""pairs_per_sample"": 32, ""temperature"": 1.0}, ""target"": ""SymmetricPURankingLoss"", ""weight"": 0.2}}}, ""reconstruction"": {""masserstein"": {""target"": ""MassersteinLoss"", ""weight"": 1.0}}}",1915557887,1927548799,/home/max/repositories/MSIAutoEncoderWrapper/data/kidney_workspace/models/kidney/predictive-heads-initial-20260908-01__task_000059,True,True,/home/max/repositories/MSIAutoEncoderWrapper/data/kidney_workspace/configs/entropy-runs/predictive-heads-initial-20260908-01/plan/status/task_000059.yaml,ff133cd42f7af414ee3022e7947f94bcd301e0ce338f93da55895867ef10c9a7,63d67af42e30038bef1fbb98125bd6ccad588380dabc4de668acc50167a34723,a5d7efb7a6ea62831b16487e6675ffb395f704c73922c1a120913c22964c0a08,True,True,False,predictive_initial/task_000059,pu_ranking (SymmetricPURankingLoss),59,,solid,o,{}
predictive_expanded,candidate,predictive_expanded/task_000000,task_000000,grid_0000,0,completed,78d0a7bdaf1c,bce_pn_simulated_negative (BCEPNLoss),molecule_binary,BCEPNLoss,none,0.2,0.0,{},"{""heads"": {""molecule_binary"": {""bce_pn_simulated_negative"": {""params"": {}, ""target"": ""BCEPNLoss"", ""weight"": 0.2}}}, ""reconstruction"": {""masserstein"": {""target"": ""MassersteinLoss"", ""weight"": 1.0}}}",91154199,32238397,/home/max/repositories/MSIAutoEncoderWrapper/data/kidney_workspace/models/kidney/predictive-heads-expanded-20260926-01__task_000000,True,True,/home/max/repositories/MSIAutoEncoderWrapper/data/kidney_workspace/configs/entropy-runs/predictive-heads-expanded-20260926-01/plan/status/task_000000.yaml,ff133cd42f7af414ee3022e7947f94bcd301e0ce338f93da55895867ef10c9a7,63d67af42e30038bef1fbb98125bd6ccad588380dabc4de668acc50167a34723,bb88d5041361a5bd1aebe222b6460184d1d9ce850b6e70feb78117d34e06ec22,True,True,False,predictive_expanded/task_000000,bce_pn_simulated_negative (BCEPNLoss),60,,solid,o,{}
predictive_expanded,candidate,predictive_expanded/task_000001,task_000001,grid_0000,1,completed,78d0a7bdaf1c,bce_pn_simulated_negative (BCEPNLoss),molecule_binary,BCEPNLoss,none,0.2,0.0,{},"{""heads"": {""molecule_binary"": {""bce_pn_simulated_negative"": {""params"": {}, ""target"": ""BCEPNLoss"", ""weight"": 0.2}}}, ""reconstruction"": {""masserstein"": {""target"": ""MassersteinLoss"", ""weight"": 1.0}}}",919377028,892754137,/home/max/repositories/MSIAutoEncoderWrapper/data/kidney_workspace/models/kidney/predictive-heads-expanded-20260926-01__task_000001,True,True,/home/max/repositories/MSIAutoEncoderWrapper/data/kidney_workspace/configs/entropy-runs/predictive-heads-expanded-20260926-01/plan/status/task_000001.yaml,ff133cd42f7af414ee3022e7947f94bcd301e0ce338f93da55895867ef10c9a7,63d67af42e30038bef1fbb98125bd6ccad588380dabc4de668acc50167a34723,bb88d5041361a5bd1aebe222b6460184d1d9ce850b6e70feb78117d34e06ec22,True,True,False,predictive_expanded/task_000001,bce_pn_simulated_negative (BCEPNLoss),61,,solid,o,{}
predictive_expanded,candidate,predictive_expanded/task_000002,task_000002,grid_0000,2,completed,78d0a7bdaf1c,bce_pn_simulated_negative (BCEPNLoss),molecule_binary,BCEPNLoss,none,0.2,0.0,{},"{""heads"": {""molecule_binary"": {""bce_pn_simulated_negative"": {""params"": {}, ""target"": ""BCEPNLoss"", ""weight"": 0.2}}}, ""reconstruction"": {""masserstein"": {""target"": ""MassersteinLoss"", ""weight"": 1.0}}}",2136253289,442265914,/home/max/repositories/MSIAutoEncoderWrapper/data/kidney_workspace/models/kidney/predictive-heads-expanded-20260926-01__task_000002,True,True,/home/max/repositories/MSIAutoEncoderWrapper/data/kidney_workspace/configs/entropy-runs/predictive-heads-expanded-20260926-01/plan/status/task_000002.yaml,ff133cd42f7af414ee3022e7947f94bcd301e0ce338f93da55895867ef10c9a7,63d67af42e30038bef1fbb98125bd6ccad588380dabc4de668acc50167a34723,bb88d5041361a5bd1aebe222b6460184d1d9ce850b6e70feb78117d34e06ec22,True,True,False,predictive_expanded/task_000002,bce_pn_simulated_negative (BCEPNLoss),62,,solid,o,{}
predictive_expanded,candidate,predictive_expanded/task_000003,task_000003,grid_0000,3,completed,78d0a7bdaf1c,bce_pn_simulated_negative (BCEPNLoss),molecule_binary,BCEPNLoss,none,0.2,0.0,{},"{""heads"": {""molecule_binary"": {""bce_pn_simulated_negative"": {""params"": {}, ""target"": ""BCEPNLoss"", ""weight"": 0.2}}}, ""reconstruction"": {""masserstein"": {""target"": ""MassersteinLoss"", ""weight"": 1.0}}}",276187349,194761695,/home/max/repositories/MSIAutoEncoderWrapper/data/kidney_workspace/models/kidney/predictive-heads-expanded-20260926-01__task_000003,True,True,/home/max/repositories/MSIAutoEncoderWrapper/data/kidney_workspace/configs/entropy-runs/predictive-heads-expanded-20260926-01/plan/status/task_000003.yaml,ff133cd42f7af414ee3022e7947f94bcd301e0ce338f93da55895867ef10c9a7,63d67af42e30038bef1fbb98125bd6ccad588380dabc4de668acc50167a34723,bb88d5041361a5bd1aebe222b6460184d1d9ce850b6e70feb78117d34e06ec22,True,True,False,predictive_expanded/task_000003,bce_pn_simulated_negative (BCEPNLoss),63,,solid,o,{}
predictive_expanded,candidate,predictive_expanded/task_000004,task_000004,grid_0000,4,completed,78d0a7bdaf1c,bce_pn_simulated_negative (BCEPNLoss),molecule_binary,BCEPNLoss,none,0.2,0.0,{},"{""heads"": {""molecule_binary"": {""bce_pn_simulated_negative"": {""params"": {}, ""target"": ""BCEPNLoss"", ""weight"": 0.2}}}, ""reconstruction"": {""masserstein"": {""target"": ""MassersteinLoss"", ""weight"": 1.0}}}",1915557887,1927548799,/home/max/repositories/MSIAutoEncoderWrapper/data/kidney_workspace/models/kidney/predictive-heads-expanded-20260926-01__task_000004,True,True,/home/max/repositories/MSIAutoEncoderWrapper/data/kidney_workspace/configs/entropy-runs/predictive-heads-expanded-20260926-01/plan/status/task_000004.yaml,ff133cd42f7af414ee3022e7947f94bcd301e0ce338f93da55895867ef10c9a7,63d67af42e30038bef1fbb98125bd6ccad588380dabc4de668acc50167a34723,bb88d5041361a5bd1aebe222b6460184d1d9ce850b6e70feb78117d34e06ec22,True,True,False,predictive_expanded/task_000004,bce_pn_simulated_negative (BCEPNLoss),64,,solid,o,{}
predictive_expanded,candidate,predictive_expanded/task_000005,task_000005,grid_0001,0,completed,631af6417683,observed_pnu_cross_entropy (ObservedPNUSCrossEntropyLoss),molecule_pnu_observed,ObservedPNUSCrossEntropyLoss,none,0.2,0.0,{},"{""heads"": {""molecule_pnu_observed"": {""observed_pnu_cross_entropy"": {""params"": {}, ""target"": ""ObservedPNUSCrossEntropyLoss"", ""weight"": 0.2}}}, ""reconstruction"": {""masserstein"": {""target"": ""MassersteinLoss"", ""weight"": 1.0}}}",91154199,32238397,/home/max/repositories/MSIAutoEncoderWrapper/data/kidney_workspace/models/kidney/predictive-heads-expanded-20260926-01__task_000005,True,True,/home/max/repositories/MSIAutoEncoderWrapper/data/kidney_workspace/configs/entropy-runs/predictive-heads-expanded-20260926-01/plan/status/task_000005.yaml,ff133cd42f7af414ee3022e7947f94bcd301e0ce338f93da55895867ef10c9a7,63d67af42e30038bef1fbb98125bd6ccad588380dabc4de668acc50167a34723,587702e37ce0ae20ec48b39b1f2753821172c4f8c20d53b26adb16c732abd2be,True,True,False,predictive_expanded/task_000005,observed_pnu_cross_entropy (ObservedPNUSCrossEntropyLoss),65,,solid,o,{}
predictive_expanded,candidate,predictive_expanded/task_000006,task_000006,grid_0001,1,completed,631af6417683,observed_pnu_cross_entropy (ObservedPNUSCrossEntropyLoss),molecule_pnu_observed,ObservedPNUSCrossEntropyLoss,none,0.2,0.0,{},"{""heads"": {""molecule_pnu_observed"": {""observed_pnu_cross_entropy"": {""params"": {}, ""target"": ""ObservedPNUSCrossEntropyLoss"", ""weight"": 0.2}}}, ""reconstruction"": {""masserstein"": {""target"": ""MassersteinLoss"", ""weight"": 1.0}}}",919377028,892754137,/home/max/repositories/MSIAutoEncoderWrapper/data/kidney_workspace/models/kidney/predictive-heads-expanded-20260926-01__task_000006,True,True,/home/max/repositories/MSIAutoEncoderWrapper/data/kidney_workspace/configs/entropy-runs/predictive-heads-expanded-20260926-01/plan/status/task_000006.yaml,ff133cd42f7af414ee3022e7947f94bcd301e0ce338f93da55895867ef10c9a7,63d67af42e30038bef1fbb98125bd6ccad588380dabc4de668acc50167a34723,587702e37ce0ae20ec48b39b1f2753821172c4f8c20d53b26adb16c732abd2be,True,True,False,predictive_expanded/task_000006,observed_pnu_cross_entropy (ObservedPNUSCrossEntropyLoss),66,,solid,o,{}
predictive_expanded,candidate,predictive_expanded/task_000007,task_000007,grid_0001,2,completed,631af6417683,observed_pnu_cross_entropy (ObservedPNUSCrossEntropyLoss),molecule_pnu_observed,ObservedPNUSCrossEntropyLoss,none,0.2,0.0,{},"{""heads"": {""molecule_pnu_observed"": {""observed_pnu_cross_entropy"": {""params"": {}, ""target"": ""ObservedPNUSCrossEntropyLoss"", ""weight"": 0.2}}}, ""reconstruction"": {""masserstein"": {""target"": ""MassersteinLoss"", ""weight"": 1.0}}}",2136253289,442265914,/home/max/repositories/MSIAutoEncoderWrapper/data/kidney_workspace/models/kidney/predictive-heads-expanded-20260926-01__task_000007,True,True,/home/max/repositories/MSIAutoEncoderWrapper/data/kidney_workspace/configs/entropy-runs/predictive-heads-expanded-20260926-01/plan/status/task_000007.yaml,ff133cd42f7af414ee3022e7947f94bcd301e0ce338f93da55895867ef10c9a7,63d67af42e30038bef1fbb98125bd6ccad588380dabc4de668acc50167a34723,587702e37ce0ae20ec48b39b1f2753821172c4f8c20d53b26adb16c732abd2be,True,True,False,predictive_expanded/task_000007,observed_pnu_cross_entropy (ObservedPNUSCrossEntropyLoss),67,,solid,o,{}
predictive_expanded,candidate,predictive_expanded/task_000008,task_000008,grid_0001,3,completed,631af6417683,observed_pnu_cross_entropy (ObservedPNUSCrossEntropyLoss),molecule_pnu_observed,ObservedPNUSCrossEntropyLoss,none,0.2,0.0,{},"{""heads"": {""molecule_pnu_observed"": {""observed_pnu_cross_entropy"": {""params"": {}, ""target"": ""ObservedPNUSCrossEntropyLoss"", ""weight"": 0.2}}}, ""reconstruction"": {""masserstein"": {""target"": ""MassersteinLoss"", ""weight"": 1.0}}}",276187349,194761695,/home/max/repositories/MSIAutoEncoderWrapper/data/kidney_workspace/models/kidney/predictive-heads-expanded-20260926-01__task_000008,True,True,/home/max/repositories/MSIAutoEncoderWrapper/data/kidney_workspace/configs/entropy-runs/predictive-heads-expanded-20260926-01/plan/status/task_000008.yaml,ff133cd42f7af414ee3022e7947f94bcd301e0ce338f93da55895867ef10c9a7,63d67af42e30038bef1fbb98125bd6ccad588380dabc4de668acc50167a34723,587702e37ce0ae20ec48b39b1f2753821172c4f8c20d53b26adb16c732abd2be,True,True,False,predictive_expanded/task_000008,observed_pnu_cross_entropy (ObservedPNUSCrossEntropyLoss),68,,solid,o,{}
predictive_expanded,candidate,predictive_expanded/task_000009,task_000009,grid_0001,4,completed,631af6417683,observed_pnu_cross_entropy (ObservedPNUSCrossEntropyLoss),molecule_pnu_observed,ObservedPNUSCrossEntropyLoss,none,0.2,0.0,{},"{""heads"": {""molecule_pnu_observed"": {""observed_pnu_cross_entropy"": {""params"": {}, ""target"": ""ObservedPNUSCrossEntropyLoss"", ""weight"": 0.2}}}, ""reconstruction"": {""masserstein"": {""target"": ""MassersteinLoss"", ""weight"": 1.0}}}",1915557887,1927548799,/home/max/repositories/MSIAutoEncoderWrapper/data/kidney_workspace/models/kidney/predictive-heads-expanded-20260926-01__task_000009,True,True,/home/max/repositories/MSIAutoEncoderWrapper/data/kidney_workspace/configs/entropy-runs/predictive-heads-expanded-20260926-01/plan/status/task_000009.yaml,ff133cd42f7af414ee3022e7947f94bcd301e0ce338f93da55895867ef10c9a7,63d67af42e30038bef1fbb98125bd6ccad588380dabc4de668acc50167a34723,587702e37ce0ae20ec48b39b1f2753821172c4f8c20d53b26adb16c732abd2be,True,True,False,predictive_expanded/task_000009,observed_pnu_cross_entropy (ObservedPNUSCrossEntropyLoss),69,,solid,o,{}
predictive_expanded,candidate,predictive_expanded/task_000010,task_000010,grid_0002,0,completed,ce2dfc80aacc,vpu_plus_simulated_negative (VariationalPULoss),molecule_binary,VariationalPULoss,none,0.2,0.0,{},"{""heads"": {""molecule_binary"": {""vpu_plus_simulated_negative"": {""params"": {""consistency_weight"": 0.0, ""negative_weight"": 0.0, ""simulated_negative_weight"": 1.0}, ""target"": ""VariationalPULoss"", ""weight"": 0.2}}}, ""reconstruction"": {""masserstein"": {""target"": ""MassersteinLoss"", ""weight"": 1.0}}}",91154199,32238397,/home/max/repositories/MSIAutoEncoderWrapper/data/kidney_workspace/models/kidney/predictive-heads-expanded-20260926-01__task_000010,True,True,/home/max/repositories/MSIAutoEncoderWrapper/data/kidney_workspace/configs/entropy-runs/predictive-heads-expanded-20260926-01/plan/status/task_000010.yaml,ff133cd42f7af414ee3022e7947f94bcd301e0ce338f93da55895867ef10c9a7,63d67af42e30038bef1fbb98125bd6ccad588380dabc4de668acc50167a34723,587702e37ce0ae20ec48b39b1f2753821172c4f8c20d53b26adb16c732abd2be,True,True,False,predictive_expanded/task_000010,vpu_plus_simulated_negative (VariationalPULoss),70,,solid,o,{}
predictive_expanded,candidate,predictive_expanded/task_000011,task_000011,grid_0002,1,completed,ce2dfc80aacc,vpu_plus_simulated_negative (VariationalPULoss),molecule_binary,VariationalPULoss,none,0.2,0.0,{},"{""heads"": {""molecule_binary"": {""vpu_plus_simulated_negative"": {""params"": {""consistency_weight"": 0.0, ""negative_weight"": 0.0, ""simulated_negative_weight"": 1.0}, ""target"": ""VariationalPULoss"", ""weight"": 0.2}}}, ""reconstruction"": {""masserstein"": {""target"": ""MassersteinLoss"", ""weight"": 1.0}}}",919377028,892754137,/home/max/repositories/MSIAutoEncoderWrapper/data/kidney_workspace/models/kidney/predictive-heads-expanded-20260926-01__task_000011,True,True,/home/max/repositories/MSIAutoEncoderWrapper/data/kidney_workspace/configs/entropy-runs/predictive-heads-expanded-20260926-01/plan/status/task_000011.yaml,ff133cd42f7af414ee3022e7947f94bcd301e0ce338f93da55895867ef10c9a7,63d67af42e30038bef1fbb98125bd6ccad588380dabc4de668acc50167a34723,587702e37ce0ae20ec48b39b1f2753821172c4f8c20d53b26adb16c732abd2be,True,True,False,predictive_expanded/task_000011,vpu_plus_simulated_negative (VariationalPULoss),71,,solid,o,{}
predictive_expanded,candidate,predictive_expanded/task_000012,task_000012,grid_0002,2,completed,ce2dfc80aacc,vpu_plus_simulated_negative (VariationalPULoss),molecule_binary,VariationalPULoss,none,0.2,0.0,{},"{""heads"": {""molecule_binary"": {""vpu_plus_simulated_negative"": {""params"": {""consistency_weight"": 0.0, ""negative_weight"": 0.0, ""simulated_negative_weight"": 1.0}, ""target"": ""VariationalPULoss"", ""weight"": 0.2}}}, ""reconstruction"": {""masserstein"": {""target"": ""MassersteinLoss"", ""weight"": 1.0}}}",2136253289,442265914,/home/max/repositories/MSIAutoEncoderWrapper/data/kidney_workspace/models/kidney/predictive-heads-expanded-20260926-01__task_000012,True,True,/home/max/repositories/MSIAutoEncoderWrapper/data/kidney_workspace/configs/entropy-runs/predictive-heads-expanded-20260926-01/plan/status/task_000012.yaml,ff133cd42f7af414ee3022e7947f94bcd301e0ce338f93da55895867ef10c9a7,63d67af42e30038bef1fbb98125bd6ccad588380dabc4de668acc50167a34723,587702e37ce0ae20ec48b39b1f2753821172c4f8c20d53b26adb16c732abd2be,True,True,False,predictive_expanded/task_000012,vpu_plus_simulated_negative (VariationalPULoss),72,,solid,o,{}
predictive_expanded,candidate,predictive_expanded/task_000013,task_000013,grid_0002,3,completed,ce2dfc80aacc,vpu_plus_simulated_negative (VariationalPULoss),molecule_binary,VariationalPULoss,none,0.2,0.0,{},"{""heads"": {""molecule_binary"": {""vpu_plus_simulated_negative"": {""params"": {""consistency_weight"": 0.0, ""negative_weight"": 0.0, ""simulated_negative_weight"": 1.0}, ""target"": ""VariationalPULoss"", ""weight"": 0.2}}}, ""reconstruction"": {""masserstein"": {""target"": ""MassersteinLoss"", ""weight"": 1.0}}}",276187349,194761695,/home/max/repositories/MSIAutoEncoderWrapper/data/kidney_workspace/models/kidney/predictive-heads-expanded-20260926-01__task_000013,True,True,/home/max/repositories/MSIAutoEncoderWrapper/data/kidney_workspace/configs/entropy-runs/predictive-heads-expanded-20260926-01/plan/status/task_000013.yaml,ff133cd42f7af414ee3022e7947f94bcd301e0ce338f93da55895867ef10c9a7,63d67af42e30038bef1fbb98125bd6ccad588380dabc4de668acc50167a34723,587702e37ce0ae20ec48b39b1f2753821172c4f8c20d53b26adb16c732abd2be,True,True,False,predictive_expanded/task_000013,vpu_plus_simulated_negative (VariationalPULoss),73,,solid,o,{}
predictive_expanded,candidate,predictive_expanded/task_000014,task_000014,grid_0002,4,completed,ce2dfc80aacc,vpu_plus_simulated_negative (VariationalPULoss),molecule_binary,VariationalPULoss,none,0.2,0.0,{},"{""heads"": {""molecule_binary"": {""vpu_plus_simulated_negative"": {""params"": {""consistency_weight"": 0.0, ""negative_weight"": 0.0, ""simulated_negative_weight"": 1.0}, ""target"": ""VariationalPULoss"", ""weight"": 0.2}}}, ""reconstruction"": {""masserstein"": {""target"": ""MassersteinLoss"", ""weight"": 1.0}}}",1915557887,1927548799,/home/max/repositories/MSIAutoEncoderWrapper/data/kidney_workspace/models/kidney/predictive-heads-expanded-20260926-01__task_000014,True,True,/home/max/repositories/MSIAutoEncoderWrapper/data/kidney_workspace/configs/entropy-runs/predictive-heads-expanded-20260926-01/plan/status/task_000014.yaml,ff133cd42f7af414ee3022e7947f94bcd301e0ce338f93da55895867ef10c9a7,63d67af42e30038bef1fbb98125bd6ccad588380dabc4de668acc50167a34723,587702e37ce0ae20ec48b39b1f2753821172c4f8c20d53b26adb16c732abd2be,True,True,False,predictive_expanded/task_000014,vpu_plus_simulated_negative (VariationalPULoss),74,,solid,o,{}
predictive_expanded,candidate,predictive_expanded/task_000015,task_000015,grid_0003,0,completed,79689bc32fed,taylor_vpu (TaylorVariationalPULoss),molecule_binary,TaylorVariationalPULoss,none,0.2,0.0,{},"{""heads"": {""molecule_binary"": {""taylor_vpu"": {""params"": {""consistency_weight"": 1.0, ""order"": 2, ""simulated_negative_weight"": 0.0, ""teacher_momentum"": 0.999}, ""target"": ""TaylorVariationalPULoss"", ""weight"": 0.2}}}, ""reconstruction"": {""masserstein"": {""target"": ""MassersteinLoss"", ""weight"": 1.0}}}",91154199,32238397,/home/max/repositories/MSIAutoEncoderWrapper/data/kidney_workspace/models/kidney/predictive-heads-expanded-20260926-01__task_000015,True,True,/home/max/repositories/MSIAutoEncoderWrapper/data/kidney_workspace/configs/entropy-runs/predictive-heads-expanded-20260926-01/plan/status/task_000015.yaml,ff133cd42f7af414ee3022e7947f94bcd301e0ce338f93da55895867ef10c9a7,63d67af42e30038bef1fbb98125bd6ccad588380dabc4de668acc50167a34723,70728989ce4851f42622b63e1e2971f6f9a916468c62ca6367cafded07f1e456,True,True,False,predictive_expanded/task_000015,taylor_vpu (TaylorVariationalPULoss),75,,solid,o,{}
predictive_expanded,candidate,predictive_expanded/task_000016,task_000016,grid_0003,1,completed,79689bc32fed,taylor_vpu (TaylorVariationalPULoss),molecule_binary,TaylorVariationalPULoss,none,0.2,0.0,{},"{""heads"": {""molecule_binary"": {""taylor_vpu"": {""params"": {""consistency_weight"": 1.0, ""order"": 2, ""simulated_negative_weight"": 0.0, ""teacher_momentum"": 0.999}, ""target"": ""TaylorVariationalPULoss"", ""weight"": 0.2}}}, ""reconstruction"": {""masserstein"": {""target"": ""MassersteinLoss"", ""weight"": 1.0}}}",919377028,892754137,/home/max/repositories/MSIAutoEncoderWrapper/data/kidney_workspace/models/kidney/predictive-heads-expanded-20260926-01__task_000016,True,True,/home/max/repositories/MSIAutoEncoderWrapper/data/kidney_workspace/configs/entropy-runs/predictive-heads-expanded-20260926-01/plan/status/task_000016.yaml,ff133cd42f7af414ee3022e7947f94bcd301e0ce338f93da55895867ef10c9a7,63d67af42e30038bef1fbb98125bd6ccad588380dabc4de668acc50167a34723,70728989ce4851f42622b63e1e2971f6f9a916468c62ca6367cafded07f1e456,True,True,False,predictive_expanded/task_000016,taylor_vpu (TaylorVariationalPULoss),76,,solid,o,{}
predictive_expanded,candidate,predictive_expanded/task_000017,task_000017,grid_0003,2,completed,79689bc32fed,taylor_vpu (TaylorVariationalPULoss),molecule_binary,TaylorVariationalPULoss,none,0.2,0.0,{},"{""heads"": {""molecule_binary"": {""taylor_vpu"": {""params"": {""consistency_weight"": 1.0, ""order"": 2, ""simulated_negative_weight"": 0.0, ""teacher_momentum"": 0.999}, ""target"": ""TaylorVariationalPULoss"", ""weight"": 0.2}}}, ""reconstruction"": {""masserstein"": {""target"": ""MassersteinLoss"", ""weight"": 1.0}}}",2136253289,442265914,/home/max/repositories/MSIAutoEncoderWrapper/data/kidney_workspace/models/kidney/predictive-heads-expanded-20260926-01__task_000017,True,True,/home/max/repositories/MSIAutoEncoderWrapper/data/kidney_workspace/configs/entropy-runs/predictive-heads-expanded-20260926-01/plan/status/task_000017.yaml,ff133cd42f7af414ee3022e7947f94bcd301e0ce338f93da55895867ef10c9a7,63d67af42e30038bef1fbb98125bd6ccad588380dabc4de668acc50167a34723,70728989ce4851f42622b63e1e2971f6f9a916468c62ca6367cafded07f1e456,True,True,False,predictive_expanded/task_000017,taylor_vpu (TaylorVariationalPULoss),77,,solid,o,{}
predictive_expanded,candidate,predictive_expanded/task_000018,task_000018,grid_0003,3,completed,79689bc32fed,taylor_vpu (TaylorVariationalPULoss),molecule_binary,TaylorVariationalPULoss,none,0.2,0.0,{},"{""heads"": {""molecule_binary"": {""taylor_vpu"": {""params"": {""consistency_weight"": 1.0, ""order"": 2, ""simulated_negative_weight"": 0.0, ""teacher_momentum"": 0.999}, ""target"": ""TaylorVariationalPULoss"", ""weight"": 0.2}}}, ""reconstruction"": {""masserstein"": {""target"": ""MassersteinLoss"", ""weight"": 1.0}}}",276187349,194761695,/home/max/repositories/MSIAutoEncoderWrapper/data/kidney_workspace/models/kidney/predictive-heads-expanded-20260926-01__task_000018,True,True,/home/max/repositories/MSIAutoEncoderWrapper/data/kidney_workspace/configs/entropy-runs/predictive-heads-expanded-20260926-01/plan/status/task_000018.yaml,ff133cd42f7af414ee3022e7947f94bcd301e0ce338f93da55895867ef10c9a7,63d67af42e30038bef1fbb98125bd6ccad588380dabc4de668acc50167a34723,70728989ce4851f42622b63e1e2971f6f9a916468c62ca6367cafded07f1e456,True,True,False,predictive_expanded/task_000018,taylor_vpu (TaylorVariationalPULoss),78,,solid,o,{}
predictive_expanded,candidate,predictive_expanded/task_000019,task_000019,grid_0003,4,completed,79689bc32fed,taylor_vpu (TaylorVariationalPULoss),molecule_binary,TaylorVariationalPULoss,none,0.2,0.0,{},"{""heads"": {""molecule_binary"": {""taylor_vpu"": {""params"": {""consistency_weight"": 1.0, ""order"": 2, ""simulated_negative_weight"": 0.0, ""teacher_momentum"": 0.999}, ""target"": ""TaylorVariationalPULoss"", ""weight"": 0.2}}}, ""reconstruction"": {""masserstein"": {""target"": ""MassersteinLoss"", ""weight"": 1.0}}}",1915557887,1927548799,/home/max/repositories/MSIAutoEncoderWrapper/data/kidney_workspace/models/kidney/predictive-heads-expanded-20260926-01__task_000019,True,True,/home/max/repositories/MSIAutoEncoderWrapper/data/kidney_workspace/configs/entropy-runs/predictive-heads-expanded-20260926-01/plan/status/task_000019.yaml,ff133cd42f7af414ee3022e7947f94bcd301e0ce338f93da55895867ef10c9a7,63d67af42e30038bef1fbb98125bd6ccad588380dabc4de668acc50167a34723,70728989ce4851f42622b63e1e2971f6f9a916468c62ca6367cafded07f1e456,True,True,False,predictive_expanded/task_000019,taylor_vpu (TaylorVariationalPULoss),79,,solid,o,{}
predictive_expanded,candidate,predictive_expanded/task_000020,task_000020,grid_0004,0,completed,bd723dddf3ad,taylor_vpu_plus_simulated_negative (TaylorVariationalPULoss),molecule_binary,TaylorVariationalPULoss,none,0.2,0.0,{},"{""heads"": {""molecule_binary"": {""taylor_vpu_plus_simulated_negative"": {""params"": {""consistency_weight"": 1.0, ""order"": 2, ""simulated_negative_weight"": 1.0, ""teacher_momentum"": 0.999}, ""target"": ""TaylorVariationalPULoss"", ""weight"": 0.2}}}, ""reconstruction"": {""masserstein"": {""target"": ""MassersteinLoss"", ""weight"": 1.0}}}",91154199,32238397,/home/max/repositories/MSIAutoEncoderWrapper/data/kidney_workspace/models/kidney/predictive-heads-expanded-20260926-01__task_000020,True,True,/home/max/repositories/MSIAutoEncoderWrapper/data/kidney_workspace/configs/entropy-runs/predictive-heads-expanded-20260926-01/plan/status/task_000020.yaml,ff133cd42f7af414ee3022e7947f94bcd301e0ce338f93da55895867ef10c9a7,63d67af42e30038bef1fbb98125bd6ccad588380dabc4de668acc50167a34723,587702e37ce0ae20ec48b39b1f2753821172c4f8c20d53b26adb16c732abd2be,True,True,False,predictive_expanded/task_000020,taylor_vpu_plus_simulated_negative (TaylorVariationalPULoss),80,,solid,o,{}
predictive_expanded,candidate,predictive_expanded/task_000021,task_000021,grid_0004,1,completed,bd723dddf3ad,taylor_vpu_plus_simulated_negative (TaylorVariationalPULoss),molecule_binary,TaylorVariationalPULoss,none,0.2,0.0,{},"{""heads"": {""molecule_binary"": {""taylor_vpu_plus_simulated_negative"": {""params"": {""consistency_weight"": 1.0, ""order"": 2, ""simulated_negative_weight"": 1.0, ""teacher_momentum"": 0.999}, ""target"": ""TaylorVariationalPULoss"", ""weight"": 0.2}}}, ""reconstruction"": {""masserstein"": {""target"": ""MassersteinLoss"", ""weight"": 1.0}}}",919377028,892754137,/home/max/repositories/MSIAutoEncoderWrapper/data/kidney_workspace/models/kidney/predictive-heads-expanded-20260926-01__task_000021,True,True,/home/max/repositories/MSIAutoEncoderWrapper/data/kidney_workspace/configs/entropy-runs/predictive-heads-expanded-20260926-01/plan/status/task_000021.yaml,ff133cd42f7af414ee3022e7947f94bcd301e0ce338f93da55895867ef10c9a7,63d67af42e30038bef1fbb98125bd6ccad588380dabc4de668acc50167a34723,587702e37ce0ae20ec48b39b1f2753821172c4f8c20d53b26adb16c732abd2be,True,True,False,predictive_expanded/task_000021,taylor_vpu_plus_simulated_negative (TaylorVariationalPULoss),81,,solid,o,{}
predictive_expanded,candidate,predictive_expanded/task_000022,task_000022,grid_0004,2,completed,bd723dddf3ad,taylor_vpu_plus_simulated_negative (TaylorVariationalPULoss),molecule_binary,TaylorVariationalPULoss,none,0.2,0.0,{},"{""heads"": {""molecule_binary"": {""taylor_vpu_plus_simulated_negative"": {""params"": {""consistency_weight"": 1.0, ""order"": 2, ""simulated_negative_weight"": 1.0, ""teacher_momentum"": 0.999}, ""target"": ""TaylorVariationalPULoss"", ""weight"": 0.2}}}, ""reconstruction"": {""masserstein"": {""target"": ""MassersteinLoss"", ""weight"": 1.0}}}",2136253289,442265914,/home/max/repositories/MSIAutoEncoderWrapper/data/kidney_workspace/models/kidney/predictive-heads-expanded-20260926-01__task_000022,True,True,/home/max/repositories/MSIAutoEncoderWrapper/data/kidney_workspace/configs/entropy-runs/predictive-heads-expanded-20260926-01/plan/status/task_000022.yaml,ff133cd42f7af414ee3022e7947f94bcd301e0ce338f93da55895867ef10c9a7,63d67af42e30038bef1fbb98125bd6ccad588380dabc4de668acc50167a34723,587702e37ce0ae20ec48b39b1f2753821172c4f8c20d53b26adb16c732abd2be,True,True,False,predictive_expanded/task_000022,taylor_vpu_plus_simulated_negative (TaylorVariationalPULoss),82,,solid,o,{}
predictive_expanded,candidate,predictive_expanded/task_000023,task_000023,grid_0004,3,completed,bd723dddf3ad,taylor_vpu_plus_simulated_negative (TaylorVariationalPULoss),molecule_binary,TaylorVariationalPULoss,none,0.2,0.0,{},"{""heads"": {""molecule_binary"": {""taylor_vpu_plus_simulated_negative"": {""params"": {""consistency_weight"": 1.0, ""order"": 2, ""simulated_negative_weight"": 1.0, ""teacher_momentum"": 0.999}, ""target"": ""TaylorVariationalPULoss"", ""weight"": 0.2}}}, ""reconstruction"": {""masserstein"": {""target"": ""MassersteinLoss"", ""weight"": 1.0}}}",276187349,194761695,/home/max/repositories/MSIAutoEncoderWrapper/data/kidney_workspace/models/kidney/predictive-heads-expanded-20260926-01__task_000023,True,True,/home/max/repositories/MSIAutoEncoderWrapper/data/kidney_workspace/configs/entropy-runs/predictive-heads-expanded-20260926-01/plan/status/task_000023.yaml,ff133cd42f7af414ee3022e7947f94bcd301e0ce338f93da55895867ef10c9a7,63d67af42e30038bef1fbb98125bd6ccad588380dabc4de668acc50167a34723,587702e37ce0ae20ec48b39b1f2753821172c4f8c20d53b26adb16c732abd2be,True,True,False,predictive_expanded/task_000023,taylor_vpu_plus_simulated_negative (TaylorVariationalPULoss),83,,solid,o,{}
predictive_expanded,candidate,predictive_expanded/task_000024,task_000024,grid_0004,4,completed,bd723dddf3ad,taylor_vpu_plus_simulated_negative (TaylorVariationalPULoss),molecule_binary,TaylorVariationalPULoss,none,0.2,0.0,{},"{""heads"": {""molecule_binary"": {""taylor_vpu_plus_simulated_negative"": {""params"": {""consistency_weight"": 1.0, ""order"": 2, ""simulated_negative_weight"": 1.0, ""teacher_momentum"": 0.999}, ""target"": ""TaylorVariationalPULoss"", ""weight"": 0.2}}}, ""reconstruction"": {""masserstein"": {""target"": ""MassersteinLoss"", ""weight"": 1.0}}}",1915557887,1927548799,/home/max/repositories/MSIAutoEncoderWrapper/data/kidney_workspace/models/kidney/predictive-heads-expanded-20260926-01__task_000024,True,True,/home/max/repositories/MSIAutoEncoderWrapper/data/kidney_workspace/configs/entropy-runs/predictive-heads-expanded-20260926-01/plan/status/task_000024.yaml,ff133cd42f7af414ee3022e7947f94bcd301e0ce338f93da55895867ef10c9a7,63d67af42e30038bef1fbb98125bd6ccad588380dabc4de668acc50167a34723,587702e37ce0ae20ec48b39b1f2753821172c4f8c20d53b26adb16c732abd2be,True,True,False,predictive_expanded/task_000024,taylor_vpu_plus_simulated_negative (TaylorVariationalPULoss),84,,solid,o,{}
predictive_expanded,candidate,predictive_expanded/task_000025,task_000025,grid_0005,0,completed,875fc985eda9,selective_pn (SelectivePNLoss),molecule_selective,SelectivePNLoss,none,0.2,0.0,{},"{""heads"": {""molecule_selective"": {""selective_pn"": {""params"": {""coverage_weight"": 32.0, ""selective_weight"": 0.5, ""target_coverage"": 0.8}, ""target"": ""SelectivePNLoss"", ""weight"": 0.2}}}, ""reconstruction"": {""masserstein"": {""target"": ""MassersteinLoss"", ""weight"": 1.0}}}",91154199,32238397,/home/max/repositories/MSIAutoEncoderWrapper/data/kidney_workspace/models/kidney/predictive-heads-expanded-20260926-01__task_000025,True,True,/home/max/repositories/MSIAutoEncoderWrapper/data/kidney_workspace/configs/entropy-runs/predictive-heads-expanded-20260926-01/plan/status/task_000025.yaml,ff133cd42f7af414ee3022e7947f94bcd301e0ce338f93da55895867ef10c9a7,63d67af42e30038bef1fbb98125bd6ccad588380dabc4de668acc50167a34723,bb88d5041361a5bd1aebe222b6460184d1d9ce850b6e70feb78117d34e06ec22,True,True,False,predictive_expanded/task_000025,selective_pn (SelectivePNLoss),85,,solid,o,{}
predictive_expanded,candidate,predictive_expanded/task_000026,task_000026,grid_0005,1,completed,875fc985eda9,selective_pn (SelectivePNLoss),molecule_selective,SelectivePNLoss,none,0.2,0.0,{},"{""heads"": {""molecule_selective"": {""selective_pn"": {""params"": {""coverage_weight"": 32.0, ""selective_weight"": 0.5, ""target_coverage"": 0.8}, ""target"": ""SelectivePNLoss"", ""weight"": 0.2}}}, ""reconstruction"": {""masserstein"": {""target"": ""MassersteinLoss"", ""weight"": 1.0}}}",919377028,892754137,/home/max/repositories/MSIAutoEncoderWrapper/data/kidney_workspace/models/kidney/predictive-heads-expanded-20260926-01__task_000026,True,True,/home/max/repositories/MSIAutoEncoderWrapper/data/kidney_workspace/configs/entropy-runs/predictive-heads-expanded-20260926-01/plan/status/task_000026.yaml,ff133cd42f7af414ee3022e7947f94bcd301e0ce338f93da55895867ef10c9a7,63d67af42e30038bef1fbb98125bd6ccad588380dabc4de668acc50167a34723,bb88d5041361a5bd1aebe222b6460184d1d9ce850b6e70feb78117d34e06ec22,True,True,False,predictive_expanded/task_000026,selective_pn (SelectivePNLoss),86,,solid,o,{}
predictive_expanded,candidate,predictive_expanded/task_000027,task_000027,grid_0005,2,completed,875fc985eda9,selective_pn (SelectivePNLoss),molecule_selective,SelectivePNLoss,none,0.2,0.0,{},"{""heads"": {""molecule_selective"": {""selective_pn"": {""params"": {""coverage_weight"": 32.0, ""selective_weight"": 0.5, ""target_coverage"": 0.8}, ""target"": ""SelectivePNLoss"", ""weight"": 0.2}}}, ""reconstruction"": {""masserstein"": {""target"": ""MassersteinLoss"", ""weight"": 1.0}}}",2136253289,442265914,/home/max/repositories/MSIAutoEncoderWrapper/data/kidney_workspace/models/kidney/predictive-heads-expanded-20260926-01__task_000027,True,True,/home/max/repositories/MSIAutoEncoderWrapper/data/kidney_workspace/configs/entropy-runs/predictive-heads-expanded-20260926-01/plan/status/task_000027.yaml,ff133cd42f7af414ee3022e7947f94bcd301e0ce338f93da55895867ef10c9a7,63d67af42e30038bef1fbb98125bd6ccad588380dabc4de668acc50167a34723,bb88d5041361a5bd1aebe222b6460184d1d9ce850b6e70feb78117d34e06ec22,True,True,False,predictive_expanded/task_000027,selective_pn (SelectivePNLoss),87,,solid,o,{}
predictive_expanded,candidate,predictive_expanded/task_000028,task_000028,grid_0005,3,completed,875fc985eda9,selective_pn (SelectivePNLoss),molecule_selective,SelectivePNLoss,none,0.2,0.0,{},"{""heads"": {""molecule_selective"": {""selective_pn"": {""params"": {""coverage_weight"": 32.0, ""selective_weight"": 0.5, ""target_coverage"": 0.8}, ""target"": ""SelectivePNLoss"", ""weight"": 0.2}}}, ""reconstruction"": {""masserstein"": {""target"": ""MassersteinLoss"", ""weight"": 1.0}}}",276187349,194761695,/home/max/repositories/MSIAutoEncoderWrapper/data/kidney_workspace/models/kidney/predictive-heads-expanded-20260926-01__task_000028,True,True,/home/max/repositories/MSIAutoEncoderWrapper/data/kidney_workspace/configs/entropy-runs/predictive-heads-expanded-20260926-01/plan/status/task_000028.yaml,ff133cd42f7af414ee3022e7947f94bcd301e0ce338f93da55895867ef10c9a7,63d67af42e30038bef1fbb98125bd6ccad588380dabc4de668acc50167a34723,bb88d5041361a5bd1aebe222b6460184d1d9ce850b6e70feb78117d34e06ec22,True,True,False,predictive_expanded/task_000028,selective_pn (SelectivePNLoss),88,,solid,o,{}
predictive_expanded,candidate,predictive_expanded/task_000029,task_000029,grid_0005,4,completed,875fc985eda9,selective_pn (SelectivePNLoss),molecule_selective,SelectivePNLoss,none,0.2,0.0,{},"{""heads"": {""molecule_selective"": {""selective_pn"": {""params"": {""coverage_weight"": 32.0, ""selective_weight"": 0.5, ""target_coverage"": 0.8}, ""target"": ""SelectivePNLoss"", ""weight"": 0.2}}}, ""reconstruction"": {""masserstein"": {""target"": ""MassersteinLoss"", ""weight"": 1.0}}}",1915557887,1927548799,/home/max/repositories/MSIAutoEncoderWrapper/data/kidney_workspace/models/kidney/predictive-heads-expanded-20260926-01__task_000029,True,True,/home/max/repositories/MSIAutoEncoderWrapper/data/kidney_workspace/configs/entropy-runs/predictive-heads-expanded-20260926-01/plan/status/task_000029.yaml,ff133cd42f7af414ee3022e7947f94bcd301e0ce338f93da55895867ef10c9a7,63d67af42e30038bef1fbb98125bd6ccad588380dabc4de668acc50167a34723,bb88d5041361a5bd1aebe222b6460184d1d9ce850b6e70feb78117d34e06ec22,True,True,False,predictive_expanded/task_000029,selective_pn (SelectivePNLoss),89,,solid,o,{}
predictive_expanded,candidate,predictive_expanded/task_000030,task_000030,grid_0006,0,completed,82dbb93ebf10,deep_gambler_pn (DeepGamblerPNLoss),molecule_gambler,DeepGamblerPNLoss,none,0.2,0.0,{},"{""heads"": {""molecule_gambler"": {""deep_gambler_pn"": {""params"": {""reward"": 1.5}, ""target"": ""DeepGamblerPNLoss"", ""weight"": 0.2}}}, ""reconstruction"": {""masserstein"": {""target"": ""MassersteinLoss"", ""weight"": 1.0}}}",91154199,32238397,/home/max/repositories/MSIAutoEncoderWrapper/data/kidney_workspace/models/kidney/predictive-heads-expanded-20260926-01__task_000030,True,True,/home/max/repositories/MSIAutoEncoderWrapper/data/kidney_workspace/configs/entropy-runs/predictive-heads-expanded-20260926-01/plan/status/task_000030.yaml,ff133cd42f7af414ee3022e7947f94bcd301e0ce338f93da55895867ef10c9a7,63d67af42e30038bef1fbb98125bd6ccad588380dabc4de668acc50167a34723,bb88d5041361a5bd1aebe222b6460184d1d9ce850b6e70feb78117d34e06ec22,True,True,False,predictive_expanded/task_000030,deep_gambler_pn (DeepGamblerPNLoss),90,,solid,o,{}
predictive_expanded,candidate,predictive_expanded/task_000031,task_000031,grid_0006,1,completed,82dbb93ebf10,deep_gambler_pn (DeepGamblerPNLoss),molecule_gambler,DeepGamblerPNLoss,none,0.2,0.0,{},"{""heads"": {""molecule_gambler"": {""deep_gambler_pn"": {""params"": {""reward"": 1.5}, ""target"": ""DeepGamblerPNLoss"", ""weight"": 0.2}}}, ""reconstruction"": {""masserstein"": {""target"": ""MassersteinLoss"", ""weight"": 1.0}}}",919377028,892754137,/home/max/repositories/MSIAutoEncoderWrapper/data/kidney_workspace/models/kidney/predictive-heads-expanded-20260926-01__task_000031,True,True,/home/max/repositories/MSIAutoEncoderWrapper/data/kidney_workspace/configs/entropy-runs/predictive-heads-expanded-20260926-01/plan/status/task_000031.yaml,ff133cd42f7af414ee3022e7947f94bcd301e0ce338f93da55895867ef10c9a7,63d67af42e30038bef1fbb98125bd6ccad588380dabc4de668acc50167a34723,bb88d5041361a5bd1aebe222b6460184d1d9ce850b6e70feb78117d34e06ec22,True,True,False,predictive_expanded/task_000031,deep_gambler_pn (DeepGamblerPNLoss),91,,solid,o,{}
predictive_expanded,candidate,predictive_expanded/task_000032,task_000032,grid_0006,2,completed,82dbb93ebf10,deep_gambler_pn (DeepGamblerPNLoss),molecule_gambler,DeepGamblerPNLoss,none,0.2,0.0,{},"{""heads"": {""molecule_gambler"": {""deep_gambler_pn"": {""params"": {""reward"": 1.5}, ""target"": ""DeepGamblerPNLoss"", ""weight"": 0.2}}}, ""reconstruction"": {""masserstein"": {""target"": ""MassersteinLoss"", ""weight"": 1.0}}}",2136253289,442265914,/home/max/repositories/MSIAutoEncoderWrapper/data/kidney_workspace/models/kidney/predictive-heads-expanded-20260926-01__task_000032,True,True,/home/max/repositories/MSIAutoEncoderWrapper/data/kidney_workspace/configs/entropy-runs/predictive-heads-expanded-20260926-01/plan/status/task_000032.yaml,ff133cd42f7af414ee3022e7947f94bcd301e0ce338f93da55895867ef10c9a7,63d67af42e30038bef1fbb98125bd6ccad588380dabc4de668acc50167a34723,bb88d5041361a5bd1aebe222b6460184d1d9ce850b6e70feb78117d34e06ec22,True,True,False,predictive_expanded/task_000032,deep_gambler_pn (DeepGamblerPNLoss),92,,solid,o,{}
predictive_expanded,candidate,predictive_expanded/task_000033,task_000033,grid_0006,3,completed,82dbb93ebf10,deep_gambler_pn (DeepGamblerPNLoss),molecule_gambler,DeepGamblerPNLoss,none,0.2,0.0,{},"{""heads"": {""molecule_gambler"": {""deep_gambler_pn"": {""params"": {""reward"": 1.5}, ""target"": ""DeepGamblerPNLoss"", ""weight"": 0.2}}}, ""reconstruction"": {""masserstein"": {""target"": ""MassersteinLoss"", ""weight"": 1.0}}}",276187349,194761695,/home/max/repositories/MSIAutoEncoderWrapper/data/kidney_workspace/models/kidney/predictive-heads-expanded-20260926-01__task_000033,True,True,/home/max/repositories/MSIAutoEncoderWrapper/data/kidney_workspace/configs/entropy-runs/predictive-heads-expanded-20260926-01/plan/status/task_000033.yaml,ff133cd42f7af414ee3022e7947f94bcd301e0ce338f93da55895867ef10c9a7,63d67af42e30038bef1fbb98125bd6ccad588380dabc4de668acc50167a34723,bb88d5041361a5bd1aebe222b6460184d1d9ce850b6e70feb78117d34e06ec22,True,True,False,predictive_expanded/task_000033,deep_gambler_pn (DeepGamblerPNLoss),93,,solid,o,{}
predictive_expanded,candidate,predictive_expanded/task_000034,task_000034,grid_0006,4,completed,82dbb93ebf10,deep_gambler_pn (DeepGamblerPNLoss),molecule_gambler,DeepGamblerPNLoss,none,0.2,0.0,{},"{""heads"": {""molecule_gambler"": {""deep_gambler_pn"": {""params"": {""reward"": 1.5}, ""target"": ""DeepGamblerPNLoss"", ""weight"": 0.2}}}, ""reconstruction"": {""masserstein"": {""target"": ""MassersteinLoss"", ""weight"": 1.0}}}",1915557887,1927548799,/home/max/repositories/MSIAutoEncoderWrapper/data/kidney_workspace/models/kidney/predictive-heads-expanded-20260926-01__task_000034,True,True,/home/max/repositories/MSIAutoEncoderWrapper/data/kidney_workspace/configs/entropy-runs/predictive-heads-expanded-20260926-01/plan/status/task_000034.yaml,ff133cd42f7af414ee3022e7947f94bcd301e0ce338f93da55895867ef10c9a7,63d67af42e30038bef1fbb98125bd6ccad588380dabc4de668acc50167a34723,bb88d5041361a5bd1aebe222b6460184d1d9ce850b6e70feb78117d34e06ec22,True,True,False,predictive_expanded/task_000034,deep_gambler_pn (DeepGamblerPNLoss),94,,solid,o,{}
predictive_expanded,candidate,predictive_expanded/task_000035,task_000035,grid_0007,0,completed,4fe62d64c2ac,selective_taylor_vpu_plus_simulated_negative (SelectiveTaylorVariationalPULoss),molecule_selective,SelectiveTaylorVariationalPULoss,none,0.2,0.0,{},"{""heads"": {""molecule_selective"": {""selective_taylor_vpu_plus_simulated_negative"": {""params"": {""coverage_weight"": 32.0, ""order"": 2, ""reject_weight"": 1.0, ""selective_weight"": 0.5, ""simulated_negative_weight"": 1.0, ""target_coverage"": 0.8}, ""target"": ""SelectiveTaylorVariationalPULoss"", ""weight"": 0.2}}}, ""reconstruction"": {""masserstein"": {""target"": ""MassersteinLoss"", ""weight"": 1.0}}}",91154199,32238397,/home/max/repositories/MSIAutoEncoderWrapper/data/kidney_workspace/models/kidney/predictive-heads-expanded-20260926-01__task_000035,True,True,/home/max/repositories/MSIAutoEncoderWrapper/data/kidney_workspace/configs/entropy-runs/predictive-heads-expanded-20260926-01/plan/status/task_000035.yaml,ff133cd42f7af414ee3022e7947f94bcd301e0ce338f93da55895867ef10c9a7,63d67af42e30038bef1fbb98125bd6ccad588380dabc4de668acc50167a34723,587702e37ce0ae20ec48b39b1f2753821172c4f8c20d53b26adb16c732abd2be,True,True,False,predictive_expanded/task_000035,selective_taylor_vpu_plus_simulated_negative (SelectiveTaylorVariationalPULoss),95,,solid,o,{}
predictive_expanded,candidate,predictive_expanded/task_000036,task_000036,grid_0007,1,completed,4fe62d64c2ac,selective_taylor_vpu_plus_simulated_negative (SelectiveTaylorVariationalPULoss),molecule_selective,SelectiveTaylorVariationalPULoss,none,0.2,0.0,{},"{""heads"": {""molecule_selective"": {""selective_taylor_vpu_plus_simulated_negative"": {""params"": {""coverage_weight"": 32.0, ""order"": 2, ""reject_weight"": 1.0, ""selective_weight"": 0.5, ""simulated_negative_weight"": 1.0, ""target_coverage"": 0.8}, ""target"": ""SelectiveTaylorVariationalPULoss"", ""weight"": 0.2}}}, ""reconstruction"": {""masserstein"": {""target"": ""MassersteinLoss"", ""weight"": 1.0}}}",919377028,892754137,/home/max/repositories/MSIAutoEncoderWrapper/data/kidney_workspace/models/kidney/predictive-heads-expanded-20260926-01__task_000036,True,True,/home/max/repositories/MSIAutoEncoderWrapper/data/kidney_workspace/configs/entropy-runs/predictive-heads-expanded-20260926-01/plan/status/task_000036.yaml,ff133cd42f7af414ee3022e7947f94bcd301e0ce338f93da55895867ef10c9a7,63d67af42e30038bef1fbb98125bd6ccad588380dabc4de668acc50167a34723,587702e37ce0ae20ec48b39b1f2753821172c4f8c20d53b26adb16c732abd2be,True,True,False,predictive_expanded/task_000036,selective_taylor_vpu_plus_simulated_negative (SelectiveTaylorVariationalPULoss),96,,solid,o,{}
predictive_expanded,candidate,predictive_expanded/task_000037,task_000037,grid_0007,2,completed,4fe62d64c2ac,selective_taylor_vpu_plus_simulated_negative (SelectiveTaylorVariationalPULoss),molecule_selective,SelectiveTaylorVariationalPULoss,none,0.2,0.0,{},"{""heads"": {""molecule_selective"": {""selective_taylor_vpu_plus_simulated_negative"": {""params"": {""coverage_weight"": 32.0, ""order"": 2, ""reject_weight"": 1.0, ""selective_weight"": 0.5, ""simulated_negative_weight"": 1.0, ""target_coverage"": 0.8}, ""target"": ""SelectiveTaylorVariationalPULoss"", ""weight"": 0.2}}}, ""reconstruction"": {""masserstein"": {""target"": ""MassersteinLoss"", ""weight"": 1.0}}}",2136253289,442265914,/home/max/repositories/MSIAutoEncoderWrapper/data/kidney_workspace/models/kidney/predictive-heads-expanded-20260926-01__task_000037,True,True,/home/max/repositories/MSIAutoEncoderWrapper/data/kidney_workspace/configs/entropy-runs/predictive-heads-expanded-20260926-01/plan/status/task_000037.yaml,ff133cd42f7af414ee3022e7947f94bcd301e0ce338f93da55895867ef10c9a7,63d67af42e30038bef1fbb98125bd6ccad588380dabc4de668acc50167a34723,587702e37ce0ae20ec48b39b1f2753821172c4f8c20d53b26adb16c732abd2be,True,True,False,predictive_expanded/task_000037,selective_taylor_vpu_plus_simulated_negative (SelectiveTaylorVariationalPULoss),97,,solid,o,{}
predictive_expanded,candidate,predictive_expanded/task_000038,task_000038,grid_0007,3,completed,4fe62d64c2ac,selective_taylor_vpu_plus_simulated_negative (SelectiveTaylorVariationalPULoss),molecule_selective,SelectiveTaylorVariationalPULoss,none,0.2,0.0,{},"{""heads"": {""molecule_selective"": {""selective_taylor_vpu_plus_simulated_negative"": {""params"": {""coverage_weight"": 32.0, ""order"": 2, ""reject_weight"": 1.0, ""selective_weight"": 0.5, ""simulated_negative_weight"": 1.0, ""target_coverage"": 0.8}, ""target"": ""SelectiveTaylorVariationalPULoss"", ""weight"": 0.2}}}, ""reconstruction"": {""masserstein"": {""target"": ""MassersteinLoss"", ""weight"": 1.0}}}",276187349,194761695,/home/max/repositories/MSIAutoEncoderWrapper/data/kidney_workspace/models/kidney/predictive-heads-expanded-20260926-01__task_000038,True,True,/home/max/repositories/MSIAutoEncoderWrapper/data/kidney_workspace/configs/entropy-runs/predictive-heads-expanded-20260926-01/plan/status/task_000038.yaml,ff133cd42f7af414ee3022e7947f94bcd301e0ce338f93da55895867ef10c9a7,63d67af42e30038bef1fbb98125bd6ccad588380dabc4de668acc50167a34723,587702e37ce0ae20ec48b39b1f2753821172c4f8c20d53b26adb16c732abd2be,True,True,False,predictive_expanded/task_000038,selective_taylor_vpu_plus_simulated_negative (SelectiveTaylorVariationalPULoss),98,,solid,o,{}
predictive_expanded,candidate,predictive_expanded/task_000039,task_000039,grid_0007,4,completed,4fe62d64c2ac,selective_taylor_vpu_plus_simulated_negative (SelectiveTaylorVariationalPULoss),molecule_selective,SelectiveTaylorVariationalPULoss,none,0.2,0.0,{},"{""heads"": {""molecule_selective"": {""selective_taylor_vpu_plus_simulated_negative"": {""params"": {""coverage_weight"": 32.0, ""order"": 2, ""reject_weight"": 1.0, ""selective_weight"": 0.5, ""simulated_negative_weight"": 1.0, ""target_coverage"": 0.8}, ""target"": ""SelectiveTaylorVariationalPULoss"", ""weight"": 0.2}}}, ""reconstruction"": {""masserstein"": {""target"": ""MassersteinLoss"", ""weight"": 1.0}}}",1915557887,1927548799,/home/max/repositories/MSIAutoEncoderWrapper/data/kidney_workspace/models/kidney/predictive-heads-expanded-20260926-01__task_000039,True,True,/home/max/repositories/MSIAutoEncoderWrapper/data/kidney_workspace/configs/entropy-runs/predictive-heads-expanded-20260926-01/plan/status/task_000039.yaml,ff133cd42f7af414ee3022e7947f94bcd301e0ce338f93da55895867ef10c9a7,63d67af42e30038bef1fbb98125bd6ccad588380dabc4de668acc50167a34723,587702e37ce0ae20ec48b39b1f2753821172c4f8c20d53b26adb16c732abd2be,True,True,False,predictive_expanded/task_000039,selective_taylor_vpu_plus_simulated_negative (SelectiveTaylorVariationalPULoss),99,,solid,o,{}
predictive_expanded,candidate,predictive_expanded/task_000040,task_000040,grid_0008,0,completed,e5bfcfd10596,deep_gambler_taylor_vpu_plus_simulated_negative (DeepGamblerTaylorVariationalPULoss),molecule_gambler,DeepGamblerTaylorVariationalPULoss,none,0.2,0.0,{},"{""heads"": {""molecule_gambler"": {""deep_gambler_taylor_vpu_plus_simulated_negative"": {""params"": {""gambling_weight"": 1.0, ""order"": 2, ""reward"": 1.5, ""simulated_negative_weight"": 1.0}, ""target"": ""DeepGamblerTaylorVariationalPULoss"", ""weight"": 0.2}}}, ""reconstruction"": {""masserstein"": {""target"": ""MassersteinLoss"", ""weight"": 1.0}}}",91154199,32238397,/home/max/repositories/MSIAutoEncoderWrapper/data/kidney_workspace/models/kidney/predictive-heads-expanded-20260926-01__task_000040,True,True,/home/max/repositories/MSIAutoEncoderWrapper/data/kidney_workspace/configs/entropy-runs/predictive-heads-expanded-20260926-01/plan/status/task_000040.yaml,ff133cd42f7af414ee3022e7947f94bcd301e0ce338f93da55895867ef10c9a7,63d67af42e30038bef1fbb98125bd6ccad588380dabc4de668acc50167a34723,587702e37ce0ae20ec48b39b1f2753821172c4f8c20d53b26adb16c732abd2be,True,True,False,predictive_expanded/task_000040,deep_gambler_taylor_vpu_plus_simulated_negative (DeepGamblerTaylorVariationalPULoss),100,,solid,o,{}
predictive_expanded,candidate,predictive_expanded/task_000041,task_000041,grid_0008,1,completed,e5bfcfd10596,deep_gambler_taylor_vpu_plus_simulated_negative (DeepGamblerTaylorVariationalPULoss),molecule_gambler,DeepGamblerTaylorVariationalPULoss,none,0.2,0.0,{},"{""heads"": {""molecule_gambler"": {""deep_gambler_taylor_vpu_plus_simulated_negative"": {""params"": {""gambling_weight"": 1.0, ""order"": 2, ""reward"": 1.5, ""simulated_negative_weight"": 1.0}, ""target"": ""DeepGamblerTaylorVariationalPULoss"", ""weight"": 0.2}}}, ""reconstruction"": {""masserstein"": {""target"": ""MassersteinLoss"", ""weight"": 1.0}}}",919377028,892754137,/home/max/repositories/MSIAutoEncoderWrapper/data/kidney_workspace/models/kidney/predictive-heads-expanded-20260926-01__task_000041,True,True,/home/max/repositories/MSIAutoEncoderWrapper/data/kidney_workspace/configs/entropy-runs/predictive-heads-expanded-20260926-01/plan/status/task_000041.yaml,ff133cd42f7af414ee3022e7947f94bcd301e0ce338f93da55895867ef10c9a7,63d67af42e30038bef1fbb98125bd6ccad588380dabc4de668acc50167a34723,587702e37ce0ae20ec48b39b1f2753821172c4f8c20d53b26adb16c732abd2be,True,True,False,predictive_expanded/task_000041,deep_gambler_taylor_vpu_plus_simulated_negative (DeepGamblerTaylorVariationalPULoss),101,,solid,o,{}
predictive_expanded,candidate,predictive_expanded/task_000042,task_000042,grid_0008,2,completed,e5bfcfd10596,deep_gambler_taylor_vpu_plus_simulated_negative (DeepGamblerTaylorVariationalPULoss),molecule_gambler,DeepGamblerTaylorVariationalPULoss,none,0.2,0.0,{},"{""heads"": {""molecule_gambler"": {""deep_gambler_taylor_vpu_plus_simulated_negative"": {""params"": {""gambling_weight"": 1.0, ""order"": 2, ""reward"": 1.5, ""simulated_negative_weight"": 1.0}, ""target"": ""DeepGamblerTaylorVariationalPULoss"", ""weight"": 0.2}}}, ""reconstruction"": {""masserstein"": {""target"": ""MassersteinLoss"", ""weight"": 1.0}}}",2136253289,442265914,/home/max/repositories/MSIAutoEncoderWrapper/data/kidney_workspace/models/kidney/predictive-heads-expanded-20260926-01__task_000042,True,True,/home/max/repositories/MSIAutoEncoderWrapper/data/kidney_workspace/configs/entropy-runs/predictive-heads-expanded-20260926-01/plan/status/task_000042.yaml,ff133cd42f7af414ee3022e7947f94bcd301e0ce338f93da55895867ef10c9a7,63d67af42e30038bef1fbb98125bd6ccad588380dabc4de668acc50167a34723,587702e37ce0ae20ec48b39b1f2753821172c4f8c20d53b26adb16c732abd2be,True,True,False,predictive_expanded/task_000042,deep_gambler_taylor_vpu_plus_simulated_negative (DeepGamblerTaylorVariationalPULoss),102,,solid,o,{}
predictive_expanded,candidate,predictive_expanded/task_000043,task_000043,grid_0008,3,completed,e5bfcfd10596,deep_gambler_taylor_vpu_plus_simulated_negative (DeepGamblerTaylorVariationalPULoss),molecule_gambler,DeepGamblerTaylorVariationalPULoss,none,0.2,0.0,{},"{""heads"": {""molecule_gambler"": {""deep_gambler_taylor_vpu_plus_simulated_negative"": {""params"": {""gambling_weight"": 1.0, ""order"": 2, ""reward"": 1.5, ""simulated_negative_weight"": 1.0}, ""target"": ""DeepGamblerTaylorVariationalPULoss"", ""weight"": 0.2}}}, ""reconstruction"": {""masserstein"": {""target"": ""MassersteinLoss"", ""weight"": 1.0}}}",276187349,194761695,/home/max/repositories/MSIAutoEncoderWrapper/data/kidney_workspace/models/kidney/predictive-heads-expanded-20260926-01__task_000043,True,True,/home/max/repositories/MSIAutoEncoderWrapper/data/kidney_workspace/configs/entropy-runs/predictive-heads-expanded-20260926-01/plan/status/task_000043.yaml,ff133cd42f7af414ee3022e7947f94bcd301e0ce338f93da55895867ef10c9a7,63d67af42e30038bef1fbb98125bd6ccad588380dabc4de668acc50167a34723,587702e37ce0ae20ec48b39b1f2753821172c4f8c20d53b26adb16c732abd2be,True,True,False,predictive_expanded/task_000043,deep_gambler_taylor_vpu_plus_simulated_negative (DeepGamblerTaylorVariationalPULoss),103,,solid,o,{}
predictive_expanded,candidate,predictive_expanded/task_000044,task_000044,grid_0008,4,completed,e5bfcfd10596,deep_gambler_taylor_vpu_plus_simulated_negative (DeepGamblerTaylorVariationalPULoss),molecule_gambler,DeepGamblerTaylorVariationalPULoss,none,0.2,0.0,{},"{""heads"": {""molecule_gambler"": {""deep_gambler_taylor_vpu_plus_simulated_negative"": {""params"": {""gambling_weight"": 1.0, ""order"": 2, ""reward"": 1.5, ""simulated_negative_weight"": 1.0}, ""target"": ""DeepGamblerTaylorVariationalPULoss"", ""weight"": 0.2}}}, ""reconstruction"": {""masserstein"": {""target"": ""MassersteinLoss"", ""weight"": 1.0}}}",1915557887,1927548799,/home/max/repositories/MSIAutoEncoderWrapper/data/kidney_workspace/models/kidney/predictive-heads-expanded-20260926-01__task_000044,True,True,/home/max/repositories/MSIAutoEncoderWrapper/data/kidney_workspace/configs/entropy-runs/predictive-heads-expanded-20260926-01/plan/status/task_000044.yaml,ff133cd42f7af414ee3022e7947f94bcd301e0ce338f93da55895867ef10c9a7,63d67af42e30038bef1fbb98125bd6ccad588380dabc4de668acc50167a34723,587702e37ce0ae20ec48b39b1f2753821172c4f8c20d53b26adb16c732abd2be,True,True,False,predictive_expanded/task_000044,deep_gambler_taylor_vpu_plus_simulated_negative (DeepGamblerTaylorVariationalPULoss),104,,solid,o,{}
predictive_expanded,candidate,predictive_expanded/task_000045,task_000045,grid_0009,0,completed,77def35c25a4,evidential_taylor_vpu (EvidentialTaylorVariationalPULoss),molecule_evidential,EvidentialTaylorVariationalPULoss,none,0.2,0.0,{},"{""heads"": {""molecule_evidential"": {""evidential_taylor_vpu"": {""params"": {""evidential_weight"": 1.0, ""kl_annealing_steps"": 1000, ""kl_weight"": 1.0, ""order"": 2}, ""target"": ""EvidentialTaylorVariationalPULoss"", ""weight"": 0.2}}}, ""reconstruction"": {""masserstein"": {""target"": ""MassersteinLoss"", ""weight"": 1.0}}}",91154199,32238397,/home/max/repositories/MSIAutoEncoderWrapper/data/kidney_workspace/models/kidney/predictive-heads-expanded-20260926-01__task_000045,True,True,/home/max/repositories/MSIAutoEncoderWrapper/data/kidney_workspace/configs/entropy-runs/predictive-heads-expanded-20260926-01/plan/status/task_000045.yaml,ff133cd42f7af414ee3022e7947f94bcd301e0ce338f93da55895867ef10c9a7,63d67af42e30038bef1fbb98125bd6ccad588380dabc4de668acc50167a34723,587702e37ce0ae20ec48b39b1f2753821172c4f8c20d53b26adb16c732abd2be,True,True,False,predictive_expanded/task_000045,evidential_taylor_vpu (EvidentialTaylorVariationalPULoss),105,,solid,o,{}
predictive_expanded,candidate,predictive_expanded/task_000046,task_000046,grid_0009,1,completed,77def35c25a4,evidential_taylor_vpu (EvidentialTaylorVariationalPULoss),molecule_evidential,EvidentialTaylorVariationalPULoss,none,0.2,0.0,{},"{""heads"": {""molecule_evidential"": {""evidential_taylor_vpu"": {""params"": {""evidential_weight"": 1.0, ""kl_annealing_steps"": 1000, ""kl_weight"": 1.0, ""order"": 2}, ""target"": ""EvidentialTaylorVariationalPULoss"", ""weight"": 0.2}}}, ""reconstruction"": {""masserstein"": {""target"": ""MassersteinLoss"", ""weight"": 1.0}}}",919377028,892754137,/home/max/repositories/MSIAutoEncoderWrapper/data/kidney_workspace/models/kidney/predictive-heads-expanded-20260926-01__task_000046,True,True,/home/max/repositories/MSIAutoEncoderWrapper/data/kidney_workspace/configs/entropy-runs/predictive-heads-expanded-20260926-01/plan/status/task_000046.yaml,ff133cd42f7af414ee3022e7947f94bcd301e0ce338f93da55895867ef10c9a7,63d67af42e30038bef1fbb98125bd6ccad588380dabc4de668acc50167a34723,587702e37ce0ae20ec48b39b1f2753821172c4f8c20d53b26adb16c732abd2be,True,True,False,predictive_expanded/task_000046,evidential_taylor_vpu (EvidentialTaylorVariationalPULoss),106,,solid,o,{}
predictive_expanded,candidate,predictive_expanded/task_000047,task_000047,grid_0009,2,completed,77def35c25a4,evidential_taylor_vpu (EvidentialTaylorVariationalPULoss),molecule_evidential,EvidentialTaylorVariationalPULoss,none,0.2,0.0,{},"{""heads"": {""molecule_evidential"": {""evidential_taylor_vpu"": {""params"": {""evidential_weight"": 1.0, ""kl_annealing_steps"": 1000, ""kl_weight"": 1.0, ""order"": 2}, ""target"": ""EvidentialTaylorVariationalPULoss"", ""weight"": 0.2}}}, ""reconstruction"": {""masserstein"": {""target"": ""MassersteinLoss"", ""weight"": 1.0}}}",2136253289,442265914,/home/max/repositories/MSIAutoEncoderWrapper/data/kidney_workspace/models/kidney/predictive-heads-expanded-20260926-01__task_000047,True,True,/home/max/repositories/MSIAutoEncoderWrapper/data/kidney_workspace/configs/entropy-runs/predictive-heads-expanded-20260926-01/plan/status/task_000047.yaml,ff133cd42f7af414ee3022e7947f94bcd301e0ce338f93da55895867ef10c9a7,63d67af42e30038bef1fbb98125bd6ccad588380dabc4de668acc50167a34723,587702e37ce0ae20ec48b39b1f2753821172c4f8c20d53b26adb16c732abd2be,True,True,False,predictive_expanded/task_000047,evidential_taylor_vpu (EvidentialTaylorVariationalPULoss),107,,solid,o,{}
predictive_expanded,candidate,predictive_expanded/task_000048,task_000048,grid_0009,3,completed,77def35c25a4,evidential_taylor_vpu (EvidentialTaylorVariationalPULoss),molecule_evidential,EvidentialTaylorVariationalPULoss,none,0.2,0.0,{},"{""heads"": {""molecule_evidential"": {""evidential_taylor_vpu"": {""params"": {""evidential_weight"": 1.0, ""kl_annealing_steps"": 1000, ""kl_weight"": 1.0, ""order"": 2}, ""target"": ""EvidentialTaylorVariationalPULoss"", ""weight"": 0.2}}}, ""reconstruction"": {""masserstein"": {""target"": ""MassersteinLoss"", ""weight"": 1.0}}}",276187349,194761695,/home/max/repositories/MSIAutoEncoderWrapper/data/kidney_workspace/models/kidney/predictive-heads-expanded-20260926-01__task_000048,True,True,/home/max/repositories/MSIAutoEncoderWrapper/data/kidney_workspace/configs/entropy-runs/predictive-heads-expanded-20260926-01/plan/status/task_000048.yaml,ff133cd42f7af414ee3022e7947f94bcd301e0ce338f93da55895867ef10c9a7,63d67af42e30038bef1fbb98125bd6ccad588380dabc4de668acc50167a34723,587702e37ce0ae20ec48b39b1f2753821172c4f8c20d53b26adb16c732abd2be,True,True,False,predictive_expanded/task_000048,evidential_taylor_vpu (EvidentialTaylorVariationalPULoss),108,,solid,o,{}
predictive_expanded,candidate,predictive_expanded/task_000049,task_000049,grid_0009,4,completed,77def35c25a4,evidential_taylor_vpu (EvidentialTaylorVariationalPULoss),molecule_evidential,EvidentialTaylorVariationalPULoss,none,0.2,0.0,{},"{""heads"": {""molecule_evidential"": {""evidential_taylor_vpu"": {""params"": {""evidential_weight"": 1.0, ""kl_annealing_steps"": 1000, ""kl_weight"": 1.0, ""order"": 2}, ""target"": ""EvidentialTaylorVariationalPULoss"", ""weight"": 0.2}}}, ""reconstruction"": {""masserstein"": {""target"": ""MassersteinLoss"", ""weight"": 1.0}}}",1915557887,1927548799,/home/max/repositories/MSIAutoEncoderWrapper/data/kidney_workspace/models/kidney/predictive-heads-expanded-20260926-01__task_000049,True,True,/home/max/repositories/MSIAutoEncoderWrapper/data/kidney_workspace/configs/entropy-runs/predictive-heads-expanded-20260926-01/plan/status/task_000049.yaml,ff133cd42f7af414ee3022e7947f94bcd301e0ce338f93da55895867ef10c9a7,63d67af42e30038bef1fbb98125bd6ccad588380dabc4de668acc50167a34723,587702e37ce0ae20ec48b39b1f2753821172c4f8c20d53b26adb16c732abd2be,True,True,False,predictive_expanded/task_000049,evidential_taylor_vpu (EvidentialTaylorVariationalPULoss),109,,solid,o,{}
predictive_expanded_jerm,candidate,predictive_expanded_jerm/task_000000,task_000000,grid_0000,0,completed,a1f0d4fb365e,jerm_alternating_spy_plus_simulated_negative (JERMLoss),molecule_jerm,JERMLoss,none,0.2,0.0,{},"{""heads"": {""molecule_jerm"": {""jerm_alternating_spy_plus_simulated_negative"": {""params"": {""optimization_mode"": ""alternating_spy"", ""propensity_selection_weight"": 1.0, ""simulated_negative_weight"": 1.0}, ""target"": ""JERMLoss"", ""weight"": 0.2}}}, ""reconstruction"": {""masserstein"": {""target"": ""MassersteinLoss"", ""weight"": 1.0}}}",91154199,32238397,/home/max/repositories/MSIAutoEncoderWrapper/data/kidney_workspace/models/kidney/predictive-heads-expanded-jerm-20260926-01__task_000000,True,True,/home/max/repositories/MSIAutoEncoderWrapper/data/kidney_workspace/configs/entropy-runs/predictive-heads-expanded-jerm-20260926-01/plan/status/task_000000.yaml,ff133cd42f7af414ee3022e7947f94bcd301e0ce338f93da55895867ef10c9a7,63d67af42e30038bef1fbb98125bd6ccad588380dabc4de668acc50167a34723,be32086dab5aa413f334c34e3267c20440a3a1855d003fb9491be247985b27f9,True,True,False,predictive_expanded_jerm/task_000000,jerm_alternating_spy_plus_simulated_negative (JERMLoss),110,,solid,o,{}
predictive_expanded_jerm,candidate,predictive_expanded_jerm/task_000001,task_000001,grid_0000,1,completed,a1f0d4fb365e,jerm_alternating_spy_plus_simulated_negative (JERMLoss),molecule_jerm,JERMLoss,none,0.2,0.0,{},"{""heads"": {""molecule_jerm"": {""jerm_alternating_spy_plus_simulated_negative"": {""params"": {""optimization_mode"": ""alternating_spy"", ""propensity_selection_weight"": 1.0, ""simulated_negative_weight"": 1.0}, ""target"": ""JERMLoss"", ""weight"": 0.2}}}, ""reconstruction"": {""masserstein"": {""target"": ""MassersteinLoss"", ""weight"": 1.0}}}",919377028,892754137,/home/max/repositories/MSIAutoEncoderWrapper/data/kidney_workspace/models/kidney/predictive-heads-expanded-jerm-20260926-01__task_000001,True,True,/home/max/repositories/MSIAutoEncoderWrapper/data/kidney_workspace/configs/entropy-runs/predictive-heads-expanded-jerm-20260926-01/plan/status/task_000001.yaml,ff133cd42f7af414ee3022e7947f94bcd301e0ce338f93da55895867ef10c9a7,63d67af42e30038bef1fbb98125bd6ccad588380dabc4de668acc50167a34723,be32086dab5aa413f334c34e3267c20440a3a1855d003fb9491be247985b27f9,True,True,False,predictive_expanded_jerm/task_000001,jerm_alternating_spy_plus_simulated_negative (JERMLoss),111,,solid,o,{}
predictive_expanded_jerm,candidate,predictive_expanded_jerm/task_000002,task_000002,grid_0000,2,completed,a1f0d4fb365e,jerm_alternating_spy_plus_simulated_negative (JERMLoss),molecule_jerm,JERMLoss,none,0.2,0.0,{},"{""heads"": {""molecule_jerm"": {""jerm_alternating_spy_plus_simulated_negative"": {""params"": {""optimization_mode"": ""alternating_spy"", ""propensity_selection_weight"": 1.0, ""simulated_negative_weight"": 1.0}, ""target"": ""JERMLoss"", ""weight"": 0.2}}}, ""reconstruction"": {""masserstein"": {""target"": ""MassersteinLoss"", ""weight"": 1.0}}}",2136253289,442265914,/home/max/repositories/MSIAutoEncoderWrapper/data/kidney_workspace/models/kidney/predictive-heads-expanded-jerm-20260926-01__task_000002,True,True,/home/max/repositories/MSIAutoEncoderWrapper/data/kidney_workspace/configs/entropy-runs/predictive-heads-expanded-jerm-20260926-01/plan/status/task_000002.yaml,ff133cd42f7af414ee3022e7947f94bcd301e0ce338f93da55895867ef10c9a7,63d67af42e30038bef1fbb98125bd6ccad588380dabc4de668acc50167a34723,be32086dab5aa413f334c34e3267c20440a3a1855d003fb9491be247985b27f9,True,True,False,predictive_expanded_jerm/task_000002,jerm_alternating_spy_plus_simulated_negative (JERMLoss),112,,solid,o,{}
predictive_expanded_jerm,candidate,predictive_expanded_jerm/task_000003,task_000003,grid_0000,3,completed,a1f0d4fb365e,jerm_alternating_spy_plus_simulated_negative (JERMLoss),molecule_jerm,JERMLoss,none,0.2,0.0,{},"{""heads"": {""molecule_jerm"": {""jerm_alternating_spy_plus_simulated_negative"": {""params"": {""optimization_mode"": ""alternating_spy"", ""propensity_selection_weight"": 1.0, ""simulated_negative_weight"": 1.0}, ""target"": ""JERMLoss"", ""weight"": 0.2}}}, ""reconstruction"": {""masserstein"": {""target"": ""MassersteinLoss"", ""weight"": 1.0}}}",276187349,194761695,/home/max/repositories/MSIAutoEncoderWrapper/data/kidney_workspace/models/kidney/predictive-heads-expanded-jerm-20260926-01__task_000003,True,True,/home/max/repositories/MSIAutoEncoderWrapper/data/kidney_workspace/configs/entropy-runs/predictive-heads-expanded-jerm-20260926-01/plan/status/task_000003.yaml,ff133cd42f7af414ee3022e7947f94bcd301e0ce338f93da55895867ef10c9a7,63d67af42e30038bef1fbb98125bd6ccad588380dabc4de668acc50167a34723,be32086dab5aa413f334c34e3267c20440a3a1855d003fb9491be247985b27f9,True,True,False,predictive_expanded_jerm/task_000003,jerm_alternating_spy_plus_simulated_negative (JERMLoss),113,,solid,o,{}
predictive_expanded_jerm,candidate,predictive_expanded_jerm/task_000004,task_000004,grid_0000,4,completed,a1f0d4fb365e,jerm_alternating_spy_plus_simulated_negative (JERMLoss),molecule_jerm,JERMLoss,none,0.2,0.0,{},"{""heads"": {""molecule_jerm"": {""jerm_alternating_spy_plus_simulated_negative"": {""params"": {""optimization_mode"": ""alternating_spy"", ""propensity_selection_weight"": 1.0, ""simulated_negative_weight"": 1.0}, ""target"": ""JERMLoss"", ""weight"": 0.2}}}, ""reconstruction"": {""masserstein"": {""target"": ""MassersteinLoss"", ""weight"": 1.0}}}",1915557887,1927548799,/home/max/repositories/MSIAutoEncoderWrapper/data/kidney_workspace/models/kidney/predictive-heads-expanded-jerm-20260926-01__task_000004,True,True,/home/max/repositories/MSIAutoEncoderWrapper/data/kidney_workspace/configs/entropy-runs/predictive-heads-expanded-jerm-20260926-01/plan/status/task_000004.yaml,ff133cd42f7af414ee3022e7947f94bcd301e0ce338f93da55895867ef10c9a7,63d67af42e30038bef1fbb98125bd6ccad588380dabc4de668acc50167a34723,be32086dab5aa413f334c34e3267c20440a3a1855d003fb9491be247985b27f9,True,True,False,predictive_expanded_jerm/task_000004,jerm_alternating_spy_plus_simulated_negative (JERMLoss),114,,solid,o,{}
historical_bce,baseline,historical_bce/task_000000,task_000000,grid_0000,0,completed,81fea4dad4ea,balanced_bce (ClassBalancedMultiLabelBCELoss),molecule_primary,ClassBalancedMultiLabelBCELoss,none,0.2,0.0,{},"{""heads"": {""molecule_primary"": {""balanced_bce"": {""params"": {""class_balance_method"": ""train_inverse_prevalence"", ""max_positive_weight"": 20.0, ""reduction"": ""balanced_class_mean"", ""unknown_label_policy"": ""assume_negative""}, ""target"": ""ClassBalancedMultiLabelBCELoss"", ""weight"": 0.2}}}, ""reconstruction"": {""masserstein"": {""target"": ""MassersteinLoss"", ""weight"": 1.0}}}",91154199,32238397,/home/max/repositories/MSIAutoEncoderWrapper/data/kidney_workspace/models/kidney/bce-baseline-20260905-01__task_000000,True,True,/home/max/repositories/MSIAutoEncoderWrapper/data/kidney_workspace/configs/entropy-runs/bce-baseline-20260905-01/plan/status/task_000000.yaml,ff133cd42f7af414ee3022e7947f94bcd301e0ce338f93da55895867ef10c9a7,63d67af42e30038bef1fbb98125bd6ccad588380dabc4de668acc50167a34723,a5d7efb7a6ea62831b16487e6675ffb395f704c73922c1a120913c22964c0a08,True,True,False,historical_bce/task_000000,balanced_bce (ClassBalancedMultiLabelBCELoss),115,,solid,o,{}
historical_bce,baseline,historical_bce/task_000001,task_000001,grid_0000,1,completed,81fea4dad4ea,balanced_bce (ClassBalancedMultiLabelBCELoss),molecule_primary,ClassBalancedMultiLabelBCELoss,none,0.2,0.0,{},"{""heads"": {""molecule_primary"": {""balanced_bce"": {""params"": {""class_balance_method"": ""train_inverse_prevalence"", ""max_positive_weight"": 20.0, ""reduction"": ""balanced_class_mean"", ""unknown_label_policy"": ""assume_negative""}, ""target"": ""ClassBalancedMultiLabelBCELoss"", ""weight"": 0.2}}}, ""reconstruction"": {""masserstein"": {""target"": ""MassersteinLoss"", ""weight"": 1.0}}}",919377028,892754137,/home/max/repositories/MSIAutoEncoderWrapper/data/kidney_workspace/models/kidney/bce-baseline-20260905-01__task_000001,True,True,/home/max/repositories/MSIAutoEncoderWrapper/data/kidney_workspace/configs/entropy-runs/bce-baseline-20260905-01/plan/status/task_000001.yaml,ff133cd42f7af414ee3022e7947f94bcd301e0ce338f93da55895867ef10c9a7,63d67af42e30038bef1fbb98125bd6ccad588380dabc4de668acc50167a34723,a5d7efb7a6ea62831b16487e6675ffb395f704c73922c1a120913c22964c0a08,True,True,False,historical_bce/task_000001,balanced_bce (ClassBalancedMultiLabelBCELoss),116,,solid,o,{}
historical_bce,baseline,historical_bce/task_000002,task_000002,grid_0000,2,completed,81fea4dad4ea,balanced_bce (ClassBalancedMultiLabelBCELoss),molecule_primary,ClassBalancedMultiLabelBCELoss,none,0.2,0.0,{},"{""heads"": {""molecule_primary"": {""balanced_bce"": {""params"": {""class_balance_method"": ""train_inverse_prevalence"", ""max_positive_weight"": 20.0, ""reduction"": ""balanced_class_mean"", ""unknown_label_policy"": ""assume_negative""}, ""target"": ""ClassBalancedMultiLabelBCELoss"", ""weight"": 0.2}}}, ""reconstruction"": {""masserstein"": {""target"": ""MassersteinLoss"", ""weight"": 1.0}}}",2136253289,442265914,/home/max/repositories/MSIAutoEncoderWrapper/data/kidney_workspace/models/kidney/bce-baseline-20260905-01__task_000002,True,True,/home/max/repositories/MSIAutoEncoderWrapper/data/kidney_workspace/configs/entropy-runs/bce-baseline-20260905-01/plan/status/task_000002.yaml,ff133cd42f7af414ee3022e7947f94bcd301e0ce338f93da55895867ef10c9a7,63d67af42e30038bef1fbb98125bd6ccad588380dabc4de668acc50167a34723,a5d7efb7a6ea62831b16487e6675ffb395f704c73922c1a120913c22964c0a08,True,True,False,historical_bce/task_000002,balanced_bce (ClassBalancedMultiLabelBCELoss),117,,solid,o,{}
historical_bce,baseline,historical_bce/task_000003,task_000003,grid_0000,3,completed,81fea4dad4ea,balanced_bce (ClassBalancedMultiLabelBCELoss),molecule_primary,ClassBalancedMultiLabelBCELoss,none,0.2,0.0,{},"{""heads"": {""molecule_primary"": {""balanced_bce"": {""params"": {""class_balance_method"": ""train_inverse_prevalence"", ""max_positive_weight"": 20.0, ""reduction"": ""balanced_class_mean"", ""unknown_label_policy"": ""assume_negative""}, ""target"": ""ClassBalancedMultiLabelBCELoss"", ""weight"": 0.2}}}, ""reconstruction"": {""masserstein"": {""target"": ""MassersteinLoss"", ""weight"": 1.0}}}",276187349,194761695,/home/max/repositories/MSIAutoEncoderWrapper/data/kidney_workspace/models/kidney/bce-baseline-20260905-01__task_000003,True,True,/home/max/repositories/MSIAutoEncoderWrapper/data/kidney_workspace/configs/entropy-runs/bce-baseline-20260905-01/plan/status/task_000003.yaml,ff133cd42f7af414ee3022e7947f94bcd301e0ce338f93da55895867ef10c9a7,63d67af42e30038bef1fbb98125bd6ccad588380dabc4de668acc50167a34723,a5d7efb7a6ea62831b16487e6675ffb395f704c73922c1a120913c22964c0a08,True,True,False,historical_bce/task_000003,balanced_bce (ClassBalancedMultiLabelBCELoss),118,,solid,o,{}
historical_bce,baseline,historical_bce/task_000004,task_000004,grid_0000,4,completed,81fea4dad4ea,balanced_bce (ClassBalancedMultiLabelBCELoss),molecule_primary,ClassBalancedMultiLabelBCELoss,none,0.2,0.0,{},"{""heads"": {""molecule_primary"": {""balanced_bce"": {""params"": {""class_balance_method"": ""train_inverse_prevalence"", ""max_positive_weight"": 20.0, ""reduction"": ""balanced_class_mean"", ""unknown_label_policy"": ""assume_negative""}, ""target"": ""ClassBalancedMultiLabelBCELoss"", ""weight"": 0.2}}}, ""reconstruction"": {""masserstein"": {""target"": ""MassersteinLoss"", ""weight"": 1.0}}}",1915557887,1927548799,/home/max/repositories/MSIAutoEncoderWrapper/data/kidney_workspace/models/kidney/bce-baseline-20260905-01__task_000004,True,True,/home/max/repositories/MSIAutoEncoderWrapper/data/kidney_workspace/configs/entropy-runs/bce-baseline-20260905-01/plan/status/task_000004.yaml,ff133cd42f7af414ee3022e7947f94bcd301e0ce338f93da55895867ef10c9a7,63d67af42e30038bef1fbb98125bd6ccad588380dabc4de668acc50167a34723,a5d7efb7a6ea62831b16487e6675ffb395f704c73922c1a120913c22964c0a08,True,True,False,historical_bce/task_000004,balanced_bce (ClassBalancedMultiLabelBCELoss),119,,solid,o,{}
